Customer_ID,Age,Gender,Income,Skin_Type,Previous_Cosmetic_Purchases,Purchase_Frequency,Monthly_Spend,Purchased_New_Product,Age_Group
CUST07363,27,Female,31000.0,Combination,3.0,0.22,120.0,1,26-35
CUST02185,18,Male,53300.0,Dry,2.0,0.19,110.0,0,18-25
CUST06157,18,Male,81200.0,Oily,2.0,0.18,170.0,0,18-25
CUST06163,33,Female,54900.0,Normal,7.0,0.66,250.0,0,26-35
CUST04599,45,Male,64300.0,,5.0,0.44,250.0,1,36-45
CUST07591,21,Female,57800.0,Normal,5.0,0.3,160.0,1,18-25
CUST08819,30,Male,62100.0,Combination,1.0,0.13,100.0,0,26-35
CUST00762,39,Male,,Sensitive,4.0,0.32,180.0,1,36-45
CUST06799,18,Female,29200.0,Dry,5.0,0.4,200.0,1,18-25
CUST08172,24,Male,24900.0,Sensitive,2.0,0.18,110.0,1,18-25
CUST08970,20,Male,34000.0,Oily,3.0,0.29,150.0,0,18-25
CUST09035,40,Male,21700.0,Normal,7.0,0.61,240.0,1,36-45
CUST06786,20,Female,32500.0,Normal,10.0,0.82,240.0,1,18-25
CUST01661,58,Female,60800.0,Oily,3.0,0.16,160.0,0,56+
CUST02886,35,Male,68400.0,Combination,3.0,0.32,200.0,1,26-35
CUST02890,28,Male,40500.0,Combination,8.0,0.65,270.0,0,26-35
CUST01471,33,Female,44700.0,Dry,10.0,0.9,310.0,1,26-35
CUST05690,22,Male,52500.0,Sensitive,3.0,0.3,120.0,1,18-25
CUST09900,26,Female,90800.0,Combination,4.0,0.31,210.0,1,26-35
CUST01088,18,Female,55900.0,Normal,7.0,0.56,290.0,0,18-25
CUST02958,33,Male,,Dry,3.0,0.2,100.0,0,26-35
CUST00705,44,Female,34900.0,Dry,3.0,0.32,100.0,0,36-45
CUST03529,18,Female,47800.0,Oily,3.0,0.21,120.0,1,18-25
CUST06139,30,Male,41300.0,Dry,5.0,0.46,160.0,0,26-35
CUST05771,45,Female,39900.0,Dry,2.0,0.13,100.0,1,36-45
CUST01796,28,Female,94600.0,,9.0,0.85,,1,26-35
CUST03657,29,Male,24200.0,Dry,6.0,0.46,200.0,1,26-35
CUST04454,36,Male,31500.0,Dry,6.0,0.47,130.0,0,36-45
CUST03081,27,Female,20800.0,Normal,2.0,0.1,100.0,0,26-35
CUST01898,37,Female,30400.0,Normal,1.0,0.01,,1,36-45
CUST07147,50,Male,44800.0,Oily,7.0,0.58,280.0,0,46-55
CUST06034,36,Female,,Combination,8.0,0.67,290.0,0,36-45
CUST09750,37,Female,67400.0,Oily,4.0,0.4,220.0,1,36-45
CUST02139,36,Female,35300.0,Oily,2.0,0.15,100.0,0,36-45
CUST03102,26,Female,101400.0,Combination,5.0,0.41,290.0,1,26-35
CUST00577,47,Female,43000.0,Normal,4.0,0.29,120.0,0,46-55
CUST04013,40,Male,,Combination,3.0,0.3,100.0,0,36-45
CUST07857,34,Male,33400.0,Combination,1.0,0.17,100.0,1,26-35
CUST00081,37,Male,35900.0,,2.0,0.14,100.0,0,36-45
CUST00714,32,Male,67000.0,Dry,3.0,0.23,140.0,1,26-35
CUST09441,31,Male,45200.0,Normal,3.0,0.25,150.0,1,26-35
CUST04767,21,Female,,Dry,4.0,0.25,230.0,0,18-25
CUST01685,25,Male,26500.0,Oily,6.0,0.48,130.0,1,18-25
CUST04915,45,Female,,Combination,5.0,0.37,130.0,1,36-45
CUST05304,45,Female,24000.0,Dry,5.0,0.44,180.0,1,36-45
CUST05769,31,Female,96200.0,Oily,4.0,0.39,190.0,1,26-35
CUST06974,29,Female,34300.0,,2.0,0.09,100.0,0,26-35
CUST01191,49,Female,108600.0,Dry,6.0,0.52,310.0,0,46-55
CUST05212,40,Female,47400.0,Sensitive,7.0,0.67,150.0,0,36-45
CUST09629,45,Male,76900.0,Dry,2.0,0.26,150.0,0,36-45
CUST05937,20,Male,58000.0,Combination,4.0,0.4,180.0,1,18-25
CUST07612,28,Female,60800.0,Normal,3.0,0.26,100.0,1,26-35
CUST09623,33,Male,17800.0,Normal,3.0,0.17,100.0,0,26-35
CUST03280,28,Female,74900.0,Sensitive,3.0,0.33,150.0,0,26-35
CUST00036,44,Female,68300.0,Normal,3.0,0.19,130.0,1,36-45
CUST08608,18,Female,66500.0,Sensitive,5.0,0.37,240.0,0,18-25
CUST01218,18,Male,36700.0,Combination,5.0,0.34,150.0,1,18-25
CUST06433,30,Male,82100.0,Oily,5.0,0.31,,0,26-35
CUST04437,27,Female,17000.0,Normal,3.0,0.22,100.0,1,26-35
CUST04933,51,Female,42900.0,Normal,1.0,0.1,100.0,0,46-55
CUST00322,30,Male,,Oily,3.0,0.25,100.0,1,26-35
CUST02363,28,Male,,Normal,4.0,0.28,150.0,1,26-35
CUST00252,36,Male,39100.0,Oily,3.0,0.32,140.0,1,36-45
CUST09472,21,Male,,Sensitive,8.0,0.75,150.0,1,18-25
CUST01027,18,Female,32400.0,Normal,2.0,0.09,110.0,0,18-25
CUST05706,34,Female,53300.0,Combination,4.0,0.27,150.0,1,26-35
CUST06551,32,Female,42300.0,Normal,1.0,0.14,100.0,0,26-35
CUST04077,18,Female,35000.0,Oily,1.0,0.14,100.0,0,18-25
CUST06960,30,Female,66000.0,Combination,5.0,0.38,140.0,1,26-35
CUST06890,43,Male,26100.0,Combination,4.0,0.38,170.0,1,36-45
CUST00108,28,Male,96100.0,Oily,3.0,0.2,190.0,1,26-35
CUST04672,27,Male,22600.0,Combination,9.0,0.72,340.0,1,26-35
CUST01209,57,Female,40800.0,Combination,5.0,0.37,150.0,1,56+
CUST09376,36,Female,22300.0,Oily,3.0,0.33,110.0,1,36-45
CUST04075,19,Female,44800.0,Oily,3.0,0.26,100.0,0,18-25
CUST03777,22,Male,25200.0,Normal,3.0,0.32,100.0,1,18-25
CUST04994,25,Male,44900.0,Dry,7.0,0.63,,1,18-25
CUST01200,20,Male,46600.0,Oily,6.0,0.52,190.0,1,18-25
CUST01670,24,Female,43600.0,Combination,3.0,0.26,100.0,1,18-25
CUST08124,23,Female,38600.0,,2.0,0.16,130.0,1,18-25
CUST07323,48,Male,52400.0,Normal,2.0,0.08,120.0,0,46-55
CUST08817,31,Female,40100.0,Oily,5.0,0.48,130.0,1,26-35
CUST00417,44,Male,29600.0,Combination,6.0,0.53,180.0,1,36-45
CUST05712,18,Female,30200.0,Combination,4.0,0.42,130.0,1,18-25
CUST08075,56,Female,62500.0,Normal,3.0,0.29,140.0,0,56+
CUST04327,43,Female,70500.0,Combination,5.0,0.5,220.0,1,36-45
CUST08472,26,Female,56400.0,Combination,5.0,0.38,150.0,1,26-35
CUST03144,35,Male,31200.0,Combination,2.0,0.13,100.0,1,26-35
CUST00260,18,Female,56300.0,Dry,7.0,0.66,240.0,0,18-25
CUST04827,27,Female,35400.0,Oily,5.0,0.4,220.0,1,26-35
CUST08475,34,Male,22600.0,Normal,3.0,0.2,110.0,0,26-35
CUST00040,39,Female,25600.0,Combination,5.0,0.33,140.0,1,36-45
CUST02927,41,Female,21100.0,Normal,1.0,0.17,100.0,0,36-45
CUST00669,26,Female,23500.0,Normal,2.0,0.15,,1,26-35
CUST01517,0,Male,52300.0,Sensitive,2.0,0.2,110.0,1,18-25
CUST06498,42,Female,45100.0,Combination,2.0,0.14,110.0,0,36-45
CUST04824,26,Male,43700.0,Dry,7.0,0.51,200.0,1,26-35
CUST09375,42,Female,37800.0,Combination,2.0,0.25,130.0,1,36-45
CUST05341,34,Female,24000.0,Dry,3.0,0.34,100.0,0,26-35
CUST06453,28,Male,19300.0,Dry,3.0,0.28,100.0,1,26-35
CUST03245,37,Male,53100.0,Oily,5.0,0.3,,1,36-45
CUST03858,32,female,46400.0,Combination,2.0,0.09,100.0,1,26-35
CUST09530,18,Male,37800.0,Sensitive,4.0,0.43,120.0,1,18-25
CUST06327,31,Male,73500.0,Combination,2.0,0.11,100.0,1,26-35
CUST06903,24,Male,68000.0,Combination,4.0,0.28,180.0,0,18-25
CUST03919,34,Male,55200.0,Dry,3.0,0.22,160.0,0,26-35
CUST08068,20,Female,58400.0,Combination,5.0,0.37,180.0,1,18-25
CUST06118,20,Female,59300.0,Dry,6.0,0.5,190.0,0,18-25
CUST07961,18,Female,82400.0,Combination,4.0,0.25,150.0,0,18-25
CUST01331,18,Female,50600.0,Dry,5.0,0.44,220.0,0,18-25
CUST08482,33,Male,37400.0,Combination,4.0,0.31,100.0,0,26-35
CUST05283,21,Female,68100.0,Sensitive,6.0,0.47,310.0,1,18-25
CUST00389,35,Male,33400.0,Combination,2.0,0.23,100.0,0,26-35
CUST06033,48,Male,47800.0,Normal,2.0,0.1,120.0,0,46-55
CUST09091,19,Male,15000.0,Sensitive,6.0,0.5,140.0,1,18-25
CUST07792,18,Male,25200.0,Normal,7.0,0.52,130.0,0,18-25
CUST03929,18,Male,59500.0,Combination,1.0,0.08,100.0,1,18-25
CUST02808,18,Female,38100.0,Oily,2.0,0.14,120.0,1,18-25
CUST02376,18,Male,36600.0,Normal,4.0,0.3,160.0,0,18-25
CUST05682,53,Female,35400.0,Normal,5.0,0.36,140.0,0,46-55
CUST06030,18,Female,25200.0,Combination,3.0,0.27,100.0,0,18-25
CUST06674,18,Male,49500.0,Oily,6.0,0.5,160.0,0,18-25
CUST03353,41,Female,91900.0,Combination,6.0,0.52,310.0,1,36-45
CUST04289,31,Female,51900.0,Combination,2.0,0.19,120.0,1,26-35
CUST08356,18,Female,38400.0,Sensitive,9.0,0.74,260.0,1,18-25
CUST03126,38,Female,22800.0,Normal,3.0,0.25,120.0,1,36-45
CUST04837,18,Female,50900.0,Dry,6.0,0.52,150.0,0,18-25
CUST02026,18,Male,30600.0,Oily,4.0,0.3,140.0,0,18-25
CUST04885,37,Female,36800.0,Oily,6.0,0.56,120.0,0,36-45
CUST05530,32,Female,17100.0,Combination,1.0,0.09,100.0,1,26-35
CUST02271,37,Female,44500.0,Oily,2.0,0.12,100.0,0,36-45
CUST00304,28,Male,32900.0,Normal,5.0,0.36,130.0,0,26-35
CUST04152,48,Male,,Dry,5.0,0.41,170.0,0,46-55
CUST07140,37,Female,24400.0,Combination,6.0,0.41,120.0,1,36-45
CUST09465,18,Female,42300.0,Oily,3.0,0.13,130.0,1,18-25
CUST03182,18,Female,46000.0,Dry,3.0,0.23,170.0,0,18-25
CUST05289,42,Female,69500.0,Combination,5.0,0.4,200.0,1,36-45
CUST04696,36,Female,30800.0,Oily,5.0,0.36,230.0,0,36-45
CUST02341,48,M,37700.0,,1.0,0.11,100.0,0,46-55
CUST02749,30,Male,26800.0,Combination,6.0,0.5,150.0,1,26-35
CUST08518,32,Male,38300.0,Sensitive,5.0,0.46,49753.9091852089,1,26-35
CUST05269,40,Female,28000.0,Normal,5.0,0.49,210.0,1,36-45
CUST03017,25,Male,15300.0,Combination,4.0,0.33,170.0,0,18-25
CUST02499,26,Female,41100.0,Normal,4.0,0.34,160.0,0,26-35
CUST02767,18,Female,39800.0,Oily,4.0,0.28,110.0,0,18-25
CUST08194,26,Male,65000.0,Combination,5.0,0.35,220.0,0,26-35
CUST08315,25,Female,30800.0,,1.0,0.01,100.0,1,18-25
CUST06782,32,Female,33400.0,Dry,4.0,0.38,140.0,0,26-35
CUST03689,61,Female,36600.0,Oily,2.0,0.24,110.0,0,56+
CUST02246,25,Female,24800.0,Normal,4.0,0.42,100.0,0,18-25
CUST09826,66,Male,73600.0,Combination,4.0,0.41,210.0,0,56+
CUST06838,26,Female,61500.0,Dry,1.0,0.13,100.0,1,26-35
CUST01738,30,Female,24700.0,Oily,2.0,0.24,100.0,1,26-35
CUST07960,30,Female,37500.0,Normal,4.0,0.3,130.0,1,26-35
CUST09023,55,Female,31300.0,Dry,6.0,0.43,180.0,0,46-55
CUST01146,40,Female,28200.0,Dry,3.0,0.22,130.0,1,36-45
CUST03411,18,Female,,,5.0,0.38,150.0,0,18-25
CUST02907,45,Male,27000.0,Combination,3.0,0.23,110.0,0,36-45
CUST03155,25,Female,26400.0,Oily,7.0,0.57,230.0,1,18-25
CUST08250,34,Male,22400.0,Sensitive,4.0,0.36,160.0,1,26-35
CUST06608,31,Female,45000.0,Sensitive,2.0,0.16,100.0,0,26-35
CUST08721,18,Male,139200.0,Combination,5.0,0.38,240.0,0,18-25
CUST04682,33,Female,25300.0,Sensitive,6.0,0.54,180.0,1,26-35
CUST08147,32,Female,47900.0,Dry,1.0,0.19,100.0,1,26-35
CUST07441,23,Male,32000.0,Dry,4.0,0.37,100.0,1,18-25
CUST09739,27,Male,38400.0,Sensitive,3.0,0.23,100.0,0,26-35
CUST04772,18,Female,33600.0,Dry,4.0,0.4,,0,18-25
CUST00959,32,Male,34800.0,Oily,0.0,0.06,100.0,1,26-35
CUST02628,48,Male,30600.0,Combination,5.0,0.43,150.0,0,46-55
CUST04023,18,Female,55500.0,Combination,4.0,0.19,170.0,1,18-25
CUST08848,18,Female,18700.0,Normal,3.0,0.36,100.0,1,18-25
CUST01091,25,Female,111300.0,Normal,3.0,0.37,,0,18-25
CUST04935,28,Female,52400.0,Oily,3.0,0.22,160.0,1,26-35
CUST00451,31,Male,45100.0,Normal,0.0,0.0,100.0,1,26-35
CUST00312,37,Male,44300.0,Dry,2.0,0.24,120.0,1,36-45
CUST04240,39,Female,16800.0,Combination,7.0,0.62,260.0,0,36-45
CUST08116,27,Female,85900.0,Combination,6.0,0.52,220.0,1,26-35
CUST04181,45,Female,17100.0,Oily,2.0,0.14,100.0,1,36-45
CUST00097,18,Female,51000.0,Dry,4.0,0.35,130.0,0,18-25
CUST03020,18,Female,39900.0,Sensitive,1.0,0.11,100.0,1,18-25
CUST09806,18,Female,30700.0,Sensitive,3.0,0.24,150.0,0,18-25
CUST00766,18,Male,15000.0,Normal,4.0,0.37,100.0,0,18-25
CUST00120,29,Male,31100.0,Normal,3.0,0.26,120.0,1,26-35
CUST00511,18,Male,34000.0,Combination,2.0,0.18,110.0,0,18-25
CUST09831,28,Female,26700.0,Combination,1.0,0.03,100.0,0,26-35
CUST01938,19,Male,32100.0,Dry,3.0,0.31,100.0,1,18-25
CUST00034,23,Female,34600.0,Dry,3.0,0.24,150.0,0,18-25
CUST07991,34,Female,43100.0,Dry,7.0,0.61,170.0,1,26-35
CUST08144,43,Female,,Combination,4.0,0.29,170.0,1,36-45
CUST03845,33,Female,16000.0,Normal,5.0,0.5,150.0,1,26-35
CUST07282,27,Female,59300.0,Combination,3.0,0.27,160.0,0,26-35
CUST07029,29,Female,38900.0,Dry,3.0,0.19,120.0,0,26-35
CUST09546,43,Female,36700.0,Oily,5.0,0.47,150.0,1,36-45
CUST05805,29,Female,32800.0,Oily,6.0,0.47,,0,26-35
CUST09225,29,Male,25700.0,Combination,0.0,0.0,100.0,1,26-35
CUST06687,41,Female,,Combination,5.0,0.39,240.0,1,36-45
CUST00966,18,Female,,Combination,4.0,0.29,,1,18-25
CUST09940,18,Female,36100.0,Dry,5.0,0.44,110.0,0,18-25
CUST02115,37,Male,50300.0,Sensitive,5.0,0.4,190.0,1,36-45
CUST02928,35,Female,41500.0,Oily,6.0,0.51,260.0,1,26-35
CUST01513,42,Female,41800.0,Normal,4.0,0.37,150.0,0,36-45
CUST01609,30,Male,,Oily,5.0,0.41,230.0,1,26-35
CUST00032,28,Female,108400.0,Normal,6.0,0.41,310.0,1,26-35
CUST05724,67,Male,52300.0,Normal,5.0,0.48,160.0,0,56+
CUST01618,18,Female,,Combination,4.0,0.37,,1,18-25
CUST00030,37,Female,55200.0,Dry,6.0,0.49,200.0,1,36-45
CUST08600,29,Female,26700.0,Dry,5.0,0.41,120.0,1,26-35
CUST09588,31,Female,17100.0,Oily,3.0,0.15,100.0,0,26-35
CUST06804,39,Female,17400.0,Dry,10.0,0.77,230.0,1,36-45
CUST08789,18,Male,15000.0,Dry,5.0,0.42,210.0,1,18-25
CUST06988,40,Female,43900.0,Combination,4.0,0.32,180.0,1,36-45
CUST00107,22,Male,36200.0,Combination,7.0,0.57,290.0,1,18-25
CUST01384,30,Female,26200.0,Oily,2.0,0.16,100.0,1,26-35
CUST08604,31,Female,105700.0,Combination,2.0,0.18,160.0,1,26-35
CUST03498,44,Female,51300.0,Normal,7.0,0.62,170.0,0,36-45
CUST04979,44,Male,,Normal,3.0,0.22,140.0,1,36-45
CUST05876,44,Male,38900.0,Normal,5.0,0.46,150.0,0,36-45
CUST06735,39,Female,34000.0,Normal,2.0,0.17,100.0,1,36-45
CUST00622,32,Female,28600.0,Combination,3.0,0.25,130.0,1,26-35
CUST05815,40,Male,77700.0,Dry,5.0,0.42,280.0,0,36-45
CUST02587,33,Female,19500.0,Oily,4.0,0.36,150.0,1,26-35
CUST04798,41,Female,47200.0,Oily,4.0,0.36,130.0,1,36-45
CUST05422,19,Male,130900.0,Oily,7.0,0.66,350.0,1,18-25
CUST06776,44,Female,91100.0,Sensitive,7.0,0.53,230.0,1,36-45
CUST05595,37,Male,58000.0,Oily,4.0,0.26,190.0,1,36-45
CUST01340,0,Male,33600.0,Oily,3.0,0.28,100.0,1,26-35
CUST03596,59,Female,23400.0,Oily,5.0,0.43,190.0,0,56+
CUST00294,18,Male,39400.0,Oily,2.0,0.18,120.0,0,18-25
CUST02329,34,Male,24500.0,Dry,8.0,0.68,260.0,1,26-35
CUST09868,46,Male,51900.0,Dry,2.0,0.12,100.0,0,46-55
CUST07462,30,Male,45900.0,Oily,5.0,0.38,200.0,1,26-35
CUST09535,30,Male,30700.0,Oily,6.0,0.46,200.0,0,26-35
CUST06947,54,Male,25600.0,Normal,1.0,0.15,100.0,0,46-55
CUST01514,18,Female,49900.0,Normal,4.0,0.32,110.0,0,18-25
CUST00374,41,Male,95700.0,Normal,6.0,0.44,250.0,0,36-45
CUST04681,50,Female,44200.0,Normal,5.0,0.41,220.0,1,46-55
CUST09873,39,Female,30200.0,Dry,5.0,0.49,25584.246017468875,0,36-45
CUST01795,18,Female,70900.0,Combination,3.0,0.14,190.0,0,18-25
CUST05073,53,Female,129700.0,Oily,7.0,0.62,340.0,1,46-55
CUST01255,24,Female,55100.0,Oily,1.0,0.06,100.0,1,18-25
CUST02849,41,Female,15000.0,Sensitive,5.0,0.49,,1,36-45
CUST06026,37,Male,27600.0,Combination,2.0,0.15,100.0,0,36-45
CUST03371,29,Female,49400.0,Sensitive,3.0,0.22,130.0,0,26-35
CUST05697,35,Male,70900.0,Dry,5.0,0.51,140.0,0,26-35
CUST02305,36,Male,28100.0,Dry,5.0,0.47,170.0,0,36-45
CUST04061,35,Female,39500.0,Normal,4.0,0.35,140.0,1,26-35
CUST04603,31,Male,33000.0,Oily,8.0,0.62,280.0,0,26-35
CUST08573,18,Male,23600.0,Combination,5.0,0.5,100.0,1,18-25
CUST03530,31,Female,35600.0,Normal,5.0,0.39,240.0,1,26-35
CUST07825,20,Male,30300.0,Dry,9.0,0.68,200.0,0,18-25
CUST08391,28,Female,32900.0,Oily,4.0,0.26,170.0,1,26-35
CUST01627,18,Male,47800.0,Oily,3.0,0.25,130.0,1,18-25
CUST03061,45,Female,40200.0,Dry,4.0,0.31,190.0,0,36-45
CUST02466,23,Female,30500.0,Normal,7.0,0.6,150.0,1,18-25
CUST09051,18,Female,42000.0,Combination,2.0,0.08,110.0,0,18-25
CUST03132,25,Female,27100.0,Oily,3.0,0.27,,1,18-25
CUST01483,33,Female,23000.0,Normal,,0.0,100.0,1,26-35
CUST05141,30,Male,46100.0,Combination,2.0,0.15,100.0,0,26-35
CUST08805,44,Male,,,2.0,0.11,110.0,1,36-45
CUST08557,28,Female,36200.0,Oily,5.0,0.44,200.0,1,26-35
CUST02649,35,Female,65900.0,Oily,4.0,0.33,,1,26-35
CUST03527,36,Female,61400.0,Oily,9.0,0.71,250.0,1,36-45
CUST08508,18,Female,,Normal,7.0,0.52,,0,18-25
CUST00971,29,Female,84400.0,Normal,4.0,0.4,170.0,1,26-35
CUST02046,21,Male,53400.0,Oily,2.0,0.23,110.0,0,18-25
CUST08994,48,Female,66400.0,Oily,5.0,0.39,270.0,1,46-55
CUST00796,31,Male,52200.0,Combination,4.0,0.39,110.0,0,26-35
CUST01693,18,Female,65700.0,Dry,1.0,0.1,100.0,1,18-25
CUST01348,24,Male,27600.0,Normal,7.0,0.57,240.0,1,18-25
CUST01447,58,Female,49200.0,Combination,4.0,0.36,120.0,0,56+
CUST03033,18,Male,31200.0,Oily,4.0,0.25,190.0,1,18-25
CUST03654,40,Male,72400.0,Dry,4.0,0.34,150.0,1,36-45
CUST06477,31,Female,171400.0,Combination,6.0,0.48,,0,26-35
CUST00501,47,Female,35400.0,Sensitive,3.0,0.26,100.0,1,46-55
CUST05122,18,Female,76800.0,,0.0,0.0,100.0,1,18-25
CUST03913,27,Female,86200.0,Dry,2.0,0.19,130.0,1,26-35
CUST06456,25,Male,39900.0,Oily,4.0,0.39,170.0,0,18-25
CUST07713,48,Female,53000.0,,4.0,0.3,,0,46-55
CUST03961,46,Male,67000.0,Oily,4.0,0.32,150.0,0,46-55
CUST07874,26,Female,33400.0,Sensitive,4.0,0.37,170.0,0,26-35
CUST03756,27,Female,51400.0,Dry,3.0,0.19,150.0,1,26-35
CUST02983,30,Male,52400.0,Oily,2.0,0.1,100.0,0,26-35
CUST09580,47,Female,75100.0,Oily,3.0,0.27,120.0,1,46-55
CUST00305,31,Female,25500.0,Dry,6.0,0.43,140.0,1,26-35
CUST07355,34,Female,24200.0,Dry,1.0,0.1,100.0,0,26-35
CUST02974,26,Male,71400.0,Oily,1.0,0.12,100.0,0,26-35
CUST06329,43,Female,,Normal,1.0,0.06,100.0,0,36-45
CUST01651,26,Female,24900.0,Sensitive,7.0,0.55,220.0,1,26-35
CUST04395,19,Male,49100.0,Dry,3.0,0.2,130.0,0,18-25
CUST06806,27,Male,107300.0,Normal,4.0,0.43,160.0,0,26-35
CUST00674,18,Female,34700.0,Combination,2.0,0.13,120.0,0,18-25
CUST00093,27,Female,48500.0,Normal,2.0,0.15,130.0,1,26-35
CUST06933,33,Female,,Combination,4.0,0.29,170.0,1,26-35
CUST08936,44,Female,54800.0,Sensitive,4.0,0.35,210.0,1,36-45
CUST01607,38,Male,36400.0,Dry,5.0,0.46,220.0,1,36-45
CUST07021,33,Male,103200.0,Oily,8.0,0.69,430.0,1,26-35
CUST07678,25,Male,,Dry,6.0,0.48,140.0,0,18-25
CUST04793,40,Female,22300.0,Dry,2.0,0.17,,0,36-45
CUST06136,32,Female,40700.0,Combination,3.0,0.32,100.0,0,26-35
CUST03796,30,Male,134000.0,Dry,7.0,0.57,260.0,1,26-35
CUST07534,49,Male,60100.0,Normal,2.0,0.2,140.0,0,46-55
CUST01176,18,Female,39400.0,Combination,4.0,0.28,190.0,1,18-25
CUST09853,26,Male,36500.0,Oily,1.0,0.12,100.0,1,26-35
CUST04412,31,Male,39800.0,Oily,6.0,0.43,230.0,1,26-35
CUST00347,25,Male,27600.0,Oily,3.0,0.28,110.0,1,18-25
CUST03707,30,Male,40600.0,Dry,4.0,0.33,180.0,0,26-35
CUST02692,21,Female,44000.0,Normal,4.0,0.39,,1,18-25
CUST05518,48,Male,84800.0,Combination,3.0,0.29,190.0,1,46-55
CUST00656,36,Female,24700.0,Combination,5.0,0.4,220.0,1,36-45
CUST07797,26,Female,46100.0,Dry,8.0,0.72,340.0,0,26-35
CUST02699,36,Female,35500.0,Dry,4.0,0.3,170.0,1,36-45
CUST01570,18,Male,68300.0,Dry,6.0,0.52,140.0,0,18-25
CUST03575,25,Male,74800.0,Combination,4.0,0.38,180.0,0,18-25
CUST04569,39,Female,49500.0,Combination,5.0,0.44,130.0,0,36-45
CUST03209,43,Female,39100.0,Combination,3.0,0.24,110.0,0,36-45
CUST06204,30,Male,47000.0,Oily,6.0,0.52,200.0,1,26-35
CUST00569,38,Male,29300.0,Dry,3.0,0.25,100.0,1,36-45
CUST08317,37,Male,23400.0,Dry,2.0,0.09,100.0,1,36-45
CUST03541,34,Male,51500.0,Dry,2.0,0.19,130.0,1,26-35
CUST01370,43,Male,34000.0,Dry,5.0,0.47,220.0,0,36-45
CUST05559,26,Male,23400.0,Normal,4.0,0.29,100.0,0,26-35
CUST05642,18,Male,20000.0,Normal,1.0,0.13,100.0,0,18-25
CUST00089,37,Female,52600.0,Normal,3.0,0.19,100.0,0,36-45
CUST08618,18,Female,39100.0,Normal,6.0,0.42,150.0,0,18-25
CUST01966,37,Male,34800.0,Combination,6.0,0.43,250.0,0,36-45
CUST03838,30,Male,28400.0,Normal,3.0,0.25,100.0,0,26-35
CUST07343,30,Male,46800.0,Dry,2.0,0.19,100.0,0,26-35
CUST02620,50,Female,41500.0,Normal,3.0,0.13,160.0,0,46-55
CUST02253,39,Female,30700.0,Oily,2.0,0.15,100.0,1,36-45
CUST07411,41,Female,21200.0,Normal,3.0,0.24,140.0,1,36-45
CUST08695,41,Male,41300.0,Dry,3.0,0.26,150.0,1,36-45
CUST07552,40,Female,54600.0,Oily,2.0,0.1,120.0,0,36-45
CUST09196,29,Male,37000.0,Sensitive,2.0,0.17,120.0,1,26-35
CUST03985,23,Male,54300.0,Combination,4.0,0.3,210.0,0,18-25
CUST08884,49,,50500.0,Normal,11.0,0.96,360.0,0,46-55
CUST01361,28,Female,51600.0,Normal,3.0,0.29,140.0,1,26-35
CUST09037,18,Female,18600.0,Oily,4.0,0.38,160.0,0,18-25
CUST06462,43,Female,54600.0,Oily,2.0,0.07,100.0,0,36-45
CUST01703,34,Male,37200.0,Sensitive,1.0,0.07,100.0,1,26-35
CUST06256,42,Female,59200.0,Dry,2.0,0.18,110.0,1,36-45
CUST06356,30,Female,33900.0,Sensitive,9.0,0.83,190.0,1,26-35
CUST06272,18,Male,32800.0,Sensitive,2.0,0.16,100.0,0,18-25
CUST08612,26,Female,78800.0,Normal,4.0,0.35,170.0,0,26-35
CUST03773,37,Male,24600.0,Oily,6.0,0.45,120.0,1,36-45
CUST08401,27,Male,37700.0,Combination,7.0,0.5,140.0,1,26-35
CUST07077,38,Male,46900.0,Dry,,0.16,120.0,1,36-45
CUST05387,18,Male,43000.0,Normal,4.0,0.32,110.0,0,18-25
CUST00109,41,Female,64200.0,Sensitive,5.0,0.42,140.0,0,36-45
CUST00851,28,Female,31800.0,Sensitive,5.0,0.46,220.0,1,26-35
CUST09305,25,Female,47400.0,Combination,2.0,0.17,140.0,0,18-25
CUST08279,40,Male,43300.0,Normal,3.0,0.24,,0,36-45
CUST02076,18,Female,22900.0,Oily,1.0,0.07,100.0,0,18-25
CUST02148,42,Female,65200.0,Combination,5.0,0.42,190.0,0,36-45
CUST05866,18,Male,27000.0,Combination,3.0,0.25,,0,18-25
CUST08092,70,Male,30000.0,Oily,3.0,0.17,130.0,0,56+
CUST04985,18,Female,30800.0,Combination,1.0,0.13,100.0,0,18-25
CUST04690,25,Female,99900.0,Normal,5.0,0.5,320.0,1,18-25
CUST04149,31,Male,19900.0,Normal,3.0,0.26,110.0,0,26-35
CUST05488,24,Female,28800.0,Combination,2.0,0.18,100.0,1,18-25
CUST06631,36,Male,41600.0,Normal,5.0,0.43,240.0,0,36-45
CUST04610,27,Male,43400.0,Combination,1.0,0.07,100.0,0,26-35
CUST00719,28,Female,51300.0,,2.0,0.24,120.0,0,26-35
CUST04133,36,Male,47500.0,Normal,3.0,0.19,110.0,0,36-45
CUST09641,32,Female,31300.0,Normal,2.0,0.18,100.0,1,26-35
CUST04658,33,Female,99100.0,Dry,1.0,0.08,130.0,0,26-35
CUST06734,18,Female,48500.0,Normal,5.0,0.43,160.0,1,18-25
CUST08757,33,Female,48900.0,Combination,2.0,0.3,100.0,1,26-35
CUST03602,59,Male,63900.0,Combination,3.0,0.24,180.0,0,56+
CUST03502,47,Male,,Normal,1.0,0.07,100.0,0,46-55
CUST09259,18,Female,29200.0,Sensitive,4.0,0.41,100.0,0,18-25
CUST07443,38,Male,58200.0,Combination,5.0,0.39,170.0,1,36-45
CUST08372,27,Female,22600.0,Oily,6.0,0.53,140.0,1,26-35
CUST08096,25,F,26800.0,Oily,4.0,0.36,110.0,1,18-25
CUST08935,50,Male,20900.0,Dry,,0.42,200.0,0,46-55
CUST05236,29,Female,39800.0,Oily,8.0,0.57,280.0,0,26-35
CUST06621,30,Male,54500.0,Normal,4.0,0.31,150.0,0,26-35
CUST08834,48,Male,24200.0,Oily,4.0,0.4,130.0,1,46-55
CUST09243,18,Male,71200.0,Dry,7.0,0.51,320.0,0,18-25
CUST04943,29,Female,78200.0,Normal,7.0,0.7,190.0,1,26-35
CUST07477,21,Male,56100.0,Dry,0.0,0.0,100.0,1,18-25
CUST05228,29,Female,85900.0,Combination,4.0,0.26,140.0,1,26-35
CUST02456,33,Male,34100.0,Combination,6.0,0.45,140.0,1,26-35
CUST07067,42,Female,34900.0,Sensitive,2.0,0.16,110.0,0,36-45
CUST01544,31,Female,37900.0,Dry,3.0,0.18,120.0,0,26-35
CUST04636,19,Female,,Dry,3.0,0.27,160.0,0,18-25
CUST02733,51,Male,43600.0,Oily,2.0,0.13,110.0,0,46-55
CUST04424,24,Female,49500.0,Combination,4.0,0.31,,0,18-25
CUST05197,33,Male,41800.0,Oily,2.0,0.19,110.0,0,26-35
CUST04048,26,Female,36400.0,Normal,1.0,0.08,100.0,1,26-35
CUST07008,18,MALE,15000.0,Normal,1.0,0.08,100.0,0,18-25
CUST04000,18,Female,41800.0,Oily,5.0,0.4,160.0,0,18-25
CUST08296,22,Female,47300.0,Dry,3.0,0.23,140.0,0,18-25
CUST01524,30,Female,16300.0,Normal,4.0,0.24,120.0,1,26-35
CUST02311,41,Female,35100.0,Normal,5.0,0.39,100.0,0,36-45
CUST00361,30,Male,46900.0,Normal,6.0,0.52,280.0,1,26-35
CUST02612,41,Female,83400.0,Combination,3.0,0.33,140.0,1,36-45
CUST09610,30,Female,20400.0,Normal,7.0,0.62,290.0,0,26-35
CUST02021,32,Female,44300.0,Oily,2.0,0.16,110.0,0,26-35
CUST07904,26,Male,25400.0,Dry,2.0,0.15,100.0,1,26-35
CUST00102,46,Male,48400.0,Sensitive,5.0,0.41,240.0,0,46-55
CUST06276,31,Female,66600.0,Normal,5.0,0.44,250.0,1,26-35
CUST04973,43,Male,55000.0,Sensitive,5.0,0.5,240.0,0,36-45
CUST01077,47,Female,28300.0,Dry,6.0,0.52,,1,46-55
CUST02821,18,Female,40800.0,Dry,2.0,0.23,110.0,0,18-25
CUST08297,31,Male,,Dry,4.0,0.25,130.0,0,26-35
CUST08734,30,Female,37500.0,Normal,4.0,0.39,180.0,1,26-35
CUST01480,51,Female,53600.0,Normal,5.0,0.47,150.0,0,46-55
CUST02997,19,Female,38000.0,Dry,3.0,0.27,130.0,0,18-25
CUST03945,46,Female,16300.0,Combination,4.0,0.27,100.0,1,46-55
CUST09283,38,Female,51100.0,Dry,2.0,0.24,,0,36-45
CUST00591,19,Female,22700.0,,2.0,0.13,100.0,0,18-25
CUST07260,21,Female,41600.0,Combination,5.0,0.39,230.0,1,18-25
CUST02914,18,Female,34900.0,Dry,1.0,0.04,100.0,0,18-25
CUST07509,24,Female,44600.0,Combination,1.0,0.06,100.0,1,18-25
CUST04956,55,Female,31000.0,Dry,5.0,0.46,180.0,0,46-55
CUST03335,33,Female,60100.0,Combination,5.0,0.36,210.0,1,26-35
CUST05993,35,Male,,Dry,6.0,0.42,210.0,1,26-35
CUST00519,42,Male,91200.0,Normal,3.0,0.19,220.0,0,36-45
CUST00440,37,Male,,,3.0,0.34,,0,36-45
CUST08112,40,Female,68200.0,Oily,2.0,0.17,100.0,1,36-45
CUST00765,36,Female,21600.0,Oily,2.0,0.19,100.0,1,36-45
CUST00488,37,Female,25500.0,Dry,,0.36,190.0,1,36-45
CUST06171,47,Female,37300.0,Normal,4.0,0.37,180.0,0,46-55
CUST09408,18,Female,77400.0,Sensitive,2.0,0.07,110.0,0,18-25
CUST08361,23,Female,22200.0,Sensitive,4.0,0.38,140.0,1,18-25
CUST07488,43,Female,28900.0,Oily,6.0,0.49,,1,36-45
CUST03800,31,Female,35600.0,Dry,4.0,0.36,180.0,0,26-35
CUST05339,35,Female,50800.0,Normal,2.0,0.11,100.0,1,26-35
CUST07293,30,Male,33500.0,Oily,5.0,0.46,200.0,1,26-35
CUST08635,25,Female,,Oily,5.0,0.43,360.0,0,18-25
CUST03383,53,Female,50500.0,Oily,5.0,0.4,140.0,1,46-55
CUST03291,30,Female,33300.0,Dry,4.0,0.38,150.0,0,26-35
CUST04484,35,Male,70100.0,Combination,4.0,0.37,180.0,1,26-35
CUST01510,33,Female,66100.0,Normal,2.0,0.17,120.0,0,26-35
CUST06467,39,Female,,Combination,6.0,0.42,150.0,0,36-45
CUST09138,31,Male,30300.0,Oily,5.0,0.37,180.0,1,26-35
CUST06310,18,Male,64600.0,Combination,5.0,0.45,250.0,1,18-25
CUST02871,18,Female,36900.0,Normal,3.0,0.2,140.0,0,18-25
CUST05664,35,Female,62800.0,Oily,5.0,0.47,180.0,1,26-35
CUST08927,32,Female,25400.0,Combination,5.0,0.38,130.0,1,26-35
CUST01632,23,Female,40500.0,Sensitive,6.0,0.59,240.0,1,18-25
CUST05442,18,Female,27300.0,Sensitive,,0.13,100.0,0,18-25
CUST04958,18,Female,65000.0,Oily,7.0,0.53,250.0,0,18-25
CUST03149,52,Female,118300.0,Sensitive,2.0,0.25,190.0,0,46-55
CUST04705,40,Male,29400.0,Normal,8.0,0.75,230.0,1,36-45
CUST09785,53,Male,38200.0,Combination,,0.16,100.0,0,46-55
CUST02961,18,Female,104900.0,Dry,3.0,0.24,210.0,0,18-25
CUST08857,19,Male,29000.0,Oily,1.0,0.15,100.0,1,18-25
CUST06052,28,Male,,Sensitive,1.0,0.03,100.0,0,26-35
CUST02875,33,Male,25200.0,Oily,0.0,0.0,100.0,1,26-35
CUST02070,30,Female,59500.0,Oily,5.0,0.49,160.0,0,26-35
CUST01617,64,Female,19800.0,Combination,3.0,0.19,120.0,0,56+
CUST00015,37,Female,55400.0,Sensitive,1.0,0.17,100.0,0,36-45
CUST07332,59,Female,68200.0,Combination,5.0,0.45,130.0,0,56+
CUST01156,33,Female,53400.0,Oily,4.0,0.39,160.0,1,26-35
CUST01248,18,Male,35000.0,Sensitive,9.0,0.74,220.0,1,18-25
CUST03266,36,Male,59300.0,Combination,2.0,0.15,110.0,1,36-45
CUST02030,27,Female,31300.0,Combination,1.0,0.09,100.0,0,26-35
CUST02211,41,Female,45300.0,Dry,2.0,0.11,100.0,0,36-45
CUST08932,18,Female,67300.0,Normal,3.0,0.24,150.0,0,18-25
CUST02125,32,Male,41300.0,Oily,6.0,0.46,240.0,1,26-35
CUST01459,52,Female,24800.0,Combination,3.0,0.22,100.0,0,46-55
CUST01072,20,Female,55400.0,Dry,5.0,0.47,220.0,1,18-25
CUST01579,18,Male,40900.0,Oily,3.0,0.24,130.0,1,18-25
CUST01714,31,Female,21500.0,Combination,1.0,0.12,100.0,1,26-35
CUST00334,21,Male,26700.0,Oily,2.0,0.21,100.0,0,18-25
CUST01079,26,Female,51300.0,Normal,5.0,0.37,170.0,0,26-35
CUST06860,37,Female,19000.0,Sensitive,3.0,0.22,100.0,1,36-45
CUST00933,45,Female,67700.0,,6.0,0.54,220.0,1,36-45
CUST05380,43,Female,36400.0,Normal,6.0,0.49,260.0,0,36-45
CUST07283,46,Female,27400.0,Sensitive,7.0,0.56,220.0,1,46-55
CUST08589,40,Male,55500.0,Normal,8.0,0.64,270.0,0,36-45
CUST00264,26,Male,49400.0,Dry,5.0,0.37,,0,26-35
CUST01964,29,Female,25900.0,Dry,7.0,0.65,230.0,0,26-35
CUST08398,37,Male,32000.0,Dry,4.0,0.31,190.0,1,36-45
CUST05814,42,Female,27000.0,Oily,5.0,0.38,120.0,1,36-45
CUST09198,50,Male,27800.0,Dry,4.0,0.42,120.0,0,46-55
CUST00583,29,Male,91000.0,Combination,5.0,0.44,210.0,1,26-35
CUST07403,18,Female,45500.0,Combination,2.0,0.12,130.0,0,18-25
CUST01122,32,Female,41100.0,Sensitive,4.0,0.35,110.0,1,26-35
CUST07094,26,Female,28100.0,Combination,8.0,0.68,190.0,1,26-35
CUST00484,38,Male,22900.0,Oily,4.0,0.33,170.0,0,36-45
CUST01576,18,Male,17600.0,Sensitive,6.0,0.58,210.0,0,18-25
CUST02964,24,Male,47100.0,Normal,4.0,0.41,140.0,0,18-25
CUST08676,30,Female,34900.0,Dry,4.0,0.31,110.0,0,26-35
CUST06381,28,Female,46600.0,Normal,2.0,0.16,100.0,1,26-35
CUST05314,30,Female,34000.0,Combination,2.0,0.19,120.0,0,26-35
CUST06339,46,Male,88400.0,Normal,9.0,0.72,330.0,0,46-55
CUST03694,18,Female,51200.0,Dry,6.0,0.5,240.0,0,18-25
CUST09627,18,Female,95600.0,Normal,2.0,0.25,140.0,1,18-25
CUST06965,48,Female,74700.0,Sensitive,6.0,0.62,220.0,0,46-55
CUST00368,23,Male,20800.0,Combination,8.0,0.65,140.0,0,18-25
CUST00625,37,Male,20400.0,Oily,2.0,0.18,100.0,1,36-45
CUST08447,47,Male,58000.0,Normal,2.0,0.12,120.0,0,46-55
CUST09199,56,,34100.0,Combination,7.0,0.55,,0,56+
CUST09404,39,Male,74600.0,Normal,6.0,0.59,290.0,1,36-45
CUST04030,34,Female,28600.0,Normal,7.0,0.63,,0,26-35
CUST00533,27,Female,59300.0,Dry,1.0,0.1,100.0,1,26-35
CUST05174,21,Female,25500.0,Oily,8.0,0.73,260.0,1,18-25
CUST03429,53,Male,32100.0,Sensitive,,0.51,200.0,0,46-55
CUST06693,18,Male,23100.0,Combination,2.0,0.12,100.0,1,18-25
CUST09867,18,Female,54200.0,Oily,2.0,0.13,120.0,1,18-25
CUST04377,18,Female,36100.0,Oily,3.0,0.29,130.0,1,18-25
CUST07318,30,Female,32800.0,Combination,3.0,0.29,100.0,0,26-35
CUST08637,34,Female,29800.0,Oily,4.0,0.33,150.0,1,26-35
CUST08785,28,Female,39100.0,Oily,1.0,0.12,100.0,1,26-35
CUST08017,38,Female,48700.0,Normal,6.0,0.56,160.0,1,36-45
CUST09432,21,Female,47100.0,Oily,4.0,0.32,200.0,1,18-25
CUST07051,38,Male,58200.0,Combination,3.0,0.26,170.0,1,36-45
CUST03124,38,Female,49800.0,,3.0,0.24,,0,36-45
CUST00961,50,Male,36100.0,Oily,4.0,0.33,180.0,0,46-55
CUST01311,19,Female,47200.0,Oily,4.0,0.36,170.0,0,18-25
CUST08015,23,Male,24900.0,Oily,1.0,0.13,,1,18-25
CUST03338,37,Female,88400.0,Sensitive,4.0,0.28,160.0,0,36-45
CUST03058,27,Female,38100.0,Combination,6.0,0.41,260.0,0,26-35
CUST00077,27,Female,16000.0,Combination,4.0,0.29,100.0,0,26-35
CUST09451,37,Female,70800.0,Normal,6.0,0.45,240.0,0,36-45
CUST05447,18,Male,32500.0,Normal,1.0,0.02,100.0,1,18-25
CUST05707,43,Female,33500.0,Combination,4.0,0.32,160.0,0,36-45
CUST06348,29,Male,56400.0,Normal,7.0,0.58,,1,26-35
CUST05830,26,F,33200.0,Dry,5.0,0.42,140.0,1,26-35
CUST07873,32,Female,32500.0,Oily,4.0,0.37,130.0,0,26-35
CUST09802,18,Female,26100.0,Dry,8.0,0.72,310.0,0,18-25
CUST06868,34,Male,20000.0,Combination,2.0,0.17,100.0,0,26-35
CUST08271,37,Male,33300.0,Dry,4.0,0.35,,1,36-45
CUST07498,34,Female,38000.0,Oily,6.0,0.52,120.0,1,26-35
CUST00004,42,Female,109800.0,Dry,3.0,0.21,,0,36-45
CUST09762,18,Male,31000.0,Dry,2.0,0.17,110.0,1,18-25
CUST02168,18,Male,25800.0,Oily,5.0,0.36,170.0,0,18-25
CUST00291,29,Male,72200.0,Combination,2.0,0.15,100.0,0,26-35
CUST09218,46,Female,40600.0,Combination,3.0,0.23,,0,46-55
CUST09297,32,Female,57300.0,,6.0,0.48,170.0,0,26-35
CUST09683,32,Female,68300.0,Oily,2.0,0.2,130.0,1,26-35
CUST01124,29,Male,,Oily,4.0,0.31,100.0,1,26-35
CUST01278,50,Male,44700.0,Oily,5.0,0.45,230.0,0,46-55
CUST04618,21,Male,64700.0,Normal,2.0,0.08,110.0,0,18-25
CUST05130,33,Male,40400.0,Combination,,0.05,100.0,0,26-35
CUST06216,29,Female,31400.0,Sensitive,3.0,0.19,100.0,0,26-35
CUST01254,35,Male,47900.0,Combination,3.0,0.32,150.0,0,26-35
CUST00136,21,Male,39600.0,Normal,2.0,0.22,100.0,1,18-25
CUST06932,41,Male,43000.0,Combination,7.0,0.6,290.0,1,36-45
CUST06217,32,Male,23500.0,Combination,9.0,0.75,300.0,0,26-35
CUST03315,44,Female,71800.0,Dry,5.0,0.36,250.0,0,36-45
CUST08908,18,Male,35800.0,Sensitive,7.0,0.59,210.0,0,18-25
CUST03054,31,Male,,Dry,6.0,0.57,250.0,0,26-35
CUST03185,40,Female,50400.0,Sensitive,6.0,0.6,220.0,0,36-45
CUST05913,38,Female,71500.0,Combination,2.0,0.21,160.0,0,36-45
CUST04818,30,Male,42600.0,Combination,5.0,0.46,160.0,0,26-35
CUST08177,24,Male,39500.0,Dry,9.0,0.72,250.0,1,18-25
CUST09453,55,Female,18400.0,Oily,6.0,0.43,150.0,0,46-55
CUST02933,45,Female,25600.0,Combination,2.0,0.15,100.0,1,36-45
CUST02128,26,Female,42100.0,,6.0,0.52,170.0,0,26-35
CUST04345,26,Female,61500.0,Dry,1.0,0.05,100.0,1,26-35
CUST05158,37,Female,43200.0,Sensitive,6.0,0.53,260.0,1,36-45
CUST01489,36,Male,36100.0,Oily,2.0,0.14,100.0,1,36-45
CUST09252,26,Male,37700.0,Normal,6.0,0.51,260.0,1,26-35
CUST05653,41,Male,39200.0,Oily,4.0,0.28,140.0,1,36-45
CUST00331,49,Male,49700.0,Normal,5.0,0.46,230.0,0,46-55
CUST04268,36,Male,20600.0,Combination,7.0,0.67,280.0,0,36-45
CUST08378,27,Male,20400.0,Oily,9.0,0.74,260.0,1,26-35
CUST01414,46,Female,73200.0,Oily,5.0,0.44,160.0,1,46-55
CUST09913,35,Male,17100.0,Combination,2.0,0.07,100.0,0,26-35
CUST06521,44,Male,51500.0,Oily,5.0,0.39,190.0,1,36-45
CUST01499,40,Male,,Normal,4.0,0.36,100.0,1,36-45
CUST08184,38,Male,25500.0,Normal,7.0,0.55,170.0,0,36-45
CUST07212,20,Female,65400.0,Sensitive,7.0,0.57,290.0,0,18-25
CUST02615,18,,25000.0,Sensitive,5.0,0.44,,1,18-25
CUST06189,51,Male,31400.0,Normal,3.0,0.31,100.0,0,46-55
CUST00624,25,Male,82300.0,Oily,1.0,0.03,100.0,0,18-25
CUST06487,31,Female,53200.0,Dry,3.0,0.22,160.0,0,26-35
CUST03318,25,Male,43300.0,Dry,5.0,0.44,180.0,1,18-25
CUST01598,35,Female,15000.0,Sensitive,4.0,0.29,150.0,1,26-35
CUST07133,30,Male,27900.0,Normal,4.0,0.32,100.0,1,26-35
CUST01189,39,Male,39200.0,Normal,5.0,0.43,160.0,1,36-45
CUST06583,34,Male,15000.0,Oily,6.0,0.5,250.0,1,26-35
CUST03884,46,Female,46800.0,Combination,2.0,0.13,110.0,0,46-55
CUST07224,30,Female,21400.0,Normal,6.0,0.55,150.0,1,26-35
CUST02336,33,Female,36700.0,Normal,0.0,0.08,100.0,0,26-35
CUST08872,48,Female,22800.0,Dry,0.0,0.03,100.0,0,46-55
CUST03699,20,Male,76800.0,Normal,2.0,0.15,110.0,1,18-25
CUST01394,37,Male,71500.0,Oily,4.0,0.36,220.0,0,36-45
CUST06759,51,Male,24500.0,,3.0,0.26,110.0,0,46-55
CUST03236,38,Female,38900.0,Oily,5.0,0.39,120.0,0,36-45
CUST04630,21,Female,20900.0,Oily,5.0,0.44,100.0,1,18-25
CUST04177,37,Female,18900.0,Oily,4.0,0.31,100.0,1,36-45
CUST02408,28,Female,67600.0,Dry,5.0,0.4,230.0,1,26-35
CUST04554,36,Male,27400.0,Combination,5.0,0.51,140.0,0,36-45
CUST08048,21,Female,15800.0,Combination,5.0,0.35,130.0,1,18-25
CUST04249,25,Male,56000.0,Normal,4.0,0.33,120.0,0,18-25
CUST03283,26,Female,26800.0,Combination,2.0,0.24,100.0,1,26-35
CUST04794,31,Female,34500.0,Oily,7.0,0.6,170.0,0,26-35
CUST07538,36,Female,46400.0,Oily,2.0,0.21,110.0,0,36-45
CUST06101,28,Male,61800.0,,2.0,0.22,120.0,1,26-35
CUST04783,23,Female,17800.0,Oily,2.0,0.2,100.0,0,18-25
CUST03060,29,Female,42500.0,Sensitive,6.0,0.6,190.0,1,26-35
CUST05716,29,Male,94000.0,Oily,6.0,0.51,270.0,1,26-35
CUST07445,31,Male,46600.0,Normal,7.0,0.64,170.0,1,26-35
CUST06791,40,Female,57300.0,Combination,6.0,0.54,170.0,0,36-45
CUST03482,42,Female,43500.0,Oily,4.0,0.29,110.0,0,36-45
CUST03799,41,Female,64000.0,Sensitive,6.0,0.47,230.0,0,36-45
CUST05435,22,Female,58700.0,Combination,4.0,0.3,210.0,1,18-25
CUST00145,23,Female,74600.0,Sensitive,5.0,0.42,170.0,1,18-25
CUST09587,44,Male,33000.0,Normal,4.0,0.36,150.0,0,36-45
CUST02192,22,Female,,Dry,2.0,0.14,100.0,1,18-25
CUST01069,48,Male,42500.0,Combination,2.0,0.23,100.0,0,46-55
CUST09736,18,Female,61800.0,Oily,6.0,0.52,270.0,1,18-25
CUST03488,35,Female,35300.0,Normal,4.0,0.28,160.0,1,26-35
CUST02575,31,Male,29100.0,Normal,4.0,0.17,170.0,0,26-35
CUST02359,45,Male,36600.0,Combination,2.0,0.21,100.0,0,36-45
CUST09048,70,Female,55300.0,Oily,6.0,0.56,170.0,0,56+
CUST01958,19,Female,59600.0,Oily,5.0,0.51,,0,18-25
CUST07136,60,Female,66300.0,Combination,5.0,0.44,160.0,0,56+
CUST02685,18,Female,50400.0,Oily,3.0,0.19,140.0,1,18-25
CUST02565,44,Female,24700.0,Sensitive,4.0,0.33,180.0,0,36-45
CUST04895,23,Female,50900.0,Combination,7.0,0.62,230.0,0,18-25
CUST05523,23,Female,45300.0,Sensitive,8.0,0.73,310.0,1,18-25
CUST01057,34,Male,77700.0,Sensitive,4.0,0.35,,1,26-35
CUST09197,18,Female,69900.0,Oily,8.0,0.68,170.0,1,18-25
CUST09902,35,Female,50500.0,Dry,8.0,0.66,360.0,0,26-35
CUST07289,25,Male,23200.0,Sensitive,8.0,0.72,260.0,1,18-25
CUST07382,23,Male,18500.0,Dry,4.0,0.45,150.0,0,18-25
CUST04780,32,Male,42200.0,Combination,3.0,0.24,100.0,1,26-35
CUST06387,48,Male,51000.0,Dry,2.0,0.23,110.0,1,46-55
CUST05658,28,Male,38300.0,Normal,1.0,0.12,100.0,1,26-35
CUST03486,44,Female,40400.0,Dry,4.0,0.27,,0,36-45
CUST01733,30,Male,15000.0,Combination,3.0,0.22,110.0,1,26-35
CUST01085,33,Male,58600.0,Dry,5.0,0.44,200.0,1,26-35
CUST09309,27,Male,27000.0,Sensitive,1.0,0.06,100.0,1,26-35
CUST08020,23,Female,96500.0,Normal,8.0,0.64,340.0,1,18-25
CUST08188,20,Female,32200.0,Normal,3.0,0.22,120.0,0,18-25
CUST00001,35,Male,19600.0,Combination,2.0,0.13,100.0,0,26-35
CUST07507,18,Female,44900.0,Oily,4.0,0.34,170.0,1,18-25
CUST00544,30,Female,28600.0,Combination,2.0,0.24,100.0,1,26-35
CUST00350,48,Female,31100.0,Sensitive,5.0,0.38,130.0,0,46-55
CUST00648,18,Male,45900.0,Normal,4.0,0.33,200.0,1,18-25
CUST02073,18,Female,50200.0,Normal,4.0,0.33,130.0,1,18-25
CUST05655,26,Male,38700.0,Sensitive,6.0,0.44,180.0,0,26-35
CUST03299,27,Female,47400.0,Normal,9.0,0.74,230.0,1,26-35
CUST00458,23,Female,16300.0,Oily,4.0,0.36,110.0,1,18-25
CUST05643,40,Male,23700.0,Dry,4.0,0.25,140.0,1,36-45
CUST08719,47,Male,47800.0,Combination,3.0,0.21,100.0,1,46-55
CUST03622,25,Female,36400.0,Normal,1.0,0.05,100.0,0,18-25
CUST01148,28,Female,26700.0,Sensitive,3.0,0.24,130.0,0,26-35
CUST07164,36,Male,42000.0,Combination,3.0,0.31,130.0,1,36-45
CUST00795,18,Female,25700.0,Dry,1.0,0.06,100.0,0,18-25
CUST00132,18,Female,33100.0,Normal,3.0,0.3,,1,18-25
CUST01108,23,Female,45100.0,Sensitive,,0.38,190.0,1,18-25
CUST09964,44,F,25300.0,Dry,2.0,0.21,100.0,0,36-45
CUST04399,21,Male,48900.0,Oily,4.0,0.32,160.0,1,18-25
CUST05585,26,Female,34100.0,Sensitive,3.0,0.27,100.0,1,26-35
CUST05437,26,M,26400.0,Oily,3.0,0.26,100.0,1,26-35
CUST02068,32,Female,58100.0,Dry,4.0,0.35,180.0,0,26-35
CUST03906,59,Male,40900.0,Oily,3.0,0.23,,1,56+
CUST08244,48,Female,47600.0,Dry,4.0,0.17,180.0,1,46-55
CUST05825,18,Male,41600.0,Sensitive,6.0,0.48,220.0,1,18-25
CUST04522,36,Male,24600.0,Combination,5.0,0.39,150.0,1,36-45
CUST07261,33,Female,27700.0,Normal,2.0,0.22,100.0,1,26-35
CUST00593,52,Male,34900.0,Normal,6.0,0.47,140.0,1,46-55
CUST03273,30,Female,16000.0,Oily,5.0,0.42,160.0,1,26-35
CUST07353,18,Male,38800.0,Sensitive,0.0,0.0,100.0,1,18-25
CUST09793,18,Female,27100.0,Combination,4.0,0.37,170.0,1,18-25
CUST05717,32,Female,27100.0,,10.0,0.84,340.0,1,26-35
CUST06038,38,Male,49100.0,Sensitive,4.0,0.34,170.0,1,36-45
CUST07986,34,Female,40000.0,,5.0,0.4,150.0,1,26-35
CUST03034,36,Female,30700.0,Normal,5.0,0.46,150.0,1,36-45
CUST03398,29,Male,,Combination,2.0,0.17,100.0,1,26-35
CUST07744,37,Male,42300.0,Normal,3.0,0.24,130.0,0,36-45
CUST01624,45,Female,91600.0,Normal,5.0,0.44,250.0,0,36-45
CUST09224,22,Male,,Sensitive,4.0,0.36,220.0,1,18-25
CUST09729,18,Male,64300.0,Oily,2.0,0.15,,0,18-25
CUST01673,33,Male,46800.0,Normal,3.0,0.32,110.0,0,26-35
CUST01112,29,Female,30300.0,Combination,8.0,0.76,160.0,1,26-35
CUST08148,29,Female,26200.0,Normal,4.0,0.4,140.0,1,26-35
CUST03128,37,Female,50800.0,Sensitive,3.0,0.22,100.0,1,36-45
CUST09919,26,Male,36100.0,Combination,3.0,0.31,130.0,1,26-35
CUST00266,43,Male,24900.0,Combination,7.0,0.57,130.0,1,36-45
CUST09984,32,Male,37700.0,Sensitive,3.0,0.24,110.0,1,26-35
CUST08656,34,Male,54100.0,Combination,4.0,0.3,160.0,1,26-35
CUST07540,30,Female,37400.0,Dry,7.0,0.59,290.0,1,26-35
CUST09663,29,Male,27700.0,Dry,2.0,0.13,100.0,1,26-35
CUST01433,22,Male,50500.0,Oily,6.0,0.5,220.0,1,18-25
CUST08848,18,Female,18700.0,Normal,3.0,0.36,100.0,1,18-25
CUST06399,21,Female,29500.0,Normal,4.0,0.24,100.0,1,18-25
CUST07956,18,Male,38600.0,Normal,1.0,0.07,100.0,0,18-25
CUST06364,32,Female,83200.0,Dry,2.0,0.13,130.0,1,26-35
CUST00317,33,Male,66700.0,Oily,0.0,0.0,100.0,0,26-35
CUST07682,38,Female,53000.0,Normal,,0.33,190.0,1,36-45
CUST01150,43,Female,44700.0,Oily,7.0,0.53,180.0,1,36-45
CUST07737,44,Male,53900.0,Combination,0.0,0.08,,0,36-45
CUST06181,32,Female,22700.0,Normal,5.0,0.46,120.0,0,26-35
CUST07366,33,Female,55600.0,Combination,2.0,0.16,100.0,0,26-35
CUST08948,28,female,30800.0,Normal,4.0,0.35,140.0,1,26-35
CUST01502,25,M,31200.0,Dry,1.0,0.1,100.0,0,18-25
CUST02393,18,Female,32800.0,Dry,4.0,0.34,120.0,1,18-25
CUST04693,35,Female,55200.0,Oily,4.0,0.34,180.0,0,26-35
CUST01794,29,Female,43200.0,Normal,2.0,0.13,100.0,1,26-35
CUST00104,40,Male,30000.0,Normal,5.0,0.5,120.0,0,36-45
CUST08943,44,Male,31100.0,Sensitive,3.0,0.29,100.0,0,36-45
CUST09064,44,Female,43500.0,Normal,8.0,0.7,280.0,0,36-45
CUST04760,26,Female,62000.0,Sensitive,3.0,0.21,160.0,0,26-35
CUST06581,18,Male,39900.0,Sensitive,4.0,0.37,100.0,0,18-25
CUST00736,34,Female,72700.0,Normal,5.0,0.37,270.0,1,26-35
CUST00994,46,Male,24200.0,Oily,6.0,0.5,120.0,1,46-55
CUST08741,37,Male,43400.0,Sensitive,5.0,0.48,210.0,1,36-45
CUST02996,24,Male,,Normal,3.0,0.28,120.0,0,18-25
CUST08212,30,Female,83900.0,Oily,6.0,0.53,250.0,1,26-35
CUST04609,19,Female,80400.0,Oily,3.0,0.21,180.0,1,18-25
CUST06333,29,Female,,Normal,3.0,0.18,100.0,0,26-35
CUST06386,55,Male,64900.0,Normal,2.0,0.17,130.0,0,46-55
CUST02486,31,Female,38300.0,Normal,5.0,0.4,250.0,0,26-35
CUST09653,40,Female,33400.0,Dry,7.0,0.57,300.0,0,36-45
CUST02120,40,Male,64800.0,Oily,2.0,0.17,120.0,0,36-45
CUST09824,33,Male,46600.0,Combination,4.0,0.25,170.0,1,26-35
CUST05218,45,Male,,Oily,5.0,0.54,160.0,1,36-45
CUST08204,23,Male,21900.0,Normal,2.0,0.13,100.0,1,18-25
CUST00734,30,Male,48000.0,Oily,4.0,0.33,150.0,1,26-35
CUST07031,30,Male,19500.0,Normal,3.0,0.32,100.0,1,26-35
CUST04255,23,Female,40900.0,Sensitive,4.0,0.38,150.0,1,18-25
CUST00009,32,Female,33600.0,Normal,6.0,0.47,240.0,1,26-35
CUST03768,37,Male,43300.0,Combination,4.0,0.36,170.0,1,36-45
CUST01748,35,Female,82000.0,Dry,7.0,0.58,360.0,0,26-35
CUST04986,37,Female,24700.0,Sensitive,4.0,0.41,130.0,1,36-45
CUST04076,23,Female,179400.0,Oily,3.0,0.23,310.0,0,18-25
CUST02216,32,Female,61100.0,Normal,8.0,0.69,230.0,0,26-35
CUST00568,25,Female,22200.0,Combination,3.0,0.2,130.0,1,18-25
CUST08960,18,Male,52500.0,Normal,1.0,0.13,100.0,0,18-25
CUST06709,41,Female,30500.0,Combination,5.0,0.47,190.0,0,36-45
CUST08538,54,Female,27400.0,Oily,5.0,0.44,210.0,0,46-55
CUST09594,32,Female,25500.0,Normal,3.0,0.25,100.0,1,26-35
CUST04190,55,Male,38400.0,Normal,3.0,0.3,100.0,0,46-55
CUST02345,41,Female,87800.0,Dry,3.0,0.21,120.0,1,36-45
CUST08856,18,Female,41900.0,Normal,4.0,0.33,120.0,0,18-25
CUST07673,43,Male,,Sensitive,3.0,0.2,130.0,0,36-45
CUST08142,44,Female,55800.0,Normal,4.0,0.38,180.0,1,36-45
CUST08811,26,Female,32500.0,Oily,8.0,0.67,280.0,1,26-35
CUST04511,29,Male,26500.0,Oily,2.0,0.17,100.0,1,26-35
CUST07765,48,Male,41500.0,Combination,,0.6,270.0,1,46-55
CUST01184,39,Female,105400.0,Normal,4.0,0.32,270.0,1,36-45
CUST07721,18,Male,93300.0,Dry,11.0,0.91,250.0,0,18-25
CUST03816,24,Female,44300.0,Dry,3.0,0.29,110.0,0,18-25
CUST07586,27,Female,37100.0,Sensitive,5.0,0.39,160.0,1,26-35
CUST06600,46,Male,43600.0,Dry,5.0,0.42,140.0,0,46-55
CUST09620,35,,15000.0,Dry,2.0,0.17,100.0,1,26-35
CUST02868,49,Female,28100.0,Oily,3.0,0.17,140.0,1,46-55
CUST02863,23,Female,32000.0,Combination,7.0,0.62,160.0,1,18-25
CUST02179,39,Male,15500.0,Normal,5.0,0.36,120.0,1,36-45
CUST06830,18,Female,32000.0,Oily,6.0,0.54,140.0,0,18-25
CUST05607,30,Female,40700.0,Dry,2.0,0.21,130.0,0,26-35
CUST04784,35,Male,47200.0,Oily,2.0,0.2,,0,26-35
CUST09076,27,Male,62600.0,Oily,3.0,0.27,130.0,0,26-35
CUST08095,18,Female,43700.0,Oily,1.0,0.07,100.0,0,18-25
CUST00037,31,Male,40000.0,Oily,5.0,0.32,200.0,1,26-35
CUST04305,32,Male,15000.0,Dry,3.0,0.19,120.0,1,26-35
CUST02674,37,Male,53100.0,Dry,2.0,0.25,100.0,0,36-45
CUST09529,34,Female,,Combination,2.0,0.13,110.0,1,26-35
CUST07790,28,Male,26900.0,Normal,0.0,0.0,100.0,1,26-35
CUST00972,31,Female,39600.0,Normal,4.0,0.31,100.0,1,26-35
CUST01619,36,Female,24000.0,Oily,11.0,0.95,390.0,1,36-45
CUST05711,42,Female,,Combination,6.0,0.52,170.0,1,36-45
CUST05458,46,Female,38500.0,Combination,4.0,0.29,120.0,0,46-55
CUST02146,24,Female,39700.0,Combination,6.0,0.46,180.0,1,18-25
CUST00578,46,Male,,Combination,2.0,0.16,100.0,1,46-55
CUST01834,37,Male,96900.0,Dry,2.0,0.2,170.0,0,36-45
CUST06897,33,Male,44900.0,Normal,4.0,0.34,150.0,1,26-35
CUST01881,40,Male,72500.0,Oily,3.0,0.29,140.0,1,36-45
CUST02479,40,Male,31200.0,Dry,1.0,0.07,100.0,1,36-45
CUST03461,33,Female,34500.0,Normal,2.0,0.16,110.0,0,26-35
CUST01663,31,Female,36100.0,Combination,3.0,0.18,150.0,1,26-35
CUST06648,33,Female,26800.0,Normal,6.0,0.46,260.0,1,26-35
CUST01225,22,Male,57300.0,Normal,4.0,0.41,200.0,1,18-25
CUST03520,39,Female,54500.0,Normal,5.0,0.45,200.0,1,36-45
CUST04270,30,Male,15000.0,Sensitive,5.0,0.4,110.0,1,26-35
CUST00211,42,Female,107300.0,Normal,4.0,0.35,190.0,0,36-45
CUST06232,42,Male,48400.0,Dry,4.0,0.37,140.0,1,36-45
CUST09052,28,Male,73700.0,Dry,6.0,0.57,200.0,1,26-35
CUST05049,32,Male,94200.0,Normal,6.0,0.5,260.0,1,26-35
CUST05564,18,Male,,Dry,1.0,0.09,,0,18-25
CUST07772,26,Male,29600.0,Sensitive,2.0,0.17,110.0,0,26-35
CUST09004,19,Female,,Normal,2.0,0.25,,1,18-25
CUST01319,18,Female,73500.0,Oily,3.0,0.2,,0,18-25
CUST00638,20,Female,51800.0,Combination,6.0,0.52,280.0,1,18-25
CUST00048,34,Male,32300.0,Oily,6.0,0.48,240.0,1,26-35
CUST03636,18,Male,58900.0,Normal,2.0,0.15,150.0,0,18-25
CUST08012,18,Male,78300.0,Dry,4.0,0.35,150.0,0,18-25
CUST07697,25,Female,29800.0,Dry,2.0,0.2,100.0,1,18-25
CUST03354,23,Male,60900.0,Dry,4.0,0.3,140.0,1,18-25
CUST05971,37,Female,20600.0,Combination,4.0,0.29,140.0,1,36-45
CUST01157,32,Female,29200.0,Sensitive,5.0,0.49,140.0,0,26-35
CUST02911,27,Female,18500.0,Normal,8.0,0.58,240.0,0,26-35
CUST07416,18,Male,87200.0,Normal,4.0,0.25,160.0,1,18-25
CUST05357,18,Female,20900.0,Normal,4.0,0.35,,1,18-25
CUST05850,32,Male,40700.0,Normal,6.0,0.48,180.0,1,26-35
CUST03401,36,Male,53800.0,,9.0,0.71,280.0,1,36-45
CUST03310,27,Female,29100.0,Combination,2.0,0.26,100.0,1,26-35
CUST07914,18,Male,37000.0,Combination,4.0,0.44,150.0,1,18-25
CUST07955,28,Female,34900.0,Combination,2.0,0.25,100.0,1,26-35
CUST02123,23,Male,42200.0,Combination,3.0,0.29,140.0,1,18-25
CUST06483,28,Female,40700.0,Oily,5.0,0.36,,0,26-35
CUST04394,22,Female,58000.0,Oily,6.0,0.57,200.0,1,18-25
CUST07593,33,Female,24200.0,Combination,3.0,0.22,100.0,0,26-35
CUST03024,24,Male,53100.0,Oily,1.0,0.06,100.0,1,18-25
CUST07670,56,Female,35100.0,Normal,3.0,0.22,110.0,0,56+
CUST07287,28,Female,34700.0,Sensitive,4.0,0.27,100.0,1,26-35
CUST08833,19,Female,46000.0,Oily,2.0,0.21,100.0,1,18-25
CUST08842,21,Female,77900.0,Combination,3.0,0.23,130.0,1,18-25
CUST05621,60,Male,55600.0,Sensitive,4.0,0.4,220.0,0,56+
CUST00743,21,Female,15000.0,Oily,3.0,0.23,100.0,1,18-25
CUST03300,34,Male,56900.0,Dry,3.0,0.3,140.0,1,26-35
CUST05139,26,Male,44800.0,Normal,1.0,0.09,100.0,0,26-35
CUST05211,36,Male,37300.0,Oily,6.0,0.61,150.0,1,36-45
CUST05493,30,Female,42600.0,Oily,5.0,0.32,140.0,0,26-35
CUST09287,32,Female,42100.0,Dry,4.0,0.41,110.0,0,26-35
CUST08166,44,Female,63700.0,Combination,4.0,0.39,190.0,0,36-45
CUST06721,49,Male,77400.0,Sensitive,4.0,0.29,180.0,1,46-55
CUST07432,47,Female,29100.0,Combination,4.0,0.42,120.0,1,46-55
CUST04662,28,Male,25600.0,Dry,2.0,0.23,100.0,1,26-35
CUST08122,42,Female,27900.0,Combination,6.0,0.54,240.0,0,36-45
CUST07829,45,Male,63600.0,Combination,6.0,0.46,180.0,1,36-45
CUST03711,37,Female,37500.0,Dry,5.0,0.41,120.0,0,36-45
CUST00800,32,Female,28500.0,Combination,4.0,0.34,150.0,0,26-35
CUST06731,42,Male,22000.0,Sensitive,4.0,0.35,160.0,1,36-45
CUST07179,39,Female,39700.0,Normal,1.0,0.14,100.0,0,36-45
CUST04632,18,Female,48400.0,Dry,5.0,0.36,200.0,0,18-25
CUST04130,21,Female,93100.0,Normal,4.0,0.33,150.0,0,18-25
CUST04635,35,Female,41600.0,Combination,4.0,0.37,120.0,0,26-35
CUST07252,27,Female,38500.0,Combination,3.0,0.17,150.0,1,26-35
CUST03686,35,Male,46700.0,Oily,7.0,0.56,310.0,1,26-35
CUST08000,35,Male,133500.0,Oily,4.0,0.34,170.0,1,26-35
CUST05519,41,Female,30700.0,Combination,2.0,0.18,,1,36-45
CUST01692,18,Female,31400.0,Dry,6.0,0.48,190.0,0,18-25
CUST03782,18,Female,43900.0,Combination,3.0,0.23,100.0,1,18-25
CUST07700,39,Male,25600.0,Dry,5.0,0.47,110.0,1,36-45
CUST01419,43,Female,34900.0,Combination,3.0,0.2,100.0,0,36-45
CUST07683,31,,59500.0,Sensitive,5.0,0.38,130.0,0,26-35
CUST07013,28,Female,25200.0,Normal,3.0,0.29,120.0,1,26-35
CUST06569,28,Female,52400.0,Combination,1.0,0.06,100.0,1,26-35
CUST00587,19,Male,55900.0,Sensitive,5.0,0.42,240.0,0,18-25
CUST07303,26,Male,28300.0,Normal,4.0,0.31,110.0,0,26-35
CUST07718,44,Male,15000.0,Oily,4.0,0.23,130.0,0,36-45
CUST03523,29,Male,31000.0,Combination,1.0,0.02,100.0,0,26-35
CUST06148,25,Female,58800.0,Combination,4.0,0.25,,0,18-25
CUST00336,19,Male,55200.0,Dry,2.0,0.21,110.0,1,18-25
CUST05407,18,Female,68400.0,Dry,3.0,0.34,170.0,0,18-25
CUST06839,47,Female,68600.0,Oily,6.0,0.47,220.0,1,46-55
CUST05667,35,Female,32400.0,Oily,5.0,0.38,140.0,1,26-35
CUST03459,29,Female,34900.0,Normal,4.0,0.32,200.0,1,26-35
CUST02621,24,Male,35400.0,Oily,5.0,0.39,230.0,1,18-25
CUST00857,36,Female,59500.0,Combination,3.0,0.29,140.0,1,36-45
CUST08867,47,Female,34800.0,Sensitive,5.0,0.43,200.0,0,46-55
CUST02992,50,Female,22400.0,Dry,5.0,0.42,200.0,0,46-55
CUST05791,44,Male,32600.0,Oily,4.0,0.42,200.0,1,36-45
CUST00024,30,Female,61300.0,Sensitive,2.0,0.17,120.0,0,26-35
CUST07749,18,Male,,Combination,1.0,0.08,100.0,1,18-25
CUST01727,22,Female,41200.0,Normal,1.0,0.03,100.0,0,18-25
CUST08403,28,Male,92800.0,Dry,4.0,0.38,260.0,0,26-35
CUST03772,18,Male,29000.0,Combination,4.0,0.34,110.0,0,18-25
CUST09450,22,Female,58500.0,Dry,4.0,0.32,160.0,1,18-25
CUST00382,46,Female,53000.0,Normal,2.0,0.21,120.0,1,46-55
CUST03071,41,Male,54500.0,Dry,3.0,0.3,,0,36-45
CUST08760,24,Male,22300.0,Combination,2.0,0.21,100.0,1,18-25
CUST09158,50,Female,48500.0,Normal,2.0,0.21,100.0,0,46-55
CUST03873,27,Male,46600.0,Sensitive,4.0,0.29,190.0,1,26-35
CUST00790,30,Male,41900.0,Combination,3.0,0.28,120.0,0,26-35
CUST08459,20,Male,40600.0,Dry,3.0,0.28,130.0,1,18-25
CUST05297,24,Male,17400.0,Dry,4.0,0.35,180.0,0,18-25
CUST09648,42,Female,33200.0,Oily,4.0,0.29,150.0,0,36-45
CUST04904,34,Female,108700.0,Dry,7.0,0.54,370.0,1,26-35
CUST04975,27,Female,73300.0,,7.0,0.56,270.0,0,26-35
CUST01495,28,Male,40300.0,Dry,2.0,0.16,100.0,0,26-35
CUST03458,22,Male,74900.0,Normal,8.0,0.76,360.0,0,18-25
CUST01403,30,Male,34800.0,Normal,6.0,0.47,170.0,0,26-35
CUST04950,41,Male,43900.0,Normal,2.0,0.16,130.0,1,36-45
CUST05008,37,Male,23700.0,Sensitive,1.0,0.14,100.0,0,36-45
CUST02413,18,Female,38100.0,Normal,6.0,0.57,190.0,1,18-25
CUST06055,31,Female,80400.0,,5.0,0.45,250.0,0,26-35
CUST03027,40,Female,42400.0,Oily,2.0,0.17,130.0,1,36-45
CUST01563,23,Female,33300.0,Dry,4.0,0.39,180.0,1,18-25
CUST06805,39,Female,61000.0,Dry,5.0,0.48,200.0,0,36-45
CUST04439,18,Female,55400.0,Oily,2.0,0.13,110.0,1,18-25
CUST09669,39,Male,56900.0,Oily,2.0,0.14,100.0,0,36-45
CUST01113,19,Male,27500.0,Oily,3.0,0.25,150.0,0,18-25
CUST03785,52,Female,44400.0,Dry,,0.09,100.0,0,46-55
CUST06406,41,Female,64300.0,Oily,6.0,0.51,270.0,1,36-45
CUST07109,38,Female,26400.0,Oily,3.0,0.28,100.0,0,36-45
CUST07598,20,Female,37600.0,Combination,5.0,0.4,160.0,1,18-25
CUST07038,23,Female,28800.0,Oily,1.0,0.0,100.0,0,18-25
CUST00953,37,Male,61400.0,Dry,3.0,0.24,110.0,1,36-45
CUST06385,38,Male,58500.0,,,0.36,240.0,1,36-45
CUST08223,22,Male,74800.0,,5.0,0.42,240.0,1,18-25
CUST02389,44,Male,53300.0,Dry,2.0,0.11,100.0,1,36-45
CUST06744,48,Male,44000.0,Dry,4.0,0.35,140.0,0,46-55
CUST04360,54,Male,28500.0,Sensitive,6.0,0.47,130.0,0,46-55
CUST02261,18,Male,17300.0,Dry,6.0,0.5,150.0,1,18-25
CUST07946,18,Male,23500.0,Combination,3.0,0.21,,0,18-25
CUST01594,24,Female,,Combination,7.0,0.59,280.0,1,18-25
CUST07599,28,Female,89000.0,Oily,4.0,0.37,220.0,1,26-35
CUST01181,18,Male,34200.0,Combination,4.0,0.3,,1,18-25
CUST03379,21,Male,19300.0,Normal,4.0,0.38,100.0,0,18-25
CUST08168,20,Female,31100.0,Combination,10.0,0.8,290.0,1,18-25
CUST00783,52,Female,40000.0,Dry,5.0,0.46,160.0,0,46-55
CUST04157,36,Male,74900.0,Dry,4.0,0.31,180.0,1,36-45
CUST03308,40,Male,82900.0,Sensitive,4.0,0.33,190.0,1,36-45
CUST02759,40,Female,15000.0,Oily,3.0,0.22,100.0,0,36-45
CUST06736,39,Female,41900.0,Normal,4.0,0.37,130.0,1,36-45
CUST08091,45,Female,24500.0,Dry,7.0,0.56,300.0,0,36-45
CUST05847,43,Female,64400.0,Dry,6.0,0.44,200.0,0,36-45
CUST03466,55,Female,33500.0,Dry,1.0,0.05,100.0,1,46-55
CUST07948,32,FEMALE,30400.0,Dry,6.0,0.55,240.0,1,26-35
CUST03208,36,Female,56000.0,Oily,3.0,0.3,110.0,0,36-45
CUST02514,41,Female,75300.0,Sensitive,6.0,0.48,150.0,1,36-45
CUST07290,44,Female,62200.0,Oily,3.0,0.24,120.0,0,36-45
CUST08614,28,Male,17700.0,Oily,5.0,0.46,,1,26-35
CUST09485,27,Male,19700.0,Combination,1.0,0.1,100.0,0,26-35
CUST07400,32,Male,33300.0,Normal,4.0,0.38,100.0,0,26-35
CUST07050,43,Female,15000.0,Dry,3.0,0.26,100.0,0,36-45
CUST00287,35,Male,66600.0,Sensitive,3.0,0.27,140.0,1,26-35
CUST04024,18,Female,49900.0,Combination,6.0,0.57,200.0,1,18-25
CUST08575,18,Male,32100.0,Sensitive,6.0,0.48,190.0,1,18-25
CUST01262,33,Female,30200.0,Oily,1.0,0.0,100.0,0,26-35
CUST05781,29,Female,63500.0,Normal,5.0,0.4,200.0,0,26-35
CUST04128,29,Female,28500.0,Normal,2.0,0.17,100.0,1,26-35
CUST07478,34,Female,53600.0,Oily,2.0,0.17,100.0,1,26-35
CUST08549,33,Female,54700.0,Combination,2.0,0.07,120.0,0,26-35
CUST03038,31,Male,15000.0,Sensitive,3.0,0.27,100.0,1,26-35
CUST09749,32,Male,48100.0,Dry,5.0,0.43,160.0,1,26-35
CUST08862,37,Female,43900.0,Combination,5.0,0.45,180.0,1,36-45
CUST00564,24,Female,31300.0,Oily,8.0,0.66,230.0,1,18-25
CUST00292,34,Female,66400.0,Normal,2.0,0.15,100.0,0,26-35
CUST08674,44,Female,64800.0,Dry,5.0,0.42,230.0,0,36-45
CUST08114,23,Male,70200.0,Normal,2.0,0.11,100.0,0,18-25
CUST01761,19,Female,28300.0,Combination,4.0,0.31,120.0,0,18-25
CUST00170,32,Male,29000.0,Dry,3.0,0.2,150.0,0,26-35
CUST00268,36,Female,57400.0,Sensitive,6.0,0.48,,0,36-45
CUST05419,29,Male,50300.0,Normal,4.0,0.34,170.0,0,26-35
CUST04355,21,Male,76500.0,Normal,2.0,0.16,110.0,1,18-25
CUST03998,29,Female,27500.0,Combination,5.0,0.42,110.0,1,26-35
CUST08923,42,Male,27100.0,Normal,6.0,0.46,250.0,0,36-45
CUST03056,19,,74000.0,Oily,,0.2,150.0,1,18-25
CUST00316,29,Female,48700.0,Combination,4.0,0.34,200.0,1,26-35
CUST08062,22,Male,35700.0,Oily,4.0,0.32,110.0,1,18-25
CUST06379,36,Female,27300.0,Sensitive,5.0,0.44,220.0,0,36-45
CUST06770,18,Male,16100.0,Sensitive,4.0,0.23,100.0,0,18-25
CUST00246,18,Male,27800.0,Oily,7.0,0.57,270.0,0,18-25
CUST00253,51,Female,30600.0,Dry,4.0,0.26,100.0,0,46-55
CUST02289,43,Male,96600.0,Oily,8.0,0.71,430.0,1,36-45
CUST06278,50,Female,24200.0,Combination,1.0,0.05,100.0,1,46-55
CUST02610,18,Female,18500.0,Normal,2.0,0.13,100.0,1,18-25
CUST00051,35,Female,43900.0,Normal,6.0,0.52,270.0,1,26-35
CUST01878,52,Female,44700.0,Oily,2.0,0.13,,0,46-55
CUST08523,32,Female,47100.0,Oily,11.0,0.88,,1,26-35
CUST09741,52,Female,46500.0,Normal,6.0,0.5,190.0,0,46-55
CUST07887,25,Male,77600.0,Oily,7.0,0.55,350.0,1,18-25
CUST05651,36,Male,61100.0,Sensitive,4.0,0.34,210.0,1,36-45
CUST00873,40,Male,56600.0,Combination,4.0,0.36,210.0,1,36-45
CUST07747,41,Male,36000.0,Oily,2.0,0.08,110.0,1,36-45
CUST04333,49,Male,58400.0,Sensitive,2.0,0.16,110.0,0,46-55
CUST05903,30,Male,30900.0,Oily,3.0,0.17,100.0,1,26-35
CUST04421,45,Female,38000.0,Combination,1.0,0.0,100.0,1,36-45
CUST08171,24,Female,,Dry,1.0,0.12,100.0,0,18-25
CUST08769,26,Male,64500.0,Combination,6.0,0.44,270.0,0,26-35
CUST07769,35,Male,30900.0,Dry,6.0,0.52,160.0,1,26-35
CUST00249,64,Male,68100.0,Sensitive,5.0,0.49,210.0,0,56+
CUST04470,23,Female,33300.0,Combination,5.0,0.4,210.0,1,18-25
CUST03321,18,Male,53000.0,Dry,7.0,0.56,240.0,0,18-25
CUST06152,23,Female,18200.0,Oily,6.0,0.51,140.0,0,18-25
CUST06916,23,Female,36500.0,Oily,2.0,0.26,100.0,0,18-25
CUST04743,31,Female,44800.0,Combination,7.0,0.61,240.0,0,26-35
CUST01769,22,Female,42900.0,Sensitive,3.0,0.22,170.0,0,18-25
CUST01863,48,Female,35900.0,Dry,,0.52,,0,46-55
CUST07707,51,Female,89100.0,Oily,3.0,0.21,170.0,1,46-55
CUST02390,32,Male,34700.0,Normal,8.0,0.59,160.0,0,26-35
CUST02338,41,Male,58700.0,Combination,6.0,0.5,190.0,1,36-45
CUST03996,25,Female,36300.0,Dry,4.0,0.34,180.0,0,18-25
CUST03544,36,Male,50600.0,Combination,5.0,0.5,120.0,1,36-45
CUST02795,44,Female,38200.0,Dry,4.0,0.37,120.0,1,36-45
CUST09988,35,Male,49000.0,Dry,8.0,0.65,260.0,0,26-35
CUST01781,41,Female,35800.0,Oily,2.0,0.15,100.0,0,36-45
CUST09848,30,Male,64500.0,Sensitive,5.0,0.48,190.0,0,26-35
CUST00448,28,Male,62700.0,Combination,3.0,0.21,120.0,1,26-35
CUST08920,20,Male,50800.0,Combination,3.0,0.27,170.0,0,18-25
CUST07640,35,Male,50200.0,Combination,5.0,0.48,,1,26-35
CUST06716,19,Female,30800.0,Sensitive,1.0,0.09,100.0,1,18-25
CUST07838,46,Male,53800.0,Dry,5.0,0.4,210.0,0,46-55
CUST06450,48,Male,55400.0,Dry,4.0,0.29,220.0,0,46-55
CUST09187,38,Male,43400.0,Dry,4.0,0.34,210.0,0,36-45
CUST09292,34,Male,34300.0,Combination,3.0,0.32,100.0,1,26-35
CUST06331,48,Male,44600.0,Normal,4.0,0.34,210.0,0,46-55
CUST04512,30,Male,28500.0,Combination,6.0,0.49,230.0,1,26-35
CUST00684,26,Male,34700.0,Normal,3.0,0.29,100.0,0,26-35
CUST07867,30,Female,32600.0,Normal,4.0,0.38,150.0,1,26-35
CUST04517,41,Female,43900.0,Normal,4.0,0.27,140.0,1,36-45
CUST00462,23,Female,20100.0,,4.0,0.29,,1,18-25
CUST03911,47,Female,,Combination,6.0,0.52,120.0,0,46-55
CUST03384,25,Male,88500.0,Oily,3.0,0.23,150.0,1,18-25
CUST01689,30,Male,16200.0,Oily,6.0,0.51,200.0,1,26-35
CUST09250,68,Male,25000.0,Sensitive,5.0,0.45,110.0,0,56+
CUST01316,52,Male,80100.0,Normal,2.0,0.13,110.0,0,46-55
CUST00319,43,Male,20800.0,Oily,7.0,0.56,170.0,0,36-45
CUST06059,29,Female,29900.0,Combination,5.0,0.42,140.0,1,26-35
CUST03434,33,Male,91700.0,Oily,6.0,0.53,200.0,1,26-35
CUST05412,46,Female,41500.0,Combination,2.0,0.19,100.0,0,46-55
CUST03567,40,Female,54500.0,Dry,10.0,0.87,440.0,1,36-45
CUST07040,18,Male,29100.0,Dry,5.0,0.39,120.0,1,18-25
CUST03849,42,Female,34700.0,Dry,3.0,0.2,100.0,0,36-45
CUST00377,30,Female,107800.0,Normal,1.0,0.06,140.0,1,26-35
CUST00411,18,Male,37800.0,Normal,3.0,0.25,110.0,1,18-25
CUST05324,23,Female,43600.0,Dry,1.0,0.16,100.0,0,18-25
CUST08374,47,Male,39400.0,Combination,6.0,0.53,270.0,0,46-55
CUST08016,45,Female,35000.0,Sensitive,1.0,0.2,100.0,0,36-45
CUST02493,40,Male,41300.0,Combination,2.0,0.08,100.0,1,36-45
CUST04993,26,Female,47700.0,Oily,3.0,0.24,100.0,1,26-35
CUST04864,38,Male,35000.0,Oily,3.0,0.16,110.0,0,36-45
CUST03949,31,Female,22400.0,Normal,3.0,0.29,140.0,0,26-35
CUST05759,36,Female,39500.0,Normal,5.0,0.31,200.0,0,36-45
CUST02274,42,Female,54700.0,,7.0,0.59,310.0,1,36-45
CUST01732,32,,25700.0,Oily,2.0,0.16,100.0,0,26-35
CUST05834,23,Male,102800.0,Oily,7.0,0.53,340.0,0,18-25
CUST09655,57,Female,40300.0,Oily,4.0,0.3,180.0,0,56+
CUST04561,39,Female,69200.0,Sensitive,7.0,0.55,250.0,1,36-45
CUST03025,30,Female,19400.0,Normal,5.0,0.5,120.0,1,26-35
CUST04068,31,Male,24000.0,Dry,6.0,0.5,,1,26-35
CUST09545,26,Female,45300.0,Dry,5.0,0.52,210.0,1,26-35
CUST00275,49,Female,28100.0,,4.0,0.31,130.0,0,46-55
CUST08198,18,Male,37900.0,Normal,4.0,0.42,100.0,1,18-25
CUST08200,33,Male,20400.0,Combination,3.0,0.25,100.0,1,26-35
CUST03446,28,Female,26000.0,Combination,4.0,0.32,190.0,1,26-35
CUST09569,39,Male,101700.0,Sensitive,7.0,0.53,290.0,1,36-45
CUST01955,34,Female,53000.0,Combination,5.0,0.43,240.0,1,26-35
CUST06558,29,Female,68600.0,Dry,3.0,0.26,130.0,0,26-35
CUST07309,24,Female,34600.0,Sensitive,4.0,0.29,120.0,1,18-25
CUST02931,24,Female,30700.0,Oily,5.0,0.46,150.0,0,18-25
CUST05787,38,Female,24000.0,Normal,,0.36,200.0,0,36-45
CUST03246,36,Male,21800.0,Combination,6.0,0.53,210.0,1,36-45
CUST01776,35,Female,19000.0,Combination,3.0,0.29,130.0,0,26-35
CUST03252,32,Male,22000.0,Sensitive,1.0,0.02,100.0,1,26-35
CUST09246,27,Female,35700.0,Oily,8.0,0.71,320.0,0,26-35
CUST07643,18,Female,80000.0,Combination,5.0,0.51,240.0,0,18-25
CUST06146,27,Female,37500.0,Normal,3.0,0.3,140.0,0,26-35
CUST07987,31,Male,29300.0,Sensitive,3.0,0.27,130.0,1,26-35
CUST00514,31,Male,,Normal,9.0,0.79,200.0,1,26-35
CUST04756,25,Male,22400.0,Combination,8.0,0.66,230.0,1,18-25
CUST02108,20,Male,33700.0,Dry,8.0,0.63,340.0,1,18-25
CUST04788,32,Male,50800.0,Dry,7.0,0.63,230.0,1,26-35
CUST00922,22,Female,25300.0,Dry,0.0,0.0,100.0,0,18-25
CUST07342,39,Female,43100.0,,5.0,0.42,240.0,1,36-45
CUST06590,32,Male,29900.0,Dry,8.0,0.61,270.0,1,26-35
CUST01559,41,Male,48000.0,Combination,2.0,0.09,130.0,0,36-45
CUST04803,32,Male,53300.0,Oily,1.0,0.1,100.0,0,26-35
CUST00475,39,Male,43700.0,Dry,8.0,0.62,370.0,1,36-45
CUST05216,24,Female,24200.0,Dry,8.0,0.66,320.0,0,18-25
CUST03275,18,Female,22700.0,Oily,4.0,0.29,170.0,1,18-25
CUST01473,32,Female,29600.0,Dry,3.0,0.21,100.0,0,26-35
CUST04170,38,Male,81400.0,Sensitive,8.0,0.76,350.0,1,36-45
CUST08187,51,Male,43500.0,Dry,3.0,0.27,100.0,0,46-55
CUST09491,40,Female,46300.0,Dry,4.0,0.22,170.0,0,36-45
CUST09773,27,Male,92400.0,Oily,,0.61,190.0,1,26-35
CUST01916,18,Female,73100.0,Normal,4.0,0.27,150.0,0,18-25
CUST08104,47,Male,141300.0,Sensitive,5.0,0.44,,1,46-55
CUST06927,18,Male,30300.0,Normal,2.0,0.19,110.0,0,18-25
CUST04846,42,Female,43500.0,,6.0,0.61,230.0,0,36-45
CUST04098,41,Male,38800.0,Oily,5.0,0.44,150.0,0,36-45
CUST03551,24,Male,22200.0,Oily,3.0,0.2,100.0,1,18-25
CUST03465,37,Female,15100.0,Combination,2.0,0.09,100.0,1,36-45
CUST02250,45,Male,39500.0,Dry,8.0,0.66,180.0,0,36-45
CUST02778,27,Male,59200.0,Dry,0.0,0.06,,1,26-35
CUST05565,23,Female,34600.0,Normal,5.0,0.48,140.0,1,18-25
CUST06747,29,Male,31200.0,Dry,2.0,0.1,110.0,0,26-35
CUST07519,37,Male,72000.0,,7.0,0.62,280.0,1,36-45
CUST03264,50,Female,39700.0,Combination,6.0,0.47,180.0,1,46-55
CUST05107,42,Female,,Combination,3.0,0.25,130.0,1,36-45
CUST08678,28,Female,5000000.0,Combination,7.0,0.55,280.0,1,26-35
CUST09846,40,Female,51200.0,Oily,4.0,0.38,140.0,1,36-45
CUST07952,50,Female,40000.0,Normal,1.0,0.15,100.0,0,46-55
CUST01836,33,Male,61700.0,Normal,7.0,0.58,220.0,1,26-35
CUST07551,35,Female,44900.0,Oily,2.0,0.09,,1,26-35
CUST01409,32,Female,55200.0,Combination,5.0,0.35,150.0,1,26-35
CUST05260,35,Female,24400.0,,4.0,0.44,150.0,0,26-35
CUST02304,27,Female,34900.0,Dry,5.0,0.45,160.0,1,26-35
CUST03847,31,Female,17300.0,Oily,3.0,0.28,120.0,1,26-35
CUST01021,36,Female,64000.0,Oily,2.0,0.12,140.0,1,36-45
CUST00706,21,Male,66600.0,Sensitive,3.0,0.25,180.0,0,18-25
CUST06259,20,Female,47400.0,Sensitive,2.0,0.2,100.0,1,18-25
CUST06885,30,Male,97100.0,Combination,5.0,0.56,260.0,1,26-35
CUST02955,18,Female,25000.0,Normal,4.0,0.3,160.0,1,18-25
CUST07455,28,Male,22200.0,Oily,6.0,0.52,160.0,1,26-35
CUST00909,33,Male,51200.0,Dry,2.0,0.12,100.0,0,26-35
CUST06081,23,Female,,Oily,2.0,0.17,,0,18-25
CUST03048,38,Female,41000.0,Combination,5.0,0.38,200.0,1,36-45
CUST06740,21,Female,18200.0,Oily,5.0,0.43,100.0,0,18-25
CUST00595,18,Male,32700.0,Oily,3.0,0.32,100.0,0,18-25
CUST04713,44,Female,62000.0,Normal,4.0,0.37,210.0,1,36-45
CUST00441,30,Male,63600.0,Normal,4.0,0.38,120.0,0,26-35
CUST05459,39,Female,30600.0,Normal,6.0,0.54,140.0,0,36-45
CUST04211,32,Male,39900.0,Sensitive,8.0,0.72,310.0,1,26-35
CUST08984,34,Male,20100.0,Oily,2.0,0.11,100.0,0,26-35
CUST00011,42,Female,74300.0,Combination,4.0,0.34,170.0,0,36-45
CUST09040,26,Female,19700.0,Oily,1.0,0.01,100.0,1,26-35
CUST05609,35,Female,59300.0,Dry,1.0,0.09,100.0,1,26-35
CUST05247,68,Female,40500.0,Normal,4.0,0.29,,0,56+
CUST09341,20,Male,29700.0,Normal,6.0,0.45,160.0,1,18-25
CUST00094,31,Female,58700.0,Combination,2.0,0.17,100.0,1,26-35
CUST09676,26,Female,51800.0,Normal,3.0,0.26,,1,26-35
CUST05837,42,Female,61700.0,Normal,6.0,0.45,180.0,1,36-45
CUST07499,26,Male,41600.0,Dry,4.0,0.37,190.0,1,26-35
CUST06827,18,Male,44800.0,Dry,1.0,0.09,100.0,1,18-25
CUST04844,19,Male,,Combination,5.0,0.37,260.0,1,18-25
CUST08159,32,Female,56800.0,Sensitive,3.0,0.34,160.0,0,26-35
CUST00293,48,Male,58000.0,Oily,7.0,0.57,190.0,0,46-55
CUST07954,35,Female,45300.0,Combination,,0.11,100.0,1,26-35
CUST04583,34,Male,19800.0,Dry,7.0,0.57,220.0,1,26-35
CUST07325,47,Female,51500.0,Sensitive,5.0,0.47,230.0,0,46-55
CUST05919,37,Female,42100.0,Dry,8.0,0.7,290.0,1,36-45
CUST07131,32,Male,37100.0,Normal,1.0,0.05,100.0,1,26-35
CUST05265,21,Female,34400.0,Oily,3.0,0.28,130.0,0,18-25
CUST06623,48,Female,28700.0,Dry,1.0,0.14,100.0,1,46-55
CUST02887,38,Female,25000.0,Sensitive,2.0,0.18,100.0,0,36-45
CUST03394,20,Female,39900.0,Combination,2.0,0.11,100.0,0,18-25
CUST05290,51,Female,97100.0,Oily,4.0,0.35,260.0,0,46-55
CUST02406,18,Female,31000.0,Combination,4.0,0.3,120.0,1,18-25
CUST04588,49,Male,34700.0,Oily,6.0,0.54,210.0,0,46-55
CUST05429,43,Male,52700.0,Combination,4.0,0.37,200.0,1,36-45
CUST08392,24,Female,118700.0,Combination,6.0,0.58,190.0,0,18-25
CUST05282,36,FEMALE,30000.0,Oily,3.0,0.29,100.0,1,36-45
CUST04922,41,Male,49200.0,Combination,4.0,0.31,170.0,1,36-45
CUST08439,43,Female,67900.0,Sensitive,3.0,0.29,150.0,1,36-45
CUST02589,35,Female,19500.0,Sensitive,0.0,0.02,100.0,0,26-35
CUST08377,18,Male,43700.0,Dry,5.0,0.35,180.0,0,18-25
CUST03483,43,Male,27300.0,Oily,0.0,0.0,,1,36-45
CUST09553,62,Female,20700.0,Sensitive,6.0,0.52,170.0,0,56+
CUST06886,34,Male,58800.0,Combination,12.0,0.98,260.0,1,26-35
CUST08277,21,Female,48800.0,Oily,5.0,0.47,230.0,1,18-25
CUST03195,31,Female,50500.0,Oily,1.0,0.1,100.0,0,26-35
CUST06812,27,Male,37800.0,Combination,5.0,0.39,160.0,0,26-35
CUST01356,37,Female,35800.0,Combination,4.0,0.43,120.0,1,36-45
CUST06311,38,Male,65800.0,Dry,5.0,0.27,150.0,0,36-45
CUST03603,18,Male,108600.0,Oily,3.0,0.23,160.0,0,18-25
CUST05688,47,Male,35100.0,Combination,3.0,0.24,130.0,0,46-55
CUST08400,40,Female,42000.0,Dry,3.0,0.17,130.0,1,36-45
CUST06718,35,Male,35000.0,Oily,7.0,0.51,130.0,1,26-35
CUST09396,33,Male,59800.0,Oily,5.0,0.46,150.0,1,26-35
CUST09812,18,Male,62200.0,Dry,2.0,0.2,100.0,1,18-25
CUST03282,40,Male,39600.0,Sensitive,5.0,0.42,210.0,0,36-45
CUST07059,48,Male,38800.0,Dry,3.0,0.3,120.0,1,46-55
CUST05596,36,Female,45000.0,,2.0,0.14,100.0,0,36-45
CUST05821,28,Female,42100.0,Oily,2.0,0.22,100.0,1,26-35
CUST01531,38,Male,47100.0,Oily,3.0,0.28,130.0,0,36-45
CUST05886,49,Male,29500.0,Sensitive,6.0,0.51,230.0,1,46-55
CUST03778,37,Female,38300.0,Oily,2.0,0.16,130.0,1,36-45
CUST08137,20,Male,42400.0,Oily,3.0,0.26,120.0,1,18-25
CUST06606,18,Male,37700.0,Combination,3.0,0.3,120.0,1,18-25
CUST05842,29,Female,42600.0,Oily,5.0,0.4,210.0,1,26-35
CUST07780,36,Female,26300.0,,1.0,0.11,100.0,1,36-45
CUST03066,32,Male,75300.0,Dry,6.0,0.51,210.0,0,26-35
CUST08197,34,Male,41800.0,Oily,2.0,0.13,,1,26-35
CUST00701,44,Female,17500.0,Oily,5.0,0.35,110.0,1,36-45
CUST03938,37,Female,51700.0,Dry,6.0,0.5,240.0,1,36-45
CUST08300,27,Male,5000000.0,Oily,6.0,0.55,,1,26-35
CUST07763,26,Male,28400.0,Oily,5.0,0.39,210.0,1,26-35
CUST09686,18,Male,29800.0,Combination,2.0,0.18,100.0,1,18-25
CUST02040,35,Female,60900.0,Combination,2.0,0.09,100.0,1,26-35
CUST07615,18,Female,21500.0,Normal,4.0,0.47,180.0,1,18-25
CUST04218,37,Male,50600.0,Combination,5.0,0.4,180.0,1,36-45
CUST09911,28,Female,37400.0,Sensitive,5.0,0.5,180.0,1,26-35
CUST03046,28,Female,42500.0,Normal,4.0,0.34,170.0,1,26-35
CUST03861,19,Female,48300.0,Oily,2.0,0.14,,1,18-25
CUST03474,38,Female,46100.0,Combination,2.0,0.19,130.0,1,36-45
CUST05350,32,Female,15000.0,Normal,4.0,0.32,130.0,1,26-35
CUST03616,41,Female,18700.0,Oily,4.0,0.37,140.0,1,36-45
CUST06410,25,Male,47700.0,Oily,0.0,0.0,100.0,0,18-25
CUST01747,26,Female,43600.0,Combination,7.0,0.67,280.0,1,26-35
CUST07815,25,Male,57000.0,Sensitive,5.0,0.38,,1,18-25
CUST05683,28,Male,109100.0,Dry,3.0,0.3,120.0,0,26-35
CUST04602,32,Female,39200.0,,7.0,0.68,300.0,1,26-35
CUST07253,21,Female,56200.0,Dry,5.0,0.38,120.0,1,18-25
CUST02710,31,Male,39500.0,Sensitive,7.0,0.51,270.0,0,26-35
CUST03078,18,Male,18100.0,Normal,3.0,0.26,100.0,0,18-25
CUST08850,48,Female,37600.0,Oily,7.0,0.62,290.0,0,46-55
CUST09759,54,Male,24000.0,Normal,3.0,0.27,110.0,0,46-55
CUST04085,43,Male,27100.0,Normal,3.0,0.3,100.0,1,36-45
CUST07803,30,Female,31300.0,,4.0,0.27,130.0,1,26-35
CUST00604,25,Male,50000.0,Sensitive,3.0,0.35,170.0,1,18-25
CUST07779,31,Female,27500.0,Combination,4.0,0.26,150.0,0,26-35
CUST06624,36,Male,23300.0,Dry,3.0,0.24,130.0,1,36-45
CUST00394,37,Female,28500.0,Combination,5.0,0.44,190.0,1,36-45
CUST05194,38,Male,44500.0,,5.0,0.46,130.0,1,36-45
CUST04008,37,Female,33300.0,Oily,2.0,0.13,120.0,0,36-45
CUST09029,36,Male,72500.0,Sensitive,4.0,0.31,190.0,1,36-45
CUST06831,29,Male,17100.0,Oily,3.0,0.23,100.0,1,26-35
CUST00096,18,Male,,Combination,5.0,0.38,200.0,1,18-25
CUST03439,29,Female,30700.0,Oily,2.0,0.21,100.0,1,26-35
CUST09997,31,Female,18600.0,Combination,7.0,0.54,270.0,1,26-35
CUST05453,51,Male,51000.0,Combination,4.0,0.29,120.0,0,46-55
CUST05962,18,Female,44100.0,Normal,5.0,0.37,180.0,0,18-25
CUST04899,35,Male,92700.0,Dry,1.0,0.05,150.0,1,26-35
CUST09616,53,Male,,Dry,6.0,0.57,240.0,0,46-55
CUST06999,33,Male,23900.0,Normal,4.0,0.3,120.0,0,26-35
CUST09003,33,Male,34200.0,Dry,4.0,0.34,190.0,1,26-35
CUST06935,48,Male,35500.0,Dry,4.0,0.3,160.0,1,46-55
CUST02407,35,Female,60700.0,Normal,2.0,0.1,100.0,0,26-35
CUST05401,29,Male,47900.0,Normal,7.0,0.54,220.0,1,26-35
CUST08093,40,Female,47200.0,Dry,2.0,0.13,110.0,0,36-45
CUST07335,30,Female,48400.0,Oily,5.0,0.44,150.0,1,26-35
CUST01808,32,Male,29000.0,Oily,2.0,0.23,100.0,0,26-35
CUST09779,18,Female,34900.0,Oily,7.0,0.57,270.0,1,18-25
CUST04839,45,Female,26500.0,Dry,4.0,0.34,120.0,0,36-45
CUST07170,52,Female,31700.0,Oily,6.0,0.5,160.0,1,46-55
CUST07755,35,Male,34800.0,Combination,5.0,0.48,160.0,1,26-35
CUST05329,38,Male,25600.0,Normal,,0.36,140.0,1,36-45
CUST03008,44,Female,31500.0,Oily,4.0,0.25,160.0,1,36-45
CUST07738,27,Male,63900.0,Dry,6.0,0.52,220.0,0,26-35
CUST06508,33,Male,29200.0,Sensitive,5.0,0.42,190.0,1,26-35
CUST08996,42,Female,37600.0,Combination,8.0,0.67,210.0,1,36-45
CUST04687,18,Female,26700.0,Combination,6.0,0.54,170.0,0,18-25
CUST08664,39,Male,47800.0,Combination,5.0,0.36,180.0,0,36-45
CUST05027,31,Female,72600.0,Dry,3.0,0.35,180.0,0,26-35
CUST03400,27,Female,31700.0,Sensitive,2.0,0.14,100.0,0,26-35
CUST00020,31,Female,47100.0,Normal,2.0,0.16,100.0,1,26-35
CUST09912,24,Male,43800.0,Sensitive,4.0,0.32,160.0,1,18-25
CUST02936,18,Female,45800.0,Sensitive,3.0,0.22,160.0,1,18-25
CUST05456,38,Male,47200.0,Normal,2.0,0.14,100.0,0,36-45
CUST02743,23,Male,47100.0,Dry,0.0,0.01,,0,18-25
CUST08266,35,Female,28900.0,Dry,7.0,0.51,260.0,1,26-35
CUST06481,30,Female,46100.0,Sensitive,6.0,0.52,230.0,0,26-35
CUST00810,34,Female,20100.0,Sensitive,5.0,0.42,180.0,1,26-35
CUST05709,34,Female,75100.0,Oily,9.0,0.76,340.0,1,26-35
CUST02302,22,Male,69600.0,Normal,4.0,0.41,210.0,0,18-25
CUST03449,26,Female,32500.0,Oily,5.0,0.39,180.0,1,26-35
CUST05136,28,Female,36900.0,Sensitive,7.0,0.57,190.0,1,26-35
CUST08019,49,Female,49200.0,Oily,5.0,0.52,130.0,0,46-55
CUST07582,42,Female,41000.0,Sensitive,4.0,0.34,170.0,0,36-45
CUST01742,48,Female,29800.0,Normal,6.0,0.48,120.0,0,46-55
CUST01143,18,Male,36300.0,Combination,2.0,0.19,110.0,1,18-25
CUST05958,41,Female,41400.0,Sensitive,8.0,0.69,230.0,1,36-45
CUST04869,56,Male,45800.0,Combination,3.0,0.24,100.0,0,56+
CUST02013,39,,65400.0,Combination,7.0,0.51,190.0,0,36-45
CUST08001,36,Male,77900.0,Combination,2.0,0.14,140.0,1,36-45
CUST02222,24,Male,19300.0,Oily,4.0,0.33,140.0,1,18-25
CUST02877,18,Female,,Combination,3.0,0.25,100.0,1,18-25
CUST08352,28,Female,33500.0,Normal,3.0,0.3,100.0,1,26-35
CUST07525,26,Female,,,0.0,0.02,100.0,1,26-35
CUST08688,26,Female,46700.0,Combination,5.0,0.43,140.0,0,26-35
CUST06664,31,Male,78200.0,Dry,3.0,0.27,140.0,1,26-35
CUST06815,35,Female,19300.0,Oily,5.0,0.4,190.0,1,26-35
CUST00621,27,Male,21900.0,Oily,4.0,0.3,100.0,1,26-35
CUST06071,20,Male,89500.0,Dry,6.0,0.48,240.0,1,18-25
CUST01902,44,Female,23700.0,Oily,,0.13,100.0,0,36-45
CUST02287,40,Female,26700.0,Sensitive,1.0,0.02,100.0,1,36-45
CUST05366,54,Male,77100.0,Sensitive,4.0,0.31,150.0,0,46-55
CUST01047,26,Female,56500.0,Combination,2.0,0.14,100.0,1,26-35
CUST02885,32,Female,58100.0,Oily,7.0,0.58,190.0,0,26-35
CUST03207,37,Male,105200.0,Normal,3.0,0.23,170.0,0,36-45
CUST06533,45,Female,63800.0,Normal,6.0,0.61,180.0,0,36-45
CUST00744,18,Female,45500.0,Combination,3.0,0.26,150.0,0,18-25
CUST00223,34,Female,33800.0,Oily,7.0,0.69,190.0,1,26-35
CUST06180,20,Male,27800.0,Normal,10.0,0.88,190.0,1,18-25
CUST00626,26,Female,42900.0,Normal,0.0,0.0,100.0,0,26-35
CUST02956,21,Male,28200.0,Normal,4.0,0.35,180.0,1,18-25
CUST06796,53,Male,105100.0,Sensitive,2.0,0.04,170.0,0,46-55
CUST04623,33,Male,46200.0,Normal,0.0,0.0,100.0,1,26-35
CUST05229,36,Male,24300.0,Combination,5.0,0.32,180.0,0,36-45
CUST08381,18,Female,71800.0,Combination,5.0,0.4,250.0,0,18-25
CUST09336,18,Male,34800.0,Normal,5.0,0.43,150.0,0,18-25
CUST03980,41,Female,109700.0,Dry,,0.25,280.0,0,36-45
CUST01569,40,Male,70700.0,Sensitive,8.0,0.65,310.0,0,36-45
CUST03456,23,female,37200.0,Oily,5.0,0.56,130.0,1,18-25
CUST00354,41,Male,28100.0,Normal,5.0,0.41,160.0,1,36-45
CUST01786,45,Female,,Oily,3.0,0.25,140.0,0,36-45
CUST08081,24,Female,,Oily,2.0,0.17,110.0,1,18-25
CUST05054,24,Female,45200.0,Normal,5.0,0.45,110.0,1,18-25
CUST08061,28,Male,61900.0,Oily,4.0,0.25,210.0,1,26-35
CUST00240,26,Male,80200.0,Dry,1.0,0.07,,1,26-35
CUST02665,27,Male,21100.0,Oily,2.0,0.07,100.0,0,26-35
CUST08993,27,Female,22100.0,Combination,6.0,0.58,180.0,1,26-35
CUST01852,35,Male,43400.0,Sensitive,5.0,0.47,170.0,1,26-35
CUST09766,19,Female,45400.0,Oily,4.0,0.36,180.0,0,18-25
CUST03795,18,Male,78800.0,Sensitive,2.0,0.09,160.0,1,18-25
CUST09843,18,Female,,Combination,7.0,0.61,170.0,0,18-25
CUST01442,36,Female,32300.0,Dry,5.0,0.43,,1,36-45
CUST03834,23,Male,57100.0,Normal,5.0,0.39,210.0,0,18-25
CUST02689,46,Female,,Sensitive,4.0,0.31,180.0,0,46-55
CUST01019,28,Female,36300.0,Normal,4.0,0.4,,0,26-35
CUST03147,41,Female,48000.0,,8.0,0.73,280.0,1,36-45
CUST06238,18,Male,21700.0,Dry,0.0,0.04,100.0,0,18-25
CUST01577,32,Male,40300.0,Dry,5.0,0.46,170.0,1,26-35
CUST08529,30,Male,,Normal,4.0,0.33,100.0,1,26-35
CUST01104,38,Female,38300.0,Normal,2.0,0.11,100.0,1,36-45
CUST08211,32,Male,56000.0,Normal,6.0,0.49,160.0,0,26-35
CUST07226,33,Female,52900.0,Combination,4.0,0.29,140.0,1,26-35
CUST02535,30,Male,35300.0,Combination,3.0,0.34,100.0,1,26-35
CUST03382,36,Female,15000.0,Dry,5.0,0.49,120.0,0,36-45
CUST04507,40,MALE,31400.0,Dry,5.0,0.51,240.0,1,36-45
CUST02109,23,Female,38500.0,Normal,3.0,0.22,140.0,0,18-25
CUST08702,19,Male,44900.0,Dry,4.0,0.32,130.0,1,18-25
CUST04113,25,Female,31100.0,Sensitive,4.0,0.35,130.0,1,18-25
CUST08303,38,Female,22900.0,Normal,6.0,0.63,180.0,0,36-45
CUST09276,44,Male,45700.0,Sensitive,4.0,0.34,110.0,0,36-45
CUST09825,31,Male,45500.0,Combination,3.0,0.3,110.0,0,26-35
CUST02819,40,Female,67600.0,Combination,6.0,0.5,170.0,1,36-45
CUST06849,18,Female,21600.0,Oily,5.0,0.37,180.0,1,18-25
CUST09384,33,Female,24100.0,Normal,222.0,0.37,200.0,1,26-35
CUST09458,39,Male,26000.0,Combination,5.0,0.39,110.0,0,36-45
CUST01600,20,Female,29200.0,Combination,6.0,0.48,200.0,1,18-25
CUST00218,47,Male,30300.0,Sensitive,6.0,0.47,180.0,0,46-55
CUST02228,38,Female,43400.0,Dry,6.0,0.57,220.0,1,36-45
CUST09590,38,Male,25700.0,Normal,6.0,0.42,150.0,1,36-45
CUST08457,40,Female,70500.0,Normal,8.0,0.67,390.0,0,36-45
CUST01035,26,Female,42700.0,Sensitive,2.0,0.2,100.0,1,26-35
CUST09981,18,Male,44200.0,Oily,6.0,0.48,240.0,1,18-25
CUST04044,18,Female,44700.0,Dry,7.0,0.6,230.0,1,18-25
CUST04449,47,Male,16500.0,Sensitive,3.0,0.24,130.0,1,46-55
CUST01684,46,Male,61900.0,Normal,6.0,0.55,200.0,0,46-55
CUST02681,46,Female,33200.0,Oily,7.0,0.57,150.0,0,46-55
CUST00907,30,Female,58300.0,Combination,4.0,0.35,180.0,1,26-35
CUST04462,31,Male,52200.0,Oily,4.0,0.31,140.0,1,26-35
CUST07388,34,Female,49300.0,Oily,4.0,0.33,120.0,1,26-35
CUST08861,49,Female,50600.0,Oily,2.0,0.2,,0,46-55
CUST06679,38,Female,33200.0,Combination,2.0,0.24,100.0,0,36-45
CUST03769,42,Male,15000.0,Normal,3.0,0.29,120.0,0,36-45
CUST04631,18,FEMALE,27000.0,Oily,4.0,0.3,100.0,1,18-25
CUST07973,29,Male,35200.0,Dry,1.0,0.04,100.0,1,26-35
CUST05310,40,Female,39700.0,Combination,4.0,0.32,140.0,0,36-45
CUST07808,36,Male,49300.0,Dry,5.0,0.48,190.0,1,36-45
CUST07809,33,Female,45600.0,Oily,3.0,0.21,,0,26-35
CUST08511,19,Female,60800.0,Normal,4.0,0.28,150.0,0,18-25
CUST03750,46,Male,73200.0,Combination,10.0,0.9,350.0,1,46-55
CUST07357,34,Male,43400.0,Sensitive,2.0,0.13,100.0,0,26-35
CUST00853,42,Male,35700.0,Dry,4.0,0.36,190.0,0,36-45
CUST06861,32,Male,27600.0,Normal,6.0,0.42,170.0,1,26-35
CUST03786,19,Male,35500.0,Normal,5.0,0.41,230.0,0,18-25
CUST07629,30,Female,40800.0,Normal,5.0,0.43,210.0,1,26-35
CUST04376,18,Male,43800.0,Combination,7.0,0.56,300.0,1,18-25
CUST03150,35,Female,67400.0,Combination,4.0,0.34,210.0,1,26-35
CUST04976,25,Male,39000.0,Dry,3.0,0.32,,0,18-25
CUST05205,18,Male,28600.0,Normal,5.0,0.4,120.0,0,18-25
CUST04937,35,Female,24700.0,Dry,2.0,0.23,100.0,0,26-35
CUST09186,22,Male,23200.0,Sensitive,1.0,0.0,100.0,1,18-25
CUST09438,28,Female,26400.0,Sensitive,2.0,0.21,100.0,0,26-35
CUST00748,38,Female,39400.0,Normal,5.0,0.41,180.0,0,36-45
CUST07263,44,Male,,Normal,3.0,0.18,130.0,0,36-45
CUST00348,38,Female,54800.0,Oily,2.0,0.24,100.0,1,36-45
CUST09760,38,Female,,Dry,3.0,0.22,120.0,0,36-45
CUST02909,19,Female,30000.0,Normal,3.0,0.29,100.0,1,18-25
CUST09134,39,Male,24500.0,Combination,7.0,0.59,280.0,1,36-45
CUST07016,25,Male,73900.0,Oily,5.0,0.43,250.0,1,18-25
CUST01806,18,Female,23400.0,Normal,1.0,0.08,100.0,0,18-25
CUST02771,43,Female,66800.0,Oily,5.0,0.33,250.0,0,36-45
CUST09391,29,Female,18800.0,Sensitive,7.0,0.57,270.0,1,26-35
CUST04282,18,Male,34600.0,Dry,0.0,0.06,100.0,0,18-25
CUST01374,18,Female,44800.0,Sensitive,5.0,0.44,230.0,0,18-25
CUST08754,24,Female,39600.0,Combination,4.0,0.28,200.0,1,18-25
CUST03079,18,Female,20100.0,Normal,1.0,0.1,100.0,1,18-25
CUST07434,40,Female,61400.0,Sensitive,9.0,0.75,280.0,1,36-45
CUST04873,18,Female,70100.0,Sensitive,6.0,0.52,270.0,0,18-25
CUST02520,18,Female,34000.0,,3.0,0.28,100.0,0,18-25
CUST01759,21,Male,61600.0,Dry,2.0,0.19,140.0,1,18-25
CUST03460,40,Female,37700.0,Combination,1.0,0.04,100.0,0,36-45
CUST00764,39,Male,53700.0,Combination,5.0,0.42,120.0,0,36-45
CUST08275,44,Female,38300.0,Dry,4.0,0.25,140.0,0,36-45
CUST09525,29,Male,66600.0,Combination,6.0,0.49,220.0,1,26-35
CUST08885,37,Male,42500.0,Oily,10.0,0.8,390.0,1,36-45
CUST04229,25,Male,65800.0,Sensitive,4.0,0.27,120.0,0,18-25
CUST01223,37,Female,55900.0,Normal,8.0,0.72,220.0,0,36-45
CUST08865,55,Female,32100.0,Oily,7.0,0.49,130.0,0,46-55
CUST04746,35,Male,52600.0,Combination,5.0,0.47,230.0,1,26-35
CUST04280,21,Male,19100.0,Sensitive,2.0,0.21,100.0,0,18-25
CUST05551,40,Female,132900.0,Combination,5.0,0.41,340.0,1,36-45
CUST08070,47,Female,52300.0,Combination,1.0,0.14,100.0,0,46-55
CUST03853,18,Female,34100.0,Dry,8.0,0.67,290.0,1,18-25
CUST02190,38,Female,34300.0,Combination,4.0,0.38,100.0,1,36-45
CUST00709,30,FEMALE,44900.0,Oily,8.0,0.71,230.0,1,26-35
CUST00510,37,Male,47800.0,Normal,3.0,0.33,100.0,1,36-45
CUST07359,18,Female,34500.0,Dry,4.0,0.27,140.0,0,18-25
CUST07601,35,Male,50100.0,Normal,6.0,0.56,270.0,1,26-35
CUST06395,53,Female,24400.0,Sensitive,5.0,0.5,220.0,0,46-55
CUST04281,47,Female,75100.0,Oily,7.0,0.62,210.0,1,46-55
CUST09068,49,Male,18100.0,Dry,8.0,0.71,290.0,1,46-55
CUST02361,49,Male,23700.0,Combination,8.0,0.71,,1,46-55
CUST04246,32,Female,25700.0,Normal,1.0,0.02,100.0,1,26-35
CUST06888,21,Female,56400.0,Normal,3.0,0.2,110.0,0,18-25
CUST09914,37,female,110800.0,Combination,4.0,0.27,240.0,1,36-45
CUST04697,40,Female,99700.0,Combination,4.0,0.27,240.0,0,36-45
CUST03934,44,Male,32500.0,Dry,3.0,0.23,110.0,0,36-45
CUST07839,35,Female,51200.0,Dry,4.0,0.38,180.0,0,26-35
CUST00712,40,Male,23500.0,Combination,7.0,0.53,160.0,0,36-45
CUST06536,48,Female,,Combination,9.0,0.72,310.0,1,46-55
CUST09167,22,Male,79500.0,Combination,4.0,0.29,180.0,1,18-25
CUST03539,41,Male,47500.0,Oily,3.0,0.29,110.0,0,36-45
CUST04673,38,Male,22700.0,Normal,3.0,0.18,100.0,0,36-45
CUST01373,36,Male,42800.0,Combination,5.0,0.4,220.0,1,36-45
CUST00713,21,Male,90100.0,Normal,3.0,0.2,170.0,0,18-25
CUST02944,29,Female,17800.0,Dry,5.0,0.37,180.0,0,26-35
CUST01246,33,Male,39600.0,Sensitive,2.0,0.14,100.0,1,26-35
CUST05317,40,Male,39000.0,Sensitive,7.0,0.61,330.0,0,36-45
CUST03888,27,Female,37500.0,,3.0,0.16,100.0,1,26-35
CUST09650,38,Female,39900.0,Normal,6.0,0.53,150.0,1,36-45
CUST00716,19,Female,28100.0,Sensitive,3.0,0.26,140.0,0,18-25
CUST05808,30,Female,40000.0,Oily,3.0,0.19,120.0,1,26-35
CUST08697,45,Male,25700.0,Combination,2.0,0.07,100.0,0,36-45
CUST05820,36,Male,,Combination,4.0,0.4,160.0,1,36-45
CUST08841,18,Female,50900.0,,2.0,0.2,100.0,0,18-25
CUST03072,34,Female,78400.0,Combination,6.0,0.55,280.0,0,26-35
CUST07114,34,Female,58900.0,Sensitive,5.0,0.37,210.0,1,26-35
CUST00213,32,Male,24300.0,Normal,5.0,0.43,110.0,1,26-35
CUST05095,38,Female,34100.0,Oily,4.0,0.25,140.0,0,36-45
CUST07189,22,Female,25300.0,Oily,0.0,0.0,100.0,1,18-25
CUST01011,18,Male,28400.0,Sensitive,5.0,0.44,110.0,1,18-25
CUST00324,40,Female,23000.0,,2.0,0.16,100.0,1,36-45
CUST07431,24,Female,41200.0,Normal,5.0,0.44,150.0,0,18-25
CUST03904,29,Male,39100.0,Combination,2.0,0.14,100.0,0,26-35
CUST09103,24,Male,42600.0,Combination,4.0,0.25,110.0,0,18-25
CUST00335,32,Female,63100.0,Oily,8.0,0.59,210.0,1,26-35
CUST02546,27,Male,48400.0,Combination,6.0,0.52,180.0,1,26-35
CUST02237,32,Male,,Combination,3.0,0.23,100.0,1,26-35
CUST06537,19,Male,44400.0,Oily,7.0,0.62,220.0,1,18-25
CUST01884,33,Male,21800.0,Combination,5.0,0.37,120.0,1,26-35
CUST00234,45,Female,60000.0,Combination,4.0,0.25,200.0,1,36-45
CUST02471,27,Female,40100.0,Oily,4.0,0.35,150.0,1,26-35
CUST03239,42,Female,51100.0,Combination,4.0,0.32,200.0,1,36-45
CUST09154,37,Female,102500.0,Normal,6.0,0.33,310.0,1,36-45
CUST02378,24,Female,27300.0,Normal,2.0,0.16,100.0,1,18-25
CUST07202,40,Male,45400.0,Normal,5.0,0.5,120.0,0,36-45
CUST02824,21,Female,15000.0,Combination,2.0,0.28,100.0,1,18-25
CUST02089,25,Female,55900.0,Combination,3.0,0.23,180.0,0,18-25
CUST02099,18,Male,28800.0,Combination,5.0,0.45,110.0,1,18-25
CUST01596,37,Female,50000.0,Normal,,0.4,210.0,0,36-45
CUST04598,36,Female,37900.0,Sensitive,5.0,0.44,210.0,1,36-45
CUST03329,25,Male,81900.0,Normal,4.0,0.4,130.0,0,18-25
CUST04122,40,Male,26400.0,Dry,6.0,0.44,170.0,0,36-45
CUST02817,18,Female,33200.0,Sensitive,2.0,0.21,100.0,0,18-25
CUST00775,32,Female,15900.0,Normal,7.0,0.61,170.0,1,26-35
CUST06940,31,Female,28100.0,Sensitive,3.0,0.31,110.0,1,26-35
CUST00872,21,Female,30100.0,Dry,3.0,0.15,100.0,1,18-25
CUST07501,42,Male,37100.0,Combination,5.0,0.42,190.0,1,36-45
CUST01264,27,Male,59800.0,Normal,2.0,0.12,130.0,0,26-35
CUST05270,24,Male,24100.0,Normal,7.0,0.6,250.0,0,18-25
CUST04413,40,Female,51100.0,Sensitive,2.0,0.19,100.0,0,36-45
CUST06858,50,Male,30300.0,Dry,6.0,0.52,230.0,1,46-55
CUST05827,43,,,Sensitive,3.0,0.22,,1,36-45
CUST06690,52,Male,21800.0,Oily,3.0,0.25,130.0,0,46-55
CUST01221,32,Male,29200.0,Combination,1.0,0.08,100.0,1,26-35
CUST01804,27,Female,65800.0,Oily,4.0,0.33,190.0,1,26-35
CUST01454,28,Female,50000.0,Oily,2.0,0.14,100.0,0,26-35
CUST00409,18,Male,,Normal,0.0,0.04,100.0,1,18-25
CUST09180,43,Female,29700.0,Normal,1.0,0.15,100.0,1,36-45
CUST05854,18,Female,37600.0,Sensitive,6.0,0.38,190.0,0,18-25
CUST04802,38,Female,36100.0,Dry,3.0,0.22,100.0,1,36-45
CUST02150,33,Female,30100.0,Dry,8.0,0.53,190.0,1,26-35
CUST03708,39,Female,,Combination,4.0,0.35,140.0,0,36-45
CUST06700,42,Female,27600.0,Normal,6.0,0.46,,1,36-45
CUST07017,48,Male,33400.0,,2.0,0.05,120.0,0,46-55
CUST02134,36,Female,85300.0,Sensitive,3.0,0.24,120.0,1,36-45
CUST04171,44,Male,24300.0,Normal,3.0,0.25,150.0,0,36-45
CUST04735,28,Male,21700.0,Normal,4.0,0.33,140.0,0,26-35
CUST01672,18,Male,20000.0,Dry,6.0,0.53,150.0,1,18-25
CUST03016,26,Female,25800.0,Oily,6.0,0.45,,1,26-35
CUST01924,44,Male,22000.0,Dry,5.0,0.36,180.0,1,36-45
CUST02037,27,Male,38500.0,Normal,3.0,0.28,110.0,1,26-35
CUST08181,35,Female,,Dry,6.0,0.49,210.0,1,26-35
CUST08594,30,Female,25600.0,Oily,1.0,0.09,100.0,1,26-35
CUST02240,29,Female,20100.0,Oily,7.0,0.65,170.0,1,26-35
CUST04624,41,Female,43500.0,Sensitive,1.0,0.08,100.0,1,36-45
CUST07144,42,Male,80100.0,Combination,4.0,0.36,150.0,0,36-45
CUST07444,20,Male,59600.0,Normal,3.0,0.19,,1,18-25
CUST01731,31,Female,30900.0,Combination,1.0,0.09,100.0,0,26-35
CUST06638,34,Male,37700.0,Combination,5.0,0.42,140.0,1,26-35
CUST09444,18,Male,40200.0,Sensitive,1.0,0.09,100.0,1,18-25
CUST07468,41,Male,37300.0,Combination,4.0,0.41,130.0,1,36-45
CUST04465,43,Female,,Oily,1.0,0.11,100.0,0,36-45
CUST06956,32,Female,36800.0,Oily,7.0,0.61,230.0,0,26-35
CUST07052,51,Female,24400.0,Dry,5.0,0.42,100.0,0,46-55
CUST01784,21,Male,77100.0,Dry,4.0,0.36,190.0,1,18-25
CUST01497,36,Male,51800.0,,4.0,0.23,170.0,0,36-45
CUST03376,25,Female,39700.0,Sensitive,6.0,0.44,260.0,0,18-25
CUST05552,30,Female,56500.0,Dry,4.0,0.36,150.0,1,26-35
CUST04848,39,Female,44100.0,Oily,4.0,0.43,,1,36-45
CUST08249,46,Female,31200.0,Oily,1.0,0.17,100.0,0,46-55
CUST04813,32,Female,38000.0,Dry,4.0,0.41,130.0,1,26-35
CUST07750,19,Male,51500.0,Dry,9.0,0.74,340.0,1,18-25
CUST08283,28,Male,57000.0,Sensitive,,0.39,150.0,0,26-35
CUST00746,42,Female,42800.0,Oily,4.0,0.39,160.0,1,36-45
CUST00711,32,Male,53200.0,Normal,3.0,0.26,130.0,1,26-35
CUST00380,27,Female,23600.0,Combination,1.0,0.08,100.0,1,26-35
CUST07172,31,Male,23900.0,Sensitive,3.0,0.35,100.0,0,26-35
CUST07665,26,Male,34000.0,Dry,7.0,0.55,170.0,0,26-35
CUST08896,46,Male,,Dry,4.0,0.34,160.0,1,46-55
CUST07214,27,Female,35400.0,Dry,3.0,0.28,100.0,1,26-35
CUST04464,25,Male,77400.0,Combination,4.0,0.28,,0,18-25
CUST09690,45,Male,28100.0,Combination,4.0,0.29,100.0,0,36-45
CUST04829,46,Female,19100.0,Oily,2.0,0.26,100.0,0,46-55
CUST06486,26,Female,16000.0,Oily,2.0,0.2,100.0,1,26-35
CUST07689,35,Male,31400.0,Dry,5.0,0.34,150.0,0,26-35
CUST03533,46,Male,42100.0,Oily,4.0,0.37,110.0,1,46-55
CUST06729,52,Female,50500.0,Sensitive,3.0,0.17,130.0,0,46-55
CUST09046,30,Female,45700.0,Oily,4.0,0.35,130.0,0,26-35
CUST09039,21,Male,45200.0,Oily,8.0,0.69,360.0,1,18-25
CUST01314,36,Female,40700.0,Combination,8.0,0.62,240.0,1,36-45
CUST04701,41,Male,56000.0,Combination,3.0,0.24,150.0,0,36-45
CUST09506,42,Female,25400.0,Combination,4.0,0.38,170.0,0,36-45
CUST07999,37,,48600.0,Dry,4.0,0.32,140.0,0,36-45
CUST06889,32,Male,48100.0,Dry,4.0,0.33,170.0,1,26-35
CUST01659,40,Male,27200.0,Dry,3.0,0.17,130.0,1,36-45
CUST01286,35,Female,49600.0,Normal,6.0,0.41,210.0,0,26-35
CUST04420,47,Male,38900.0,Combination,3.0,0.16,110.0,1,46-55
CUST04536,36,Female,34900.0,Oily,7.0,0.59,190.0,1,36-45
CUST01350,31,Female,34500.0,Oily,2.0,0.2,100.0,1,26-35
CUST04473,52,Female,56700.0,Oily,3.0,0.21,,0,46-55
CUST08971,36,Female,67600.0,Oily,2.0,0.14,130.0,1,36-45
CUST08440,31,Male,,Dry,6.0,0.48,160.0,1,26-35
CUST09017,28,Female,25500.0,Dry,2.0,0.14,100.0,1,26-35
CUST00428,51,Male,35900.0,Combination,3.0,0.27,140.0,1,46-55
CUST00654,20,Male,46300.0,Dry,4.0,0.38,180.0,0,18-25
CUST08653,32,Female,48500.0,Normal,4.0,0.4,120.0,1,26-35
CUST07537,66,Male,,Normal,9.0,0.72,390.0,0,56+
CUST07801,38,Female,36600.0,Normal,4.0,0.34,110.0,0,36-45
CUST05112,29,M,120700.0,Normal,2.0,0.15,140.0,1,26-35
CUST04984,53,Male,20700.0,Oily,6.0,0.5,170.0,0,46-55
CUST05462,30,Male,15700.0,Sensitive,3.0,0.32,,0,26-35
CUST08544,42,Female,66800.0,Combination,3.0,0.23,180.0,1,36-45
CUST07728,48,Male,69100.0,Combination,6.0,0.49,320.0,0,46-55
CUST05255,41,Female,39300.0,Normal,7.0,0.68,200.0,0,36-45
CUST02169,24,Male,25700.0,Dry,8.0,0.57,170.0,1,18-25
CUST00612,35,Male,66000.0,Sensitive,3.0,0.3,110.0,1,26-35
CUST07307,36,Male,84800.0,Normal,2.0,0.12,190.0,0,36-45
CUST08515,42,Female,40600.0,Normal,3.0,0.22,120.0,0,36-45
CUST07305,32,Female,35500.0,Oily,6.0,0.51,200.0,1,26-35
CUST04594,29,Female,32500.0,Combination,5.0,0.42,150.0,1,26-35
CUST03380,29,Male,56300.0,Dry,4.0,0.31,150.0,1,26-35
CUST09783,35,Female,48800.0,Combination,3.0,0.29,100.0,0,26-35
CUST00555,31,Female,,Oily,5.0,0.4,210.0,1,26-35
CUST02679,18,Female,43200.0,Oily,1.0,0.12,100.0,1,18-25
CUST00512,29,Female,18200.0,Combination,6.0,0.49,200.0,1,26-35
CUST08499,48,Male,19100.0,Dry,5.0,0.41,,0,46-55
CUST08340,49,Male,15000.0,Oily,7.0,0.48,170.0,0,46-55
CUST00968,24,Female,39200.0,Normal,4.0,0.32,110.0,1,18-25
CUST09675,46,Male,65500.0,Combination,5.0,0.49,200.0,0,46-55
CUST09723,18,Female,68100.0,Oily,3.0,0.15,190.0,0,18-25
CUST09597,50,Male,86500.0,Normal,5.0,0.45,250.0,1,46-55
CUST05268,18,Male,24200.0,Sensitive,5.0,0.41,130.0,0,18-25
CUST04112,38,Female,25400.0,Sensitive,6.0,0.52,230.0,1,36-45
CUST06706,32,Female,34200.0,Sensitive,4.0,0.39,100.0,1,26-35
CUST04302,44,Male,71400.0,Dry,4.0,0.38,180.0,0,36-45
CUST03028,18,Female,21700.0,Normal,4.0,0.27,180.0,0,18-25
CUST04099,37,Female,33700.0,Dry,6.0,0.47,260.0,1,36-45
CUST03890,24,Female,55600.0,Dry,6.0,0.45,150.0,0,18-25
CUST02454,23,Female,37600.0,Dry,2.0,0.15,100.0,1,18-25
CUST04242,23,Male,33300.0,Sensitive,1.0,0.07,,1,18-25
CUST09975,30,Female,67800.0,Normal,2.0,0.19,140.0,1,26-35
CUST08488,28,Male,28900.0,Normal,4.0,0.3,150.0,1,26-35
CUST01110,41,Female,50100.0,Oily,5.0,0.48,230.0,1,36-45
CUST06437,42,Male,62300.0,Oily,2.0,0.23,130.0,0,36-45
CUST08257,38,Female,37400.0,Oily,6.0,0.62,200.0,1,36-45
CUST01039,41,Male,24300.0,,3.0,0.29,130.0,0,36-45
CUST01195,53,Female,31700.0,Oily,5.0,0.39,230.0,1,46-55
CUST04383,37,Female,42600.0,Combination,4.0,0.36,140.0,1,36-45
CUST04276,28,Male,34300.0,Combination,4.0,0.31,190.0,0,26-35
CUST07208,40,Female,27300.0,Oily,4.0,0.32,180.0,1,36-45
CUST09886,18,Female,52800.0,Oily,3.0,0.2,130.0,1,18-25
CUST09011,49,Male,43200.0,Oily,2.0,0.21,100.0,1,46-55
CUST02541,37,Female,48600.0,Dry,3.0,0.3,100.0,1,36-45
CUST00935,35,Male,28700.0,Combination,3.0,0.24,120.0,1,26-35
CUST01942,33,Female,20300.0,Sensitive,6.0,0.52,260.0,1,26-35
CUST08269,28,Male,49300.0,Dry,4.0,0.37,160.0,1,26-35
CUST00395,40,Male,36000.0,Combination,8.0,0.7,180.0,1,36-45
CUST02518,48,Female,23400.0,Combination,3.0,0.28,140.0,0,46-55
CUST07672,46,Female,37000.0,Dry,5.0,0.44,230.0,0,46-55
CUST09203,29,Male,53200.0,Sensitive,1.0,0.07,100.0,1,26-35
CUST03705,38,Male,29800.0,Combination,7.0,0.57,180.0,0,36-45
CUST09982,45,Female,,Normal,3.0,0.18,180.0,0,36-45
CUST09725,26,Female,22700.0,Normal,2.0,0.19,100.0,1,26-35
CUST01298,25,Female,86800.0,Combination,3.0,0.17,130.0,0,18-25
CUST09733,19,Male,45400.0,Dry,3.0,0.27,120.0,0,18-25
CUST01163,29,Male,70100.0,Dry,7.0,0.57,370.0,1,26-35
CUST04293,22,Male,36600.0,Oily,4.0,0.27,200.0,0,18-25
CUST07227,18,Male,58300.0,Normal,2.0,0.18,120.0,0,18-25
CUST01528,30,Female,57700.0,Sensitive,2.0,0.16,140.0,0,26-35
CUST09028,24,Female,39700.0,Combination,0.0,0.0,100.0,1,18-25
CUST03018,44,Female,28700.0,Sensitive,1.0,0.0,,1,36-45
CUST06990,19,Female,81900.0,Oily,3.0,0.29,,1,18-25
CUST00059,22,Male,39600.0,Dry,3.0,0.32,120.0,1,18-25
CUST09967,38,Female,,Oily,6.0,0.58,240.0,1,36-45
CUST08052,42,Female,30600.0,Dry,3.0,0.31,150.0,0,36-45
CUST03626,54,Male,18900.0,,3.0,0.26,100.0,1,46-55
CUST08650,29,Male,23700.0,Dry,5.0,0.38,120.0,0,26-35
CUST06322,29,Female,,Combination,3.0,0.23,110.0,1,26-35
CUST03652,35,Female,17600.0,Combination,2.0,0.12,100.0,1,26-35
CUST06084,20,Male,145900.0,Sensitive,5.0,0.4,260.0,1,18-25
CUST08351,35,Female,29100.0,Oily,2.0,0.1,100.0,1,26-35
CUST07157,34,Female,,Combination,6.0,0.43,190.0,1,26-35
CUST07608,19,Female,55800.0,Sensitive,3.0,0.28,120.0,1,18-25
CUST09939,30,Male,52200.0,Dry,3.0,0.23,120.0,1,26-35
CUST00677,58,Male,19000.0,Dry,4.0,0.41,120.0,0,56+
CUST03648,28,Female,26400.0,,2.0,0.14,100.0,1,26-35
CUST03722,40,Male,39800.0,Normal,9.0,0.85,230.0,0,36-45
CUST07464,23,Male,55400.0,Dry,7.0,0.58,200.0,0,18-25
CUST09539,58,Female,42100.0,Combination,,0.37,120.0,0,56+
CUST06218,25,Male,56400.0,Sensitive,6.0,0.49,300.0,0,18-25
CUST03405,18,Male,23300.0,Combination,3.0,0.35,110.0,1,18-25
CUST09980,21,Male,51800.0,Normal,4.0,0.32,100.0,0,18-25
CUST02158,23,Female,25500.0,Combination,4.0,0.37,130.0,0,18-25
CUST04356,24,Female,30100.0,Combination,5.0,0.4,120.0,1,18-25
CUST06438,44,Male,26800.0,Combination,3.0,0.21,140.0,1,36-45
CUST05245,44,Female,68300.0,Normal,8.0,0.72,330.0,1,36-45
CUST09499,44,Female,15000.0,Combination,1.0,0.09,100.0,0,36-45
CUST00867,18,Male,72700.0,Combination,4.0,0.33,,0,18-25
CUST03232,49,Female,38700.0,Oily,5.0,0.4,230.0,0,46-55
CUST07891,32,Female,43700.0,Combination,3.0,0.33,170.0,0,26-35
CUST04608,46,Female,42900.0,Oily,,0.08,100.0,0,46-55
CUST04300,30,Female,37600.0,Combination,5.0,0.39,150.0,0,26-35
CUST06955,30,Female,55000.0,Dry,3.0,0.27,110.0,0,26-35
CUST04817,53,Male,24700.0,Sensitive,7.0,0.58,290.0,1,46-55
CUST06910,58,Female,44200.0,Dry,3.0,0.31,160.0,0,56+
CUST09619,18,Female,31600.0,Oily,4.0,0.25,140.0,1,18-25
CUST05332,36,Male,23400.0,Sensitive,3.0,0.29,110.0,1,36-45
CUST01767,19,Female,84800.0,Oily,2.0,0.19,140.0,1,18-25
CUST08178,30,Male,21700.0,Combination,3.0,0.41,110.0,0,26-35
CUST09740,43,Male,46000.0,Sensitive,5.0,0.57,240.0,1,36-45
CUST08845,46,Female,35000.0,Dry,1.0,0.17,100.0,0,46-55
CUST07912,29,Female,50600.0,Normal,1.0,0.03,100.0,1,26-35
CUST01211,42,Female,27800.0,Oily,2.0,0.09,100.0,1,36-45
CUST07921,32,Female,21300.0,Normal,1.0,0.0,100.0,0,26-35
CUST02317,29,Female,36800.0,Sensitive,6.0,0.58,190.0,0,26-35
CUST02233,18,Female,49900.0,Dry,2.0,0.16,140.0,1,18-25
CUST02056,38,Female,43600.0,Dry,6.0,0.48,160.0,0,36-45
CUST08558,42,Male,34300.0,Combination,4.0,0.41,170.0,1,36-45
CUST09714,30,FEMALE,55500.0,Dry,7.0,0.63,180.0,1,26-35
CUST04884,29,Male,50100.0,Combination,3.0,0.23,140.0,0,26-35
CUST04685,25,Male,39700.0,Combination,3.0,0.26,140.0,1,18-25
CUST03013,27,Male,64300.0,Dry,4.0,0.47,220.0,0,26-35
CUST07062,24,Male,35200.0,Normal,3.0,0.23,100.0,0,18-25
CUST00618,35,Female,37000.0,Oily,6.0,0.54,210.0,0,26-35
CUST08455,29,Female,123800.0,Combination,,0.18,180.0,0,26-35
CUST05274,38,Male,28200.0,Sensitive,1.0,0.08,100.0,1,36-45
CUST01892,23,Male,23700.0,Normal,4.0,0.28,130.0,0,18-25
CUST08564,34,Female,65500.0,Normal,5.0,0.5,190.0,1,26-35
CUST00767,33,Male,60800.0,Normal,9.0,0.79,290.0,0,26-35
CUST02508,36,Female,65800.0,Dry,7.0,0.61,270.0,1,36-45
CUST05327,54,Female,30800.0,Combination,1.0,0.11,100.0,0,46-55
CUST05352,35,Male,32900.0,Sensitive,1.0,0.0,100.0,0,26-35
CUST01145,32,Male,44600.0,Oily,5.0,0.39,160.0,1,26-35
CUST05031,45,Female,95400.0,,2.0,0.14,130.0,0,36-45
CUST02693,31,Male,44300.0,Oily,2.0,0.21,100.0,1,26-35
CUST00463,18,Female,29000.0,Combination,7.0,0.56,250.0,0,18-25
CUST06847,29,Male,34500.0,Combination,1.0,0.13,100.0,0,26-35
CUST04036,34,F,46900.0,Oily,7.0,0.48,290.0,1,26-35
CUST06631,36,Male,41600.0,Normal,5.0,0.43,240.0,0,36-45
CUST07667,31,Female,59400.0,Sensitive,1.0,0.11,110.0,0,26-35
CUST04271,18,Male,38400.0,Dry,4.0,0.26,100.0,1,18-25
CUST07064,29,Female,18300.0,Dry,8.0,0.76,270.0,0,26-35
CUST05904,33,Female,24200.0,Dry,3.0,0.16,130.0,0,26-35
CUST08330,42,Female,17200.0,Combination,6.0,0.45,220.0,0,36-45
CUST05171,40,Female,48600.0,Normal,1.0,0.05,100.0,0,36-45
CUST09372,30,Female,32800.0,Normal,4.0,0.33,130.0,1,26-35
CUST07150,37,Male,34700.0,Normal,7.0,0.59,180.0,1,36-45
CUST00829,45,Female,70300.0,Oily,3.0,0.21,180.0,1,36-45
CUST06544,44,Female,19800.0,Oily,7.0,0.5,180.0,1,36-45
CUST08879,27,Male,31500.0,Sensitive,1.0,0.09,100.0,1,26-35
CUST02459,18,Male,45000.0,Normal,3.0,0.26,150.0,0,18-25
CUST03528,18,Female,19600.0,Combination,5.0,0.46,180.0,0,18-25
CUST05796,36,Female,,Normal,4.0,0.31,170.0,0,36-45
CUST05929,39,Male,86200.0,Combination,3.0,0.3,170.0,1,36-45
CUST07663,25,Male,33500.0,Normal,4.0,0.32,160.0,1,18-25
CUST07153,45,Male,45200.0,Dry,3.0,0.2,120.0,1,36-45
CUST02883,40,Female,46800.0,Dry,3.0,0.25,150.0,0,36-45
CUST04210,28,Female,104500.0,Dry,4.0,0.43,220.0,1,26-35
CUST00021,30,Male,38500.0,Oily,9.0,0.73,340.0,1,26-35
CUST04865,22,Male,66200.0,Oily,3.0,0.25,190.0,0,18-25
CUST02626,30,Female,,Combination,3.0,0.3,120.0,1,26-35
CUST04703,18,Female,70600.0,Dry,2.0,0.15,100.0,1,18-25
CUST01766,30,Male,37000.0,Combination,2.0,0.15,100.0,0,26-35
CUST08038,18,Male,34500.0,Oily,2.0,0.11,100.0,1,18-25
CUST01296,41,Male,46300.0,Dry,3.0,0.28,150.0,0,36-45
CUST03814,29,Male,37400.0,Dry,5.0,0.46,160.0,0,26-35
CUST00592,35,Male,46500.0,Oily,3.0,0.28,160.0,0,26-35
CUST01407,35,Male,,Sensitive,0.0,0.0,100.0,0,26-35
CUST00222,35,Male,21600.0,Combination,1.0,0.16,100.0,0,26-35
CUST05666,31,Female,49800.0,Normal,4.0,0.36,130.0,1,26-35
CUST07854,18,Male,28600.0,Sensitive,4.0,0.25,150.0,0,18-25
CUST07037,38,,121800.0,,7.0,0.62,330.0,1,36-45
CUST00859,18,Male,53300.0,Combination,6.0,0.46,150.0,0,18-25
CUST01826,39,,62900.0,Oily,3.0,0.23,160.0,0,36-45
CUST02827,52,Female,57200.0,Oily,7.0,0.58,290.0,1,46-55
CUST04699,44,Male,46200.0,Dry,4.0,0.31,,0,36-45
CUST04467,32,Male,,Sensitive,8.0,0.68,240.0,1,26-35
CUST05509,34,Male,64900.0,Combination,5.0,0.46,190.0,0,26-35
CUST09244,41,Female,28300.0,Oily,4.0,0.33,150.0,0,36-45
CUST02761,24,Male,41500.0,Oily,2.0,0.17,110.0,1,18-25
CUST07334,54,Female,28000.0,Combination,3.0,0.26,130.0,0,46-55
CUST01656,18,Female,48200.0,Oily,2.0,0.12,140.0,0,18-25
CUST00995,31,Male,54400.0,Sensitive,4.0,0.38,220.0,0,26-35
CUST07500,18,Female,63300.0,Combination,6.0,0.49,280.0,1,18-25
CUST00731,37,Female,17800.0,Oily,4.0,0.27,120.0,1,36-45
CUST09978,25,Male,21800.0,Combination,5.0,0.35,100.0,1,18-25
CUST04620,38,Female,15300.0,Normal,2.0,0.11,100.0,1,36-45
CUST06605,40,Female,43900.0,Combination,4.0,0.32,130.0,1,36-45
CUST05571,42,Male,,Normal,5.0,0.4,220.0,1,36-45
CUST02708,18,Female,22200.0,Normal,4.0,0.31,170.0,0,18-25
CUST08655,19,Male,42800.0,Normal,7.0,0.7,230.0,1,18-25
CUST03035,44,Female,,Oily,2.0,0.24,100.0,0,36-45
CUST05738,39,Male,57600.0,Dry,2.0,0.17,120.0,0,36-45
CUST09612,39,Female,41900.0,Sensitive,4.0,0.34,170.0,0,36-45
CUST00466,27,Male,31600.0,Oily,3.0,0.3,130.0,1,26-35
CUST09233,54,Female,,Normal,4.0,0.32,120.0,0,46-55
CUST06818,31,Female,41600.0,Normal,3.0,0.28,150.0,0,26-35
CUST09012,21,Female,41600.0,Normal,3.0,0.19,100.0,1,18-25
CUST00158,43,Male,133900.0,Normal,4.0,0.35,260.0,1,36-45
CUST07773,29,Male,36300.0,Normal,8.0,0.66,250.0,1,26-35
CUST07676,18,Male,31500.0,Combination,4.0,0.23,150.0,1,18-25
CUST03210,26,Male,27600.0,Oily,2.0,0.13,100.0,0,26-35
CUST00186,49,Male,46400.0,,0.0,0.0,100.0,0,46-55
CUST01003,27,Female,,Combination,1.0,0.1,110.0,0,26-35
CUST05264,38,Female,47600.0,Normal,1.0,0.04,100.0,0,36-45
CUST07708,19,Female,24100.0,Sensitive,8.0,0.64,330.0,1,18-25
CUST00401,30,Male,46600.0,Combination,2.0,0.17,110.0,0,26-35
CUST03152,22,Female,34100.0,Normal,2.0,0.23,100.0,1,18-25
CUST09350,25,Female,55800.0,Oily,5.0,0.4,210.0,0,18-25
CUST03334,28,Female,56800.0,Combination,8.0,0.69,320.0,1,26-35
CUST09633,34,Male,25600.0,Normal,1.0,0.01,100.0,0,26-35
CUST06142,36,Male,32300.0,Dry,5.0,0.48,220.0,0,36-45
CUST01982,26,Female,82500.0,Dry,3.0,0.2,170.0,0,26-35
CUST06365,26,Male,46900.0,Combination,2.0,0.24,100.0,0,26-35
CUST03339,20,Male,64600.0,Oily,4.0,0.3,180.0,0,18-25
CUST01865,35,Male,73600.0,Oily,1.0,0.14,110.0,1,26-35
CUST01251,43,Female,28600.0,Oily,4.0,0.38,150.0,0,36-45
CUST09805,36,Female,75800.0,Oily,6.0,0.56,230.0,1,36-45
CUST05072,31,Male,35900.0,Sensitive,6.0,0.49,220.0,1,26-35
CUST00060,43,Female,25300.0,Dry,2.0,0.21,100.0,0,36-45
CUST08652,48,Male,27900.0,Dry,5.0,0.5,180.0,1,46-55
CUST01114,29,Female,47500.0,Dry,5.0,0.38,130.0,1,26-35
CUST08452,26,Female,42100.0,Normal,3.0,0.26,120.0,0,26-35
CUST03556,29,Male,52500.0,Combination,4.0,0.29,130.0,1,26-35
CUST01329,31,Female,23200.0,Sensitive,2.0,0.14,100.0,1,26-35
CUST09249,46,Male,21800.0,Normal,4.0,0.35,180.0,1,46-55
CUST06741,18,Male,28900.0,Combination,6.0,0.52,190.0,1,18-25
CUST02234,49,Female,72800.0,Oily,2.0,0.13,120.0,0,46-55
CUST09080,24,Male,35000.0,Dry,7.0,0.65,260.0,1,18-25
CUST04930,44,Female,45100.0,Dry,4.0,0.33,100.0,1,36-45
CUST08584,19,Female,42200.0,Oily,,0.38,140.0,0,18-25
CUST05580,43,Male,44500.0,Oily,7.0,0.56,200.0,0,36-45
CUST07631,43,Male,64400.0,Combination,3.0,0.29,140.0,0,36-45
CUST04611,33,Female,68500.0,Combination,5.0,0.42,190.0,1,26-35
CUST01551,18,Male,26500.0,Combination,3.0,0.25,100.0,1,18-25
CUST01010,36,Male,53800.0,Normal,5.0,0.47,190.0,0,36-45
CUST05012,18,Male,67300.0,Dry,1.0,0.04,,1,18-25
CUST04322,33,Male,28900.0,Normal,5.0,0.45,120.0,0,26-35
CUST06488,32,Male,40700.0,Oily,6.0,0.57,160.0,1,26-35
CUST04054,26,Female,51300.0,Normal,3.0,0.27,100.0,1,26-35
CUST04405,31,Female,70800.0,Dry,6.0,0.5,240.0,0,26-35
CUST02702,20,Female,43700.0,Dry,3.0,0.29,120.0,0,18-25
CUST02111,36,Male,60500.0,Dry,3.0,0.19,190.0,1,36-45
CUST06667,27,Female,50600.0,Oily,5.0,0.39,110.0,0,26-35
CUST08143,37,Male,48500.0,Dry,9.0,0.77,220.0,0,36-45
CUST07503,26,Female,78000.0,Oily,0.0,0.0,100.0,1,26-35
CUST01196,54,Male,57300.0,Normal,1.0,0.09,100.0,0,46-55
CUST09601,32,Male,92400.0,Normal,5.0,0.35,220.0,1,26-35
CUST00880,32,Female,15000.0,Dry,5.0,0.49,100.0,0,26-35
CUST04378,31,Female,43100.0,Normal,7.0,0.54,170.0,1,26-35
CUST02524,18,Female,34100.0,Oily,5.0,0.4,220.0,0,18-25
CUST03316,41,Female,75200.0,Combination,6.0,0.55,300.0,1,36-45
CUST04368,30,Male,37800.0,Normal,3.0,0.22,,0,26-35
CUST07564,28,Female,,Normal,7.0,0.59,160.0,1,26-35
CUST02019,38,Male,25300.0,Sensitive,3.0,0.21,100.0,1,36-45
CUST04914,20,Male,30300.0,Sensitive,2.0,0.14,110.0,0,18-25
CUST05157,25,Female,43000.0,Oily,2.0,0.12,100.0,0,18-25
CUST00884,19,Female,32800.0,Combination,4.0,0.32,110.0,1,18-25
CUST06082,18,Male,16800.0,Normal,3.0,0.33,100.0,1,18-25
CUST04540,40,Female,67900.0,Sensitive,6.0,0.58,310.0,1,36-45
CUST04834,23,Male,22900.0,Normal,4.0,0.38,150.0,1,18-25
CUST00212,18,Female,27100.0,Dry,6.0,0.51,180.0,1,18-25
CUST05020,42,Female,27600.0,Oily,7.0,0.59,140.0,0,36-45
CUST06007,21,Female,28800.0,Combination,3.0,0.18,130.0,1,18-25
CUST05641,27,Male,23500.0,Sensitive,,0.17,100.0,0,26-35
CUST09921,53,Male,15000.0,Oily,7.0,0.57,120.0,0,46-55
CUST09874,27,Male,59100.0,Sensitive,1.0,0.18,100.0,1,26-35
CUST09823,23,Male,49500.0,Dry,6.0,0.51,170.0,1,18-25
CUST01439,18,Female,21900.0,Oily,2.0,0.09,100.0,1,18-25
CUST00468,53,Female,47300.0,Combination,2.0,0.17,100.0,0,46-55
CUST08301,44,Female,68800.0,Oily,3.0,0.17,170.0,0,36-45
CUST04542,35,Female,48100.0,Oily,5.0,0.37,210.0,0,26-35
CUST09241,24,Female,39100.0,Dry,,0.12,100.0,1,18-25
CUST08645,37,Female,52700.0,Dry,,0.3,130.0,0,36-45
CUST00697,18,Female,32600.0,Normal,3.0,0.19,100.0,0,18-25
CUST06523,44,Female,105800.0,Normal,4.0,0.27,,0,36-45
CUST09182,27,Male,24400.0,Dry,6.0,0.48,240.0,0,26-35
CUST04353,33,Male,74100.0,Sensitive,4.0,0.29,240.0,0,26-35
CUST06934,34,Female,55100.0,Normal,5.0,0.42,130.0,0,26-35
CUST01315,38,Female,27800.0,Dry,2.0,0.15,100.0,1,36-45
CUST03026,32,Male,38300.0,Normal,7.0,0.57,150.0,0,26-35
CUST02555,36,Male,54600.0,Combination,1.0,0.06,100.0,1,36-45
CUST04032,27,Male,38400.0,Dry,2.0,0.18,100.0,0,26-35
CUST04666,42,Male,84500.0,Combination,2.0,0.15,160.0,1,36-45
CUST00915,43,Female,39200.0,Oily,1.0,0.07,100.0,0,36-45
CUST00013,33,Female,26000.0,Dry,4.0,0.43,110.0,0,26-35
CUST08892,40,Male,30500.0,Oily,7.0,0.63,280.0,1,36-45
CUST06484,51,Female,62200.0,Normal,2.0,0.14,160.0,0,46-55
CUST01537,40,Female,15000.0,Dry,2.0,0.18,100.0,0,36-45
CUST00737,41,Female,40500.0,Normal,5.0,0.4,140.0,1,36-45
CUST05145,18,Female,34200.0,Combination,4.0,0.38,45761.33012358495,0,18-25
CUST08690,39,Female,18400.0,Combination,6.0,0.49,130.0,0,36-45
CUST00454,55,Male,60300.0,Combination,7.0,0.5,360.0,1,46-55
CUST05266,31,Female,26600.0,Combination,6.0,0.5,260.0,1,26-35
CUST00928,37,Male,42200.0,Oily,5.0,0.43,180.0,1,36-45
CUST02836,31,Male,73000.0,Oily,5.0,0.36,260.0,1,26-35
CUST04485,33,Female,111600.0,Normal,4.0,0.35,,1,26-35
CUST02200,23,Male,39100.0,Oily,6.0,0.46,260.0,1,18-25
CUST08414,22,Male,64500.0,Dry,6.0,0.4,240.0,1,18-25
CUST00038,23,Male,20400.0,Dry,3.0,0.19,100.0,1,18-25
CUST05803,40,Female,64100.0,Dry,,0.27,120.0,1,36-45
CUST09214,45,Female,43300.0,Dry,5.0,0.45,180.0,0,36-45
CUST07696,42,MALE,67300.0,Sensitive,8.0,0.67,340.0,1,36-45
CUST03974,51,Male,61700.0,Sensitive,4.0,0.28,140.0,0,46-55
CUST04534,18,Female,32000.0,Normal,6.0,0.55,170.0,0,18-25
CUST00941,34,Male,41400.0,,5.0,0.41,150.0,1,26-35
CUST07259,47,Male,65500.0,Oily,4.0,0.33,220.0,1,46-55
CUST09057,54,Female,33800.0,Normal,7.0,0.5,180.0,0,46-55
CUST08828,40,Male,79300.0,Combination,8.0,0.58,330.0,1,36-45
CUST08562,44,Male,,Sensitive,1.0,0.11,100.0,0,36-45
CUST02184,21,Female,45500.0,Oily,5.0,0.39,150.0,1,18-25
CUST03111,35,Female,47200.0,Oily,1.0,0.07,100.0,0,26-35
CUST02276,18,Male,17600.0,Combination,7.0,0.51,170.0,1,18-25
CUST00739,18,male,79600.0,Normal,2.0,0.16,100.0,1,18-25
CUST00539,18,Female,35200.0,Oily,5.0,0.4,100.0,0,18-25
CUST04726,44,Female,18900.0,Combination,3.0,0.22,,0,36-45
CUST02151,31,Female,69000.0,Sensitive,4.0,0.3,160.0,1,26-35
CUST01401,45,Female,26500.0,Normal,2.0,0.13,100.0,1,36-45
CUST04111,38,Female,74400.0,Oily,3.0,0.27,180.0,0,36-45
CUST05182,31,Female,44900.0,Dry,3.0,0.24,100.0,1,26-35
CUST03015,43,Male,56300.0,Sensitive,5.0,0.39,240.0,0,36-45
CUST04230,42,Female,48600.0,Dry,5.0,0.37,160.0,0,36-45
CUST07580,32,Female,25900.0,Sensitive,6.0,0.5,200.0,0,26-35
CUST07039,44,Female,34800.0,Combination,4.0,0.29,190.0,1,36-45
CUST03942,29,Female,53900.0,Combination,6.0,0.42,230.0,1,26-35
CUST08832,31,Male,30100.0,Sensitive,4.0,0.31,110.0,1,26-35
CUST08029,34,Male,45900.0,Dry,2.0,0.22,110.0,0,26-35
CUST02031,46,Male,35200.0,Oily,4.0,0.3,180.0,1,46-55
CUST02484,32,Male,40800.0,Normal,3.0,0.3,100.0,1,26-35
CUST04574,37,Female,30800.0,Combination,3.0,0.22,110.0,1,36-45
CUST03062,34,Female,53400.0,Sensitive,5.0,0.41,210.0,0,26-35
CUST04065,34,Female,43000.0,Dry,5.0,0.48,170.0,0,26-35
CUST03519,32,Male,41900.0,Dry,0.0,0.0,100.0,0,26-35
CUST08701,18,Male,71800.0,Oily,2.0,0.18,110.0,0,18-25
CUST09721,47,Male,98700.0,Combination,4.0,0.27,240.0,0,46-55
CUST05860,46,Female,46200.0,Combination,3.0,0.27,100.0,0,46-55
CUST07270,37,Female,23300.0,Combination,2.0,0.17,100.0,1,36-45
CUST02738,29,Female,43700.0,Oily,5.0,0.44,150.0,1,26-35
CUST04092,33,Male,63800.0,Sensitive,5.0,0.48,230.0,1,26-35
CUST04514,24,Female,60500.0,Combination,4.0,0.38,120.0,1,18-25
CUST04686,24,Female,32400.0,Normal,3.0,0.27,100.0,0,18-25
CUST07804,18,Male,23700.0,Normal,4.0,0.42,100.0,0,18-25
CUST08280,36,Female,35500.0,Combination,5.0,0.46,230.0,0,36-45
CUST07437,44,Male,40400.0,Sensitive,3.0,0.34,110.0,1,36-45
CUST01740,33,Female,88000.0,Dry,2.0,0.13,140.0,1,26-35
CUST02754,33,Female,64600.0,Normal,,0.06,100.0,0,26-35
CUST06452,35,Male,35700.0,Dry,5.0,0.34,180.0,1,26-35
CUST08278,29,Female,41200.0,Dry,4.0,0.39,110.0,0,26-35
CUST06088,40,Male,91700.0,,2.0,0.19,150.0,1,36-45
CUST01887,20,Female,39700.0,Sensitive,5.0,0.43,190.0,0,18-25
CUST06058,20,Female,15000.0,Oily,3.0,0.31,100.0,1,18-25
CUST07788,39,Male,18800.0,Combination,4.0,0.33,160.0,1,36-45
CUST04066,37,Female,52300.0,Normal,3.0,0.36,120.0,1,36-45
CUST06979,54,Female,22900.0,Oily,6.0,0.52,250.0,0,46-55
CUST05034,31,Female,40900.0,Combination,7.0,0.54,320.0,0,26-35
CUST01564,19,Female,34000.0,Oily,4.0,0.33,190.0,0,18-25
CUST06682,18,Female,33700.0,,4.0,0.26,160.0,0,18-25
CUST03510,21,Male,35500.0,Normal,8.0,0.72,220.0,0,18-25
CUST09647,18,Female,49400.0,Oily,6.0,0.47,240.0,1,18-25
CUST06552,20,Female,38300.0,Combination,2.0,0.24,100.0,1,18-25
CUST08140,49,Female,42000.0,Combination,6.0,0.46,260.0,0,46-55
CUST08566,22,Female,31900.0,Sensitive,5.0,0.41,,1,18-25
CUST02923,18,Female,60000.0,Combination,7.0,0.55,180.0,1,18-25
CUST02292,45,Female,28800.0,Normal,2.0,0.15,100.0,0,36-45
CUST06341,29,Male,43800.0,Oily,3.0,0.26,150.0,1,26-35
CUST04278,29,Male,27800.0,Oily,3.0,0.32,110.0,1,26-35
CUST09312,23,Male,53100.0,Sensitive,3.0,0.23,100.0,1,18-25
CUST03133,33,Female,53300.0,Combination,5.0,0.52,180.0,1,26-35
CUST08067,37,Male,147400.0,Sensitive,3.0,0.23,260.0,0,36-45
CUST06975,48,Male,29400.0,Oily,,0.32,110.0,0,46-55
CUST02110,34,Male,,Oily,1.0,0.16,100.0,1,26-35
CUST04386,28,Female,63500.0,Normal,4.0,0.36,220.0,1,26-35
CUST08476,18,Male,,Sensitive,3.0,0.25,160.0,0,18-25
CUST01347,36,Female,29000.0,,7.0,0.51,280.0,0,36-45
CUST07149,43,Male,,Oily,4.0,0.29,150.0,1,36-45
CUST08985,36,Male,22700.0,Dry,2.0,0.2,100.0,0,36-45
CUST06212,45,Male,40800.0,Oily,3.0,0.27,140.0,1,36-45
CUST08149,37,Female,15000.0,Dry,5.0,0.38,130.0,1,36-45
CUST01792,32,Male,61100.0,Oily,1.0,0.11,100.0,1,26-35
CUST05215,38,Male,17000.0,,3.0,0.25,110.0,1,36-45
CUST08746,18,Male,22800.0,Combination,0.0,0.0,100.0,1,18-25
CUST09271,31,Male,44300.0,Oily,3.0,0.21,130.0,1,26-35
CUST09959,23,Male,67300.0,Normal,7.0,0.51,300.0,1,18-25
CUST06144,32,Female,31600.0,Normal,5.0,0.49,220.0,1,26-35
CUST03990,22,,87800.0,Normal,1.0,0.0,100.0,0,18-25
CUST03882,47,Female,36600.0,Dry,4.0,0.42,190.0,0,46-55
CUST08497,43,Male,43300.0,Normal,3.0,0.25,160.0,1,36-45
CUST00834,28,Female,37700.0,Dry,4.0,0.39,130.0,1,26-35
CUST06556,33,Female,29700.0,Oily,2.0,0.16,100.0,0,26-35
CUST07458,26,Female,16000.0,Dry,4.0,0.42,150.0,0,26-35
CUST08050,43,Female,45300.0,Normal,5.0,0.44,180.0,0,36-45
CUST05156,22,Female,43900.0,Dry,4.0,0.3,160.0,1,18-25
CUST00064,38,Female,60600.0,Dry,6.0,0.5,280.0,0,36-45
CUST05080,24,Male,16300.0,Sensitive,4.0,0.31,130.0,0,18-25
CUST03678,39,Female,33900.0,Dry,2.0,0.1,100.0,1,36-45
CUST03051,43,Male,81900.0,Normal,1.0,0.12,120.0,0,36-45
CUST09961,32,Female,42300.0,Oily,6.0,0.46,240.0,1,26-35
CUST04382,35,Female,139000.0,Sensitive,4.0,0.3,150.0,1,26-35
CUST04503,18,Male,38000.0,Combination,3.0,0.2,100.0,0,18-25
CUST06004,39,,47300.0,Dry,3.0,0.25,120.0,0,36-45
CUST09081,24,Female,49100.0,Combination,6.0,0.45,230.0,1,18-25
CUST02856,49,Male,43900.0,Sensitive,1.0,0.0,100.0,0,46-55
CUST04123,21,Female,79300.0,Dry,7.0,0.58,260.0,0,18-25
CUST03298,31,Female,24100.0,Dry,,0.08,100.0,0,26-35
CUST09373,29,Male,47100.0,Sensitive,5.0,0.44,190.0,1,26-35
CUST09803,36,Female,,Normal,5.0,0.41,200.0,0,36-45
CUST01198,22,Female,70000.0,Combination,1.0,0.11,100.0,1,18-25
CUST02214,52,Male,47300.0,Dry,3.0,0.28,180.0,0,46-55
CUST06337,36,Male,44600.0,Normal,6.0,0.53,190.0,1,36-45
CUST05007,18,Male,48700.0,Oily,2.0,0.19,110.0,0,18-25
CUST07592,45,Male,43300.0,Normal,3.0,0.21,120.0,1,36-45
CUST01430,40,Female,63900.0,Dry,3.0,0.22,170.0,0,36-45
CUST04419,36,Female,21400.0,Oily,4.0,0.37,170.0,1,36-45
CUST06409,20,Female,54700.0,Combination,3.0,0.26,120.0,1,18-25
CUST08613,26,Male,23000.0,Sensitive,3.0,0.17,100.0,1,26-35
CUST02971,43,Female,30400.0,Dry,5.0,0.48,120.0,1,36-45
CUST06154,30,Female,48000.0,Dry,4.0,0.38,170.0,1,26-35
CUST06449,27,Female,29600.0,Oily,5.0,0.48,170.0,1,26-35
CUST01154,26,Male,67200.0,,3.0,0.21,160.0,0,26-35
CUST02755,44,Male,34100.0,Combination,3.0,0.34,120.0,1,36-45
CUST04225,24,Female,34400.0,Normal,2.0,0.19,,0,18-25
CUST04717,42,Male,97300.0,Combination,0.0,0.04,100.0,1,36-45
CUST07581,44,Male,,Oily,3.0,0.31,110.0,1,36-45
CUST06909,33,Female,142900.0,Sensitive,7.0,0.57,250.0,0,26-35
CUST03001,46,Male,21700.0,Dry,5.0,0.4,130.0,0,46-55
CUST04047,30,Female,46300.0,Sensitive,5.0,0.49,150.0,0,26-35
CUST06436,34,Female,48000.0,Combination,4.0,0.35,160.0,1,26-35
CUST05004,37,Male,38100.0,Combination,,0.71,190.0,0,36-45
CUST04140,35,Female,,Combination,6.0,0.48,270.0,1,26-35
CUST05877,26,Male,32900.0,Dry,0.0,0.01,100.0,0,26-35
CUST00606,38,Male,30200.0,Dry,3.0,0.19,130.0,1,36-45
CUST05640,38,Male,34300.0,Sensitive,2.0,0.11,100.0,1,36-45
CUST05278,27,Male,44100.0,Normal,5.0,0.42,190.0,1,26-35
CUST02488,41,Female,,Sensitive,5.0,0.34,,0,36-45
CUST04388,39,Female,45300.0,Oily,4.0,0.29,100.0,1,36-45
CUST01484,36,Male,26600.0,Oily,1.0,0.07,100.0,1,36-45
CUST06324,26,Female,30500.0,Dry,2.0,0.21,100.0,1,26-35
CUST08962,36,Female,29700.0,Dry,3.0,0.2,100.0,1,36-45
CUST04826,25,Female,43000.0,Sensitive,4.0,0.29,110.0,0,18-25
CUST02639,39,Female,38600.0,Oily,2.0,0.22,110.0,0,36-45
CUST04154,23,Female,62000.0,Combination,3.0,0.31,160.0,1,18-25
CUST01427,41,Male,17700.0,Sensitive,4.0,0.29,120.0,1,36-45
CUST00497,18,Female,50300.0,Sensitive,4.0,0.39,150.0,0,18-25
CUST03413,33,,50700.0,Oily,3.0,0.32,170.0,1,26-35
CUST05885,41,Male,28800.0,Combination,6.0,0.47,220.0,1,36-45
CUST00759,39,Female,,Normal,6.0,0.56,170.0,1,36-45
CUST00838,48,Female,79900.0,Normal,5.0,0.46,230.0,1,46-55
CUST08730,19,Female,40200.0,Combination,4.0,0.29,170.0,0,18-25
CUST02153,23,Female,51400.0,Oily,9.0,0.67,350.0,1,18-25
CUST01023,37,Female,67100.0,Oily,5.0,0.42,250.0,0,36-45
CUST08799,37,Male,30700.0,Sensitive,6.0,0.52,200.0,0,36-45
CUST07321,18,Female,24900.0,Normal,4.0,0.32,180.0,1,18-25
CUST05629,39,Female,29600.0,Dry,5.0,0.36,210.0,0,36-45
CUST01058,37,Female,18200.0,Combination,4.0,0.4,120.0,1,36-45
CUST02523,30,Female,31600.0,Combination,,0.4,140.0,0,26-35
CUST04881,26,Female,44300.0,Oily,4.0,0.32,110.0,1,26-35
CUST06726,18,Female,36500.0,Normal,8.0,0.54,340.0,1,18-25
CUST07856,24,Female,48100.0,Oily,5.0,0.31,250.0,1,18-25
CUST03106,32,Female,75400.0,Normal,3.0,0.27,190.0,0,26-35
CUST08287,21,Female,55300.0,Normal,2.0,0.21,140.0,1,18-25
CUST09670,44,Female,52200.0,Dry,3.0,0.28,130.0,1,36-45
CUST03943,23,Female,63800.0,Normal,3.0,0.3,190.0,1,18-25
CUST01545,47,Female,49800.0,Combination,3.0,0.25,,0,46-55
CUST07751,24,Male,181100.0,Normal,5.0,0.35,380.0,1,18-25
CUST01719,39,female,38800.0,Normal,3.0,0.27,130.0,0,36-45
CUST06341,29,Male,43800.0,Oily,3.0,0.26,150.0,1,26-35
CUST05172,31,Male,50400.0,Oily,7.0,0.58,210.0,0,26-35
CUST06290,23,Female,22500.0,Oily,4.0,0.34,150.0,1,18-25
CUST00725,22,Female,,Combination,6.0,0.59,120.0,1,18-25
CUST06056,39,Female,65200.0,Oily,3.0,0.22,140.0,1,36-45
CUST04619,62,Male,,Normal,7.0,0.56,190.0,0,56+
CUST09724,41,Female,35000.0,Dry,3.0,0.24,130.0,1,36-45
CUST01128,31,Female,52200.0,Dry,4.0,0.28,160.0,0,26-35
CUST03007,18,Female,45600.0,Normal,6.0,0.44,230.0,1,18-25
CUST06900,18,Female,21700.0,Oily,5.0,0.43,110.0,0,18-25
CUST06755,31,Female,23200.0,Oily,1.0,0.05,100.0,0,26-35
CUST03044,27,Male,61400.0,Combination,8.0,0.66,340.0,1,26-35
CUST07977,51,Female,,Combination,7.0,0.49,220.0,0,46-55
CUST08723,36,Female,66300.0,Dry,3.0,0.22,160.0,1,36-45
CUST03289,28,Female,33400.0,Oily,7.0,0.61,,1,26-35
CUST05322,18,Female,24500.0,Combination,5.0,0.41,160.0,0,18-25
CUST03662,36,Male,,Oily,3.0,0.31,140.0,0,36-45
CUST06715,21,Female,66400.0,Combination,7.0,0.61,180.0,1,18-25
CUST03095,52,Female,37900.0,Combination,5.0,0.49,220.0,0,46-55
CUST06832,34,Female,67000.0,Combination,1.0,0.09,,1,26-35
CUST00150,34,Male,25700.0,Combination,5.0,0.41,170.0,1,26-35
CUST03040,31,Female,38200.0,Oily,5.0,0.37,160.0,0,26-35
CUST04919,35,Male,49500.0,Combination,5.0,0.45,130.0,0,26-35
CUST08264,33,Male,59100.0,Dry,4.0,0.38,160.0,0,26-35
CUST03112,45,Male,23100.0,Combination,7.0,0.59,250.0,0,36-45
CUST06973,19,Male,34600.0,Dry,2.0,0.13,120.0,1,18-25
CUST09534,18,Female,71100.0,Dry,5.0,0.3,130.0,1,18-25
CUST00842,32,Female,23600.0,Dry,8.0,0.64,270.0,1,26-35
CUST08752,32,,,Normal,2.0,0.15,100.0,1,26-35
CUST07090,32,Female,53800.0,Oily,0.0,0.0,100.0,1,26-35
CUST05849,38,Male,,Combination,3.0,0.22,130.0,0,36-45
CUST09313,21,Male,39300.0,Oily,3.0,0.25,110.0,1,18-25
CUST05121,34,Female,39200.0,Normal,7.0,0.61,300.0,1,26-35
CUST04373,20,Female,17700.0,Dry,4.0,0.31,110.0,0,18-25
CUST05661,36,Male,44400.0,Normal,4.0,0.39,150.0,0,36-45
CUST06524,39,Female,23900.0,Normal,3.0,0.26,130.0,1,36-45
CUST05858,32,Male,52700.0,Oily,5.0,0.44,220.0,0,26-35
CUST09818,32,Male,29000.0,Dry,2.0,0.14,100.0,1,26-35
CUST05574,39,Female,38900.0,Normal,2.0,0.13,100.0,0,36-45
CUST01393,26,Female,15000.0,Combination,2.0,0.17,100.0,1,26-35
CUST01922,43,Female,25000.0,Sensitive,5.0,0.48,200.0,0,36-45
CUST02865,20,Male,35300.0,Oily,3.0,0.23,120.0,0,18-25
CUST05578,27,Male,46700.0,Normal,4.0,0.33,160.0,0,26-35
CUST03536,18,Female,37100.0,Sensitive,8.0,0.61,330.0,1,18-25
CUST04891,38,Female,36800.0,Oily,4.0,0.38,,1,36-45
CUST02320,29,Female,37900.0,Sensitive,3.0,0.29,120.0,1,26-35
CUST04393,20,Male,30400.0,Combination,3.0,0.2,130.0,0,18-25
CUST00551,36,Male,33500.0,Sensitive,1.0,0.04,100.0,1,36-45
CUST01741,28,Female,38900.0,Dry,3.0,0.21,120.0,0,26-35
CUST04049,30,Male,38500.0,Normal,6.0,0.5,230.0,1,26-35
CUST01818,42,Female,18100.0,Oily,8.0,0.57,170.0,0,36-45
CUST04369,30,Female,43800.0,Dry,5.0,0.46,170.0,0,26-35
CUST06265,33,Male,20700.0,Dry,,0.36,100.0,1,26-35
CUST07297,30,MALE,56500.0,Combination,3.0,0.35,160.0,0,26-35
CUST00018,21,Male,74300.0,Sensitive,4.0,0.44,150.0,1,18-25
CUST01771,27,Female,30800.0,Combination,2.0,0.22,100.0,1,26-35
CUST01889,18,Female,102600.0,Combination,4.0,0.4,220.0,1,18-25
CUST09928,46,Female,48300.0,Sensitive,3.0,0.24,160.0,0,46-55
CUST01643,18,Male,37400.0,Normal,4.0,0.34,120.0,1,18-25
CUST08748,36,Female,22000.0,Dry,6.0,0.49,200.0,0,36-45
CUST04739,41,Female,36200.0,Dry,3.0,0.17,130.0,1,36-45
CUST08894,40,Female,20000.0,Normal,4.0,0.38,160.0,1,36-45
CUST05818,29,Female,34700.0,Normal,3.0,0.23,100.0,1,26-35
CUST00534,37,Female,26700.0,Dry,4.0,0.35,170.0,1,36-45
CUST00133,39,Male,57200.0,Combination,3.0,0.26,160.0,1,36-45
CUST04908,21,Male,26000.0,Normal,3.0,0.2,,0,18-25
CUST08494,40,Female,58300.0,Normal,4.0,0.4,180.0,1,36-45
CUST00965,32,Female,57000.0,Combination,2.0,0.26,100.0,1,26-35
CUST08420,37,Female,19000.0,Combination,5.0,0.38,140.0,0,36-45
CUST04523,30,Female,36200.0,Sensitive,4.0,0.28,,1,26-35
CUST08402,45,Male,23900.0,Dry,5.0,0.42,150.0,1,36-45
CUST07919,38,Female,46700.0,Normal,2.0,0.13,120.0,0,36-45
CUST01096,45,Male,,Normal,6.0,0.56,200.0,0,36-45
CUST03721,33,Male,39500.0,Normal,4.0,0.33,160.0,1,26-35
CUST08710,26,Female,57500.0,Oily,5.0,0.47,170.0,1,26-35
CUST01562,34,Male,55900.0,Combination,2.0,0.13,130.0,1,26-35
CUST01671,31,Female,32200.0,Sensitive,3.0,0.15,120.0,0,26-35
CUST03895,39,Male,45400.0,Sensitive,4.0,0.39,180.0,0,36-45
CUST03995,39,Male,45100.0,Dry,3.0,0.23,120.0,0,36-45
CUST06751,40,Male,56700.0,Sensitive,3.0,0.18,120.0,0,36-45
CUST02003,37,Male,32900.0,Oily,8.0,0.61,210.0,1,36-45
CUST08363,42,Female,38100.0,Combination,6.0,0.47,140.0,0,36-45
CUST00169,30,Female,76600.0,Sensitive,5.0,0.37,280.0,1,26-35
CUST05957,22,Female,39200.0,Normal,6.0,0.61,220.0,1,18-25
CUST01920,18,Female,29600.0,Oily,6.0,0.42,120.0,0,18-25
CUST05654,39,Female,30300.0,Combination,5.0,0.49,110.0,1,36-45
CUST09949,45,Male,,Combination,0.0,0.0,100.0,0,36-45
CUST07461,36,Female,55200.0,Combination,3.0,0.25,100.0,1,36-45
CUST09335,42,Male,68200.0,Oily,2.0,0.18,140.0,0,36-45
CUST07900,54,Female,63500.0,Normal,5.0,0.42,230.0,0,46-55
CUST01299,19,Female,58200.0,Oily,1.0,0.12,100.0,1,18-25
CUST03681,25,Male,27700.0,Sensitive,6.0,0.45,210.0,0,18-25
CUST04025,22,Female,18100.0,Combination,1.0,0.09,100.0,0,18-25
CUST03317,30,Female,26300.0,Combination,9.0,0.8,300.0,1,26-35
CUST09715,39,Female,,Dry,4.0,0.38,150.0,0,36-45
CUST01288,32,Female,31100.0,Dry,3.0,0.2,140.0,1,26-35
CUST06222,29,Male,35800.0,Combination,4.0,0.28,190.0,1,26-35
CUST06432,34,Female,26700.0,Dry,7.0,0.67,160.0,1,26-35
CUST04476,38,Male,83900.0,Normal,2.0,0.14,100.0,0,36-45
CUST04005,48,Male,24500.0,Dry,3.0,0.21,,0,46-55
CUST02014,32,Male,60800.0,Sensitive,5.0,0.47,200.0,1,26-35
CUST04519,29,Female,63700.0,Normal,3.0,0.3,190.0,1,26-35
CUST03205,37,Female,30700.0,Combination,1.0,0.02,100.0,0,36-45
CUST04416,22,Male,27200.0,Dry,2.0,0.14,100.0,0,18-25
CUST02288,57,Female,24500.0,Oily,3.0,0.28,100.0,0,56+
CUST05399,18,Female,38900.0,Normal,6.0,0.53,210.0,0,18-25
CUST08846,44,Female,44500.0,Normal,2.0,0.18,120.0,1,36-45
CUST07173,28,Female,43400.0,Oily,2.0,0.19,120.0,0,26-35
CUST09609,49,Male,66000.0,Oily,6.0,0.43,200.0,1,46-55
CUST00450,36,Male,70700.0,Normal,2.0,0.23,130.0,0,36-45
CUST02255,43,Male,34200.0,Normal,2.0,0.19,100.0,1,36-45
CUST08027,42,Male,50700.0,Dry,1.0,0.21,100.0,0,36-45
CUST00811,30,Male,51400.0,Normal,3.0,0.32,180.0,0,26-35
CUST03874,19,Female,15000.0,Oily,2.0,0.32,100.0,1,18-25
CUST06548,51,Male,50100.0,,7.0,0.61,,1,46-55
CUST09311,33,Female,38700.0,Combination,1.0,0.0,100.0,0,26-35
CUST07079,22,Female,63200.0,Dry,4.0,0.26,120.0,1,18-25
CUST08897,42,Female,76600.0,Combination,5.0,0.38,290.0,1,36-45
CUST06426,48,Female,35800.0,Oily,4.0,0.31,200.0,0,46-55
CUST06210,25,Male,59000.0,Normal,6.0,0.55,190.0,1,18-25
CUST01478,18,Female,32800.0,Normal,5.0,0.43,170.0,0,18-25
CUST01791,18,Male,47600.0,Normal,3.0,0.23,150.0,0,18-25
CUST02009,45,Female,36500.0,Combination,4.0,0.36,140.0,1,36-45
CUST00683,46,Female,28800.0,Sensitive,4.0,0.36,170.0,0,46-55
CUST02860,22,Male,43800.0,Dry,,0.2,,0,18-25
CUST04221,50,Male,40100.0,Oily,5.0,0.44,220.0,0,46-55
CUST02166,46,Male,,Dry,5.0,0.33,180.0,1,46-55
CUST07840,30,Female,34600.0,Normal,6.0,0.53,270.0,0,26-35
CUST02129,37,Female,18200.0,Normal,4.0,0.38,170.0,0,36-45
CUST04182,33,Male,22100.0,Oily,4.0,0.26,100.0,0,26-35
CUST04059,38,Male,73500.0,Normal,0.0,0.02,100.0,0,36-45
CUST03351,33,Female,28700.0,Sensitive,1.0,0.14,100.0,1,26-35
CUST00047,42,Male,25500.0,Dry,2.0,0.23,100.0,0,36-45
CUST00031,56,Female,49000.0,Normal,6.0,0.47,240.0,0,56+
CUST05728,26,Female,,Dry,2.0,0.24,100.0,1,26-35
CUST07467,28,Male,22300.0,Sensitive,3.0,0.27,100.0,0,26-35
CUST01469,18,Female,44600.0,Dry,1.0,0.04,100.0,0,18-25
CUST01666,24,,50000.0,Normal,3.0,0.3,160.0,1,18-25
CUST01417,57,Female,89700.0,Normal,4.0,0.36,230.0,0,56+
CUST06192,41,Female,30700.0,Dry,4.0,0.35,130.0,1,36-45
CUST08240,34,Female,82800.0,Normal,7.0,0.64,340.0,1,26-35
CUST08891,30,F,58200.0,Sensitive,2.0,0.18,100.0,0,26-35
CUST04141,30,Female,25300.0,Combination,6.0,0.45,200.0,1,26-35
CUST09230,27,Female,59000.0,Dry,6.0,0.5,150.0,0,26-35
CUST00430,36,Male,,Dry,5.0,0.35,120.0,1,36-45
CUST08237,27,Female,,Combination,5.0,0.4,240.0,0,26-35
CUST05138,37,Female,49100.0,Sensitive,5.0,0.48,140.0,1,36-45
CUST00386,23,Male,55100.0,,7.0,0.71,230.0,1,18-25
CUST01946,18,Female,50700.0,Oily,3.0,0.28,150.0,0,18-25
CUST04263,27,Male,28900.0,Sensitive,5.0,0.41,220.0,1,26-35
CUST00474,34,Female,36000.0,Oily,2.0,0.16,100.0,0,26-35
CUST03285,24,Female,25900.0,Dry,7.0,0.65,160.0,0,18-25
CUST06614,33,Female,70200.0,Oily,4.0,0.32,180.0,1,26-35
CUST08658,18,Male,54500.0,Oily,4.0,0.26,150.0,1,18-25
CUST01056,48,Female,69500.0,Combination,1.0,0.1,100.0,1,46-55
CUST03296,39,Male,20800.0,,2.0,0.12,100.0,0,36-45
CUST09329,18,Female,20600.0,Sensitive,2.0,0.19,,0,18-25
CUST09231,37,Female,63800.0,Combination,4.0,0.28,190.0,0,36-45
CUST06688,20,Male,27800.0,Normal,7.0,0.61,210.0,0,18-25
CUST00812,26,Male,38200.0,Sensitive,2.0,0.13,110.0,0,26-35
CUST04614,25,Female,48000.0,Dry,4.0,0.31,150.0,0,18-25
CUST08784,18,Female,23800.0,Dry,2.0,0.06,100.0,1,18-25
CUST02418,25,Male,69300.0,Combination,3.0,0.25,140.0,0,18-25
CUST04535,32,Female,67300.0,Dry,4.0,0.44,,0,26-35
CUST07606,40,Male,51500.0,Combination,5.0,0.47,190.0,1,36-45
CUST00112,35,Male,27700.0,Normal,6.0,0.56,210.0,0,26-35
CUST08947,18,Male,30400.0,Normal,0.0,0.0,100.0,0,18-25
CUST01746,23,Male,54600.0,Normal,4.0,0.36,180.0,1,18-25
CUST03064,34,Female,29500.0,Dry,3.0,0.38,100.0,0,26-35
CUST01453,31,Female,34300.0,Oily,4.0,0.37,110.0,0,26-35
CUST00320,19,Female,49400.0,Oily,7.0,0.58,210.0,1,18-25
CUST03134,25,Female,36700.0,Normal,2.0,0.2,110.0,1,18-25
CUST02770,40,Female,77500.0,Oily,4.0,0.3,170.0,1,36-45
CUST01923,18,Male,43000.0,Oily,3.0,0.29,100.0,1,18-25
CUST05917,33,Female,63100.0,Dry,7.0,0.47,290.0,0,26-35
CUST07607,30,Female,24600.0,Combination,3.0,0.21,110.0,1,26-35
CUST05548,43,Male,43700.0,Combination,1.0,0.09,100.0,0,36-45
CUST04314,35,Female,28100.0,Normal,6.0,0.62,140.0,1,26-35
CUST06425,31,Male,86300.0,Dry,3.0,0.12,160.0,1,26-35
CUST02130,44,Male,52000.0,Oily,2.0,0.18,100.0,0,36-45
CUST05019,19,Male,18000.0,Sensitive,1.0,0.23,100.0,1,18-25
CUST07758,34,Female,16600.0,Oily,5.0,0.48,180.0,1,26-35
CUST06182,41,Male,72000.0,Oily,5.0,0.42,220.0,1,36-45
CUST01053,33,Male,30300.0,Oily,5.0,0.37,150.0,1,26-35
CUST04195,46,Female,75000.0,Oily,3.0,0.23,190.0,0,46-55
CUST03935,36,Female,53700.0,Oily,1.0,0.13,100.0,1,36-45
CUST00100,22,Female,40700.0,Combination,5.0,0.47,130.0,1,18-25
CUST06461,46,Male,43800.0,Oily,4.0,0.35,210.0,0,46-55
CUST01457,57,Female,18600.0,,3.0,0.3,100.0,1,56+
CUST07752,34,Female,63700.0,Sensitive,8.0,0.65,210.0,0,26-35
CUST05014,50,Female,34200.0,Combination,5.0,0.45,140.0,1,46-55
CUST08185,31,Male,83200.0,Combination,6.0,0.56,280.0,0,26-35
CUST04310,18,Male,44800.0,Normal,6.0,0.55,210.0,1,18-25
CUST07078,28,Female,27700.0,Combination,5.0,0.38,130.0,1,26-35
CUST03870,38,Male,31700.0,Oily,2.0,0.1,100.0,1,36-45
CUST04589,18,Female,42200.0,Oily,8.0,0.62,310.0,1,18-25
CUST06221,48,Female,65400.0,Dry,3.0,0.11,120.0,0,46-55
CUST07412,22,Female,77800.0,Oily,2.0,0.1,110.0,1,18-25
CUST06240,26,Male,30900.0,Combination,3.0,0.29,100.0,1,26-35
CUST01415,47,Female,23700.0,Dry,2.0,0.16,100.0,0,46-55
CUST00541,18,Female,47300.0,Combination,4.0,0.27,170.0,0,18-25
CUST05867,29,Male,43000.0,Normal,1.0,0.08,100.0,1,26-35
CUST04095,38,Male,37900.0,Sensitive,4.0,0.29,180.0,0,36-45
CUST09552,45,Female,56700.0,Normal,5.0,0.46,,0,36-45
CUST00755,52,Female,45400.0,Normal,2.0,0.17,110.0,0,46-55
CUST03211,32,Female,30400.0,Combination,4.0,0.24,100.0,0,26-35
CUST02690,18,Female,51900.0,Combination,3.0,0.27,120.0,0,18-25
CUST04562,24,Male,39700.0,Dry,4.0,0.33,130.0,1,18-25
CUST09559,27,Male,23100.0,Combination,5.0,0.4,220.0,1,26-35
CUST03173,43,Female,38300.0,Normal,2.0,0.14,100.0,1,36-45
CUST05295,33,Female,39200.0,Sensitive,1.0,0.06,100.0,1,26-35
CUST07691,35,Male,55000.0,Dry,3.0,0.23,110.0,0,26-35
CUST02841,30,Female,66300.0,Oily,7.0,0.49,330.0,0,26-35
CUST05983,30,Male,73100.0,Normal,3.0,0.22,140.0,1,26-35
CUST03667,32,Female,41400.0,Normal,4.0,0.33,130.0,0,26-35
CUST08983,18,Male,,Dry,4.0,0.32,130.0,0,18-25
CUST07895,50,Male,48300.0,Oily,6.0,0.48,280.0,0,46-55
CUST02516,26,Female,81100.0,Normal,4.0,0.19,180.0,1,26-35
CUST08772,43,Male,18800.0,Oily,9.0,0.78,320.0,0,36-45
CUST04646,23,Male,60500.0,Normal,2.0,0.24,110.0,1,18-25
CUST00602,26,Female,39100.0,Combination,1.0,0.09,100.0,1,26-35
CUST02424,27,Male,102100.0,Sensitive,8.0,0.54,300.0,1,26-35
CUST08957,18,Male,48800.0,Combination,2.0,0.06,,1,18-25
CUST05873,34,Female,50500.0,Dry,7.0,0.61,240.0,1,26-35
CUST08099,32,Female,19300.0,Combination,3.0,0.29,110.0,0,26-35
CUST05504,24,Male,43700.0,Dry,6.0,0.56,200.0,0,18-25
CUST03835,48,Male,33800.0,Oily,3.0,0.26,110.0,0,46-55
CUST01045,24,Female,19500.0,Dry,5.0,0.48,130.0,1,18-25
CUST07397,38,Female,22200.0,Normal,5.0,0.37,190.0,1,36-45
CUST01558,40,Male,57800.0,Dry,1.0,0.11,100.0,1,36-45
CUST08254,46,Female,42100.0,Dry,5.0,0.43,220.0,1,46-55
CUST05226,36,Female,38100.0,Normal,2.0,0.13,100.0,1,36-45
CUST00181,46,Female,85800.0,Combination,2.0,0.28,130.0,1,46-55
CUST02116,29,Female,25700.0,Combination,6.0,0.47,170.0,0,26-35
CUST01700,34,Male,26500.0,,2.0,0.18,100.0,1,26-35
CUST01380,48,Male,79000.0,Combination,5.0,0.44,210.0,0,46-55
CUST07291,52,Male,42000.0,Oily,4.0,0.34,160.0,0,46-55
CUST06093,28,Male,28400.0,Normal,8.0,0.71,290.0,1,26-35
CUST00619,25,Male,33900.0,Normal,2.0,0.16,120.0,1,18-25
CUST06518,22,Female,54300.0,Normal,1.0,0.0,100.0,0,18-25
CUST09891,32,Male,40700.0,Combination,1.0,0.05,100.0,0,26-35
CUST01601,31,Female,85400.0,Sensitive,8.0,0.57,270.0,1,26-35
CUST06065,50,Female,40000.0,,7.0,0.61,180.0,1,46-55
CUST01616,38,Female,22700.0,Dry,2.0,0.14,100.0,1,36-45
CUST07026,48,Male,23100.0,,3.0,0.25,130.0,1,46-55
CUST00439,25,Female,28100.0,Oily,5.0,0.41,160.0,0,18-25
CUST03964,27,Female,72000.0,Sensitive,3.0,0.27,150.0,0,26-35
CUST02084,34,Female,,Combination,7.0,0.55,160.0,1,26-35
CUST03080,44,Male,,Dry,6.0,0.45,190.0,0,36-45
CUST03127,32,Female,25600.0,Oily,4.0,0.33,100.0,0,26-35
CUST05166,24,Female,15000.0,Combination,7.0,0.58,210.0,1,18-25
CUST05230,29,Female,41000.0,Oily,7.0,0.58,150.0,1,26-35
CUST06516,18,Female,28500.0,Sensitive,5.0,0.39,130.0,1,18-25
CUST06867,26,Female,30700.0,Combination,4.0,0.36,140.0,1,26-35
CUST05943,39,Male,40600.0,Combination,0.0,0.0,100.0,1,36-45
CUST05045,18,Male,75900.0,Combination,5.0,0.31,160.0,0,18-25
CUST08370,21,Male,34900.0,Combination,3.0,0.2,110.0,0,18-25
CUST01919,29,Male,25400.0,Normal,4.0,0.32,150.0,1,26-35
CUST08366,32,Female,117400.0,Dry,1.0,0.09,110.0,1,26-35
CUST05757,23,Female,86700.0,Oily,6.0,0.48,240.0,1,18-25
CUST05432,35,Male,29400.0,Combination,1.0,0.06,100.0,1,26-35
CUST08952,42,Male,90500.0,Normal,7.0,0.67,360.0,1,36-45
CUST06392,18,Male,67600.0,Oily,9.0,0.63,310.0,0,18-25
CUST02055,36,Male,26400.0,Dry,3.0,0.21,100.0,1,36-45
CUST04668,41,Female,38600.0,Combination,3.0,0.3,140.0,1,36-45
CUST09247,29,Male,42000.0,Normal,10.0,0.85,23199.260764566432,1,26-35
CUST02226,35,Female,25200.0,Sensitive,4.0,0.3,170.0,0,26-35
CUST04039,24,Male,49700.0,Combination,3.0,0.24,180.0,1,18-25
CUST01127,51,Male,32100.0,Oily,8.0,0.71,250.0,1,46-55
CUST05749,24,Male,69800.0,Oily,6.0,0.44,220.0,1,18-25
CUST04642,25,Male,29100.0,Sensitive,5.0,0.49,150.0,0,18-25
CUST09614,49,Male,15000.0,Oily,1.0,0.09,100.0,1,46-55
CUST06492,27,Female,27800.0,Normal,3.0,0.29,100.0,0,26-35
CUST01323,32,Female,25100.0,Combination,6.0,0.53,140.0,1,26-35
CUST01604,18,Male,15900.0,Oily,4.0,0.41,180.0,0,18-25
CUST09352,37,Male,38700.0,Dry,4.0,0.21,170.0,1,36-45
CUST07488,43,Female,28900.0,Oily,6.0,0.49,,1,36-45
CUST04375,42,Male,15000.0,Normal,5.0,0.33,110.0,0,36-45
CUST06694,39,Female,30400.0,Normal,7.0,0.61,300.0,1,36-45
CUST04451,24,Female,27100.0,Normal,4.0,0.31,110.0,0,18-25
CUST05187,39,Male,22200.0,Oily,5.0,0.45,210.0,1,36-45
CUST09381,42,Female,63800.0,Oily,2.0,0.19,100.0,0,36-45
CUST07558,49,Female,39600.0,Oily,1.0,0.17,100.0,0,46-55
CUST03743,18,Female,21000.0,Sensitive,6.0,0.53,220.0,1,18-25
CUST01560,30,Female,38100.0,Combination,4.0,0.34,190.0,1,26-35
CUST04723,31,Female,15000.0,Dry,3.0,0.29,130.0,0,26-35
CUST07621,40,Male,36600.0,Oily,1.0,0.08,100.0,1,36-45
CUST03843,35,Female,27300.0,Oily,5.0,0.41,140.0,1,26-35
CUST03425,63,Male,54100.0,Dry,2.0,0.26,120.0,0,56+
CUST03521,24,Female,92000.0,Combination,2.0,0.13,130.0,0,18-25
CUST08419,43,Male,28800.0,Oily,6.0,0.49,140.0,0,36-45
CUST01355,53,Female,44700.0,,1.0,0.09,100.0,0,46-55
CUST00046,34,Male,29100.0,Combination,7.0,0.57,300.0,0,26-35
CUST02834,21,Male,41600.0,Sensitive,4.0,0.32,160.0,0,18-25
CUST00749,28,Female,16300.0,Normal,6.0,0.59,140.0,1,26-35
CUST04882,35,Female,41700.0,Normal,6.0,0.48,250.0,1,26-35
CUST02465,24,Male,33800.0,Dry,6.0,0.48,140.0,1,18-25
CUST07266,37,Female,50800.0,Normal,2.0,0.15,100.0,1,36-45
CUST08350,18,Male,37800.0,Sensitive,7.0,0.59,160.0,0,18-25
CUST02686,34,Male,38200.0,Dry,5.0,0.41,180.0,1,26-35
CUST03525,22,Female,96300.0,Combination,,0.19,140.0,1,18-25
CUST05222,18,Male,35100.0,Dry,1.0,0.11,100.0,0,18-25
CUST05598,24,Female,39200.0,Normal,3.0,0.23,120.0,0,18-25
CUST02252,31,Male,43600.0,Normal,,0.32,160.0,1,26-35
CUST08570,24,Female,41400.0,Dry,0.0,0.01,100.0,0,18-25
CUST05460,42,Male,56100.0,Oily,1.0,0.1,100.0,0,36-45
CUST06616,38,Female,97400.0,,4.0,0.31,220.0,1,36-45
CUST04206,29,Male,55500.0,Combination,4.0,0.32,150.0,1,26-35
CUST05029,41,Female,79900.0,Combination,5.0,0.47,210.0,1,36-45
CUST02543,28,Female,20900.0,Oily,3.0,0.28,110.0,1,26-35
CUST02474,38,Female,60300.0,Oily,5.0,0.39,180.0,0,36-45
CUST04707,37,Female,51500.0,Oily,2.0,0.24,110.0,0,36-45
CUST03922,29,Male,22900.0,Combination,5.0,0.36,150.0,0,26-35
CUST09678,40,Female,79900.0,Combination,4.0,0.38,190.0,0,36-45
CUST05910,47,Male,46000.0,Sensitive,3.0,0.19,100.0,1,46-55
CUST00665,31,Female,26000.0,Dry,7.0,0.64,240.0,0,26-35
CUST02349,49,Male,71100.0,Dry,4.0,0.31,180.0,0,46-55
CUST03059,25,Male,25700.0,Dry,5.0,0.45,160.0,1,18-25
CUST03746,28,Male,29700.0,Dry,4.0,0.38,120.0,0,26-35
CUST09639,20,Male,73900.0,Normal,3.0,0.17,170.0,1,18-25
CUST06689,48,Male,38900.0,Sensitive,5.0,0.42,230.0,0,46-55
CUST00676,36,Male,26500.0,Combination,5.0,0.4,160.0,0,36-45
CUST03313,30,Male,44900.0,Dry,6.0,0.53,160.0,1,26-35
CUST02908,32,Female,32700.0,Combination,8.0,0.74,290.0,1,26-35
CUST06953,42,Female,59100.0,Sensitive,6.0,0.56,270.0,1,36-45
CUST01963,29,Female,15000.0,Sensitive,4.0,0.35,130.0,1,26-35
CUST01841,26,Female,79800.0,Combination,2.0,0.19,140.0,1,26-35
CUST06568,21,Female,60700.0,Sensitive,4.0,0.44,200.0,0,18-25
CUST07300,33,Female,85400.0,Combination,2.0,0.18,100.0,1,26-35
CUST04487,51,Male,50000.0,Normal,4.0,0.4,150.0,1,46-55
CUST05685,21,Female,81100.0,Dry,2.0,0.2,120.0,0,18-25
CUST04909,26,Female,25300.0,Oily,3.0,0.31,100.0,1,26-35
CUST02426,44,Female,104600.0,Oily,5.0,0.4,240.0,0,36-45
CUST08288,40,Female,31200.0,Normal,7.0,0.55,170.0,0,36-45
CUST07459,25,Male,22400.0,Dry,3.0,0.32,110.0,0,18-25
CUST06267,37,M,40500.0,Sensitive,4.0,0.36,150.0,1,36-45
CUST04808,25,Male,58300.0,Normal,5.0,0.48,180.0,1,18-25
CUST00412,18,Female,123900.0,Combination,3.0,0.23,210.0,1,18-25
CUST00614,37,Female,83500.0,Oily,7.0,0.56,310.0,1,36-45
CUST08631,34,Male,50700.0,Normal,3.0,0.31,100.0,0,26-35
CUST09163,46,Female,17400.0,Dry,8.0,0.63,190.0,1,46-55
CUST01431,29,Male,30200.0,Normal,5.0,0.42,140.0,1,26-35
CUST09390,31,Female,62800.0,Combination,3.0,0.23,140.0,1,26-35
CUST07542,28,Female,29600.0,Dry,,0.5,230.0,1,26-35
CUST04814,32,Female,41900.0,Oily,6.0,0.49,150.0,1,26-35
CUST06632,28,Female,91500.0,Sensitive,3.0,0.27,190.0,1,26-35
CUST02957,38,Female,74000.0,Oily,3.0,0.26,160.0,1,36-45
CUST01418,43,Female,26500.0,Oily,2.0,0.24,100.0,0,36-45
CUST04175,20,Female,28900.0,Combination,1.0,0.08,100.0,1,18-25
CUST00605,25,Female,41200.0,Sensitive,4.0,0.37,120.0,1,18-25
CUST01273,28,Female,58000.0,Sensitive,4.0,0.42,190.0,1,26-35
CUST07836,19,Female,111100.0,Combination,5.0,0.41,250.0,1,18-25
CUST06424,34,Female,54600.0,Oily,3.0,0.41,170.0,0,26-35
CUST06619,44,Female,32500.0,Oily,1.0,0.07,44588.13014237008,0,36-45
CUST03881,27,Female,24600.0,Sensitive,7.0,0.52,140.0,1,26-35
CUST00248,52,Female,51000.0,Normal,3.0,0.23,110.0,0,46-55
CUST06131,30,Female,49800.0,Oily,2.0,0.12,,0,26-35
CUST01983,32,Female,44400.0,Dry,5.0,0.37,230.0,1,26-35
CUST02847,26,Female,35000.0,Combination,7.0,0.6,250.0,0,26-35
CUST05378,29,Female,76100.0,Combination,10.0,0.89,330.0,1,26-35
CUST00200,30,Female,38800.0,Dry,8.0,0.64,320.0,1,26-35
CUST00486,30,Female,44500.0,Dry,1.0,0.13,100.0,1,26-35
CUST06138,18,Male,45900.0,Combination,6.0,0.55,230.0,0,18-25
CUST08265,32,Male,82600.0,Dry,5.0,0.35,,0,26-35
CUST00456,34,Male,47600.0,Normal,3.0,0.22,110.0,1,26-35
CUST09838,28,Male,33900.0,,4.0,0.4,130.0,1,26-35
CUST08864,19,Female,17700.0,Combination,3.0,0.18,120.0,1,18-25
CUST06573,48,Male,26400.0,Dry,2.0,0.13,100.0,0,46-55
CUST01722,18,Male,75500.0,Normal,1.0,0.06,130.0,1,18-25
CUST05200,30,Male,49200.0,Sensitive,6.0,0.53,200.0,0,26-35
CUST03435,18,Male,16800.0,Dry,7.0,0.55,140.0,1,18-25
CUST08215,18,Female,32600.0,Combination,3.0,0.23,110.0,0,18-25
CUST05817,35,Male,33000.0,Dry,3.0,0.35,150.0,1,26-35
CUST05861,45,Male,24200.0,Oily,1.0,0.05,100.0,0,36-45
CUST05713,36,Female,29600.0,Dry,7.0,0.58,310.0,0,36-45
CUST00863,31,Female,36300.0,Sensitive,3.0,0.17,100.0,0,26-35
CUST02095,33,Female,54000.0,Sensitive,5.0,0.38,,1,26-35
CUST00948,18,Female,24300.0,Oily,2.0,0.15,100.0,1,18-25
CUST06066,36,Female,37500.0,Combination,3.0,0.28,110.0,1,36-45
CUST01445,30,Female,59400.0,Dry,3.0,0.22,150.0,1,26-35
CUST01281,45,Female,25000.0,Dry,2.0,0.1,100.0,0,36-45
CUST07085,42,Female,33700.0,Dry,2.0,0.08,110.0,0,36-45
CUST04253,37,Female,47100.0,Oily,4.0,0.34,180.0,0,36-45
CUST09089,18,Male,51000.0,Sensitive,3.0,0.26,140.0,0,18-25
CUST07685,24,Male,19200.0,Oily,7.0,0.55,200.0,0,18-25
CUST08175,37,Female,26600.0,Normal,2.0,0.2,100.0,0,36-45
CUST02303,18,,43200.0,Dry,3.0,0.21,150.0,0,18-25
CUST02005,18,Male,73600.0,Oily,3.0,0.2,100.0,0,18-25
CUST05614,48,Female,33000.0,Combination,5.0,0.43,110.0,1,46-55
CUST08742,32,Female,26600.0,Sensitive,4.0,0.27,100.0,1,26-35
CUST01006,36,female,33800.0,Normal,4.0,0.32,140.0,0,36-45
CUST04490,28,Male,39400.0,Dry,3.0,0.27,110.0,1,26-35
CUST05508,19,Female,41300.0,Sensitive,2.0,0.18,100.0,0,18-25
CUST05468,48,Male,15000.0,Dry,3.0,0.3,110.0,0,46-55
CUST02752,28,Male,126400.0,Sensitive,6.0,0.43,280.0,1,26-35
CUST02133,28,Male,15000.0,Dry,6.0,0.46,130.0,1,26-35
CUST04304,25,Male,49500.0,Oily,,0.28,140.0,1,18-25
CUST02058,18,Male,33500.0,Dry,5.0,0.36,160.0,1,18-25
CUST02895,25,Female,134800.0,Sensitive,2.0,0.16,160.0,1,18-25
CUST00230,29,Male,123900.0,,3.0,0.29,220.0,1,26-35
CUST06002,31,Female,38900.0,Sensitive,1.0,0.1,100.0,0,26-35
CUST03003,54,Female,61800.0,Dry,5.0,0.34,230.0,0,46-55
CUST09285,48,Male,51700.0,Dry,6.0,0.57,210.0,1,46-55
CUST02475,22,Female,31900.0,Dry,6.0,0.46,,0,18-25
CUST05240,30,Male,43200.0,Sensitive,2.0,0.16,110.0,1,26-35
CUST08417,42,Male,36900.0,Normal,1.0,0.07,100.0,0,36-45
CUST00210,28,Male,45400.0,Sensitive,3.0,0.19,150.0,1,26-35
CUST05975,46,Male,104700.0,Oily,366.0,0.16,170.0,1,46-55
CUST04515,33,Male,27300.0,Sensitive,5.0,0.45,140.0,1,26-35
CUST02998,58,Female,35200.0,Normal,6.0,0.45,200.0,0,56+
CUST07959,39,Female,31000.0,Sensitive,2.0,0.19,100.0,1,36-45
CUST08207,20,Male,83900.0,Oily,4.0,0.29,140.0,1,18-25
CUST01729,33,Male,149200.0,Combination,6.0,0.58,340.0,1,26-35
CUST06361,44,Female,43700.0,Oily,2.0,0.18,100.0,1,36-45
CUST00338,35,Female,37400.0,Sensitive,2.0,0.1,110.0,0,26-35
CUST05028,30,Male,32400.0,Combination,3.0,0.19,120.0,1,26-35
CUST09256,18,Male,26300.0,Sensitive,0.0,0.0,100.0,0,18-25
CUST07310,29,Female,21700.0,Combination,4.0,0.35,150.0,1,26-35
CUST03783,22,Female,50400.0,Oily,2.0,0.14,100.0,0,18-25
CUST01227,40,Female,53400.0,Combination,,0.2,120.0,0,36-45
CUST03352,37,Male,17600.0,Normal,6.0,0.54,150.0,1,36-45
CUST08465,40,Female,25100.0,Normal,3.0,0.27,120.0,0,36-45
CUST03606,41,Female,59000.0,Normal,2.0,0.25,130.0,1,36-45
CUST08234,33,Female,62700.0,Dry,4.0,0.36,200.0,1,26-35
CUST02112,37,,45900.0,Dry,5.0,0.36,150.0,0,36-45
CUST09933,29,Female,93500.0,Combination,1.0,0.18,110.0,1,26-35
CUST06388,18,Female,58000.0,Sensitive,2.0,0.16,100.0,0,18-25
CUST09420,37,Male,,Dry,,0.29,150.0,1,36-45
CUST01018,29,Male,30900.0,Sensitive,2.0,0.04,100.0,0,26-35
CUST05874,32,Male,37500.0,Sensitive,5.0,0.33,160.0,0,26-35
CUST08030,33,Female,35000.0,Oily,5.0,0.36,160.0,1,26-35
CUST05059,33,Male,,Sensitive,7.0,0.58,270.0,0,26-35
CUST01929,42,Female,27800.0,Combination,,0.1,100.0,0,36-45
CUST00351,36,Female,149500.0,Oily,1.0,0.06,220.0,0,36-45
CUST09960,18,Male,79200.0,Normal,7.0,0.53,220.0,0,18-25
CUST04231,45,Male,36700.0,Oily,5.0,0.46,130.0,0,36-45
CUST01935,18,Female,28000.0,Oily,4.0,0.29,140.0,1,18-25
CUST06962,51,Male,43200.0,Combination,4.0,0.33,110.0,0,46-55
CUST07787,30,Male,54300.0,Dry,4.0,0.25,150.0,0,26-35
CUST00565,42,Male,30200.0,Normal,2.0,0.16,100.0,0,36-45
CUST01583,38,Male,25300.0,Combination,3.0,0.3,100.0,1,36-45
CUST08824,31,Female,52700.0,Normal,4.0,0.26,190.0,0,26-35
CUST02176,33,Male,53800.0,Normal,2.0,0.15,100.0,1,26-35
CUST09295,20,Male,45900.0,Dry,7.0,0.61,240.0,1,18-25
CUST04081,44,Male,40800.0,Oily,5.0,0.37,190.0,0,36-45
CUST02229,56,Female,50900.0,Combination,2.0,0.11,110.0,0,56+
CUST01116,33,Male,60400.0,Dry,4.0,0.41,140.0,1,26-35
CUST03774,38,Male,38900.0,Sensitive,1.0,-0.0,100.0,1,36-45
CUST02616,25,Male,28800.0,Dry,9.0,0.79,340.0,0,18-25
CUST05093,18,Female,50600.0,Combination,3.0,0.31,120.0,0,18-25
CUST08407,33,Female,19800.0,Sensitive,3.0,0.33,100.0,0,26-35
CUST07539,18,Male,30500.0,Oily,5.0,0.47,170.0,0,18-25
CUST00822,48,Male,17900.0,Dry,1.0,0.1,100.0,1,46-55
CUST07387,40,Female,41100.0,Combination,4.0,0.48,110.0,1,36-45
CUST02273,39,Male,33400.0,Combination,5.0,0.41,180.0,1,36-45
CUST05594,36,Male,41500.0,Normal,7.0,0.54,170.0,1,36-45
CUST00082,25,Male,97000.0,Dry,3.0,0.17,200.0,1,18-25
CUST01324,18,Male,46100.0,Combination,1.0,0.05,100.0,1,18-25
CUST04072,30,Female,43500.0,Oily,3.0,0.19,170.0,0,26-35
CUST01615,25,Female,61100.0,Normal,4.0,0.29,170.0,0,18-25
CUST00832,49,Female,34700.0,Combination,4.0,0.31,110.0,0,46-55
CUST03956,18,Male,59400.0,Oily,4.0,0.34,220.0,1,18-25
CUST06514,30,Male,59000.0,Dry,1.0,0.06,100.0,1,26-35
CUST02421,18,Female,31000.0,Combination,3.0,0.32,130.0,1,18-25
CUST04504,41,Female,,Oily,5.0,0.38,210.0,0,36-45
CUST02448,27,Female,56800.0,Combination,4.0,0.28,130.0,0,26-35
CUST05206,29,Male,22500.0,Oily,2.0,0.1,100.0,1,26-35
CUST01650,24,Male,44800.0,Combination,4.0,0.32,180.0,0,18-25
CUST04120,24,Female,44700.0,Normal,4.0,0.27,,1,18-25
CUST04555,52,Female,59000.0,Normal,3.0,0.24,130.0,0,46-55
CUST09228,23,Male,41600.0,Sensitive,3.0,0.19,160.0,0,18-25
CUST02603,31,Male,40700.0,Combination,1.0,0.05,100.0,1,26-35
CUST06780,49,Male,39200.0,Normal,2.0,0.21,120.0,0,46-55
CUST07205,26,Female,38000.0,Normal,5.0,0.41,130.0,1,26-35
CUST09254,39,Male,26900.0,Dry,,0.14,100.0,0,36-45
CUST05968,31,Female,72100.0,,3.0,0.23,170.0,1,26-35
CUST09042,46,Female,45700.0,Sensitive,4.0,0.28,140.0,0,46-55
CUST02458,25,Female,46000.0,Sensitive,3.0,0.16,100.0,0,18-25
CUST00750,22,Female,84800.0,Oily,4.0,0.35,210.0,0,18-25
CUST05492,18,Female,75300.0,Oily,4.0,0.37,210.0,0,18-25
CUST02374,50,Male,58200.0,Oily,1.0,0.08,100.0,0,46-55
CUST07998,18,Female,59800.0,Oily,3.0,0.21,130.0,1,18-25
CUST09123,25,Female,33600.0,Dry,3.0,0.18,150.0,0,18-25
CUST08294,34,Female,30000.0,Normal,3.0,0.25,120.0,0,26-35
CUST02485,31,Female,36200.0,Dry,1.0,0.12,100.0,0,26-35
CUST08406,40,Male,33200.0,Dry,4.0,0.4,140.0,0,36-45
CUST05345,31,Male,68400.0,Dry,2.0,0.2,130.0,1,26-35
CUST04354,18,Female,,Sensitive,10.0,0.84,300.0,1,18-25
CUST04191,43,Female,35600.0,Combination,5.0,0.44,120.0,1,36-45
CUST09948,28,Male,41600.0,Combination,3.0,0.28,100.0,1,26-35
CUST01140,32,Male,69600.0,Combination,6.0,0.45,160.0,1,26-35
CUST08794,36,Female,30900.0,Normal,2.0,0.23,100.0,0,36-45
CUST02232,20,Male,,Combination,3.0,0.27,160.0,0,18-25
CUST02165,39,Female,49700.0,Normal,4.0,0.36,130.0,0,36-45
CUST03012,28,Male,54500.0,Dry,6.0,0.57,170.0,0,26-35
CUST06459,28,Male,48800.0,Oily,3.0,0.3,130.0,1,26-35
CUST05863,21,Female,65400.0,Dry,4.0,0.3,140.0,0,18-25
CUST02517,32,Male,19100.0,Combination,6.0,0.52,250.0,1,26-35
CUST01571,32,Male,80400.0,Combination,3.0,0.27,160.0,1,26-35
CUST00173,27,Male,82200.0,Normal,,0.16,200.0,1,26-35
CUST07225,23,Male,37300.0,Combination,6.0,0.48,210.0,0,18-25
CUST02088,27,Female,61400.0,,6.0,0.53,260.0,1,26-35
CUST04029,30,Female,49600.0,Dry,5.0,0.45,140.0,0,26-35
CUST08031,38,Female,36400.0,Oily,4.0,0.31,110.0,1,36-45
CUST07151,27,Female,36600.0,,4.0,0.38,140.0,0,26-35
CUST06393,36,Female,26800.0,Dry,1.0,0.12,100.0,0,36-45
CUST09077,20,Female,45500.0,Oily,3.0,0.26,100.0,0,18-25
CUST02725,26,Male,,Dry,4.0,0.3,200.0,0,26-35
CUST01833,20,Female,29100.0,Combination,6.0,0.52,250.0,1,18-25
CUST05154,47,Female,15000.0,Oily,5.0,0.42,190.0,0,46-55
CUST09528,26,Female,41200.0,Normal,4.0,0.4,100.0,1,26-35
CUST05273,25,Male,59700.0,Normal,5.0,0.51,150.0,1,18-25
CUST03724,42,Female,33600.0,Normal,6.0,0.57,240.0,1,36-45
CUST09078,26,Male,72700.0,Normal,4.0,0.35,140.0,1,26-35
CUST05649,18,Female,41600.0,Dry,4.0,0.32,110.0,0,18-25
CUST05101,22,Female,37900.0,Sensitive,7.0,0.55,150.0,0,18-25
CUST00835,24,Female,44500.0,Combination,4.0,0.4,130.0,0,18-25
CUST02487,33,Female,83500.0,Dry,3.0,0.28,140.0,1,26-35
CUST06881,18,Female,92100.0,Combination,4.0,0.26,170.0,0,18-25
CUST09104,34,Male,37800.0,Combination,5.0,0.34,200.0,0,26-35
CUST09031,33,Female,,Sensitive,5.0,0.39,220.0,0,26-35
CUST04743,31,Female,44800.0,Combination,7.0,0.61,240.0,0,26-35
CUST05301,24,Male,44500.0,Dry,2.0,0.1,100.0,1,18-25
CUST00066,41,Male,70300.0,Sensitive,3.0,0.2,150.0,0,36-45
CUST09512,20,Male,,Dry,1.0,0.03,100.0,0,18-25
CUST07654,31,Male,21300.0,Oily,5.0,0.41,210.0,1,26-35
CUST06497,32,Female,43200.0,Combination,3.0,0.21,140.0,1,26-35
CUST00355,44,Female,116300.0,Oily,6.0,0.53,210.0,1,36-45
CUST05731,18,Female,,Normal,4.0,0.28,150.0,0,18-25
CUST04101,38,Female,74100.0,Oily,5.0,0.35,260.0,1,36-45
CUST06183,18,Female,48500.0,Combination,,0.35,100.0,0,18-25
CUST05472,27,Female,51200.0,Dry,3.0,0.26,160.0,0,26-35
CUST06798,36,Female,19000.0,Dry,4.0,0.3,100.0,0,36-45
CUST08636,34,Female,80600.0,Oily,2.0,0.24,130.0,1,26-35
CUST04166,35,Male,83300.0,Oily,6.0,0.49,260.0,1,26-35
CUST09929,32,Female,63100.0,Combination,4.0,0.29,220.0,1,26-35
CUST09448,26,Male,20500.0,Normal,,0.39,200.0,0,26-35
CUST09150,35,Male,,Combination,4.0,0.38,110.0,1,26-35
CUST00473,29,Male,121900.0,Combination,2.0,0.2,140.0,1,26-35
CUST06427,43,Female,48900.0,Sensitive,3.0,0.26,,0,36-45
CUST07439,24,Female,26700.0,Combination,6.0,0.47,,1,18-25
CUST02532,38,Female,64800.0,Combination,2.0,0.19,100.0,1,36-45
CUST02803,42,Male,69000.0,Combination,3.0,0.23,130.0,0,36-45
CUST00869,26,Male,37900.0,Normal,1.0,0.08,100.0,0,26-35
CUST08739,26,Female,36600.0,Combination,2.0,0.21,100.0,1,26-35
CUST07350,39,Female,60700.0,Dry,2.0,0.2,120.0,1,36-45
CUST01507,18,Female,31000.0,Dry,3.0,0.19,,0,18-25
CUST09238,40,Male,24000.0,Dry,5.0,0.39,180.0,0,36-45
CUST09765,42,Male,17400.0,Sensitive,3.0,0.25,100.0,0,36-45
CUST02698,34,Female,57600.0,Combination,4.0,0.28,190.0,1,26-35
CUST09368,47,Male,51200.0,Normal,7.0,0.57,290.0,0,46-55
CUST05689,39,Female,42300.0,Dry,5.0,0.45,240.0,1,36-45
CUST08709,27,Female,45200.0,Sensitive,5.0,0.33,230.0,1,26-35
CUST06540,28,Female,40000.0,Normal,6.0,0.43,160.0,0,26-35
CUST01076,34,Female,38600.0,Combination,4.0,0.36,130.0,0,26-35
CUST06374,33,Female,71600.0,,3.0,0.28,140.0,0,26-35
CUST06811,36,Male,23400.0,Dry,5.0,0.39,110.0,0,36-45
CUST05991,18,Female,22200.0,Dry,5.0,0.42,190.0,1,18-25
CUST05291,37,Male,,Dry,2.0,0.24,110.0,0,36-45
CUST04801,32,Male,52300.0,Sensitive,4.0,0.36,120.0,1,26-35
CUST04851,28,Female,58600.0,Normal,0.0,-0.0,100.0,1,26-35
CUST07087,24,Female,25800.0,Oily,3.0,0.34,140.0,0,18-25
CUST05956,33,Female,45300.0,Sensitive,2.0,0.18,120.0,0,26-35
CUST07223,38,Male,39100.0,Combination,1.0,0.06,100.0,1,36-45
CUST00074,37,Female,15300.0,Normal,2.0,0.18,100.0,1,36-45
CUST04103,23,Female,110700.0,Combination,4.0,0.3,240.0,1,18-25
CUST04415,30,Male,22600.0,Combination,1.0,0.15,100.0,1,26-35
CUST06757,27,Female,53200.0,Oily,4.0,0.39,150.0,1,26-35
CUST04429,30,Male,33600.0,Oily,5.0,0.4,230.0,0,26-35
CUST01102,39,Female,27200.0,Normal,4.0,0.32,110.0,0,36-45
CUST09577,39,Female,38100.0,Dry,1.0,0.09,100.0,1,36-45
CUST07719,31,Female,41300.0,Dry,7.0,0.62,270.0,1,26-35
CUST02772,38,Female,36200.0,Oily,3.0,0.29,100.0,1,36-45
CUST04776,40,Female,120200.0,Combination,4.0,0.28,190.0,1,36-45
CUST00119,50,Female,35300.0,Combination,4.0,0.42,160.0,1,46-55
CUST02023,33,Male,84700.0,Oily,7.0,0.61,280.0,1,26-35
CUST09925,42,Female,49200.0,Normal,4.0,0.26,180.0,1,36-45
CUST02593,37,Male,67400.0,Oily,2.0,0.11,160.0,1,36-45
CUST02035,33,Female,47900.0,Normal,1.0,0.06,100.0,0,26-35
CUST03509,38,Male,19200.0,Combination,1.0,0.15,100.0,0,36-45
CUST09385,42,Female,34200.0,Dry,3.0,0.18,130.0,0,36-45
CUST03609,41,Male,45600.0,Dry,4.0,0.36,130.0,1,36-45
CUST01220,47,Female,40800.0,Normal,5.0,0.36,240.0,1,46-55
CUST06373,27,Male,27300.0,Combination,6.0,0.54,260.0,1,26-35
CUST04202,18,Male,30900.0,Normal,6.0,0.45,120.0,1,18-25
CUST02949,40,Female,17600.0,Normal,6.0,0.53,140.0,1,36-45
CUST03471,18,Female,25600.0,,4.0,0.39,120.0,1,18-25
CUST02511,25,Male,35300.0,Dry,5.0,0.35,210.0,1,18-25
CUST03754,40,Male,23300.0,Normal,3.0,0.2,130.0,0,36-45
CUST06841,52,Female,31500.0,Oily,3.0,0.23,100.0,0,46-55
CUST04529,24,Female,31500.0,Combination,6.0,0.51,270.0,1,18-25
CUST09261,38,Male,96300.0,Combination,2.0,0.13,160.0,0,36-45
CUST04012,35,Male,30500.0,Sensitive,3.0,0.29,100.0,0,26-35
CUST00178,34,Female,52700.0,Sensitive,6.0,0.49,160.0,0,26-35
CUST01644,39,Female,78400.0,Oily,5.0,0.47,,1,36-45
CUST09330,34,Female,46700.0,Oily,3.0,0.3,120.0,1,26-35
CUST02969,54,Female,28400.0,Dry,3.0,0.27,100.0,0,46-55
CUST01375,32,Female,,Oily,3.0,0.3,110.0,1,26-35
CUST01721,44,Male,20600.0,Oily,6.0,0.44,170.0,0,36-45
CUST09631,40,Male,39600.0,Normal,5.0,0.46,160.0,0,36-45
CUST07783,30,,24400.0,Normal,4.0,0.37,130.0,1,26-35
CUST02265,37,Female,31500.0,Oily,3.0,0.23,,1,36-45
CUST00088,32,Female,56300.0,Combination,8.0,0.7,370.0,1,26-35
CUST05768,50,Female,118500.0,Normal,9.0,0.74,300.0,0,46-55
CUST08725,43,Male,45600.0,Oily,4.0,0.31,160.0,1,36-45
CUST00404,28,Male,43300.0,Combination,4.0,0.34,210.0,1,26-35
CUST09987,41,Female,70900.0,Normal,3.0,0.2,150.0,1,36-45
CUST05875,18,Male,27200.0,Dry,4.0,0.29,150.0,1,18-25
CUST00322,30,Male,,Oily,3.0,0.25,100.0,1,26-35
CUST06595,25,Male,28400.0,Oily,3.0,0.28,120.0,1,18-25
CUST02457,43,Female,43400.0,Combination,3.0,0.28,,0,36-45
CUST09172,30,Male,25500.0,Combination,4.0,0.27,140.0,1,26-35
CUST02215,22,Male,60400.0,Combination,4.0,0.32,240.0,1,18-25
CUST01028,32,Male,51300.0,Combination,0.0,0.0,100.0,0,26-35
CUST09743,19,Male,26000.0,Normal,5.0,0.48,130.0,1,18-25
CUST01422,30,Male,65200.0,Combination,3.0,0.27,120.0,1,26-35
CUST02437,21,Female,65700.0,Oily,4.0,0.35,110.0,1,18-25
CUST09716,41,Male,78000.0,Normal,5.0,0.44,210.0,0,36-45
CUST09125,21,Male,53600.0,Sensitive,7.0,0.56,300.0,1,18-25
CUST01279,36,Male,35800.0,Dry,5.0,0.4,120.0,1,36-45
CUST03549,24,Male,92000.0,Normal,7.0,0.66,230.0,1,18-25
CUST04951,44,Male,115600.0,Combination,7.0,0.63,250.0,1,36-45
CUST07316,32,Female,33300.0,Combination,6.0,0.43,160.0,1,26-35
CUST08449,18,Female,,Sensitive,4.0,0.39,140.0,0,18-25
CUST01979,49,Male,20800.0,Dry,6.0,0.57,260.0,0,46-55
CUST01062,48,Male,64700.0,Dry,3.0,0.19,100.0,1,46-55
CUST04380,18,Female,47000.0,Oily,2.0,0.1,110.0,0,18-25
CUST04575,43,Female,45400.0,Combination,6.0,0.52,250.0,1,36-45
CUST07055,42,,66400.0,Sensitive,3.0,0.31,140.0,1,36-45
CUST04773,28,Female,31600.0,Normal,6.0,0.53,140.0,0,26-35
CUST01503,47,Male,22400.0,Combination,4.0,0.35,100.0,1,46-55
CUST08606,20,Female,51600.0,Oily,1.0,0.16,,1,18-25
CUST07579,47,Female,18700.0,Normal,5.0,0.37,190.0,1,46-55
CUST07572,39,Male,61300.0,Combination,3.0,0.27,180.0,1,36-45
CUST04162,18,Female,71500.0,,2.0,0.13,160.0,1,18-25
CUST04962,39,Male,46100.0,Sensitive,2.0,0.28,100.0,0,36-45
CUST00679,36,Male,49400.0,Sensitive,2.0,0.15,100.0,0,36-45
CUST06465,33,Male,27500.0,Combination,6.0,0.49,190.0,1,26-35
CUST06622,20,Female,40200.0,Dry,3.0,0.23,100.0,1,18-25
CUST05938,40,Female,36100.0,Dry,2.0,0.12,100.0,0,36-45
CUST07632,18,Male,39900.0,Sensitive,0.0,0.0,100.0,0,18-25
CUST00103,28,Male,30700.0,Oily,4.0,0.37,160.0,1,26-35
CUST00958,57,Female,16300.0,Combination,5.0,0.43,140.0,0,56+
CUST09656,18,Female,46900.0,Normal,4.0,0.36,130.0,0,18-25
CUST03856,18,Female,63800.0,Normal,3.0,0.32,120.0,0,18-25
CUST05741,40,Female,30600.0,Sensitive,6.0,0.51,,0,36-45
CUST07235,36,Male,43900.0,Normal,5.0,0.47,160.0,1,36-45
CUST02751,36,Female,,Dry,2.0,0.1,100.0,1,36-45
CUST09161,24,Female,,Oily,3.0,0.27,100.0,1,18-25
CUST06054,54,Female,37900.0,Oily,5.0,0.34,140.0,0,46-55
CUST05939,35,Female,20700.0,Combination,6.0,0.55,250.0,0,26-35
CUST08787,50,Male,38700.0,Combination,1.0,0.1,100.0,0,46-55
CUST08337,45,Male,50200.0,Combination,,0.15,100.0,1,36-45
CUST00419,31,M,56100.0,,0.0,0.12,100.0,1,26-35
CUST04880,20,Male,84000.0,Normal,5.0,0.43,250.0,1,18-25
CUST09449,23,Female,,Oily,7.0,0.56,250.0,1,18-25
CUST03045,34,Female,22800.0,Normal,4.0,0.33,130.0,0,26-35
CUST01948,22,Male,37300.0,Oily,1.0,0.09,100.0,0,18-25
CUST06872,45,Female,33200.0,Combination,4.0,0.34,140.0,1,36-45
CUST02300,29,Female,24300.0,Dry,10.0,0.9,170.0,1,26-35
CUST06070,21,Female,15000.0,Dry,5.0,0.33,190.0,0,18-25
CUST04422,40,Female,43500.0,Dry,8.0,0.72,310.0,1,36-45
CUST08085,30,Female,,Combination,1.0,0.09,100.0,1,26-35
CUST05413,26,Female,,Sensitive,3.0,0.26,100.0,1,26-35
CUST03330,29,Female,50200.0,Oily,5.0,0.53,190.0,1,26-35
CUST04330,18,Male,18200.0,Combination,8.0,0.63,270.0,1,18-25
CUST00529,35,Female,46300.0,Combination,363.0,0.12,120.0,1,26-35
CUST01234,33,Female,84000.0,Oily,3.0,0.27,130.0,1,26-35
CUST00780,18,,44800.0,Oily,4.0,0.41,150.0,1,18-25
CUST05606,18,Male,96000.0,Normal,6.0,0.51,260.0,0,18-25
CUST03326,35,Male,45700.0,Dry,4.0,0.35,160.0,1,26-35
CUST03022,49,Female,41100.0,Combination,4.0,0.26,200.0,0,46-55
CUST01861,39,Female,33500.0,Normal,5.0,0.43,,1,36-45
CUST08474,49,Female,52100.0,Sensitive,6.0,0.52,250.0,0,46-55
CUST07466,37,Female,37700.0,Oily,1.0,-0.0,100.0,1,36-45
CUST05799,23,Female,27600.0,Normal,2.0,0.15,100.0,0,18-25
CUST02651,20,Male,39600.0,Combination,4.0,0.31,160.0,1,18-25
CUST01993,35,Female,38000.0,Sensitive,,0.47,110.0,0,26-35
CUST05454,21,Female,53400.0,Normal,2.0,0.18,110.0,1,18-25
CUST07301,34,Female,28900.0,Normal,2.0,0.14,100.0,0,26-35
CUST05351,26,Male,34600.0,Oily,6.0,0.57,210.0,1,26-35
CUST06873,30,Male,69200.0,Combination,4.0,0.39,,0,26-35
CUST07430,44,Male,15600.0,Normal,7.0,0.57,260.0,0,36-45
CUST02472,27,Male,50400.0,Combination,5.0,0.36,,0,26-35
CUST05082,25,Female,57900.0,Combination,3.0,0.31,170.0,1,18-25
CUST08298,29,Male,57900.0,Sensitive,2.0,0.17,140.0,0,26-35
CUST05448,32,Female,43000.0,Dry,6.0,0.46,130.0,1,26-35
CUST01397,39,Male,48900.0,Combination,5.0,0.33,160.0,1,36-45
CUST04078,27,Female,80200.0,Oily,4.0,0.33,170.0,0,26-35
CUST04719,35,Female,40800.0,Dry,,0.2,100.0,1,26-35
CUST03690,47,Male,44000.0,Normal,9.0,0.75,290.0,0,46-55
CUST01043,40,Female,30800.0,,4.0,0.42,110.0,1,36-45
CUST03621,36,Female,65500.0,Normal,2.0,0.08,100.0,0,36-45
CUST05016,27,Female,32900.0,Oily,9.0,0.82,210.0,1,26-35
CUST07319,22,Female,48800.0,Combination,3.0,0.31,130.0,1,18-25
CUST00258,28,Female,24000.0,Normal,5.0,0.46,170.0,1,26-35
CUST07349,38,Female,45400.0,Sensitive,2.0,0.04,100.0,0,36-45
CUST08654,18,Female,19100.0,Dry,1.0,0.14,100.0,1,18-25
CUST07882,41,Female,31900.0,Oily,2.0,0.02,100.0,0,36-45
CUST09456,39,Female,21900.0,Dry,4.0,0.29,150.0,1,36-45
CUST02090,37,Female,68300.0,Sensitive,6.0,0.51,220.0,0,36-45
CUST07766,32,Female,37800.0,Oily,3.0,0.3,140.0,1,26-35
CUST00504,18,Female,52500.0,Dry,2.0,0.18,120.0,1,18-25
CUST03430,41,Female,26600.0,Dry,3.0,0.17,100.0,1,36-45
CUST08852,37,Female,29400.0,Oily,,0.22,120.0,1,36-45
CUST01346,57,Female,52400.0,Dry,5.0,0.43,150.0,0,56+
CUST05981,24,Male,60800.0,Oily,6.0,0.59,300.0,1,18-25
CUST05091,35,Male,21900.0,Oily,2.0,0.17,100.0,1,26-35
CUST02249,31,Female,36300.0,Combination,2.0,0.18,100.0,1,26-35
CUST08346,42,Female,26700.0,Combination,4.0,0.35,160.0,1,36-45
CUST00373,0,Female,18600.0,Dry,1.0,0.14,100.0,0,36-45
CUST08490,18,Male,22100.0,Oily,1.0,0.05,100.0,1,18-25
CUST06135,40,Female,30000.0,Oily,6.0,0.46,190.0,1,36-45
CUST02007,31,Male,33500.0,Dry,5.0,0.37,160.0,1,26-35
CUST08113,26,Male,55000.0,Sensitive,3.0,0.25,150.0,1,26-35
CUST03781,36,Male,83800.0,Dry,7.0,0.59,290.0,1,36-45
CUST05852,44,Female,76100.0,Oily,6.0,0.5,300.0,1,36-45
CUST09055,37,Female,47500.0,Combination,7.0,0.56,200.0,1,36-45
CUST06127,41,Female,123500.0,Combination,3.0,0.24,230.0,0,36-45
CUST02103,24,Female,38500.0,Oily,2.0,0.25,100.0,1,18-25
CUST00998,33,Male,55400.0,Dry,5.0,0.4,150.0,1,26-35
CUST08222,25,Male,44500.0,Combination,,0.41,210.0,1,18-25
CUST08820,18,Male,54700.0,Oily,1.0,0.12,100.0,0,18-25
CUST01177,24,Female,40400.0,Oily,5.0,0.46,160.0,1,18-25
CUST00552,38,Male,,,2.0,0.15,100.0,0,36-45
CUST00745,33,Female,55500.0,Dry,3.0,0.27,180.0,1,26-35
CUST05618,31,Female,39600.0,Dry,3.0,0.36,100.0,0,26-35
CUST03140,54,Male,24000.0,Oily,3.0,0.28,140.0,0,46-55
CUST02904,26,Female,37800.0,Oily,3.0,0.26,100.0,1,26-35
CUST08036,18,Male,45700.0,Combination,7.0,0.62,140.0,1,18-25
CUST09049,37,Male,15000.0,Dry,4.0,0.36,100.0,1,36-45
CUST06132,34,Female,19400.0,Combination,7.0,0.57,300.0,1,26-35
CUST06907,21,Male,44100.0,Normal,1.0,0.02,100.0,0,18-25
CUST07679,28,Female,29200.0,Combination,4.0,0.36,130.0,0,26-35
CUST07611,31,Male,54800.0,Combination,6.0,0.56,200.0,0,26-35
CUST04363,28,Female,,Dry,5.0,0.37,180.0,1,26-35
CUST05364,28,Female,22500.0,Sensitive,4.0,0.32,120.0,1,26-35
CUST05406,45,Female,73000.0,Combination,3.0,0.32,150.0,0,36-45
CUST05502,18,Male,33100.0,Sensitive,3.0,0.26,140.0,0,18-25
CUST05024,21,Female,23800.0,Oily,8.0,0.59,170.0,1,18-25
CUST03019,36,Female,58400.0,Normal,10.0,0.9,430.0,1,36-45
CUST00694,18,Male,52800.0,Dry,4.0,0.34,170.0,1,18-25
CUST02534,34,Female,30100.0,Oily,6.0,0.46,230.0,0,26-35
CUST04566,33,Male,41400.0,Oily,2.0,0.14,110.0,1,26-35
CUST00983,35,Male,23400.0,Combination,0.0,0.0,100.0,1,26-35
CUST08023,40,Female,21500.0,Normal,2.0,0.17,110.0,0,36-45
CUST00080,29,Male,53700.0,Oily,5.0,0.35,130.0,1,26-35
CUST04768,44,Female,19300.0,Dry,4.0,0.3,160.0,1,36-45
CUST03534,36,Female,30300.0,Combination,6.0,0.51,,1,36-45
CUST09515,27,Female,24800.0,Combination,2.0,0.19,100.0,0,26-35
CUST09476,29,Male,38700.0,Combination,2.0,0.26,120.0,1,26-35
CUST03161,31,Female,23500.0,Normal,4.0,0.29,,0,26-35
CUST05704,32,Female,59000.0,Dry,1.0,0.12,100.0,1,26-35
CUST05000,22,Female,103000.0,Dry,,0.72,310.0,1,18-25
CUST00262,29,Male,38100.0,Normal,5.0,0.48,190.0,0,26-35
CUST02143,62,,35000.0,Sensitive,4.0,0.31,190.0,0,56+
CUST06366,28,Male,36600.0,Combination,4.0,0.34,120.0,1,26-35
CUST02269,18,Female,39300.0,Oily,3.0,0.27,100.0,0,18-25
CUST00446,18,Female,37600.0,,8.0,0.59,180.0,1,18-25
CUST05207,18,Female,24300.0,Combination,2.0,0.21,100.0,1,18-25
CUST04506,50,Male,30000.0,Combination,2.0,0.03,110.0,1,46-55
CUST03542,36,Female,40000.0,Combination,5.0,0.4,110.0,1,36-45
CUST06691,29,Male,23400.0,Dry,4.0,0.32,100.0,1,26-35
CUST07440,45,Female,66500.0,Combination,1.0,0.13,110.0,1,36-45
CUST01702,27,Male,48000.0,Sensitive,3.0,0.24,160.0,1,26-35
CUST02527,31,Male,38300.0,Combination,2.0,0.18,100.0,0,26-35
CUST00069,41,Male,22000.0,Normal,5.0,0.41,160.0,1,36-45
CUST01169,27,Female,20400.0,Combination,5.0,0.55,150.0,1,26-35
CUST00049,39,Female,26800.0,Oily,3.0,0.24,100.0,1,36-45
CUST01054,59,Male,34900.0,Oily,5.0,0.45,150.0,1,56+
CUST00085,19,Male,36500.0,Oily,8.0,0.71,320.0,1,18-25
CUST00881,34,Male,81600.0,Dry,7.0,0.59,310.0,0,26-35
CUST02652,18,Male,33100.0,Sensitive,5.0,0.45,,0,18-25
CUST04683,25,Male,30600.0,Oily,2.0,0.12,100.0,1,18-25
CUST02440,31,Male,17100.0,Normal,7.0,0.56,200.0,1,26-35
CUST04408,35,Male,78900.0,Oily,,0.24,170.0,0,26-35
CUST06250,35,female,38200.0,Combination,8.0,0.72,260.0,1,26-35
CUST01468,18,Male,63000.0,,3.0,0.24,120.0,0,18-25
CUST06587,41,Female,26300.0,Combination,3.0,0.27,100.0,1,36-45
CUST03083,35,Female,55400.0,Combination,3.0,0.26,,1,26-35
CUST02442,38,Female,81800.0,Dry,8.0,0.67,420.0,1,36-45
CUST06200,34,Male,68500.0,Normal,2.0,0.25,120.0,0,26-35
CUST00231,18,Female,22100.0,Normal,3.0,0.21,110.0,0,18-25
CUST01321,24,Male,,Dry,0.0,0.0,100.0,0,18-25
CUST00042,38,Female,40200.0,Dry,3.0,0.33,110.0,1,36-45
CUST00778,36,Male,28700.0,Normal,5.0,0.41,140.0,1,36-45
CUST08988,18,Female,23100.0,Combination,3.0,0.25,130.0,0,18-25
CUST08598,38,Male,92000.0,Combination,2.0,0.16,110.0,0,36-45
CUST01730,32,Female,37900.0,Normal,3.0,0.23,120.0,0,26-35
CUST04708,28,Male,31300.0,Combination,2.0,0.18,100.0,1,26-35
CUST00580,36,Male,106800.0,Combination,6.0,0.49,230.0,0,36-45
CUST03915,18,Male,29800.0,Sensitive,5.0,0.36,130.0,1,18-25
CUST07597,32,Male,80700.0,Normal,5.0,0.4,200.0,1,26-35
CUST08982,34,Male,26700.0,Combination,3.0,0.3,110.0,0,26-35
CUST03101,21,Female,36900.0,Oily,7.0,0.62,210.0,1,18-25
CUST01492,32,Female,37300.0,Combination,3.0,0.27,120.0,0,26-35
CUST07641,28,Female,114900.0,Oily,2.0,0.11,,1,26-35
CUST08625,20,Female,59300.0,Combination,2.0,0.15,,0,18-25
CUST00062,28,Male,39600.0,Combination,6.0,0.46,270.0,1,26-35
CUST04440,21,Female,43700.0,Sensitive,5.0,0.41,190.0,0,18-25
CUST04478,26,Male,79800.0,Dry,7.0,0.62,260.0,0,26-35
CUST06968,18,Female,28200.0,,5.0,0.5,160.0,1,18-25
CUST00403,41,Male,73900.0,Oily,1.0,0.13,100.0,0,36-45
CUST00333,24,Female,52400.0,Oily,4.0,0.37,180.0,1,18-25
CUST02085,43,Female,27600.0,Sensitive,2.0,0.1,100.0,1,36-45
CUST09407,29,Female,50300.0,Oily,4.0,0.34,210.0,1,26-35
CUST00165,41,Male,17000.0,Normal,6.0,0.47,160.0,0,36-45
CUST04292,18,Male,34500.0,Combination,2.0,0.19,100.0,0,18-25
CUST02716,33,Male,,Normal,3.0,0.26,180.0,1,26-35
CUST08961,30,Male,36800.0,Normal,5.0,0.45,150.0,0,26-35
CUST08704,45,Male,48300.0,Combination,4.0,0.31,150.0,1,36-45
CUST02756,19,Female,55400.0,Normal,6.0,0.44,190.0,0,18-25
CUST05501,27,Male,41500.0,Normal,2.0,0.16,110.0,1,26-35
CUST07108,36,Female,39200.0,Sensitive,3.0,0.24,140.0,0,36-45
CUST01335,37,Female,73100.0,,4.0,0.38,140.0,0,36-45
CUST07276,26,Female,58500.0,Sensitive,4.0,0.25,210.0,1,26-35
CUST01660,33,,37900.0,Combination,6.0,0.53,230.0,1,26-35
CUST03644,25,Female,67200.0,Oily,5.0,0.41,210.0,0,18-25
CUST00754,55,Male,62300.0,Dry,5.0,0.47,220.0,0,46-55
CUST06642,29,Female,65700.0,Dry,2.0,0.25,130.0,0,26-35
CUST00707,22,Male,73800.0,Oily,5.0,0.38,200.0,0,18-25
CUST03065,29,Female,49400.0,Oily,5.0,0.43,150.0,1,26-35
CUST08596,30,Female,39800.0,Oily,,0.2,100.0,1,26-35
CUST09915,37,Female,33300.0,Sensitive,4.0,0.25,100.0,1,36-45
CUST09622,34,Female,100300.0,Oily,7.0,0.66,320.0,0,26-35
CUST03543,30,Female,15700.0,Normal,1.0,0.1,100.0,1,26-35
CUST09596,31,Male,65400.0,Oily,3.0,0.2,180.0,1,26-35
CUST09021,37,Female,24400.0,Normal,5.0,0.45,130.0,1,36-45
CUST01835,38,Female,31600.0,Dry,7.0,0.59,260.0,1,36-45
CUST05360,31,Female,37100.0,Normal,4.0,0.32,140.0,0,26-35
CUST05475,35,Female,40700.0,Oily,6.0,0.42,240.0,1,26-35
CUST05857,41,Female,63100.0,Combination,2.0,0.19,110.0,0,36-45
CUST04538,35,,107900.0,Dry,2.0,0.36,150.0,1,26-35
CUST05126,48,Female,63900.0,Combination,3.0,0.34,200.0,0,46-55
CUST07002,22,Female,35800.0,Sensitive,10.0,0.9,,1,18-25
CUST07306,27,Male,29300.0,Combination,3.0,0.18,150.0,1,26-35
CUST03129,24,Female,28300.0,Combination,5.0,0.37,140.0,0,18-25
CUST06649,21,Male,48900.0,Combination,,0.29,180.0,1,18-25
CUST04825,40,Male,19300.0,Oily,5.0,0.37,190.0,1,36-45
CUST02247,18,Male,69900.0,Oily,2.0,0.22,100.0,1,18-25
CUST00836,22,Female,33200.0,Combination,9.0,0.73,240.0,0,18-25
CUST08430,45,Male,30300.0,Oily,2.0,0.18,100.0,0,36-45
CUST06384,19,Male,45800.0,Oily,3.0,0.3,170.0,1,18-25
CUST00433,31,Female,43100.0,Oily,1.0,0.08,100.0,0,26-35
CUST05729,45,Male,45400.0,Oily,9.0,0.76,250.0,1,36-45
CUST08563,27,Female,40300.0,,2.0,0.12,100.0,0,26-35
CUST04878,38,Female,17600.0,Combination,2.0,0.17,100.0,1,36-45
CUST08389,37,Female,33400.0,Oily,6.0,0.6,140.0,0,36-45
CUST06261,26,Female,30300.0,Combination,5.0,0.46,130.0,0,26-35
CUST01194,40,Female,80300.0,Dry,4.0,0.29,170.0,0,36-45
CUST06995,40,Male,93900.0,Dry,1.0,0.15,120.0,0,36-45
CUST06714,23,Female,39700.0,Oily,5.0,0.36,220.0,1,18-25
CUST07920,57,Female,57300.0,Dry,3.0,0.24,130.0,0,56+
CUST05199,25,Male,30000.0,Dry,8.0,0.72,330.0,1,18-25
CUST03096,20,Female,46400.0,Normal,9.0,0.72,320.0,1,18-25
CUST08080,59,Female,22400.0,Sensitive,3.0,0.23,110.0,0,56+
CUST02730,18,Male,36100.0,Combination,2.0,0.12,100.0,1,18-25
CUST03496,32,Male,35700.0,Combination,3.0,0.24,100.0,0,26-35
CUST00434,18,Female,44200.0,Combination,5.0,0.39,140.0,0,18-25
CUST09439,43,Male,33000.0,Dry,0.0,0.04,,1,36-45
CUST08462,34,Male,19500.0,Oily,4.0,0.36,100.0,1,26-35
CUST09131,33,Female,52800.0,Combination,2.0,0.13,130.0,0,26-35
CUST00105,22,Female,38400.0,Combination,6.0,0.48,180.0,1,18-25
CUST06439,41,Female,41700.0,Oily,7.0,0.63,260.0,1,36-45
CUST01657,36,Female,36300.0,Normal,3.0,0.27,100.0,1,36-45
CUST01534,19,Male,64400.0,Oily,1.0,0.12,110.0,1,18-25
CUST04721,18,Male,34700.0,Sensitive,4.0,0.3,150.0,0,18-25
CUST01333,42,Female,55300.0,Oily,2.0,0.2,100.0,1,36-45
CUST08210,46,Female,24400.0,,1.0,0.12,100.0,1,46-55
CUST09507,29,Female,36900.0,Oily,7.0,0.56,250.0,1,26-35
CUST01444,48,Male,26500.0,Dry,1.0,0.03,100.0,0,46-55
CUST00215,28,Female,47200.0,Normal,6.0,0.54,240.0,1,26-35
CUST05404,32,Female,35600.0,Oily,5.0,0.36,240.0,0,26-35
CUST03406,18,Female,31100.0,Combination,10.0,0.96,290.0,1,18-25
CUST04533,52,Female,15000.0,Dry,5.0,0.37,110.0,0,46-55
CUST03828,35,Female,41100.0,Dry,3.0,0.28,,1,26-35
CUST01420,32,Female,50900.0,Oily,5.0,0.34,220.0,1,26-35
CUST03119,23,Male,,Sensitive,4.0,0.33,150.0,0,18-25
CUST09175,58,Male,32000.0,Sensitive,2.0,0.11,120.0,0,56+
CUST00182,34,Male,38200.0,Oily,4.0,0.33,130.0,1,26-35
CUST04000,18,Female,41800.0,Oily,5.0,0.4,160.0,0,18-25
CUST08738,48,Female,15900.0,Combination,2.0,0.24,100.0,0,46-55
CUST02447,28,Male,19900.0,Dry,4.0,0.33,120.0,0,26-35
CUST05369,32,Male,58400.0,Combination,4.0,0.33,160.0,0,26-35
CUST05217,23,Female,51500.0,Oily,2.0,0.24,100.0,1,18-25
CUST05734,32,Female,30400.0,Oily,5.0,0.44,200.0,1,26-35
CUST03598,26,Female,56700.0,Dry,1.0,0.09,100.0,0,26-35
CUST03092,25,Male,50500.0,Dry,4.0,0.35,180.0,1,18-25
CUST08044,18,Male,48200.0,Oily,5.0,0.41,220.0,1,18-25
CUST09550,27,Female,36500.0,Sensitive,6.0,0.44,200.0,0,26-35
CUST00071,18,Male,48600.0,Sensitive,3.0,0.22,150.0,1,18-25
CUST00545,29,Male,51000.0,Oily,4.0,0.24,130.0,1,26-35
CUST01205,25,Male,50200.0,Sensitive,4.0,0.37,200.0,0,18-25
CUST03131,39,Female,47800.0,Combination,8.0,0.67,330.0,1,36-45
CUST09144,36,Male,43900.0,Oily,3.0,0.21,100.0,1,36-45
CUST08958,43,Female,,Oily,3.0,0.19,100.0,0,36-45
CUST09772,45,Female,52200.0,Combination,5.0,0.43,250.0,1,36-45
CUST09660,46,Female,44400.0,Normal,3.0,0.28,160.0,0,46-55
CUST08365,35,Female,110300.0,Dry,5.0,0.49,270.0,1,26-35
CUST04961,25,Male,76000.0,Combination,7.0,0.57,170.0,1,18-25
CUST09141,38,Female,47600.0,Oily,1.0,0.1,100.0,0,36-45
CUST08751,18,Male,25600.0,Oily,1.0,0.07,100.0,0,18-25
CUST00878,30,Female,30800.0,Oily,3.0,0.21,100.0,1,26-35
CUST08128,47,Male,41400.0,Dry,3.0,0.25,110.0,0,46-55
CUST00197,39,Female,45200.0,Sensitive,5.0,0.32,180.0,1,36-45
CUST09786,34,Male,117100.0,Normal,6.0,0.46,,0,26-35
CUST03356,18,Female,59500.0,,5.0,0.5,220.0,0,18-25
CUST04695,31,Female,40000.0,Oily,4.0,0.26,170.0,0,26-35
CUST02572,39,Female,55700.0,Combination,3.0,0.27,100.0,1,36-45
CUST08041,27,Female,45500.0,Sensitive,3.0,0.21,150.0,1,26-35
CUST07302,25,Male,33200.0,Dry,6.0,0.45,230.0,0,18-25
CUST08666,18,Male,19800.0,Combination,6.0,0.47,130.0,1,18-25
CUST09406,18,Male,44500.0,Dry,5.0,0.38,210.0,0,18-25
CUST06214,34,Female,88300.0,Oily,7.0,0.67,,0,26-35
CUST04833,20,Male,17300.0,Oily,2.0,0.14,100.0,1,18-25
CUST05385,49,Female,33600.0,Oily,3.0,0.24,100.0,0,46-55
CUST07446,44,Female,33000.0,Combination,1.0,0.06,100.0,1,36-45
CUST02869,33,Female,36300.0,Normal,2.0,0.23,100.0,1,26-35
CUST02719,43,Female,43200.0,Normal,1.0,0.03,100.0,0,36-45
CUST08693,30,Male,66000.0,Combination,4.0,0.32,170.0,1,26-35
CUST05337,41,Female,29000.0,Normal,1.0,0.2,100.0,1,36-45
CUST04752,35,Male,44600.0,Combination,1.0,0.01,100.0,1,26-35
CUST09030,40,Female,37500.0,Dry,2.0,0.22,100.0,1,36-45
CUST03571,40,Male,46300.0,Normal,6.0,0.58,150.0,1,36-45
CUST08094,33,Female,29900.0,Combination,4.0,0.24,170.0,1,26-35
CUST02683,43,Female,45800.0,Oily,8.0,0.74,280.0,0,36-45
CUST09666,35,Female,56800.0,Combination,5.0,0.38,200.0,1,26-35
CUST03423,44,Male,25200.0,Normal,5.0,0.5,200.0,0,36-45
CUST06042,31,Female,42500.0,Normal,4.0,0.27,120.0,1,26-35
CUST04685,25,Male,39700.0,Combination,3.0,0.26,140.0,1,18-25
CUST00219,30,Male,20600.0,Sensitive,2.0,0.12,100.0,0,26-35
CUST04852,30,Male,76800.0,Oily,3.0,0.25,180.0,1,26-35
CUST06952,52,Female,38600.0,Sensitive,4.0,0.33,150.0,0,46-55
CUST07014,28,Female,45700.0,Normal,3.0,0.2,170.0,1,26-35
CUST02544,41,Female,41700.0,Oily,5.0,0.49,220.0,1,36-45
CUST09548,18,Male,34400.0,Normal,2.0,0.18,110.0,1,18-25
CUST01245,43,Male,44000.0,Dry,5.0,0.39,210.0,1,36-45
CUST00421,33,Female,51300.0,Combination,3.0,0.16,150.0,0,26-35
CUST06283,39,Male,81400.0,Oily,5.0,0.37,210.0,1,36-45
CUST02059,25,Female,77700.0,Oily,7.0,0.52,330.0,1,18-25
CUST09965,31,Female,32200.0,Dry,2.0,0.16,100.0,1,26-35
CUST09038,47,Female,33400.0,Dry,2.0,0.23,100.0,0,46-55
CUST03579,38,Male,61200.0,Normal,7.0,0.69,190.0,1,36-45
CUST04550,23,Male,68700.0,Sensitive,2.0,0.13,120.0,0,18-25
CUST01167,59,Male,20500.0,Dry,3.0,0.26,100.0,0,56+
CUST00255,29,Male,64000.0,Combination,5.0,0.49,190.0,1,26-35
CUST00416,34,Female,54300.0,Oily,4.0,0.28,100.0,0,26-35
CUST09213,41,Female,46300.0,Normal,4.0,0.38,180.0,1,36-45
CUST04053,36,Female,25900.0,Oily,3.0,0.27,120.0,1,36-45
CUST07436,18,Male,40500.0,Oily,6.0,0.47,180.0,1,18-25
CUST00760,37,Female,29600.0,Combination,3.0,0.25,100.0,0,36-45
CUST01386,33,Female,119000.0,Combination,6.0,0.5,240.0,0,26-35
CUST00655,38,Female,27300.0,Normal,2.0,0.12,100.0,1,36-45
CUST01202,27,Female,29300.0,Normal,7.0,0.51,230.0,0,26-35
CUST02414,18,Female,57600.0,Sensitive,5.0,0.38,220.0,1,18-25
CUST03974,51,Male,61700.0,Sensitive,4.0,0.28,140.0,0,46-55
CUST05810,21,Female,32300.0,Sensitive,4.0,0.33,110.0,0,18-25
CUST07875,32,Male,36800.0,Normal,4.0,0.35,170.0,0,26-35
CUST07817,39,Male,,Normal,5.0,0.43,100.0,1,36-45
CUST03108,33,Female,73300.0,Sensitive,3.0,0.25,150.0,0,26-35
CUST02831,22,Female,24700.0,Oily,6.0,0.49,190.0,1,18-25
CUST04731,30,Female,,Sensitive,3.0,0.29,100.0,1,26-35
CUST00329,19,Male,22100.0,Oily,2.0,0.09,100.0,0,18-25
CUST06001,34,Male,46100.0,Oily,5.0,0.39,170.0,1,26-35
CUST08561,43,Female,28500.0,Normal,4.0,0.29,130.0,1,36-45
CUST09769,37,Female,74900.0,Normal,3.0,0.24,190.0,0,36-45
CUST02064,36,Female,46700.0,Combination,7.0,0.56,300.0,1,36-45
CUST06628,29,Male,15000.0,Oily,4.0,0.28,150.0,1,26-35
CUST08930,24,Female,35300.0,Oily,7.0,0.6,290.0,1,18-25
CUST05616,28,Male,73000.0,Sensitive,2.0,0.18,120.0,1,26-35
CUST05383,25,Male,63700.0,Oily,4.0,0.31,170.0,0,18-25
CUST09429,19,Female,49600.0,Dry,6.0,0.54,220.0,1,18-25
CUST01282,18,Female,28800.0,Oily,2.0,0.26,100.0,1,18-25
CUST05118,30,Female,23700.0,Combination,4.0,0.35,140.0,1,26-35
CUST02637,28,Male,28800.0,,5.0,0.44,210.0,1,26-35
CUST03388,26,Female,84700.0,Oily,3.0,0.2,110.0,1,26-35
CUST06493,20,Male,47500.0,Combination,5.0,0.33,140.0,0,18-25
CUST04522,36,Male,24600.0,Combination,5.0,0.39,150.0,1,36-45
CUST02946,34,Male,42400.0,Sensitive,3.0,0.31,150.0,1,26-35
CUST09774,38,Male,45900.0,Dry,4.0,0.39,,1,36-45
CUST08679,18,Male,63100.0,Sensitive,9.0,0.59,260.0,1,18-25
CUST04809,26,Female,51700.0,Dry,4.0,0.37,180.0,0,26-35
CUST02664,18,Male,42000.0,Combination,0.0,0.0,100.0,0,18-25
CUST08318,18,Female,15000.0,Combination,2.0,0.11,100.0,1,18-25
CUST01283,18,Male,80800.0,Dry,7.0,0.71,260.0,1,18-25
CUST03545,29,Female,26600.0,Oily,6.0,0.49,220.0,1,26-35
CUST01363,18,Female,43300.0,Combination,9.0,0.74,360.0,0,18-25
CUST01438,18,Male,107300.0,Sensitive,3.0,0.18,240.0,1,18-25
CUST09668,42,Female,26500.0,Dry,4.0,0.45,140.0,0,36-45
CUST07047,38,Female,77200.0,Oily,1.0,0.07,100.0,0,36-45
CUST00057,29,Female,49500.0,Combination,4.0,0.39,170.0,1,26-35
CUST05480,21,Male,142700.0,Combination,1.0,0.07,150.0,1,18-25
CUST08516,18,Female,,Dry,5.0,0.41,220.0,0,18-25
CUST07424,34,Female,48100.0,Dry,6.0,0.47,190.0,1,26-35
CUST01845,18,Female,30900.0,Normal,4.0,0.28,170.0,0,18-25
CUST08823,29,Female,66200.0,Combination,4.0,0.3,160.0,1,26-35
CUST08611,56,Female,63900.0,Oily,5.0,0.48,260.0,0,56+
CUST05624,18,Female,27700.0,Sensitive,5.0,0.51,170.0,0,18-25
CUST02881,35,Female,93200.0,Combination,,0.19,150.0,0,26-35
CUST01744,18,Female,37700.0,Normal,1.0,0.1,100.0,1,18-25
CUST09998,33,Male,15500.0,Oily,2.0,0.14,100.0,0,26-35
CUST06202,23,Male,115700.0,Sensitive,4.0,0.25,170.0,0,18-25
CUST04227,36,Male,66200.0,Sensitive,5.0,0.37,160.0,1,36-45
CUST04346,36,Female,31500.0,Sensitive,4.0,0.37,140.0,0,36-45
CUST00741,43,Male,36500.0,Sensitive,3.0,0.31,140.0,0,36-45
CUST06428,20,Male,40700.0,Oily,2.0,0.23,100.0,0,18-25
CUST07460,31,Female,60100.0,Normal,1.0,0.07,110.0,0,26-35
CUST01625,34,Male,,Oily,5.0,0.36,130.0,0,26-35
CUST00525,47,Male,40700.0,Normal,5.0,0.38,150.0,0,46-55
CUST09000,33,MALE,34300.0,Dry,5.0,0.39,,1,26-35
CUST07620,47,Female,76300.0,Oily,2.0,0.12,110.0,1,46-55
CUST05539,38,Male,69200.0,Oily,0.0,0.0,100.0,0,36-45
CUST07406,29,Male,24800.0,Dry,3.0,0.21,100.0,1,26-35
CUST03258,50,Male,44100.0,Normal,4.0,0.24,130.0,0,46-55
CUST00436,25,Female,32900.0,Normal,2.0,0.16,100.0,0,18-25
CUST07964,20,Female,54100.0,Oily,10.0,0.84,400.0,1,18-25
CUST05063,21,Female,19400.0,Combination,4.0,0.25,180.0,0,18-25
CUST00309,38,Female,37200.0,Normal,4.0,0.38,110.0,1,36-45
CUST01566,25,Female,44000.0,Dry,3.0,0.3,150.0,1,18-25
CUST02632,21,Male,59700.0,Oily,10.0,0.77,,0,18-25
CUST09447,23,Female,30300.0,Normal,8.0,0.56,160.0,1,18-25
CUST04477,35,Female,40700.0,Dry,1.0,0.11,100.0,1,26-35
CUST00402,34,Female,18200.0,Combination,3.0,0.19,100.0,0,26-35
CUST07915,20,Male,33400.0,Combination,5.0,0.41,170.0,0,18-25
CUST00882,42,Female,64500.0,Dry,7.0,0.52,260.0,0,36-45
CUST06430,29,Female,42000.0,Combination,2.0,0.07,110.0,0,26-35
CUST08118,20,Male,104100.0,Combination,5.0,0.39,240.0,0,18-25
CUST06396,29,Female,122800.0,Sensitive,5.0,0.5,230.0,0,26-35
CUST09705,38,Female,35100.0,Normal,0.0,0.0,100.0,1,36-45
CUST08442,47,Female,61500.0,Oily,6.0,0.49,280.0,1,46-55
CUST04863,39,Male,52700.0,Normal,4.0,0.31,120.0,0,36-45
CUST05786,51,Male,43000.0,Oily,10.0,0.79,400.0,0,46-55
CUST05899,37,Female,37500.0,Dry,3.0,0.22,110.0,0,36-45
CUST00289,29,Female,27500.0,Oily,1.0,0.02,100.0,0,26-35
CUST05478,39,Female,43700.0,Dry,0.0,0.01,100.0,0,36-45
CUST08360,33,Female,87400.0,Combination,2.0,0.14,170.0,1,26-35
CUST02624,34,Female,37200.0,Combination,1.0,0.14,100.0,1,26-35
CUST05994,29,Male,24700.0,Normal,5.0,0.42,150.0,0,26-35
CUST00477,44,Male,27300.0,Combination,2.0,0.18,100.0,1,36-45
CUST07945,30,Male,30600.0,Combination,9.0,0.78,310.0,1,26-35
CUST09189,29,Male,16000.0,Sensitive,5.0,0.45,140.0,1,26-35
CUST03827,41,Female,38600.0,Dry,8.0,0.68,250.0,0,36-45
CUST03661,32,Female,30100.0,Oily,2.0,0.15,110.0,0,26-35
CUST03039,23,,53100.0,Sensitive,8.0,0.67,260.0,1,18-25
CUST00738,41,Male,68400.0,Oily,4.0,0.33,200.0,0,36-45
CUST03188,24,Male,19800.0,Oily,2.0,0.21,100.0,1,18-25
CUST04939,40,Female,61200.0,Normal,4.0,0.34,170.0,0,36-45
CUST06609,39,Female,30400.0,Oily,4.0,0.3,170.0,0,36-45
CUST05455,24,Female,40500.0,Oily,1.0,0.17,100.0,0,18-25
CUST08510,28,Male,48000.0,Oily,4.0,0.39,210.0,1,26-35
CUST08238,35,,29000.0,Combination,4.0,0.39,,0,26-35
CUST04193,38,Female,28700.0,Dry,2.0,0.15,100.0,1,36-45
CUST05235,25,Female,19700.0,,3.0,0.23,110.0,1,18-25
CUST08922,39,Male,26200.0,Oily,4.0,0.25,170.0,1,36-45
CUST05033,46,Female,17900.0,Dry,5.0,0.39,140.0,0,46-55
CUST03747,18,Male,63000.0,Oily,7.0,0.64,230.0,1,18-25
CUST01840,22,Female,35000.0,Combination,4.0,0.4,110.0,0,18-25
CUST01996,36,Male,46800.0,Combination,6.0,0.54,180.0,1,36-45
CUST02400,38,Female,126300.0,Dry,4.0,0.4,260.0,1,36-45
CUST04296,37,Female,48700.0,Combination,0.0,0.0,100.0,1,36-45
CUST07230,42,Female,96200.0,Normal,0.0,0.0,100.0,0,36-45
CUST04158,47,Female,45100.0,Combination,6.0,0.53,210.0,1,46-55
CUST03578,34,Male,73700.0,Oily,2.0,0.15,130.0,1,26-35
CUST00801,23,Male,18900.0,Normal,3.0,0.17,100.0,1,18-25
CUST08316,37,Male,21000.0,Combination,4.0,0.31,110.0,1,36-45
CUST09583,40,Female,28400.0,Sensitive,4.0,0.36,150.0,0,36-45
CUST01406,40,Male,42500.0,Oily,3.0,0.27,170.0,1,36-45
CUST05479,42,Female,30900.0,Oily,1.0,0.06,100.0,1,36-45
CUST00070,30,Female,50200.0,Combination,8.0,0.67,350.0,0,26-35
CUST05776,35,Male,40800.0,Sensitive,3.0,0.19,150.0,1,26-35
CUST02760,42,Female,124000.0,Oily,1.0,0.04,140.0,0,36-45
CUST04185,32,Female,,Dry,3.0,0.29,110.0,1,26-35
CUST01587,18,Male,86700.0,Oily,7.0,0.55,250.0,1,18-25
CUST09471,39,Female,33400.0,Oily,1.0,0.03,100.0,1,36-45
CUST06023,30,Male,71800.0,Dry,4.0,0.29,,1,26-35
CUST01075,22,Female,39300.0,Oily,6.0,0.48,230.0,0,18-25
CUST06178,32,Male,80700.0,Sensitive,5.0,0.39,180.0,1,26-35
CUST05520,21,Female,37800.0,Combination,8.0,0.54,320.0,0,18-25
CUST08286,41,Female,22300.0,,5.0,0.41,200.0,0,36-45
CUST09107,38,Male,40700.0,Dry,7.0,0.53,210.0,0,36-45
CUST02604,34,Female,41700.0,Dry,5.0,0.37,170.0,1,26-35
CUST06179,18,Male,21000.0,Dry,3.0,0.32,100.0,0,18-25
CUST01580,36,Male,17200.0,Normal,4.0,0.32,170.0,0,36-45
CUST05418,43,Male,50100.0,Oily,4.0,0.28,190.0,0,36-45
CUST09993,26,Male,39200.0,Dry,5.0,0.38,190.0,1,26-35
CUST06044,18,Male,24100.0,Dry,6.0,0.5,130.0,0,18-25
CUST00410,18,Male,38000.0,Oily,4.0,0.29,110.0,1,18-25
CUST06978,38,Male,31300.0,,9.0,0.72,210.0,1,36-45
CUST05663,29,Female,33300.0,Combination,3.0,0.2,,0,26-35
CUST05650,32,Male,58800.0,Normal,2.0,0.16,100.0,0,26-35
CUST05279,27,Male,18800.0,Normal,4.0,0.25,160.0,0,26-35
CUST04732,29,Male,39900.0,Normal,5.0,0.41,210.0,1,26-35
CUST02727,22,Female,24000.0,Oily,,0.43,210.0,1,18-25
CUST00478,19,Female,49400.0,Dry,2.0,0.2,100.0,0,18-25
CUST01330,40,Female,,Dry,6.0,0.46,290.0,0,36-45
CUST02284,35,Female,32200.0,Combination,5.0,0.3,220.0,1,26-35
CUST09682,31,Male,47200.0,Oily,4.0,0.39,190.0,0,26-35
CUST04615,26,Female,65300.0,Dry,5.0,0.38,130.0,1,26-35
CUST01778,34,Female,63600.0,Normal,1.0,0.05,100.0,0,26-35
CUST08682,40,Female,54900.0,Combination,7.0,0.54,240.0,1,36-45
CUST00752,29,Female,30400.0,,5.0,0.34,180.0,0,26-35
CUST05844,37,Female,23000.0,Oily,2.0,0.22,100.0,0,36-45
CUST08621,43,Male,36300.0,Normal,8.0,0.67,220.0,1,36-45
CUST09957,39,Female,59200.0,Dry,3.0,0.31,120.0,0,36-45
CUST06085,20,,17700.0,Oily,6.0,0.5,220.0,0,18-25
CUST09646,20,Male,39300.0,Oily,6.0,0.47,240.0,1,18-25
CUST03704,23,Female,71500.0,Dry,9.0,0.75,,1,18-25
CUST05911,50,Male,30200.0,Dry,3.0,0.23,120.0,0,46-55
CUST07622,29,Female,36700.0,Sensitive,6.0,0.5,270.0,1,26-35
CUST07647,18,Female,52600.0,Oily,5.0,0.44,140.0,1,18-25
CUST00469,44,Female,36400.0,Combination,6.0,0.54,170.0,1,36-45
CUST01546,29,Male,46000.0,Normal,5.0,0.46,140.0,0,26-35
CUST06367,51,Female,59000.0,Combination,8.0,0.72,310.0,0,46-55
CUST02684,24,Male,40200.0,Combination,3.0,0.22,110.0,1,18-25
CUST08069,39,Female,51500.0,Oily,1.0,0.17,100.0,0,36-45
CUST08505,20,Female,90600.0,,4.0,0.34,150.0,0,18-25
CUST01026,28,Female,40700.0,Oily,9.0,0.72,190.0,1,26-35
CUST03992,21,Male,29300.0,Combination,3.0,0.36,120.0,0,18-25
CUST03442,33,Male,63900.0,Sensitive,4.0,0.31,170.0,0,26-35
CUST08889,51,Male,55700.0,Normal,4.0,0.32,140.0,1,46-55
CUST02355,19,Female,26300.0,Combination,6.0,0.48,200.0,1,18-25
CUST07112,43,Female,29100.0,Normal,7.0,0.51,290.0,0,36-45
CUST03669,18,Male,45900.0,Combination,2.0,0.2,100.0,1,18-25
CUST00774,47,Male,46000.0,Combination,7.0,0.59,170.0,1,46-55
CUST09872,35,Female,58000.0,Combination,6.0,0.48,210.0,1,26-35
CUST08847,30,Male,66100.0,Dry,0.0,0.0,100.0,0,26-35
CUST03444,28,Female,21500.0,Oily,4.0,0.33,150.0,0,26-35
CUST07717,46,Male,83700.0,Dry,4.0,0.42,160.0,1,46-55
CUST00642,40,Female,75200.0,Oily,10.0,0.88,370.0,0,36-45
CUST04272,20,Male,26200.0,Oily,1.0,0.1,100.0,1,18-25
CUST03886,33,Female,15000.0,Dry,4.0,0.38,150.0,1,26-35
CUST09661,32,Male,27300.0,Oily,4.0,0.39,120.0,1,26-35
CUST08567,33,Female,29200.0,Dry,3.0,0.22,100.0,0,26-35
CUST01109,46,Female,49900.0,Normal,6.0,0.5,250.0,0,46-55
CUST08905,50,Female,36800.0,Combination,,0.49,180.0,0,46-55
CUST04100,30,Female,38200.0,Sensitive,1.0,0.0,100.0,0,26-35
CUST01421,30,Female,56800.0,Combination,7.0,0.65,240.0,1,26-35
CUST05806,28,Female,27900.0,Combination,8.0,0.75,290.0,1,26-35
CUST09856,28,Female,30900.0,Combination,3.0,0.25,120.0,1,26-35
CUST04953,31,Female,26000.0,Oily,7.0,0.6,300.0,1,26-35
CUST05271,42,Female,52900.0,Dry,3.0,0.19,120.0,1,36-45
CUST04982,34,Female,31500.0,Dry,3.0,0.28,140.0,1,26-35
CUST06833,42,Female,31100.0,Combination,10.0,0.81,290.0,0,36-45
CUST07878,38,Male,79600.0,Oily,5.0,0.39,250.0,0,36-45
CUST01681,18,Male,46700.0,Normal,3.0,0.26,100.0,1,18-25
CUST06774,29,Female,25200.0,Combination,7.0,0.58,300.0,0,26-35
CUST00634,18,Female,72100.0,Normal,1.0,0.08,110.0,0,18-25
CUST02570,37,Female,28000.0,Oily,3.0,0.14,140.0,1,36-45
CUST03397,22,Female,88700.0,Normal,7.0,0.62,270.0,1,18-25
CUST02167,63,Male,62200.0,Oily,,0.42,210.0,0,56+
CUST00364,20,Female,53600.0,Sensitive,7.0,0.63,290.0,1,18-25
CUST06825,35,Female,44100.0,Oily,3.0,0.29,140.0,1,26-35
CUST02826,31,Female,72900.0,Sensitive,2.0,0.18,160.0,0,26-35
CUST05267,18,Male,61600.0,Oily,4.0,0.39,190.0,0,18-25
CUST08040,50,Female,34200.0,Sensitive,2.0,0.13,100.0,0,46-55
CUST07583,39,Male,60400.0,Normal,3.0,0.14,170.0,0,36-45
CUST05800,37,Female,22000.0,Dry,5.0,0.43,100.0,1,36-45
CUST03583,33,Female,16500.0,Normal,3.0,0.19,100.0,0,26-35
CUST06350,32,Male,40800.0,Normal,3.0,0.25,110.0,1,26-35
CUST07154,33,Male,32700.0,Sensitive,3.0,0.2,110.0,0,26-35
CUST03320,41,Male,,Oily,1.0,0.14,100.0,0,36-45
CUST01173,31,Male,45400.0,Oily,7.0,0.58,220.0,1,26-35
CUST07367,27,Female,67400.0,Combination,5.0,0.42,200.0,0,26-35
CUST07938,36,Male,,Oily,6.0,0.49,180.0,0,36-45
CUST04387,29,Male,44400.0,Normal,3.0,0.26,150.0,1,26-35
CUST02577,23,Male,93100.0,Oily,3.0,0.21,160.0,1,18-25
CUST01990,18,Male,96900.0,Oily,4.0,0.3,150.0,0,18-25
CUST07035,27,Male,46600.0,Sensitive,2.0,0.19,100.0,1,26-35
CUST03146,36,Male,32800.0,Oily,3.0,0.26,110.0,1,36-45
CUST08744,18,Male,35300.0,Combination,4.0,0.22,190.0,0,18-25
CUST04197,35,Female,35400.0,Dry,2.0,0.14,110.0,1,26-35
CUST03464,18,Female,28100.0,Sensitive,1.0,0.05,100.0,1,18-25
CUST02629,23,Female,68200.0,Oily,5.0,0.38,240.0,0,18-25
CUST07869,42,Female,37000.0,Normal,5.0,0.39,150.0,0,36-45
CUST01411,27,Male,15000.0,Normal,1.0,0.09,100.0,1,26-35
CUST04857,18,Female,57200.0,Dry,3.0,0.27,160.0,0,18-25
CUST09985,42,Male,29600.0,Normal,3.0,0.31,120.0,0,36-45
CUST04342,44,Female,52800.0,Normal,6.0,0.51,240.0,1,36-45
CUST05010,35,Male,17600.0,Dry,2.0,0.19,100.0,1,26-35
CUST06809,41,Female,33500.0,,4.0,0.41,150.0,1,36-45
CUST08967,28,Male,28900.0,Oily,7.0,0.57,290.0,1,26-35
CUST00816,35,Female,39300.0,Dry,4.0,0.37,160.0,1,26-35
CUST02405,22,Female,71900.0,Combination,7.0,0.46,270.0,1,18-25
CUST05831,20,Female,33500.0,Oily,4.0,0.28,140.0,1,18-25
CUST09996,50,Female,37800.0,Normal,2.0,0.24,100.0,1,46-55
CUST02132,58,Male,68200.0,Dry,2.0,0.11,130.0,0,56+
CUST01798,30,Male,39500.0,Oily,8.0,0.56,250.0,1,26-35
CUST03091,46,Male,22700.0,Dry,3.0,0.23,100.0,0,46-55
CUST04223,68,Female,26200.0,Sensitive,6.0,0.51,130.0,0,56+
CUST04605,31,Female,28000.0,Sensitive,4.0,0.21,100.0,0,26-35
CUST03123,40,Female,43300.0,Normal,5.0,0.43,,1,36-45
CUST09893,25,Female,43000.0,Sensitive,3.0,0.28,100.0,0,18-25
CUST05147,49,Female,,Combination,4.0,0.37,170.0,0,46-55
CUST00123,34,Female,50300.0,Normal,4.0,0.35,120.0,1,26-35
CUST00180,35,Female,,Combination,3.0,0.31,150.0,1,26-35
CUST09288,21,Male,34800.0,Sensitive,4.0,0.3,,0,18-25
CUST05573,18,Male,45600.0,Oily,4.0,0.27,140.0,1,18-25
CUST04563,36,Female,26400.0,Sensitive,4.0,0.34,110.0,1,36-45
CUST03860,36,Male,39500.0,Dry,5.0,0.44,200.0,1,36-45
CUST05036,18,Female,57300.0,,3.0,0.2,100.0,1,18-25
CUST01158,48,Female,,Oily,7.0,0.55,320.0,1,46-55
CUST08138,39,Female,46800.0,Dry,5.0,0.42,230.0,1,36-45
CUST01533,43,Male,57100.0,Sensitive,6.0,0.5,190.0,0,36-45
CUST03617,45,Female,43000.0,Dry,4.0,0.34,160.0,1,36-45
CUST06359,-5,Female,21800.0,Oily,2.0,0.23,100.0,0,36-45
CUST09148,22,Male,66800.0,Oily,2.0,0.2,100.0,1,18-25
CUST01536,21,Female,28300.0,Normal,2.0,0.12,100.0,0,18-25
CUST08157,30,Female,73700.0,Combination,5.0,0.41,200.0,1,26-35
CUST03791,27,Female,32200.0,Normal,3.0,0.28,130.0,0,26-35
CUST02606,22,Male,26100.0,Combination,5.0,0.33,180.0,0,18-25
CUST03740,27,Female,22300.0,Combination,7.0,0.62,170.0,1,26-35
CUST09652,50,Female,57300.0,Oily,1.0,0.06,110.0,0,46-55
CUST07521,18,Female,33400.0,Oily,2.0,0.29,110.0,1,18-25
CUST02178,38,Male,37800.0,Sensitive,4.0,0.3,180.0,0,36-45
CUST08058,46,Female,46500.0,Sensitive,3.0,0.21,100.0,1,46-55
CUST02352,39,Female,37400.0,Normal,5.0,0.39,150.0,0,36-45
CUST06086,18,Female,44700.0,Dry,2.0,0.15,100.0,1,18-25
CUST05932,24,Female,40900.0,Combination,3.0,0.29,,1,18-25
CUST02135,23,Female,19200.0,Dry,2.0,0.13,100.0,1,18-25
CUST01481,37,Male,39700.0,Combination,8.0,0.69,170.0,1,36-45
CUST02794,26,Female,72500.0,Combination,3.0,0.32,160.0,0,26-35
CUST04886,28,Female,72300.0,Dry,3.0,0.22,140.0,0,26-35
CUST09820,20,Female,36600.0,Combination,1.0,0.04,,1,18-25
CUST09974,18,Female,48500.0,Oily,2.0,0.17,100.0,1,18-25
CUST05838,24,Female,36400.0,Dry,2.0,0.12,120.0,1,18-25
CUST03306,38,Male,36100.0,Dry,3.0,0.25,,1,36-45
CUST06096,43,Female,34900.0,Normal,6.0,0.48,220.0,0,36-45
CUST03880,35,Female,67800.0,Sensitive,7.0,0.59,310.0,0,26-35
CUST09050,24,Female,35200.0,Oily,1.0,0.04,100.0,1,18-25
CUST08129,41,Female,23800.0,Normal,8.0,0.59,190.0,0,36-45
CUST04129,30,Male,25400.0,Sensitive,6.0,0.43,220.0,0,26-35
CUST03687,19,Male,60300.0,Dry,4.0,0.28,210.0,0,18-25
CUST01953,18,Female,31300.0,Oily,2.0,0.19,100.0,0,18-25
CUST00556,29,Female,29400.0,Oily,5.0,0.46,100.0,1,26-35
CUST04303,24,Female,34800.0,Combination,2.0,0.22,100.0,1,18-25
CUST01164,18,Male,83400.0,Oily,3.0,0.23,220.0,1,18-25
CUST01585,31,Female,48700.0,Sensitive,7.0,0.56,300.0,0,26-35
CUST06206,18,Female,46800.0,Normal,6.0,0.44,240.0,1,18-25
CUST04581,28,Female,19900.0,,3.0,0.25,100.0,1,26-35
CUST06121,54,Male,35900.0,Sensitive,2.0,0.22,100.0,1,46-55
CUST05309,47,Female,54800.0,Oily,2.0,0.14,140.0,1,46-55
CUST05287,22,Female,27800.0,Oily,3.0,0.24,100.0,0,18-25
CUST07979,40,Female,50800.0,Normal,4.0,0.38,130.0,1,36-45
CUST07916,27,Male,24400.0,Combination,4.0,0.35,140.0,1,26-35
CUST01599,49,Male,39000.0,Combination,,0.39,130.0,1,46-55
CUST07244,18,Male,65700.0,,1.0,0.07,100.0,1,18-25
CUST00301,51,Female,35700.0,Dry,3.0,0.27,140.0,0,46-55
CUST08445,40,Male,30100.0,Normal,3.0,0.25,120.0,0,36-45
CUST09700,51,Female,39600.0,Oily,7.0,0.65,220.0,0,46-55
CUST04194,21,Female,25800.0,Sensitive,3.0,0.31,110.0,0,18-25
CUST09319,39,Female,65300.0,Combination,3.0,0.28,110.0,1,36-45
CUST08399,19,Male,45400.0,Combination,2.0,0.12,130.0,0,18-25
CUST04374,51,Female,79100.0,Normal,5.0,0.41,200.0,0,46-55
CUST02859,28,Female,76400.0,Oily,2.0,0.1,110.0,1,26-35
CUST08955,38,Male,34800.0,Oily,9.0,0.76,190.0,1,36-45
CUST03143,29,Female,20900.0,Combination,4.0,0.36,170.0,0,26-35
CUST01360,29,Male,,Combination,2.0,0.25,100.0,0,26-35
CUST04573,35,Female,81700.0,Normal,5.0,0.36,170.0,0,26-35
CUST04002,42,Female,30600.0,Combination,4.0,0.33,170.0,1,36-45
CUST03206,28,Female,47200.0,Sensitive,2.0,0.15,100.0,1,26-35
CUST05737,37,F,86300.0,Normal,7.0,0.6,280.0,0,36-45
CUST00487,23,Female,81200.0,Dry,4.0,0.41,140.0,1,18-25
CUST09101,48,Male,29300.0,Combination,5.0,0.35,120.0,1,46-55
CUST09354,34,Female,99200.0,Oily,7.0,0.53,,1,26-35
CUST05795,21,Male,29300.0,Normal,5.0,0.5,190.0,1,18-25
CUST04901,18,Female,67300.0,Sensitive,4.0,0.24,140.0,1,18-25
CUST09537,31,Female,57300.0,Oily,2.0,0.13,120.0,1,26-35
CUST08616,28,Female,49900.0,Combination,9.0,0.76,290.0,1,26-35
CUST01153,35,Female,36300.0,Oily,4.0,0.31,160.0,1,26-35
CUST08747,47,Female,38900.0,Oily,4.0,0.31,120.0,1,46-55
CUST09781,31,Female,34200.0,Oily,3.0,0.25,120.0,0,26-35
CUST03788,32,Female,53700.0,Dry,4.0,0.29,170.0,0,26-35
CUST07923,23,Male,33800.0,Sensitive,6.0,0.54,240.0,1,18-25
CUST04964,27,Female,42900.0,Dry,1.0,0.06,100.0,0,26-35
CUST05379,29,Female,35900.0,Oily,1.0,0.06,100.0,1,26-35
CUST06245,49,Male,46100.0,Dry,3.0,0.13,110.0,0,46-55
CUST09742,44,Female,53800.0,Normal,5.0,0.46,,0,36-45
CUST08305,18,Male,18000.0,Dry,4.0,0.36,120.0,0,18-25
CUST05362,34,Female,58900.0,Dry,3.0,0.2,130.0,1,26-35
CUST08450,54,Female,49900.0,Normal,9.0,0.78,350.0,0,46-55
CUST00666,18,Female,36000.0,Combination,1.0,0.11,100.0,0,18-25
CUST06538,19,Male,36800.0,Dry,7.0,0.63,290.0,0,18-25
CUST06957,28,Male,30200.0,Combination,6.0,0.56,140.0,1,26-35
CUST07347,46,Female,103500.0,Oily,3.0,0.23,230.0,0,46-55
CUST00643,55,Female,84700.0,Dry,2.0,0.19,120.0,0,46-55
CUST09280,30,Male,23000.0,Normal,2.0,0.24,100.0,0,26-35
CUST00177,49,Female,51800.0,Combination,4.0,0.23,200.0,0,46-55
CUST06097,43,Female,61000.0,Oily,4.0,0.39,200.0,1,36-45
CUST09950,27,Male,17600.0,Oily,3.0,0.24,100.0,1,26-35
CUST06877,22,Female,79900.0,Sensitive,5.0,0.44,260.0,0,18-25
CUST00787,32,Female,49500.0,Oily,3.0,0.27,100.0,1,26-35
CUST06448,32,Male,15000.0,Combination,2.0,0.22,100.0,1,26-35
CUST07574,37,Male,46900.0,Normal,5.0,0.38,180.0,0,36-45
CUST06924,44,Male,32200.0,Combination,8.0,0.68,300.0,1,36-45
CUST03203,29,Female,67700.0,Oily,1.0,0.12,100.0,0,26-35
CUST04845,32,Male,29500.0,Oily,6.0,0.51,210.0,1,26-35
CUST05428,33,Male,66800.0,Sensitive,5.0,0.42,190.0,1,26-35
CUST09953,41,Female,47900.0,Combination,3.0,0.3,140.0,0,36-45
CUST00092,31,Female,53600.0,Sensitive,8.0,0.66,220.0,1,26-35
CUST09931,18,Female,51000.0,Normal,3.0,0.19,100.0,1,18-25
CUST05782,18,Female,52700.0,Dry,2.0,0.19,120.0,0,18-25
CUST09544,25,Female,55000.0,Oily,5.0,0.29,190.0,0,18-25
CUST05313,37,Female,47700.0,Combination,2.0,0.1,100.0,1,36-45
CUST01972,29,Male,90600.0,Dry,3.0,0.22,110.0,0,26-35
CUST02906,32,Male,65200.0,Sensitive,4.0,0.32,190.0,1,26-35
CUST00531,28,Male,35500.0,Sensitive,3.0,0.3,120.0,1,26-35
CUST06519,37,Female,72600.0,Dry,4.0,0.31,190.0,1,36-45
CUST00997,40,Female,71700.0,Combination,4.0,0.28,160.0,0,36-45
CUST03470,42,Female,45500.0,Dry,7.0,0.6,280.0,1,36-45
CUST04265,25,Female,37100.0,Normal,6.0,0.56,170.0,1,18-25
CUST03709,30,Male,27400.0,Oily,9.0,0.68,320.0,1,26-35
CUST06307,18,Male,34400.0,Oily,4.0,0.27,120.0,1,18-25
CUST02313,47,Male,55600.0,Normal,6.0,0.52,270.0,0,46-55
CUST02155,34,Male,49300.0,Oily,5.0,0.33,190.0,0,26-35
CUST09200,20,Female,33700.0,Sensitive,4.0,0.29,160.0,0,18-25
CUST01428,42,Female,76000.0,Combination,2.0,0.12,120.0,1,36-45
CUST04641,49,Female,44200.0,Oily,7.0,0.62,170.0,0,46-55
CUST06087,41,Male,36000.0,Normal,3.0,0.2,150.0,1,36-45
CUST09277,30,Female,51600.0,Sensitive,4.0,0.31,140.0,1,26-35
CUST03615,18,Male,18400.0,Normal,1.0,0.09,100.0,0,18-25
CUST03086,40,Female,24800.0,Normal,4.0,0.39,120.0,1,36-45
CUST09079,27,Male,89500.0,Combination,4.0,0.3,260.0,0,26-35
CUST09240,34,Female,73400.0,Combination,3.0,0.32,180.0,1,26-35
CUST03932,40,Female,25300.0,Normal,2.0,0.2,100.0,0,36-45
CUST06554,31,Female,43400.0,Normal,0.0,-0.0,100.0,0,26-35
CUST04050,33,Male,22900.0,Oily,6.0,0.53,150.0,0,26-35
CUST00496,42,Male,89600.0,Dry,3.0,0.3,130.0,0,36-45
CUST09315,40,Female,46300.0,Combination,2.0,0.24,120.0,1,36-45
CUST02322,46,Female,39500.0,Sensitive,4.0,0.35,190.0,1,46-55
CUST07348,28,Male,57100.0,Combination,5.0,0.46,180.0,1,26-35
CUST03468,18,Female,37500.0,Oily,8.0,0.59,290.0,1,18-25
CUST00152,21,Female,46600.0,Dry,2.0,0.16,100.0,1,18-25
CUST04216,47,Male,35500.0,Oily,4.0,0.33,140.0,0,46-55
CUST00695,23,Male,,Normal,6.0,0.41,250.0,0,18-25
CUST05839,32,Female,60900.0,Combination,0.0,0.01,100.0,1,26-35
CUST05747,18,Female,,Oily,4.0,0.27,110.0,1,18-25
CUST01739,23,Male,26400.0,Sensitive,2.0,0.23,100.0,1,18-25
CUST03002,40,Female,84600.0,Sensitive,3.0,0.24,140.0,0,36-45
CUST00168,36,Female,25600.0,Sensitive,8.0,0.65,160.0,1,36-45
CUST08281,36,Female,41400.0,Combination,2.0,0.19,100.0,0,36-45
CUST09056,27,Female,70500.0,Sensitive,3.0,0.23,150.0,1,26-35
CUST02866,18,Female,51800.0,Combination,8.0,0.65,370.0,0,18-25
CUST08582,35,Male,30000.0,Dry,7.0,0.5,230.0,1,26-35
CUST03818,34,Male,56300.0,Oily,0.0,0.1,100.0,1,26-35
CUST02884,45,Male,15000.0,Normal,6.0,0.5,240.0,0,36-45
CUST03032,38,Female,40400.0,Oily,3.0,0.32,110.0,0,36-45
CUST05829,28,Male,29100.0,Sensitive,6.0,0.48,190.0,1,26-35
CUST08571,20,Female,43900.0,Normal,6.0,0.52,160.0,0,18-25
CUST08115,40,Female,43600.0,Dry,6.0,0.4,280.0,1,36-45
CUST04093,24,Female,19700.0,Dry,4.0,0.32,120.0,1,18-25
CUST05941,18,Male,36500.0,Sensitive,4.0,0.25,26440.93235851947,0,18-25
CUST07978,25,Male,34600.0,Dry,6.0,0.52,170.0,1,18-25
CUST02277,18,Female,34200.0,Combination,7.0,0.56,270.0,1,18-25
CUST07093,41,Male,40600.0,Combination,6.0,0.53,250.0,1,36-45
CUST09474,44,Male,91300.0,Combination,2.0,0.19,110.0,1,36-45
CUST08066,25,Female,32300.0,Oily,2.0,0.23,100.0,1,18-25
CUST05340,44,Male,29000.0,Combination,4.0,0.33,150.0,0,36-45
CUST04343,31,Male,20100.0,Dry,3.0,0.25,100.0,0,26-35
CUST07433,48,Female,40800.0,Dry,2.0,0.26,100.0,1,46-55
CUST00429,18,Male,79000.0,,1.0,0.06,100.0,0,18-25
CUST07130,26,Female,112000.0,Dry,6.0,0.43,310.0,1,26-35
CUST09966,29,Male,43600.0,Combination,6.0,0.44,230.0,0,26-35
CUST04254,18,Male,37900.0,Combination,1.0,0.09,100.0,1,18-25
CUST00427,41,Female,74400.0,Combination,7.0,0.54,210.0,1,36-45
CUST02224,23,Female,39500.0,Sensitive,2.0,0.19,100.0,0,18-25
CUST00101,28,Female,39300.0,Combination,454.0,0.41,220.0,0,26-35
CUST07338,21,Female,68800.0,Combination,4.0,0.34,140.0,1,18-25
CUST06031,36,Male,71800.0,Dry,3.0,0.31,170.0,0,36-45
CUST02763,26,Male,46000.0,Dry,2.0,0.13,100.0,0,26-35
CUST05909,40,Female,17400.0,Combination,6.0,0.43,220.0,1,36-45
CUST08010,18,Female,35500.0,Sensitive,1.0,0.12,100.0,0,18-25
CUST04925,18,Male,,Sensitive,5.0,0.43,230.0,0,18-25
CUST09672,18,Male,41200.0,Oily,6.0,0.58,180.0,1,18-25
CUST03287,18,Male,50200.0,Oily,6.0,0.51,150.0,1,18-25
CUST05744,39,Male,81000.0,Oily,3.0,0.21,190.0,1,36-45
CUST03903,18,Male,46800.0,Normal,1.0,0.1,100.0,0,18-25
CUST07497,29,Female,60000.0,Sensitive,5.0,0.43,120.0,0,26-35
CUST06122,43,Female,34500.0,Normal,4.0,0.33,100.0,0,36-45
CUST09273,23,Male,,Normal,4.0,0.36,170.0,0,18-25
CUST07748,39,Female,18800.0,Oily,10.0,0.74,410.0,1,36-45
CUST01466,32,Male,76300.0,Normal,3.0,0.29,190.0,1,26-35
CUST05013,18,Male,52800.0,Normal,0.0,0.0,100.0,1,18-25
CUST02235,22,Female,39100.0,Combination,2.0,0.19,100.0,0,18-25
CUST01745,39,Female,79100.0,Dry,5.0,0.56,180.0,0,36-45
CUST05770,34,Female,22600.0,Normal,2.0,0.2,100.0,0,26-35
CUST06149,18,,30900.0,Combination,3.0,0.26,120.0,1,18-25
CUST09217,18,Male,21600.0,Dry,2.0,0.15,,1,18-25
CUST08087,43,Male,75700.0,Oily,3.0,0.23,,1,36-45
CUST06665,24,Male,106600.0,Combination,6.0,0.58,310.0,1,18-25
CUST05071,27,Female,52400.0,Normal,2.0,0.12,100.0,0,26-35
CUST09272,30,Female,36900.0,Sensitive,2.0,0.19,110.0,1,26-35
CUST09129,39,Male,,Combination,5.0,0.42,,1,36-45
CUST07442,27,Female,67000.0,Oily,1.0,0.05,100.0,0,26-35
CUST05398,45,Female,65300.0,Normal,,0.17,110.0,1,36-45
CUST09461,36,Male,54800.0,Combination,6.0,0.51,230.0,1,36-45
CUST02122,32,Female,32900.0,Combination,2.0,0.11,100.0,0,26-35
CUST09923,22,Female,51300.0,Dry,5.0,0.35,170.0,1,18-25
CUST05954,37,Male,19200.0,Normal,7.0,0.52,180.0,0,36-45
CUST04217,45,Male,15500.0,Sensitive,2.0,0.09,100.0,0,36-45
CUST04396,35,Female,20200.0,Combination,7.0,0.61,210.0,0,26-35
CUST00917,48,Female,54100.0,Combination,4.0,0.29,200.0,0,46-55
CUST08587,39,Female,51300.0,Normal,3.0,0.2,140.0,0,36-45
CUST07314,34,Male,42100.0,Combination,6.0,0.44,290.0,1,26-35
CUST09264,18,Male,93900.0,Normal,2.0,0.17,150.0,1,18-25
CUST08686,35,Female,,Dry,3.0,0.3,140.0,1,26-35
CUST03393,23,Male,30300.0,Sensitive,8.0,0.66,230.0,1,18-25
CUST04906,46,Female,27000.0,Dry,5.0,0.43,190.0,1,46-55
CUST08553,29,Male,29400.0,Combination,2.0,0.22,100.0,1,26-35
CUST07637,52,Male,35100.0,Combination,1.0,0.06,100.0,0,46-55
CUST07798,22,Male,41100.0,Combination,0.0,0.01,100.0,1,18-25
CUST01204,31,Female,21200.0,Combination,8.0,0.66,230.0,1,26-35
CUST03839,28,Female,15000.0,Sensitive,6.0,0.46,220.0,0,26-35
CUST05273,25,Male,59700.0,Normal,5.0,0.51,150.0,1,18-25
CUST06474,21,Female,48900.0,Dry,7.0,0.51,190.0,1,18-25
CUST01927,26,Female,77500.0,Combination,1.0,0.08,100.0,1,26-35
CUST03115,35,Male,41600.0,Normal,4.0,0.39,150.0,0,26-35
CUST02642,31,Female,34900.0,Normal,6.0,0.58,230.0,1,26-35
CUST07734,21,Female,36800.0,Dry,4.0,0.44,130.0,0,18-25
CUST07423,38,Male,52200.0,Dry,6.0,0.44,250.0,1,36-45
CUST05427,24,Male,24600.0,Oily,5.0,0.42,200.0,1,18-25
CUST02563,47,Male,53100.0,Oily,5.0,0.44,130.0,1,46-55
CUST09255,22,Female,22300.0,Normal,4.0,0.42,160.0,0,18-25
CUST02729,52,Male,47900.0,Dry,9.0,0.66,230.0,0,46-55
CUST08046,36,Female,32100.0,Combination,7.0,0.57,260.0,1,36-45
CUST08245,34,Male,25900.0,Combination,8.0,0.7,200.0,1,26-35
CUST03685,20,Female,92300.0,Oily,4.0,0.28,250.0,1,18-25
CUST08367,26,Male,36600.0,,5.0,0.34,130.0,1,26-35
CUST04088,18,Male,18500.0,Oily,5.0,0.4,160.0,0,18-25
CUST02627,47,Female,48900.0,Dry,7.0,0.51,250.0,0,46-55
CUST05610,37,Female,108900.0,Dry,3.0,0.22,170.0,1,36-45
CUST08291,30,Female,23200.0,Normal,1.0,0.13,100.0,0,26-35
CUST04823,48,Male,26100.0,Normal,5.0,0.43,110.0,0,46-55
CUST00806,44,Male,33700.0,Oily,2.0,0.16,100.0,1,36-45
CUST06612,20,Female,18700.0,Normal,4.0,0.37,,0,18-25
CUST05400,45,Male,35200.0,Combination,2.0,0.18,100.0,0,36-45
CUST05615,40,Male,48200.0,Oily,4.0,0.35,220.0,1,36-45
CUST04234,47,Female,33500.0,Oily,4.0,0.32,150.0,1,46-55
CUST08077,31,Female,27000.0,,3.0,0.27,,0,26-35
CUST07877,27,Male,41100.0,Combination,0.0,0.06,100.0,1,26-35
CUST05804,44,Female,52200.0,Dry,8.0,0.71,190.0,1,36-45
CUST01243,51,Female,114600.0,Oily,2.0,0.13,140.0,0,46-55
CUST08502,34,Female,34400.0,Normal,2.0,0.11,110.0,1,26-35
CUST05611,42,Male,49600.0,Oily,4.0,0.33,,0,36-45
CUST03950,32,Female,35500.0,Dry,5.0,0.4,170.0,1,26-35
CUST00548,21,Male,28700.0,Dry,4.0,0.37,120.0,0,18-25
CUST03023,36,Female,40500.0,Combination,3.0,0.32,110.0,1,36-45
CUST07071,34,Male,38000.0,Dry,5.0,0.38,180.0,0,26-35
CUST07819,37,Male,,Combination,4.0,0.31,100.0,0,36-45
CUST00027,38,Male,,Dry,6.0,0.56,240.0,1,36-45
CUST04996,44,Male,32600.0,Dry,4.0,0.35,180.0,0,36-45
CUST09970,43,Male,36800.0,Oily,11.0,0.98,390.0,1,36-45
CUST02509,42,Female,26800.0,Combination,2.0,0.18,100.0,0,36-45
CUST01434,18,Male,39500.0,Oily,6.0,0.39,160.0,1,18-25
CUST02583,31,Male,31600.0,Sensitive,2.0,0.19,100.0,0,26-35
CUST01303,39,Female,37700.0,,3.0,0.25,150.0,0,36-45
CUST05864,37,Female,26800.0,Dry,3.0,0.29,100.0,1,36-45
CUST06577,38,Male,60900.0,Oily,3.0,0.25,150.0,0,36-45
CUST04033,38,Male,36600.0,Oily,8.0,0.69,280.0,1,36-45
CUST09845,24,Female,106900.0,Combination,3.0,0.23,140.0,0,18-25
CUST01222,46,Female,41100.0,Oily,2.0,0.15,130.0,0,46-55
CUST05035,43,Female,,Normal,5.0,0.39,220.0,0,36-45
CUST02549,18,Male,41500.0,Combination,1.0,0.04,100.0,0,18-25
CUST00751,32,Male,34000.0,Dry,4.0,0.37,110.0,1,26-35
CUST00438,20,Male,33400.0,Combination,4.0,0.35,110.0,1,18-25
CUST06115,37,Male,34500.0,Combination,4.0,0.36,170.0,0,36-45
CUST03412,18,Male,55700.0,Oily,7.0,0.55,250.0,1,18-25
CUST03972,34,Female,59500.0,Normal,3.0,0.26,110.0,1,26-35
CUST02848,25,Female,57600.0,Dry,5.0,0.4,190.0,0,18-25
CUST01174,21,Female,24600.0,Combination,5.0,0.46,170.0,1,18-25
CUST07559,27,Female,100800.0,Normal,0.0,0.0,100.0,0,26-35
CUST02700,23,Male,20200.0,Normal,3.0,0.29,100.0,1,18-25
CUST08536,26,Male,22100.0,Combination,5.0,0.39,130.0,1,26-35
CUST05969,33,Female,31900.0,Oily,3.0,0.22,130.0,0,26-35
CUST04849,24,Female,77700.0,Oily,5.0,0.55,260.0,1,18-25
CUST02482,22,F,54300.0,Normal,7.0,0.62,280.0,0,18-25
CUST06553,29,Female,22500.0,Combination,4.0,0.31,140.0,1,26-35
CUST08480,32,FEMALE,47000.0,Dry,3.0,0.23,110.0,1,26-35
CUST02707,36,Male,70000.0,Oily,1.0,0.22,100.0,1,36-45
CUST04828,29,Male,43500.0,,5.0,0.42,170.0,1,26-35
CUST00327,18,Female,32200.0,Sensitive,7.0,0.64,200.0,1,18-25
CUST01040,39,Female,33400.0,Oily,5.0,0.4,200.0,1,36-45
CUST02638,30,Female,56100.0,Sensitive,2.0,0.13,,1,26-35
CUST05066,36,Male,16000.0,Sensitive,,0.24,100.0,0,36-45
CUST02500,46,Male,16900.0,Combination,3.0,0.3,100.0,0,46-55
CUST01005,32,Male,110100.0,Sensitive,4.0,0.3,260.0,0,26-35
CUST02862,39,,42800.0,Dry,7.0,0.63,290.0,1,36-45
CUST03234,42,Male,49800.0,Oily,1.0,-0.0,100.0,0,36-45
CUST01871,42,Male,48900.0,Normal,4.0,0.3,180.0,1,36-45
CUST07553,33,Female,38900.0,Dry,4.0,0.35,,1,26-35
CUST07910,18,F,51000.0,Combination,4.0,0.39,200.0,1,18-25
CUST08421,35,Male,22500.0,Dry,4.0,0.37,110.0,1,26-35
CUST06344,23,Female,51900.0,Normal,1.0,0.11,110.0,0,18-25
CUST00535,18,Male,45800.0,Combination,4.0,0.35,130.0,1,18-25
CUST03647,48,Male,51300.0,Combination,9.0,0.7,390.0,0,46-55
CUST06170,55,Female,23200.0,Dry,2.0,0.19,100.0,0,46-55
CUST08065,36,Male,19900.0,Combination,8.0,0.66,,1,36-45
CUST00586,54,Female,32400.0,Combination,5.0,0.28,230.0,0,46-55
CUST09954,43,Female,25700.0,Dry,4.0,0.34,180.0,0,36-45
CUST03036,37,Male,45900.0,Normal,8.0,0.69,230.0,1,36-45
CUST04468,29,Male,64100.0,Combination,7.0,0.62,220.0,0,26-35
CUST02586,43,Female,62700.0,Oily,4.0,0.35,170.0,0,36-45
CUST01704,18,Male,27000.0,Sensitive,3.0,0.21,100.0,0,18-25
CUST04334,43,Female,60700.0,Dry,6.0,0.47,210.0,0,36-45
CUST05617,31,Female,58000.0,Normal,2.0,0.14,120.0,1,26-35
CUST00492,36,Male,68400.0,Oily,6.0,0.5,280.0,0,36-45
CUST05555,30,Female,,Sensitive,4.0,0.32,140.0,0,26-35
CUST05213,26,Female,49200.0,Sensitive,,0.01,100.0,0,26-35
CUST02837,38,Male,39400.0,Dry,4.0,0.31,120.0,0,36-45
CUST02267,39,Male,74800.0,Combination,2.0,0.15,150.0,1,36-45
CUST04820,18,Female,47500.0,Dry,6.0,0.47,250.0,0,18-25
CUST03887,21,Female,41700.0,Sensitive,5.0,0.46,160.0,0,18-25
CUST06546,32,Female,40800.0,Normal,2.0,0.17,100.0,1,26-35
CUST04748,18,Male,24900.0,Oily,5.0,0.44,170.0,0,18-25
CUST07590,54,Male,26900.0,Oily,3.0,0.21,140.0,0,46-55
CUST02901,26,Female,,Normal,5.0,0.39,170.0,1,26-35
CUST08055,29,Female,22600.0,Oily,,0.2,100.0,1,26-35
CUST02945,31,Female,65500.0,Normal,2.0,0.19,110.0,1,26-35
CUST01917,25,Female,45600.0,Combination,3.0,0.26,170.0,1,18-25
CUST03186,18,Female,17300.0,,2.0,0.19,100.0,0,18-25
CUST06164,27,Male,43800.0,Dry,3.0,0.26,110.0,0,26-35
CUST05862,45,Female,37500.0,Oily,2.0,0.14,100.0,1,36-45
CUST07317,19,Female,54400.0,Combination,5.0,0.49,240.0,1,18-25
CUST04285,27,Female,26500.0,Oily,4.0,0.34,100.0,1,26-35
CUST08141,38,Female,20000.0,Oily,6.0,0.6,160.0,1,36-45
CUST05191,33,Female,53300.0,Dry,5.0,0.45,260.0,0,26-35
CUST08603,26,Female,26500.0,,4.0,0.17,140.0,1,26-35
CUST02519,38,Female,37600.0,Sensitive,6.0,0.54,180.0,1,36-45
CUST00398,35,Female,22400.0,Combination,2.0,0.15,100.0,0,26-35
CUST01318,36,Male,89800.0,Combination,7.0,0.6,220.0,1,36-45
CUST04329,38,Male,30300.0,Sensitive,3.0,0.35,100.0,0,36-45
CUST00122,34,Male,25500.0,Normal,2.0,0.14,100.0,1,26-35
CUST02450,41,Female,78200.0,Normal,3.0,0.2,170.0,1,36-45
CUST04056,36,Female,34200.0,Combination,1.0,0.12,100.0,0,36-45
CUST09382,38,Female,35400.0,Oily,1.0,0.08,100.0,1,36-45
CUST01567,19,Male,24200.0,Combination,3.0,0.22,100.0,0,18-25
CUST01985,23,Male,33000.0,Combination,2.0,0.18,100.0,0,18-25
CUST04402,27,Male,31400.0,Normal,6.0,0.46,150.0,0,26-35
CUST07976,31,Female,19400.0,Normal,2.0,0.14,100.0,1,26-35
CUST05497,25,Female,21200.0,Oily,1.0,0.14,100.0,0,18-25
CUST03993,29,Female,,Sensitive,3.0,0.14,130.0,1,26-35
CUST05490,24,Male,24800.0,Sensitive,0.0,0.05,100.0,0,18-25
CUST02174,19,Female,,Combination,6.0,0.5,180.0,1,18-25
CUST03284,46,Female,60800.0,Oily,2.0,0.1,140.0,1,46-55
CUST08532,40,Female,28000.0,Sensitive,5.0,0.39,210.0,0,36-45
CUST08622,46,Female,31400.0,Oily,3.0,0.29,100.0,1,46-55
CUST02334,32,Female,59000.0,Combination,0.0,0.01,100.0,0,26-35
CUST00574,22,Female,61500.0,Normal,4.0,0.33,190.0,1,18-25
CUST03729,35,Male,98700.0,Dry,2.0,0.1,130.0,1,26-35
CUST09113,37,Male,60700.0,Combination,2.0,0.14,120.0,1,36-45
CUST00982,18,Female,51300.0,Oily,2.0,0.15,120.0,0,18-25
CUST05763,25,Male,79700.0,Normal,3.0,0.14,100.0,0,18-25
CUST03503,39,Female,40700.0,Normal,1.0,0.06,100.0,0,36-45
CUST01408,39,Female,59900.0,Normal,5.0,0.46,,0,36-45
CUST00536,39,Male,21500.0,Normal,2.0,0.12,100.0,0,36-45
CUST08619,33,Male,17400.0,Normal,2.0,0.16,100.0,1,26-35
CUST04639,27,Male,48000.0,Combination,3.0,0.19,120.0,1,26-35
CUST05129,35,Male,31700.0,Dry,2.0,0.13,100.0,0,26-35
CUST07677,30,Male,48600.0,Oily,1.0,0.08,100.0,0,26-35
CUST01435,35,Female,49200.0,Oily,5.0,0.43,110.0,1,26-35
CUST07056,18,Female,59900.0,Combination,4.0,0.34,130.0,0,18-25
CUST02580,47,Female,41700.0,Dry,0.0,0.08,100.0,0,46-55
CUST03650,33,Female,36600.0,Normal,3.0,0.26,150.0,1,26-35
CUST03270,23,Female,42400.0,Dry,2.0,0.14,100.0,1,18-25
CUST09593,37,Male,51200.0,Combination,6.0,0.53,190.0,0,36-45
CUST07924,18,Male,,Normal,6.0,0.55,230.0,0,18-25
CUST03910,18,Male,59500.0,Sensitive,4.0,0.36,210.0,1,18-25
CUST01868,39,Female,40800.0,Sensitive,1.0,0.07,100.0,0,36-45
CUST01455,48,Male,52600.0,Sensitive,1.0,0.03,100.0,0,46-55
CUST01787,44,Female,58300.0,Oily,2.0,0.23,130.0,0,36-45
CUST09952,43,Male,46600.0,Combination,0.0,0.0,100.0,1,36-45
CUST07181,30,Male,74000.0,Oily,3.0,0.21,130.0,0,26-35
CUST02522,52,Male,42600.0,Normal,2.0,0.12,100.0,1,46-55
CUST05050,43,Male,30100.0,Normal,2.0,0.1,100.0,1,36-45
CUST01821,18,Male,44300.0,Normal,4.0,0.41,190.0,1,18-25
CUST09575,43,Female,64000.0,Sensitive,,0.15,100.0,1,36-45
CUST02930,29,Female,47300.0,Combination,6.0,0.52,230.0,1,26-35
CUST00052,39,Female,68700.0,Oily,2.0,0.25,,0,36-45
CUST04711,37,Male,52400.0,Oily,7.0,0.57,300.0,1,36-45
CUST09126,37,Female,51500.0,Oily,5.0,0.47,,1,36-45
CUST07894,25,Female,60100.0,Normal,3.0,0.21,100.0,0,18-25
CUST00470,21,Male,57300.0,Dry,5.0,0.41,,1,18-25
CUST02630,32,Female,44800.0,Normal,4.0,0.27,130.0,0,26-35
CUST05232,18,Female,,Normal,4.0,0.42,170.0,0,18-25
CUST07530,51,Female,24800.0,Normal,3.0,0.25,120.0,0,46-55
CUST04576,36,Female,33100.0,Normal,2.0,0.12,100.0,1,36-45
CUST06260,21,Male,,Combination,1.0,0.2,100.0,0,18-25
CUST09317,26,Male,33400.0,Normal,4.0,0.34,160.0,0,26-35
CUST01859,36,Female,90300.0,Normal,10.0,0.9,300.0,1,36-45
CUST09572,18,Male,29000.0,Sensitive,6.0,0.48,230.0,0,18-25
CUST00866,41,Female,31000.0,Dry,6.0,0.49,200.0,1,36-45
CUST08247,34,Male,31100.0,Normal,7.0,0.55,280.0,1,26-35
CUST07274,37,Female,25200.0,Dry,5.0,0.49,180.0,1,36-45
CUST08327,30,Female,44900.0,Combination,6.0,0.47,180.0,0,26-35
CUST08831,18,Female,,Combination,6.0,0.44,240.0,1,18-25
CUST04082,41,Female,41900.0,Dry,5.0,0.41,190.0,0,36-45
CUST04163,38,Male,52700.0,Dry,4.0,0.38,150.0,0,36-45
CUST09401,23,Male,45400.0,Oily,3.0,0.24,140.0,1,18-25
CUST09563,46,Male,31500.0,Combination,4.0,0.29,180.0,0,46-55
CUST00426,28,Female,41100.0,Oily,5.0,0.43,180.0,0,26-35
CUST00189,18,Female,113400.0,Normal,7.0,0.57,340.0,0,18-25
CUST06074,35,Female,29500.0,Oily,7.0,0.55,180.0,1,26-35
CUST04398,27,Female,24700.0,Normal,4.0,0.26,180.0,1,26-35
CUST00229,23,Female,47300.0,Normal,6.0,0.53,210.0,1,18-25
CUST07823,34,Female,,Oily,3.0,0.17,130.0,0,26-35
CUST06301,49,Female,28600.0,Combination,4.0,0.26,150.0,1,46-55
CUST02742,39,Female,40400.0,Dry,6.0,0.51,200.0,0,36-45
CUST01042,43,Female,45400.0,Oily,6.0,0.54,250.0,1,36-45
CUST08779,35,Male,80600.0,Oily,5.0,0.43,230.0,1,26-35
CUST09178,45,Female,29400.0,Normal,3.0,0.27,110.0,1,36-45
CUST07451,18,Male,32000.0,Combination,1.0,0.12,100.0,0,18-25
CUST09393,18,Male,21900.0,Normal,,0.01,100.0,0,18-25
CUST00472,28,Female,44100.0,Oily,3.0,0.3,130.0,1,26-35
CUST02922,34,Male,15000.0,Combination,1.0,0.14,100.0,1,26-35
CUST01906,19,Male,24100.0,Oily,4.0,0.29,170.0,1,18-25
CUST08914,38,Male,32100.0,Oily,2.0,0.24,100.0,0,36-45
CUST00802,20,Male,98900.0,Dry,1.0,0.04,140.0,0,18-25
CUST01488,18,Female,27400.0,Dry,3.0,0.27,100.0,0,18-25
CUST08644,18,Female,46700.0,,4.0,0.34,140.0,1,18-25
CUST00228,53,Male,53900.0,Dry,5.0,0.42,180.0,0,46-55
CUST08712,26,Male,15000.0,Combination,0.0,0.05,100.0,1,26-35
CUST01129,29,Male,45500.0,Combination,7.0,0.56,160.0,1,26-35
CUST05115,50,Female,18300.0,Combination,5.0,0.4,150.0,0,46-55
CUST07163,27,Female,25800.0,Normal,7.0,0.52,230.0,1,26-35
CUST02209,39,Female,67600.0,Combination,3.0,0.18,150.0,1,36-45
CUST05065,29,Female,108700.0,Dry,3.0,0.23,190.0,1,26-35
CUST08939,47,Female,22800.0,Dry,4.0,0.34,160.0,0,46-55
CUST04247,34,Male,19200.0,Oily,3.0,0.31,120.0,1,26-35
CUST04902,33,Female,81000.0,Normal,4.0,0.35,200.0,0,26-35
CUST03154,31,Male,,Sensitive,3.0,0.27,160.0,1,26-35
CUST04481,34,Male,23400.0,Oily,5.0,0.39,200.0,0,26-35
CUST07569,46,Female,28200.0,Sensitive,4.0,0.32,140.0,0,46-55
CUST05665,43,Female,,Dry,6.0,0.48,110.0,1,36-45
CUST06271,36,Female,44300.0,Normal,4.0,0.36,120.0,0,36-45
CUST09791,37,Male,21200.0,Oily,5.0,0.43,120.0,0,36-45
CUST02145,24,Male,16800.0,Combination,6.0,0.54,250.0,0,18-25
CUST09395,23,Female,66700.0,Oily,4.0,0.31,190.0,0,18-25
CUST08873,18,Male,128100.0,Normal,4.0,0.33,190.0,0,18-25
CUST02375,28,Female,27100.0,Combination,1.0,0.15,100.0,1,26-35
CUST02578,21,Male,42400.0,Sensitive,2.0,0.11,100.0,1,18-25
CUST01633,34,Female,23800.0,Oily,6.0,0.5,170.0,0,26-35
CUST07378,18,Female,75200.0,Combination,7.0,0.58,340.0,0,18-25
CUST02299,26,Female,29500.0,Dry,9.0,0.75,270.0,1,26-35
CUST05077,37,Male,33300.0,Normal,5.0,0.45,220.0,0,36-45
CUST00157,33,Male,46300.0,Dry,3.0,0.27,110.0,0,26-35
CUST07901,26,Male,29300.0,Oily,4.0,0.4,150.0,1,26-35
CUST08258,24,Male,78900.0,Normal,1.0,0.08,100.0,1,18-25
CUST03350,22,MALE,51900.0,,4.0,0.33,150.0,0,18-25
CUST02880,36,Female,,Oily,11.0,0.85,350.0,1,36-45
CUST03414,28,Male,33900.0,Normal,5.0,0.49,230.0,1,26-35
CUST07190,26,Female,27000.0,Oily,6.0,0.58,190.0,1,26-35
CUST07068,18,Female,47200.0,Normal,4.0,0.42,170.0,1,18-25
CUST05516,28,Female,84100.0,,5.0,0.37,230.0,1,26-35
CUST04238,34,Female,46900.0,Normal,3.0,0.23,160.0,0,26-35
CUST04404,49,Female,48100.0,Combination,8.0,0.6,340.0,0,46-55
CUST05560,18,Female,26000.0,Dry,1.0,0.02,100.0,0,18-25
CUST09414,18,Female,18100.0,Sensitive,3.0,0.26,130.0,1,18-25
CUST09219,34,Male,30600.0,Combination,6.0,0.54,160.0,0,26-35
CUST07872,30,Male,15200.0,,5.0,0.47,160.0,0,26-35
CUST07638,39,Male,56100.0,Normal,3.0,0.3,120.0,0,36-45
CUST05703,39,Male,29800.0,,4.0,0.39,100.0,0,36-45
CUST02496,56,Male,32700.0,Oily,5.0,0.38,200.0,0,56+
CUST06769,51,Female,25300.0,Sensitive,1.0,0.15,100.0,0,46-55
CUST02373,31,Male,39900.0,Combination,1.0,0.1,100.0,1,26-35
CUST07365,32,Female,22800.0,Combination,6.0,0.48,,1,26-35
CUST05382,25,Male,54100.0,Oily,5.0,0.34,120.0,0,18-25
CUST03462,18,Female,47300.0,Normal,2.0,0.2,110.0,0,18-25
CUST04266,27,Male,39200.0,Dry,3.0,0.29,160.0,0,26-35
CUST05439,36,Male,18900.0,Dry,3.0,0.25,110.0,1,36-45
CUST07234,25,Female,28300.0,Dry,10.0,0.9,250.0,0,18-25
CUST05577,36,Male,,Sensitive,8.0,0.63,340.0,0,36-45
CUST05083,33,Male,30900.0,Dry,1.0,0.0,100.0,0,26-35
CUST04694,24,Male,28500.0,Sensitive,4.0,0.28,180.0,1,18-25
CUST02551,18,Male,23600.0,Oily,6.0,0.52,140.0,1,18-25
CUST07636,32,Male,35000.0,Oily,5.0,0.48,120.0,1,26-35
CUST00848,41,Male,54600.0,,6.0,0.52,170.0,1,36-45
CUST03345,18,Male,41700.0,Oily,6.0,0.42,260.0,1,18-25
CUST00939,42,Male,18900.0,Oily,2.0,0.19,100.0,1,36-45
CUST04868,28,Female,37200.0,Dry,2.0,0.19,100.0,0,26-35
CUST06429,46,Female,50800.0,Combination,3.0,0.2,140.0,0,46-55
CUST08901,55,Female,33600.0,Oily,7.0,0.59,270.0,0,46-55
CUST09466,52,Male,38100.0,Dry,5.0,0.42,240.0,0,46-55
CUST09227,19,Female,75200.0,Combination,3.0,0.29,140.0,1,18-25
CUST04430,18,Female,,Dry,5.0,0.34,150.0,1,18-25
CUST09931,18,Female,51000.0,Normal,3.0,0.19,100.0,1,18-25
CUST00757,22,Male,23900.0,Sensitive,2.0,0.07,100.0,1,18-25
CUST04792,18,Male,43400.0,Oily,7.0,0.62,270.0,0,18-25
CUST02645,48,Male,30100.0,Combination,4.0,0.38,120.0,0,46-55
CUST04897,39,Male,29900.0,Sensitive,2.0,0.14,100.0,0,36-45
CUST09212,25,Female,74200.0,Normal,3.0,0.25,120.0,0,18-25
CUST03166,36,Female,19800.0,Normal,3.0,0.26,130.0,1,36-45
CUST03640,18,Male,70500.0,Oily,2.0,0.19,150.0,0,18-25
CUST06555,25,Male,18200.0,Oily,3.0,0.28,,0,18-25
CUST07220,22,F,74500.0,Oily,4.0,0.29,120.0,1,18-25
CUST03946,31,Female,17600.0,Oily,3.0,0.25,140.0,1,26-35
CUST05522,-5,Female,40800.0,Normal,6.0,0.46,150.0,1,36-45
CUST02358,36,Male,22000.0,Sensitive,3.0,0.23,100.0,0,36-45
CUST03419,34,Female,116700.0,Sensitive,4.0,0.4,280.0,0,26-35
CUST09944,21,Male,33400.0,Oily,3.0,0.31,100.0,1,18-25
CUST02062,51,Male,20100.0,Oily,1.0,0.06,100.0,1,46-55
CUST00550,39,Female,22500.0,Combination,3.0,0.24,130.0,0,36-45
CUST08418,30,Male,45000.0,Sensitive,7.0,0.62,290.0,0,26-35
CUST02813,27,Male,37200.0,Dry,2.0,0.17,100.0,0,26-35
CUST08815,51,Female,25300.0,Normal,6.0,0.47,140.0,0,46-55
CUST09033,48,Male,39800.0,Normal,3.0,0.28,150.0,1,46-55
CUST02550,37,Female,45700.0,Normal,3.0,0.31,120.0,0,36-45
CUST06124,29,Female,53600.0,Dry,2.0,0.24,100.0,0,26-35
CUST03170,19,Male,27300.0,Combination,3.0,0.21,130.0,1,18-25
CUST08413,23,Female,57200.0,Sensitive,5.0,0.49,190.0,1,18-25
CUST04871,19,Female,51000.0,Sensitive,9.0,0.75,340.0,1,18-25
CUST05720,37,Female,59300.0,Combination,3.0,0.38,130.0,1,36-45
CUST01260,27,Female,17300.0,Oily,2.0,0.15,100.0,1,26-35
CUST09232,33,Male,33900.0,Dry,6.0,0.56,230.0,1,26-35
CUST07169,18,Female,77000.0,Normal,5.0,0.35,270.0,1,18-25
CUST09658,41,Male,15500.0,Oily,4.0,0.36,100.0,1,36-45
CUST01025,18,Female,32800.0,Combination,4.0,0.28,,1,18-25
CUST08620,32,Male,33900.0,Oily,3.0,0.25,110.0,1,26-35
CUST00753,21,Female,73900.0,Combination,6.0,0.49,240.0,0,18-25
CUST04017,49,Male,31100.0,Dry,5.0,0.38,120.0,1,46-55
CUST04443,32,Female,64000.0,Normal,5.0,0.43,250.0,1,26-35
CUST05441,32,Female,24000.0,Normal,5.0,0.42,140.0,0,26-35
CUST01952,35,Female,42700.0,Dry,1.0,0.1,100.0,0,26-35
CUST05023,28,Male,52100.0,Normal,4.0,0.37,140.0,1,26-35
CUST00352,41,Male,50100.0,Combination,2.0,0.19,110.0,0,36-45
CUST01512,38,Male,28700.0,Combination,5.0,0.45,120.0,1,36-45
CUST04872,34,Male,33200.0,Dry,8.0,0.76,310.0,0,26-35
CUST04505,24,Female,39200.0,Combination,2.0,0.2,100.0,1,18-25
CUST04455,38,Male,32500.0,Normal,5.0,0.43,140.0,0,36-45
CUST09331,26,Female,44400.0,Dry,4.0,0.37,180.0,0,26-35
CUST00702,29,Female,25300.0,Dry,6.0,0.56,120.0,1,26-35
CUST03762,40,Female,38200.0,Sensitive,5.0,0.46,110.0,0,36-45
CUST03663,27,Female,21400.0,Oily,7.0,0.68,190.0,1,26-35
CUST07206,23,Male,42000.0,Sensitive,5.0,0.42,,0,18-25
CUST09605,43,Female,34600.0,Sensitive,5.0,0.45,170.0,1,36-45
CUST00562,36,Female,55900.0,Oily,3.0,0.22,140.0,1,36-45
CUST02319,57,Male,39500.0,Oily,5.0,0.35,130.0,0,56+
CUST03099,54,Female,30200.0,Dry,6.0,0.51,220.0,0,46-55
CUST04510,39,Female,31300.0,Combination,,0.31,130.0,1,36-45
CUST03151,35,Male,19200.0,Combination,2.0,0.21,100.0,1,26-35
CUST09270,32,Male,42700.0,Dry,5.0,0.5,130.0,0,26-35
CUST04338,27,Female,42600.0,Normal,1.0,0.2,100.0,0,26-35
CUST06917,29,Male,18500.0,Normal,3.0,0.3,130.0,0,26-35
CUST03574,31,Female,31000.0,Dry,5.0,0.53,210.0,1,26-35
CUST05925,18,Male,35000.0,Oily,5.0,0.47,150.0,1,18-25
CUST04124,36,Male,29000.0,Combination,4.0,0.26,170.0,0,36-45
CUST04716,50,Female,103600.0,Oily,3.0,0.23,160.0,0,46-55
CUST08006,18,Female,42200.0,Combination,1.0,0.1,100.0,0,18-25
CUST01048,38,Male,33100.0,Combination,6.0,0.49,260.0,1,36-45
CUST02940,24,Female,41500.0,Normal,1.0,0.0,100.0,1,18-25
CUST01809,32,Male,72800.0,Oily,5.0,0.43,190.0,1,26-35
CUST03167,22,Female,73400.0,Combination,3.0,0.41,170.0,1,18-25
CUST00415,29,Female,90700.0,Normal,2.0,0.08,110.0,0,26-35
CUST01341,23,Male,27300.0,Dry,3.0,0.3,130.0,0,18-25
CUST09409,49,Female,44900.0,Oily,5.0,0.42,200.0,0,46-55
CUST06078,22,Male,36500.0,Normal,1.0,0.11,100.0,1,18-25
CUST09555,27,Male,41400.0,Normal,1.0,0.12,100.0,0,26-35
CUST09346,30,Female,27100.0,Normal,7.0,0.6,160.0,0,26-35
CUST04650,29,F,65900.0,Sensitive,2.0,0.23,100.0,1,26-35
CUST07429,30,Female,66400.0,Combination,6.0,0.48,200.0,1,26-35
CUST01470,18,Female,91300.0,Normal,2.0,0.21,140.0,0,18-25
CUST01711,26,Female,18200.0,Oily,1.0,0.08,100.0,0,26-35
CUST04442,18,Female,46900.0,Dry,2.0,0.12,100.0,1,18-25
CUST08770,32,Female,31700.0,Sensitive,4.0,0.25,170.0,1,26-35
CUST02272,20,Female,47500.0,Normal,2.0,0.3,100.0,1,18-25
CUST01584,24,Female,43200.0,Oily,,0.51,240.0,1,18-25
CUST01413,18,Male,46600.0,Normal,3.0,0.17,140.0,0,18-25
CUST04150,18,Female,50100.0,Dry,3.0,0.26,110.0,0,18-25
CUST08877,35,Female,29300.0,Sensitive,1.0,0.03,100.0,0,26-35
CUST06752,30,Female,15500.0,Combination,4.0,0.35,100.0,0,26-35
CUST01723,25,Male,54100.0,Combination,0.0,0.05,100.0,1,18-25
CUST02025,18,Female,33600.0,Oily,5.0,0.43,220.0,0,18-25
CUST02213,46,Male,31600.0,Oily,2.0,0.16,,1,46-55
CUST01508,32,Female,78000.0,Sensitive,7.0,0.56,340.0,1,26-35
CUST02623,49,Female,45100.0,Oily,7.0,0.57,290.0,0,46-55
CUST05338,42,Male,56600.0,Normal,2.0,0.17,100.0,1,36-45
CUST09166,37,Female,,Normal,8.0,0.69,310.0,1,36-45
CUST01322,26,Female,15500.0,Combination,5.0,0.4,210.0,1,26-35
CUST00843,51,Female,,Normal,4.0,0.19,150.0,0,46-55
CUST01147,37,Male,36100.0,Oily,2.0,0.17,100.0,0,36-45
CUST03625,31,Female,48900.0,Oily,5.0,0.42,240.0,1,26-35
CUST07567,25,Female,47400.0,Combination,4.0,0.44,180.0,1,18-25
CUST04251,29,Female,62100.0,Dry,3.0,0.21,140.0,0,26-35
CUST09024,37,Female,56400.0,Oily,3.0,0.24,110.0,1,36-45
CUST04722,22,Female,36800.0,Normal,4.0,0.36,140.0,0,18-25
CUST00464,18,Male,33000.0,Normal,7.0,0.57,210.0,0,18-25
CUST01755,44,Male,60300.0,Sensitive,0.0,0.02,100.0,0,36-45
CUST04011,36,Female,32500.0,Dry,5.0,0.47,120.0,1,36-45
CUST04627,26,Female,16800.0,Sensitive,3.0,0.25,130.0,1,26-35
CUST09500,20,Male,24200.0,Sensitive,6.0,0.46,200.0,0,18-25
CUST04853,54,Female,29400.0,Normal,5.0,0.35,160.0,0,46-55
CUST04741,29,Female,26500.0,Combination,3.0,0.26,140.0,1,26-35
CUST07075,45,Male,25900.0,Dry,6.0,0.51,220.0,0,36-45
CUST00379,50,Male,,Combination,3.0,0.3,210.0,0,46-55
CUST03107,40,Female,27900.0,Sensitive,1.0,0.14,100.0,1,36-45
CUST08251,25,Male,31200.0,Combination,3.0,0.27,140.0,1,18-25
CUST01336,52,Male,43000.0,Normal,6.0,0.47,170.0,1,46-55
CUST01224,41,Female,,Dry,4.0,0.32,,1,36-45
CUST08169,18,Female,,Sensitive,2.0,0.15,100.0,0,18-25
CUST02717,33,Female,21500.0,Normal,8.0,0.56,280.0,1,26-35
CUST06326,60,Female,35400.0,Oily,6.0,0.5,140.0,0,56+
CUST02953,29,Female,72000.0,Dry,2.0,0.15,170.0,1,26-35
CUST01351,29,Male,37100.0,,5.0,0.43,210.0,1,26-35
CUST01083,37,Female,58000.0,Oily,6.0,0.54,,1,36-45
CUST05131,22,Male,54300.0,Sensitive,7.0,0.66,290.0,1,18-25
CUST01812,18,Male,24200.0,Oily,3.0,0.32,100.0,0,18-25
CUST09516,18,Male,55200.0,Sensitive,5.0,0.45,180.0,0,18-25
CUST01352,38,Male,57400.0,Normal,0.0,0.05,100.0,1,36-45
CUST05628,18,Male,55000.0,Combination,6.0,0.48,160.0,1,18-25
CUST06195,27,Female,20900.0,Combination,2.0,0.22,100.0,1,26-35
CUST01895,29,Female,50300.0,Dry,9.0,0.69,360.0,0,26-35
CUST07360,39,Female,63800.0,Oily,2.0,0.17,160.0,1,36-45
CUST00566,40,Male,32000.0,Combination,1.0,0.09,100.0,1,36-45
CUST09917,18,Female,33300.0,Combination,4.0,0.35,170.0,1,18-25
CUST05719,43,Female,16800.0,Normal,5.0,0.4,110.0,0,36-45
CUST03674,18,Female,25300.0,Oily,6.0,0.53,250.0,1,18-25
CUST08999,48,Female,90600.0,Normal,3.0,0.22,160.0,0,46-55
CUST07609,52,Male,38300.0,Sensitive,4.0,0.35,,0,46-55
CUST01213,30,Male,54800.0,Dry,1.0,0.04,100.0,1,26-35
CUST01190,30,Female,52800.0,Combination,,0.24,100.0,1,26-35
CUST04031,19,Male,45000.0,Oily,3.0,0.27,170.0,1,18-25
CUST00899,37,Female,56800.0,Combination,4.0,0.39,130.0,0,36-45
CUST07200,41,Female,34300.0,Combination,2.0,0.12,110.0,1,36-45
CUST04004,57,Male,30100.0,Combination,1.0,0.05,,0,56+
CUST06596,26,Male,18900.0,Sensitive,7.0,0.6,,1,26-35
CUST08934,28,Female,21300.0,,2.0,0.18,100.0,1,26-35
CUST03455,48,Female,56400.0,Dry,4.0,0.26,110.0,0,46-55
CUST03610,32,Male,95200.0,Oily,3.0,0.24,160.0,0,26-35
CUST05328,23,Male,39300.0,Normal,3.0,0.19,140.0,1,18-25
CUST08803,30,Female,,Dry,1.0,0.06,100.0,1,26-35
CUST09717,18,Male,51300.0,Oily,4.0,0.33,100.0,1,18-25
CUST05457,18,Female,47200.0,Sensitive,3.0,0.27,120.0,1,18-25
CUST09304,31,Female,86300.0,Normal,1.0,0.18,130.0,0,26-35
CUST05946,18,Male,37500.0,Combination,6.0,0.62,220.0,0,18-25
CUST04923,34,Female,34800.0,Dry,6.0,0.5,270.0,1,26-35
CUST02333,35,Female,69700.0,Dry,4.0,0.37,140.0,1,26-35
CUST07786,56,Female,31800.0,Oily,4.0,0.34,190.0,0,56+
CUST02263,34,Female,33800.0,Oily,6.0,0.46,270.0,0,26-35
CUST06836,32,Female,28900.0,Dry,1.0,0.09,100.0,0,26-35
CUST05832,34,Male,35900.0,Oily,5.0,0.45,120.0,1,26-35
CUST02596,23,Female,46800.0,Combination,1.0,0.11,100.0,0,18-25
CUST07262,45,Female,,Normal,2.0,0.14,100.0,0,36-45
CUST03594,37,Male,42400.0,Oily,1.0,0.1,100.0,0,36-45
CUST05263,37,Male,39800.0,Normal,4.0,0.36,130.0,0,36-45
CUST01031,45,Female,41000.0,Normal,4.0,0.24,190.0,0,36-45
CUST09754,39,Male,27700.0,Normal,4.0,0.34,110.0,1,36-45
CUST07472,36,Female,31000.0,Normal,6.0,0.44,140.0,1,36-45
CUST03775,44,Male,27600.0,Oily,2.0,0.12,100.0,1,36-45
CUST06201,48,Female,32700.0,Oily,4.0,0.29,170.0,0,46-55
CUST07390,31,Male,44500.0,Normal,4.0,0.36,180.0,0,26-35
CUST08205,46,Female,34600.0,Oily,5.0,0.43,190.0,0,46-55
CUST05426,25,Male,25400.0,Dry,2.0,0.16,100.0,1,18-25
CUST06500,57,Female,32500.0,Combination,7.0,0.6,290.0,0,56+
CUST01756,39,Male,,Oily,4.0,0.32,110.0,1,36-45
CUST04316,31,Female,66500.0,Combination,5.0,0.35,190.0,1,26-35
CUST06848,18,Female,20300.0,Dry,1.0,0.15,100.0,1,18-25
CUST06959,24,Female,80700.0,Combination,4.0,0.38,130.0,1,18-25
CUST00232,26,Male,33300.0,Dry,5.0,0.37,180.0,1,26-35
CUST07693,19,Female,52400.0,Oily,7.0,0.52,180.0,1,18-25
CUST00111,37,Female,80700.0,Sensitive,3.0,0.21,,0,36-45
CUST05505,33,Female,29800.0,Oily,2.0,0.17,100.0,0,26-35
CUST08883,21,Male,65500.0,Oily,5.0,0.5,260.0,0,18-25
CUST02515,33,Female,33400.0,Oily,2.0,0.18,100.0,0,26-35
CUST06015,22,Female,66700.0,Dry,4.0,0.33,170.0,1,18-25
CUST04318,26,Female,,Dry,2.0,0.18,120.0,0,26-35
CUST07517,41,Female,54000.0,Combination,7.0,0.61,200.0,1,36-45
CUST02918,52,Male,51000.0,Sensitive,3.0,0.25,100.0,0,46-55
CUST03854,28,Female,32600.0,Dry,3.0,0.18,140.0,0,26-35
CUST02993,31,Male,31700.0,Sensitive,2.0,0.11,100.0,1,26-35
CUST02318,36,Female,46000.0,Combination,2.0,0.21,110.0,1,36-45
CUST04890,45,Male,91600.0,Normal,3.0,0.23,180.0,1,36-45
CUST07793,30,Male,101900.0,Dry,4.0,0.33,200.0,1,26-35
CUST08314,23,Male,57900.0,Sensitive,4.0,0.22,160.0,1,18-25
CUST01516,34,Male,45800.0,Combination,3.0,0.19,100.0,1,26-35
CUST00217,38,Female,43600.0,Dry,1.0,0.1,100.0,0,36-45
CUST09251,45,Female,34700.0,Dry,3.0,0.19,110.0,0,36-45
CUST09099,27,Male,37500.0,Normal,0.0,0.07,100.0,0,26-35
CUST08453,21,Female,60800.0,Combination,2.0,0.14,140.0,1,18-25
CUST02264,30,Female,71200.0,Combination,3.0,0.23,130.0,1,26-35
CUST07982,34,Male,66400.0,Dry,2.0,0.24,160.0,0,26-35
CUST04541,44,Male,119200.0,Combination,1.0,0.1,150.0,0,36-45
CUST08535,33,Male,20500.0,Normal,,0.28,100.0,0,26-35
CUST07364,46,Male,25900.0,Normal,4.0,0.33,100.0,1,46-55
CUST00894,32,Female,56000.0,Oily,6.0,0.51,250.0,1,26-35
CUST01491,25,Female,51300.0,Combination,3.0,0.17,110.0,0,18-25
CUST03004,18,Male,39700.0,Combination,5.0,0.43,130.0,1,18-25
CUST01851,25,Male,72200.0,Combination,,0.44,220.0,1,18-25
CUST05246,34,Female,,Normal,9.0,0.83,200.0,1,26-35
CUST04688,18,Male,25400.0,,2.0,0.1,,0,18-25
CUST00325,52,Male,29000.0,Dry,4.0,0.31,150.0,0,46-55
CUST01216,18,Female,40700.0,Sensitive,5.0,0.38,240.0,1,18-25
CUST02900,41,Female,52700.0,Oily,3.0,0.2,110.0,0,36-45
CUST02934,44,Female,30300.0,Sensitive,5.0,0.44,220.0,0,36-45
CUST03659,22,Male,37600.0,Oily,3.0,0.18,160.0,0,18-25
CUST09753,40,Male,35600.0,Dry,6.0,0.5,210.0,1,36-45
CUST08565,19,Male,49700.0,Sensitive,7.0,0.5,190.0,1,18-25
CUST08649,27,Female,34800.0,Oily,4.0,0.34,110.0,0,26-35
CUST08762,33,Male,83800.0,Dry,5.0,0.47,220.0,0,26-35
CUST06224,40,Male,49600.0,Normal,1.0,0.08,100.0,0,36-45
CUST09764,44,Male,82400.0,Oily,4.0,0.31,260.0,1,36-45
CUST01130,18,Female,47900.0,Oily,2.0,0.24,100.0,1,18-25
CUST04830,18,Female,53900.0,Normal,3.0,0.29,140.0,0,18-25
CUST02919,21,Female,36900.0,Sensitive,2.0,0.19,100.0,1,18-25
CUST09574,27,Male,31300.0,Sensitive,0.0,0.02,,1,26-35
CUST08014,19,Female,26400.0,Combination,3.0,0.18,100.0,1,18-25
CUST09135,21,Male,22700.0,Oily,7.0,0.59,210.0,0,18-25
CUST03899,25,Male,39900.0,Dry,2.0,0.26,100.0,1,18-25
CUST07686,18,Female,26000.0,Normal,1.0,0.0,100.0,0,18-25
CUST00209,22,Male,,,4.0,0.37,200.0,0,18-25
CUST03255,28,Female,29200.0,Sensitive,4.0,0.27,170.0,0,26-35
CUST02796,39,Female,32600.0,Normal,3.0,0.29,100.0,1,36-45
CUST03937,45,Male,77000.0,Combination,2.0,0.22,100.0,1,36-45
CUST09282,18,Female,44000.0,Combination,2.0,0.15,100.0,0,18-25
CUST00799,43,Male,28900.0,Normal,4.0,0.34,180.0,0,36-45
CUST09143,18,Female,23600.0,Dry,6.0,0.5,130.0,0,18-25
CUST00735,35,Male,86600.0,Dry,3.0,0.3,150.0,0,26-35
CUST02245,37,Male,94600.0,Combination,4.0,0.19,160.0,1,36-45
CUST00179,31,Female,56500.0,Oily,4.0,0.36,170.0,0,26-35
CUST09613,41,Male,81400.0,Combination,2.0,0.21,100.0,1,36-45
CUST09149,33,Female,47100.0,Combination,2.0,0.13,120.0,1,26-35
CUST01175,31,Female,18800.0,Normal,1.0,0.03,100.0,0,26-35
CUST06701,23,Male,56600.0,Dry,8.0,0.66,200.0,0,18-25
CUST05900,37,Female,31600.0,Combination,6.0,0.55,,0,36-45
CUST01832,33,F,29100.0,,9.0,0.68,270.0,1,26-35
CUST08063,46,Female,87300.0,Oily,7.0,0.57,300.0,0,46-55
CUST04339,32,Female,39300.0,Combination,1.0,0.07,100.0,1,26-35
CUST07963,55,Female,40900.0,Dry,3.0,0.26,150.0,0,46-55
CUST07703,18,Female,41700.0,Dry,6.0,0.53,200.0,0,18-25
CUST07329,21,Male,42500.0,Combination,7.0,0.62,270.0,1,18-25
CUST08100,52,Male,41400.0,Sensitive,3.0,0.26,140.0,0,46-55
CUST00199,32,Female,46200.0,Oily,7.0,0.46,310.0,1,26-35
CUST09875,41,Male,20700.0,Normal,5.0,0.41,160.0,0,36-45
CUST05740,44,Female,33500.0,Sensitive,,0.21,110.0,0,36-45
CUST09322,18,Female,37400.0,Dry,3.0,0.26,110.0,0,18-25
CUST01098,37,Male,25900.0,Normal,8.0,0.73,200.0,0,36-45
CUST00549,40,Female,87200.0,Combination,,0.13,130.0,1,36-45
CUST06969,58,Male,95400.0,Combination,4.0,0.45,220.0,0,56+
CUST05767,27,Male,37400.0,Combination,1.0,0.05,100.0,1,26-35
CUST08152,30,Female,37900.0,Combination,3.0,0.31,130.0,0,26-35
CUST09751,29,Male,36200.0,Dry,4.0,0.31,160.0,0,26-35
CUST03370,33,Female,62700.0,Normal,2.0,0.24,130.0,0,26-35
CUST04790,38,Male,45500.0,Combination,6.0,0.55,220.0,1,36-45
CUST02533,35,Female,46600.0,Combination,5.0,0.43,190.0,1,26-35
CUST01635,35,Female,38100.0,Dry,1.0,0.13,100.0,1,26-35
CUST02315,37,Female,28700.0,Combination,7.0,0.64,,0,36-45
CUST06712,28,Male,43200.0,Combination,4.0,0.32,160.0,1,26-35
CUST06946,45,Female,30800.0,Dry,3.0,0.26,100.0,0,36-45
CUST09380,35,Female,28700.0,Sensitive,4.0,0.32,170.0,0,26-35
CUST02816,26,Female,58800.0,Normal,2.0,0.18,100.0,0,26-35
CUST03438,33,Male,44100.0,Normal,6.0,0.49,280.0,1,26-35
CUST03953,31,Female,110900.0,Normal,6.0,0.46,260.0,0,26-35
CUST05835,30,Female,15000.0,Dry,4.0,0.32,100.0,1,26-35
CUST00067,28,Female,15000.0,Normal,0.0,0.0,100.0,0,26-35
CUST07932,18,Female,103000.0,Sensitive,1.0,0.05,140.0,1,18-25
CUST00617,40,Female,61200.0,Oily,7.0,0.56,240.0,1,36-45
CUST01119,36,Female,32500.0,Normal,5.0,0.36,160.0,0,36-45
CUST03261,33,Male,25600.0,Normal,4.0,0.32,100.0,1,26-35
CUST03402,41,Female,28000.0,Normal,1.0,0.08,100.0,1,36-45
CUST03693,18,Female,52900.0,Sensitive,6.0,0.49,190.0,0,18-25
CUST00938,31,Male,93200.0,Oily,4.0,0.34,200.0,0,26-35
CUST06662,59,Male,58200.0,Normal,6.0,0.47,150.0,0,56+
CUST02573,48,Male,21300.0,Normal,1.0,0.03,100.0,0,46-55
CUST05742,44,Male,28000.0,Combination,9.0,0.7,230.0,1,36-45
CUST07816,18,Female,27600.0,Oily,8.0,0.68,150.0,1,18-25
CUST00623,35,Male,22800.0,Sensitive,3.0,0.25,120.0,1,26-35
CUST01682,21,Male,28600.0,Combination,5.0,0.39,220.0,0,18-25
CUST02127,56,Female,25100.0,Normal,5.0,0.43,190.0,0,56+
CUST00788,30,Male,40300.0,Oily,5.0,0.46,130.0,1,26-35
CUST03333,18,Female,47200.0,Combination,3.0,0.15,160.0,0,18-25
CUST08410,31,Female,40200.0,Dry,6.0,0.51,270.0,1,26-35
CUST01093,41,Male,57700.0,Dry,3.0,0.27,150.0,0,36-45
CUST03892,18,Male,46200.0,Oily,3.0,0.27,120.0,1,18-25
CUST04351,30,Male,39800.0,Normal,8.0,0.64,,1,26-35
CUST08285,40,Male,47500.0,Oily,3.0,0.29,140.0,0,36-45
CUST08966,43,Female,63500.0,Combination,1.0,0.06,110.0,0,36-45
CUST06119,27,Female,32300.0,Dry,1.0,0.13,100.0,0,26-35
CUST03281,51,Female,69200.0,,5.0,0.44,160.0,1,46-55
CUST04774,39,Male,79900.0,Combination,3.0,0.29,150.0,0,36-45
CUST02202,30,Female,34900.0,Oily,10.0,0.85,270.0,1,26-35
CUST01161,19,Male,77800.0,Oily,4.0,0.25,180.0,1,18-25
CUST05630,53,,,Dry,4.0,0.43,200.0,0,46-55
CUST03593,52,Female,20200.0,Dry,5.0,0.45,190.0,1,46-55
CUST09883,25,Female,45000.0,Combination,4.0,0.41,140.0,0,18-25
CUST09731,23,Female,43500.0,Dry,5.0,0.41,130.0,1,18-25
CUST08732,32,Male,37400.0,Sensitive,3.0,0.28,150.0,0,26-35
CUST04192,41,Female,33800.0,Oily,4.0,0.41,100.0,0,36-45
CUST00479,32,Female,34600.0,Normal,3.0,0.2,120.0,1,26-35
CUST01353,18,Male,45300.0,Dry,3.0,0.19,170.0,1,18-25
CUST04348,18,Female,57700.0,Combination,3.0,0.25,160.0,0,18-25
CUST05748,18,Female,44800.0,Oily,3.0,0.35,110.0,0,18-25
CUST02648,26,Male,33000.0,Oily,2.0,0.19,110.0,1,26-35
CUST08496,29,Male,30400.0,Normal,5.0,0.34,150.0,1,26-35
CUST07174,27,Female,24600.0,Sensitive,7.0,0.58,270.0,1,26-35
CUST06335,18,Male,39100.0,Oily,3.0,0.2,100.0,0,18-25
CUST05169,43,Female,37000.0,Combination,3.0,0.22,120.0,1,36-45
CUST02590,39,Male,25000.0,Dry,1.0,0.1,100.0,0,36-45
CUST01034,37,Male,53800.0,Sensitive,4.0,0.38,220.0,0,36-45
CUST04727,28,Female,59900.0,Oily,2.0,0.22,100.0,1,26-35
CUST06928,29,Male,56700.0,Oily,5.0,0.39,200.0,0,26-35
CUST02599,18,Female,30900.0,Normal,3.0,0.24,100.0,0,18-25
CUST07776,20,Female,129800.0,Normal,3.0,0.18,270.0,0,18-25
CUST06996,44,Male,,Combination,4.0,0.39,130.0,1,36-45
CUST08506,33,Female,39700.0,Oily,1.0,0.1,100.0,0,26-35
CUST08537,36,Female,36700.0,Combination,4.0,0.32,120.0,0,36-45
CUST07513,35,Male,25300.0,Normal,6.0,0.42,230.0,1,26-35
CUST06787,18,Male,43800.0,Normal,2.0,0.11,100.0,0,18-25
CUST08491,35,Female,71800.0,Combination,4.0,0.39,220.0,0,26-35
CUST03718,37,Male,62200.0,Oily,3.0,0.26,200.0,1,36-45
CUST04585,29,Female,33600.0,Sensitive,2.0,0.11,100.0,1,26-35
CUST03965,29,Male,18200.0,Oily,5.0,0.41,210.0,1,26-35
CUST04003,35,Male,49600.0,Dry,5.0,0.46,200.0,0,26-35
CUST03618,24,Female,43300.0,Normal,2.0,0.11,110.0,0,18-25
CUST01426,22,Male,55600.0,Combination,2.0,0.19,120.0,0,18-25
CUST04105,28,Female,44700.0,Sensitive,3.0,0.29,100.0,1,26-35
CUST02920,42,Male,74000.0,Oily,3.0,0.24,160.0,1,36-45
CUST03820,29,Male,37000.0,Normal,3.0,0.29,120.0,1,26-35
CUST01872,26,Male,77400.0,Dry,1.0,0.01,100.0,0,26-35
CUST07937,26,Male,50800.0,Oily,7.0,0.6,250.0,1,26-35
CUST00481,34,Male,48600.0,Sensitive,7.0,0.57,180.0,1,26-35
CUST07585,44,Female,54600.0,Normal,2.0,0.09,120.0,0,36-45
CUST04983,18,Female,76600.0,Sensitive,4.0,0.35,220.0,0,18-25
CUST09640,38,Female,45900.0,Sensitive,,0.15,120.0,0,36-45
CUST02889,28,Female,49200.0,Dry,3.0,0.2,170.0,1,26-35
CUST07384,27,Female,39600.0,Normal,10.0,0.94,300.0,1,26-35
CUST06394,32,Female,24100.0,Dry,7.0,0.48,260.0,0,26-35
CUST00528,33,Male,42800.0,Normal,4.0,0.36,190.0,1,26-35
CUST08577,18,Male,42400.0,Normal,8.0,0.59,280.0,1,18-25
CUST00723,18,Male,119300.0,Normal,3.0,0.31,220.0,0,18-25
CUST05581,36,Female,45400.0,Normal,3.0,0.18,130.0,1,36-45
CUST04763,35,Male,37900.0,Sensitive,4.0,0.33,150.0,0,26-35
CUST00221,30,Female,22500.0,Sensitive,6.0,0.46,210.0,1,26-35
CUST09226,24,Female,19400.0,Sensitive,7.0,0.56,280.0,1,18-25
CUST01936,50,Male,46400.0,Normal,5.0,0.45,,1,46-55
CUST00345,50,Female,24400.0,Sensitive,4.0,0.31,130.0,0,46-55
CUST08368,26,Female,49000.0,Dry,4.0,0.34,120.0,0,26-35
CUST04090,40,Female,64800.0,Combination,3.0,0.22,120.0,0,36-45
CUST04116,25,Male,46400.0,Sensitive,3.0,0.24,100.0,0,18-25
CUST07453,40,Female,38800.0,Sensitive,2.0,0.13,100.0,0,36-45
CUST04148,54,Female,30200.0,Dry,6.0,0.5,130.0,0,46-55
CUST07860,43,Female,35500.0,Oily,2.0,0.14,100.0,0,36-45
CUST06188,33,Male,47600.0,Sensitive,2.0,0.21,100.0,0,26-35
CUST09192,18,Female,44100.0,Oily,5.0,0.46,150.0,1,18-25
CUST06014,33,Female,32900.0,,3.0,0.25,100.0,1,26-35
CUST07096,46,Female,33500.0,Normal,7.0,0.63,280.0,0,46-55
CUST06106,34,Female,15000.0,Oily,4.0,0.31,110.0,1,26-35
CUST02392,40,Male,47600.0,Oily,3.0,0.29,100.0,0,36-45
CUST07243,37,Male,58800.0,Oily,4.0,0.32,140.0,0,36-45
CUST04367,37,Male,47300.0,Oily,4.0,0.35,180.0,1,36-45
CUST07330,45,Male,46500.0,Combination,2.0,0.24,110.0,1,36-45
CUST01984,29,Female,25700.0,Sensitive,6.0,0.53,160.0,1,26-35
CUST08282,30,Male,35900.0,Sensitive,4.0,0.38,,1,26-35
CUST01555,18,Male,48500.0,Combination,2.0,0.21,100.0,1,18-25
CUST04274,52,Female,64300.0,Normal,4.0,0.43,180.0,0,46-55
CUST09133,27,Female,17500.0,Combination,2.0,0.1,100.0,0,26-35
CUST04931,40,Female,43700.0,Normal,1.0,0.09,100.0,1,36-45
CUST05365,35,Male,23900.0,Combination,2.0,0.16,100.0,1,26-35
CUST05113,32,Female,48400.0,Normal,5.0,0.4,200.0,1,26-35
CUST06913,40,Male,48700.0,Oily,8.0,0.69,290.0,1,36-45
CUST04114,38,Male,51700.0,Oily,4.0,0.31,160.0,1,36-45
CUST02882,42,Male,33300.0,Sensitive,3.0,0.26,110.0,1,36-45
CUST01678,36,Male,18100.0,Combination,5.0,0.34,170.0,0,36-45
CUST04344,27,Female,30300.0,Combination,2.0,0.09,100.0,1,26-35
CUST01965,24,Female,26600.0,Normal,5.0,0.41,150.0,1,18-25
CUST00902,33,Male,29500.0,Sensitive,6.0,0.5,240.0,1,26-35
CUST07192,20,Male,39700.0,Oily,4.0,0.34,120.0,0,18-25
CUST03069,55,Male,51500.0,Oily,7.0,0.64,200.0,1,46-55
CUST02297,60,Female,40700.0,Normal,2.0,0.39,110.0,0,56+
CUST06293,33,Female,74500.0,Normal,5.0,0.47,190.0,0,26-35
CUST04239,31,Female,15000.0,Dry,1.0,0.07,100.0,1,26-35
CUST00297,35,Male,54500.0,Oily,5.0,0.39,180.0,1,26-35
CUST09807,28,Male,23000.0,Normal,4.0,0.41,130.0,1,26-35
CUST00058,48,Male,41100.0,Combination,6.0,0.5,230.0,1,46-55
CUST07304,31,Female,55600.0,Combination,1.0,0.14,100.0,1,26-35
CUST06422,39,Male,54500.0,Normal,3.0,0.26,120.0,0,36-45
CUST02985,18,Male,39100.0,Sensitive,4.0,0.24,150.0,0,18-25
CUST00028,36,Male,23000.0,Normal,5.0,0.28,130.0,0,36-45
CUST05315,32,Male,30900.0,Oily,2.0,0.14,100.0,1,26-35
CUST06743,23,Female,,Oily,1.0,0.06,100.0,1,18-25
CUST02677,49,Female,39600.0,Combination,5.0,0.38,220.0,1,46-55
CUST07083,31,Male,63300.0,Normal,3.0,0.22,110.0,0,26-35
CUST05152,31,Male,59300.0,Dry,3.0,0.25,150.0,0,26-35
CUST09943,18,Male,39700.0,Oily,3.0,0.21,110.0,0,18-25
CUST06761,42,Female,29000.0,Dry,3.0,0.27,130.0,0,36-45
CUST03249,42,Female,38700.0,Normal,4.0,0.35,140.0,1,36-45
CUST08851,46,Male,19500.0,Oily,,0.15,100.0,1,46-55
CUST03885,24,Male,42900.0,Oily,5.0,0.44,200.0,1,18-25
CUST07727,30,Female,58400.0,Dry,6.0,0.5,220.0,1,26-35
CUST00296,34,Female,39200.0,Combination,7.0,0.6,260.0,0,26-35
CUST03162,38,Male,62400.0,Oily,3.0,0.27,120.0,1,36-45
CUST02581,21,Female,59500.0,Combination,3.0,0.29,140.0,1,18-25
CUST03871,32,Male,43700.0,Combination,1.0,0.08,100.0,0,26-35
CUST06040,40,Male,61100.0,Dry,2.0,0.24,140.0,1,36-45
CUST08467,23,Female,24400.0,Normal,1.0,0.09,100.0,1,18-25
CUST04843,18,Female,44100.0,Combination,4.0,0.39,160.0,0,18-25
CUST00649,34,Male,38400.0,Sensitive,1.0,0.13,,0,26-35
CUST01371,18,Female,61800.0,Dry,4.0,0.23,170.0,0,18-25
CUST09895,39,Female,32700.0,Oily,2.0,0.16,100.0,0,36-45
CUST07054,54,Male,56400.0,Dry,3.0,0.29,140.0,0,46-55
CUST07217,18,Female,25900.0,Combination,4.0,0.37,100.0,0,18-25
CUST08629,30,Male,32200.0,Combination,8.0,0.67,290.0,1,26-35
CUST08835,19,Male,105700.0,Combination,4.0,0.33,200.0,1,18-25
CUST08525,49,Female,,Oily,4.0,0.37,160.0,0,46-55
CUST00682,39,Male,46800.0,Oily,3.0,0.26,160.0,1,36-45
CUST00435,42,Female,19500.0,Normal,5.0,0.45,100.0,1,36-45
CUST06914,56,Female,62800.0,Oily,3.0,0.34,140.0,0,56+
CUST04867,22,Male,41200.0,Oily,6.0,0.58,200.0,1,18-25
CUST06095,37,Female,34900.0,Normal,6.0,0.48,280.0,1,36-45
CUST03160,24,Female,34900.0,Dry,3.0,0.3,130.0,0,18-25
CUST01490,34,Female,79200.0,Normal,4.0,0.31,220.0,0,26-35
CUST02988,49,Male,50800.0,Sensitive,3.0,0.17,130.0,0,46-55
CUST00813,35,Male,,Normal,,0.28,140.0,0,26-35
CUST01883,27,Female,27300.0,Normal,7.0,0.59,240.0,1,26-35
CUST06898,19,Female,78000.0,Sensitive,0.0,0.0,100.0,0,18-25
CUST06370,50,Female,,Combination,4.0,0.4,200.0,0,46-55
CUST04336,23,Male,28600.0,Oily,3.0,0.19,150.0,1,18-25
CUST01941,18,Male,27700.0,Normal,7.0,0.63,130.0,1,18-25
CUST03297,37,Male,60900.0,Sensitive,4.0,0.29,190.0,0,36-45
CUST03535,37,Female,43700.0,Dry,7.0,0.56,180.0,1,36-45
CUST04565,38,Male,27500.0,Normal,6.0,0.49,180.0,0,36-45
CUST03730,35,Female,64500.0,Dry,3.0,0.24,100.0,0,26-35
CUST06274,66,Female,28800.0,Normal,4.0,0.41,130.0,0,56+
CUST01613,32,Male,21400.0,Normal,6.0,0.5,,1,26-35
CUST01182,41,Male,34600.0,Oily,3.0,0.33,100.0,1,36-45
CUST01376,36,Female,45300.0,Oily,4.0,0.3,180.0,1,36-45
CUST09262,32,Female,40800.0,Combination,3.0,0.27,140.0,1,26-35
CUST03947,46,Female,45100.0,Combination,6.0,0.54,180.0,1,46-55
CUST02987,34,Female,25700.0,Combination,3.0,0.3,100.0,0,26-35
CUST05258,18,Female,89700.0,Dry,3.0,0.25,180.0,0,18-25
CUST00627,27,Female,48800.0,Combination,9.0,0.78,200.0,1,26-35
CUST02113,42,Female,44700.0,Oily,3.0,0.2,150.0,0,36-45
CUST06342,23,Female,29800.0,Combination,3.0,0.17,100.0,1,18-25
CUST08263,31,Female,40700.0,Combination,3.0,0.23,120.0,0,26-35
CUST06264,25,Male,35900.0,Sensitive,3.0,0.22,120.0,1,18-25
CUST07048,40,Male,21700.0,Dry,4.0,0.34,160.0,0,36-45
CUST04203,38,Female,37300.0,Dry,5.0,0.38,190.0,0,36-45
CUST01463,23,Male,28900.0,Sensitive,5.0,0.43,,0,18-25
CUST02888,34,Female,31900.0,Sensitive,4.0,0.32,190.0,1,26-35
CUST04448,32,Male,39500.0,Oily,8.0,0.64,220.0,1,26-35
CUST00685,27,Male,32400.0,Combination,4.0,0.36,100.0,1,26-35
CUST07743,18,Male,49000.0,Combination,6.0,0.45,190.0,0,18-25
CUST08273,62,Male,30600.0,Combination,5.0,0.47,230.0,1,56+
CUST01367,20,Male,45200.0,Normal,3.0,0.23,130.0,0,18-25
CUST03917,29,Female,27700.0,Normal,3.0,0.25,100.0,0,26-35
CUST02640,26,Male,49200.0,Combination,6.0,0.6,220.0,0,26-35
CUST09498,52,Female,49500.0,Normal,2.0,0.26,110.0,0,46-55
CUST09075,26,Male,60400.0,Dry,4.0,0.34,200.0,0,26-35
CUST05870,54,Female,15100.0,Dry,7.0,0.64,210.0,0,46-55
CUST02301,27,Female,44300.0,Combination,3.0,0.27,110.0,1,26-35
CUST02939,28,Male,45800.0,Dry,,0.37,220.0,0,26-35
CUST06490,24,Female,,,4.0,0.3,130.0,0,18-25
CUST08696,39,Female,47500.0,Dry,3.0,0.28,130.0,1,36-45
CUST05061,20,Male,15000.0,Dry,6.0,0.59,170.0,1,18-25
CUST01980,37,Male,63500.0,Normal,3.0,0.31,130.0,0,36-45
CUST03804,35,Female,46300.0,Dry,4.0,0.32,120.0,0,26-35
CUST04924,18,Female,18800.0,Combination,8.0,0.71,330.0,1,18-25
CUST06513,37,Female,,Sensitive,3.0,0.31,140.0,0,36-45
CUST04607,20,Female,37100.0,Dry,2.0,0.12,100.0,1,18-25
CUST04769,18,Female,38900.0,Combination,4.0,0.34,120.0,1,18-25
CUST02281,46,Female,49800.0,Normal,3.0,0.28,120.0,1,46-55
CUST04475,25,Female,30600.0,Normal,7.0,0.48,210.0,1,18-25
CUST04186,36,Female,47500.0,Oily,1.0,0.09,,0,36-45
CUST06724,18,Female,74300.0,Dry,7.0,0.52,170.0,0,18-25
CUST04131,43,Female,,,3.0,0.17,140.0,0,36-45
CUST06114,24,Male,31800.0,Oily,4.0,0.39,160.0,1,18-25
CUST09849,21,Male,86200.0,Oily,4.0,0.33,250.0,1,18-25
CUST01785,40,Male,15000.0,Oily,7.0,0.61,150.0,0,36-45
CUST03183,24,Male,57700.0,Combination,5.0,0.41,190.0,0,18-25
CUST00495,29,Male,73000.0,Dry,4.0,0.41,110.0,0,26-35
CUST07426,18,Female,21500.0,Normal,5.0,0.48,140.0,1,18-25
CUST02861,18,Female,58600.0,Normal,4.0,0.35,120.0,1,18-25
CUST08546,24,Female,45200.0,Combination,3.0,0.29,110.0,1,18-25
CUST04042,30,Male,34200.0,Sensitive,4.0,0.37,100.0,1,26-35
CUST07368,37,Female,30700.0,Oily,4.0,0.34,170.0,0,36-45
CUST02898,33,Male,25100.0,Dry,2.0,0.16,100.0,0,26-35
CUST00367,24,Male,65000.0,Sensitive,4.0,0.31,120.0,1,18-25
CUST00850,43,Male,32900.0,Normal,6.0,0.52,260.0,0,36-45
CUST05980,18,Female,97800.0,Combination,,0.47,250.0,1,18-25
CUST05396,39,Female,33600.0,Sensitive,2.0,0.25,110.0,1,36-45
CUST04340,29,Female,57200.0,Combination,,0.54,210.0,1,26-35
CUST02654,23,Female,32300.0,Combination,4.0,0.39,120.0,1,18-25
CUST03504,19,Female,55300.0,Oily,4.0,0.34,220.0,0,18-25
CUST01542,41,Female,24500.0,Combination,6.0,0.52,260.0,1,36-45
CUST08858,42,Female,53800.0,Combination,5.0,0.35,220.0,1,36-45
CUST08904,38,Male,,Oily,4.0,0.29,110.0,0,36-45
CUST00323,45,Female,42800.0,Oily,7.0,0.54,290.0,0,36-45
CUST02032,27,Female,31800.0,Combination,7.0,0.58,280.0,0,26-35
CUST00814,26,Female,51600.0,Normal,5.0,0.46,230.0,0,26-35
CUST07633,28,Female,51500.0,Combination,7.0,0.5,320.0,1,26-35
CUST09413,26,Male,40100.0,Sensitive,5.0,0.33,230.0,0,26-35
CUST01080,48,Female,29100.0,Combination,,0.42,130.0,1,46-55
CUST02227,34,M,16600.0,Normal,4.0,0.45,100.0,0,26-35
CUST09174,26,Female,24300.0,Oily,7.0,0.55,280.0,1,26-35
CUST09220,26,Female,102000.0,Oily,1.0,0.05,100.0,1,26-35
CUST02706,30,Female,39100.0,Dry,6.0,0.52,220.0,0,26-35
CUST06884,28,Female,59200.0,Oily,4.0,0.3,200.0,1,26-35
CUST04295,33,Female,48200.0,Sensitive,7.0,0.64,180.0,0,26-35
CUST01165,21,Female,24200.0,Sensitive,4.0,0.31,140.0,1,18-25
CUST03262,20,Female,50500.0,Oily,3.0,0.26,150.0,0,18-25
CUST05538,18,,22800.0,Combination,8.0,0.7,260.0,1,18-25
CUST01451,28,Male,61500.0,Dry,3.0,0.25,170.0,1,26-35
CUST03863,19,Male,36000.0,Normal,3.0,0.29,100.0,1,18-25
CUST06158,28,Male,28600.0,Dry,9.0,0.73,300.0,1,26-35
CUST06943,26,Male,77400.0,Combination,,0.16,180.0,1,26-35
CUST07182,36,Female,,Oily,,0.1,140.0,1,36-45
CUST08907,43,Male,39000.0,Normal,6.0,0.48,200.0,1,36-45
CUST09206,29,Female,36300.0,Normal,4.0,0.39,130.0,1,26-35
CUST09316,34,Female,35000.0,Dry,4.0,0.4,190.0,0,26-35
CUST06672,38,Female,71300.0,Oily,2.0,0.2,120.0,1,36-45
CUST09755,18,Female,15400.0,Combination,1.0,0.12,100.0,0,18-25
CUST04057,42,Male,32600.0,Combination,3.0,0.35,140.0,0,36-45
CUST09551,39,Female,41600.0,Normal,3.0,0.23,160.0,1,36-45
CUST03000,28,Male,75200.0,Dry,0.0,0.0,100.0,1,26-35
CUST09062,46,Female,35800.0,Combination,7.0,0.64,300.0,1,46-55
CUST01232,20,Male,74600.0,Oily,2.0,0.16,140.0,1,18-25
CUST01515,18,Female,37000.0,Combination,5.0,0.39,110.0,1,18-25
CUST02314,33,Female,43200.0,Combination,6.0,0.53,170.0,1,26-35
CUST01452,38,Male,41100.0,,4.0,0.42,140.0,1,36-45
CUST09036,51,Female,39200.0,Oily,5.0,0.31,230.0,0,46-55
CUST07413,27,Female,55600.0,Oily,10.0,0.73,420.0,0,26-35
CUST08569,21,Female,98700.0,Normal,5.0,0.38,300.0,0,18-25
CUST05639,36,Female,25700.0,Normal,2.0,0.19,100.0,1,36-45
CUST00839,52,Male,64300.0,Dry,5.0,0.36,160.0,1,46-55
CUST09955,18,Male,48000.0,Combination,5.0,0.47,200.0,1,18-25
CUST04657,22,Male,27900.0,Oily,,0.26,,1,18-25
CUST07471,34,Male,48800.0,Oily,3.0,0.3,160.0,1,26-35
CUST08541,41,Male,57600.0,Combination,4.0,0.37,100.0,0,36-45
CUST03568,19,male,62600.0,Normal,0.0,0.01,100.0,0,18-25
CUST09302,22,Male,26400.0,Combination,7.0,0.6,150.0,0,18-25
CUST03088,22,Female,50400.0,Combination,1.0,0.1,100.0,0,18-25
CUST08830,40,Male,40800.0,Combination,6.0,0.56,220.0,1,36-45
CUST01715,21,Female,34000.0,Normal,8.0,0.67,280.0,0,18-25
CUST00340,39,Female,43800.0,Combination,5.0,0.4,240.0,1,36-45
CUST06790,25,Male,,Sensitive,8.0,0.6,190.0,0,18-25
CUST05995,21,Female,53200.0,Combination,4.0,0.38,190.0,1,18-25
CUST06862,18,Male,18600.0,Sensitive,9.0,0.79,210.0,1,18-25
CUST08170,27,Female,72400.0,Dry,4.0,0.39,170.0,0,26-35
CUST04948,36,Male,45800.0,Sensitive,2.0,0.18,100.0,1,36-45
CUST00589,35,Female,32000.0,Sensitive,4.0,0.3,150.0,1,26-35
CUST03366,18,Male,23200.0,Oily,4.0,0.4,100.0,0,18-25
CUST02671,40,Female,35000.0,Normal,5.0,0.41,240.0,1,36-45
CUST03590,26,Male,27900.0,Normal,6.0,0.57,170.0,0,26-35
CUST00035,39,Male,24100.0,Sensitive,7.0,0.61,200.0,1,36-45
CUST00029,37,Female,35100.0,Dry,8.0,0.69,200.0,0,36-45
CUST07065,49,Female,22600.0,Combination,3.0,0.32,120.0,1,46-55
CUST04626,36,Female,24400.0,Combination,7.0,0.55,180.0,1,36-45
CUST02171,23,Male,20200.0,Combination,3.0,0.23,100.0,1,18-25
CUST05184,65,Male,34300.0,Sensitive,3.0,0.36,150.0,0,56+
CUST08493,37,Male,42700.0,Normal,2.0,0.17,,0,36-45
CUST00890,18,Female,61700.0,Combination,4.0,0.4,180.0,0,18-25
CUST09829,18,Female,57600.0,Dry,2.0,0.22,100.0,0,18-25
CUST03323,34,Female,,Dry,4.0,0.41,100.0,1,26-35
CUST09434,21,Female,32300.0,Dry,4.0,0.39,120.0,1,18-25
CUST03515,36,Female,25900.0,Combination,1.0,0.14,100.0,1,36-45
CUST04460,34,Female,32700.0,Combination,2.0,0.13,100.0,1,26-35
CUST08387,34,Female,62300.0,Normal,5.0,0.37,250.0,1,26-35
CUST08146,31,Male,28900.0,Dry,1.0,0.06,100.0,0,26-35
CUST03734,28,Male,26200.0,Combination,6.0,0.47,180.0,1,26-35
CUST09503,19,Male,26300.0,Combination,3.0,0.22,100.0,1,18-25
CUST07143,22,Male,49300.0,Normal,3.0,0.28,140.0,0,18-25
CUST01655,29,Male,28100.0,Combination,2.0,0.15,100.0,1,26-35
CUST07162,34,Male,38000.0,Oily,,0.22,120.0,1,26-35
CUST00224,20,Female,48700.0,Sensitive,5.0,0.38,140.0,0,18-25
CUST09437,22,Female,20800.0,Normal,4.0,0.32,110.0,1,18-25
CUST08825,40,Female,44000.0,Oily,3.0,0.3,170.0,0,36-45
CUST01591,18,Male,53800.0,Oily,2.0,0.18,100.0,1,18-25
CUST08953,18,Male,33400.0,Oily,3.0,0.26,100.0,1,18-25
CUST03257,25,Female,62600.0,Combination,3.0,0.21,170.0,1,18-25
CUST06984,19,Male,75600.0,,1.0,0.01,110.0,0,18-25
CUST08643,26,Female,38000.0,Combination,3.0,0.29,150.0,1,26-35
CUST02182,35,Male,44500.0,Normal,4.0,0.36,130.0,1,26-35
CUST06863,49,Female,28800.0,Combination,5.0,0.47,170.0,0,46-55
CUST06128,37,Female,43600.0,Normal,3.0,0.35,150.0,0,36-45
CUST07294,36,Male,56100.0,,5.0,0.46,150.0,1,36-45
CUST04831,18,Female,35100.0,Combination,3.0,0.22,100.0,0,18-25
CUST01210,35,Female,33900.0,Oily,2.0,0.18,100.0,1,26-35
CUST00422,23,Female,69900.0,Dry,3.0,0.32,180.0,1,18-25
CUST08778,19,Male,29900.0,Normal,4.0,0.25,150.0,0,18-25
CUST01707,27,Female,25600.0,Normal,4.0,0.27,150.0,1,26-35
CUST01159,18,Male,64000.0,Oily,9.0,0.73,300.0,1,18-25
CUST02307,53,Female,23000.0,Dry,5.0,0.39,110.0,1,46-55
CUST00274,55,Female,47800.0,Oily,4.0,0.34,110.0,0,46-55
CUST00172,37,Female,42400.0,Oily,3.0,0.22,100.0,1,36-45
CUST03957,24,Female,22600.0,Oily,4.0,0.31,110.0,1,18-25
CUST04900,27,Female,,Sensitive,5.0,0.41,230.0,1,26-35
CUST03189,28,Male,37500.0,Combination,5.0,0.41,210.0,1,26-35
CUST01726,33,Female,62200.0,Dry,2.0,0.2,110.0,1,26-35
CUST04337,34,Male,20600.0,Oily,1.0,0.0,100.0,0,26-35
CUST08886,52,Female,45500.0,Dry,5.0,0.36,190.0,0,46-55
CUST01565,22,Female,57200.0,Oily,4.0,0.34,160.0,1,18-25
CUST01783,18,Male,30500.0,Combination,4.0,0.35,190.0,0,18-25
CUST00844,31,Female,56800.0,Combination,5.0,0.43,180.0,1,26-35
CUST09383,35,Male,70800.0,Normal,4.0,0.41,180.0,0,26-35
CUST07074,33,Male,64400.0,Sensitive,8.0,0.73,270.0,1,26-35
CUST00905,25,Female,83600.0,Combination,3.0,0.27,180.0,1,18-25
CUST08199,21,Female,62100.0,Normal,5.0,0.47,170.0,1,18-25
CUST09710,28,Female,47300.0,Sensitive,6.0,0.49,,1,26-35
CUST05160,18,Female,34700.0,Sensitive,2.0,0.16,100.0,1,18-25
CUST01548,23,Female,63800.0,Oily,4.0,0.35,160.0,1,18-25
CUST02081,36,Male,54000.0,Sensitive,3.0,0.25,140.0,0,36-45
CUST07800,22,Male,122000.0,Normal,3.0,0.27,190.0,1,18-25
CUST03986,25,FEMALE,46500.0,Normal,4.0,0.28,160.0,0,18-25
CUST07733,22,Male,67500.0,Combination,6.0,0.45,180.0,1,18-25
CUST07600,42,Female,26900.0,Dry,4.0,0.26,160.0,0,36-45
CUST06246,46,Female,61400.0,Dry,3.0,0.29,100.0,1,46-55
CUST06625,24,Female,,Combination,3.0,0.23,31638.96234253954,1,18-25
CUST08242,21,Female,25200.0,Normal,1.0,0.12,,0,18-25
CUST03821,-5,Female,39900.0,Normal,5.0,0.4,150.0,0,36-45
CUST02647,50,Female,55300.0,Combination,3.0,0.28,120.0,1,46-55
CUST06378,40,Female,46900.0,Sensitive,9.0,0.79,210.0,0,36-45
CUST07221,39,Female,92600.0,Combination,2.0,0.22,150.0,1,36-45
CUST05146,33,Male,48900.0,Combination,3.0,0.17,140.0,1,26-35
CUST06598,30,Male,39000.0,Dry,2.0,0.11,,1,26-35
CUST07066,37,Female,15000.0,Sensitive,5.0,0.46,180.0,1,36-45
CUST06126,18,Male,50300.0,Normal,7.0,0.53,210.0,1,18-25
CUST02156,39,Male,91100.0,Oily,3.0,0.25,170.0,1,36-45
CUST08219,41,Male,,Normal,2.0,0.33,120.0,1,36-45
CUST03716,23,Female,85500.0,,2.0,0.14,140.0,0,18-25
CUST04058,40,Female,40000.0,Dry,4.0,0.3,170.0,1,36-45
CUST06005,18,Female,58200.0,Normal,3.0,0.26,180.0,1,18-25
CUST03103,41,Female,33800.0,Oily,4.0,0.42,100.0,0,36-45
CUST00559,18,Female,111200.0,Oily,3.0,0.28,220.0,0,18-25
CUST08552,35,Female,50900.0,Dry,5.0,0.42,240.0,0,26-35
CUST04418,35,Female,34000.0,Sensitive,3.0,0.19,110.0,1,26-35
CUST01437,27,Female,55300.0,Combination,2.0,0.13,130.0,1,26-35
CUST00508,37,Male,62800.0,Combination,6.0,0.48,200.0,1,36-45
CUST01870,35,Male,28200.0,Oily,4.0,0.31,150.0,1,26-35
CUST00756,44,Male,,Sensitive,8.0,0.66,340.0,0,36-45
CUST05467,41,Male,,Dry,3.0,0.2,220.0,0,36-45
CUST04051,42,Female,74900.0,Oily,2.0,0.07,150.0,1,36-45
CUST05299,39,Female,27800.0,Oily,5.0,0.47,130.0,0,36-45
CUST03837,38,Male,,Combination,1.0,0.08,150.0,0,36-45
CUST02119,34,Female,37400.0,Combination,3.0,0.32,130.0,0,26-35
CUST06207,48,Female,,Combination,5.0,0.47,210.0,0,46-55
CUST07041,33,Female,65200.0,,0.0,0.05,,0,26-35
CUST00502,42,Female,42200.0,Combination,1.0,0.12,100.0,0,36-45
CUST06315,51,Female,41100.0,Oily,3.0,0.21,140.0,0,46-55
CUST07883,33,Female,21400.0,Combination,4.0,0.38,140.0,1,26-35
CUST01540,49,Male,90000.0,Combination,6.0,0.55,300.0,1,46-55
CUST06196,30,Female,41600.0,Dry,6.0,0.47,250.0,1,26-35
CUST01212,27,Female,,Normal,6.0,0.46,130.0,1,26-35
CUST09160,46,Female,72800.0,Sensitive,4.0,0.34,170.0,1,46-55
CUST00673,24,Male,41400.0,Combination,6.0,0.48,200.0,1,18-25
CUST03378,29,,34900.0,Sensitive,3.0,0.29,100.0,1,26-35
CUST08821,40,Female,38200.0,Combination,8.0,0.56,170.0,1,36-45
CUST01465,43,Male,37800.0,Dry,4.0,0.26,100.0,1,36-45
CUST01193,29,Male,31900.0,Dry,3.0,0.2,120.0,0,26-35
CUST08132,30,Female,83100.0,Normal,2.0,0.04,110.0,0,26-35
CUST01873,25,Male,60000.0,Oily,9.0,0.82,340.0,1,18-25
CUST03591,31,Female,55300.0,Normal,1.0,0.0,100.0,0,26-35
CUST06785,28,Male,34300.0,Sensitive,2.0,0.13,100.0,0,26-35
CUST00506,26,Female,37000.0,Normal,5.0,0.47,160.0,1,26-35
CUST08186,19,Female,31700.0,Oily,6.0,0.5,130.0,1,18-25
CUST00507,59,Male,98500.0,Normal,3.0,0.3,160.0,0,56+
CUST08230,33,Female,,Combination,4.0,0.29,140.0,1,26-35
CUST06760,49,Male,38400.0,Normal,2.0,0.11,100.0,1,46-55
CUST04709,23,Male,44000.0,Dry,2.0,0.24,100.0,1,18-25
CUST08167,32,Male,28800.0,Normal,4.0,0.28,160.0,1,26-35
CUST01774,51,Male,32400.0,Oily,2.0,0.23,100.0,0,46-55
CUST05708,37,Male,45600.0,Normal,1.0,0.21,100.0,0,36-45
CUST04950,41,Male,43900.0,Normal,2.0,0.16,130.0,1,36-45
CUST00798,44,Female,,,5.0,0.42,120.0,0,36-45
CUST07186,39,Female,33300.0,Combination,2.0,0.1,,0,36-45
CUST07132,34,Female,32800.0,Sensitive,7.0,0.69,240.0,1,26-35
CUST02830,59,Male,22100.0,Dry,6.0,0.54,230.0,0,56+
CUST09357,28,Female,66000.0,Oily,2.0,0.07,,1,26-35
CUST08775,18,Female,32700.0,Combination,2.0,0.14,100.0,0,18-25
CUST00313,51,Male,45200.0,Oily,4.0,0.42,140.0,0,46-55
CUST00747,52,Female,46900.0,Sensitive,2.0,0.17,100.0,0,46-55
CUST03570,41,Female,,,4.0,0.33,180.0,1,36-45
CUST00791,24,Female,34900.0,Combination,7.0,0.62,250.0,1,18-25
CUST02477,18,Male,46300.0,Combination,5.0,0.48,160.0,1,18-25
CUST09363,65,Female,39000.0,Sensitive,8.0,0.66,200.0,0,56+
CUST02571,57,Male,62100.0,Combination,4.0,0.31,190.0,0,56+
CUST05334,51,Female,39500.0,Sensitive,8.0,0.83,210.0,0,46-55
CUST05262,42,Male,39600.0,Dry,6.0,0.55,190.0,1,36-45
CUST02164,39,Female,31900.0,Oily,8.0,0.72,330.0,1,36-45
CUST06635,33,Female,38100.0,Oily,6.0,0.47,140.0,0,26-35
CUST06391,31,Female,15500.0,Combination,4.0,0.27,120.0,1,26-35
CUST00381,33,Male,23200.0,Oily,4.0,0.32,130.0,1,26-35
CUST07880,40,Female,26600.0,Dry,4.0,0.36,180.0,0,36-45
CUST01293,28,Female,46700.0,Oily,4.0,0.32,190.0,1,26-35
CUST01913,38,Female,20100.0,Combination,1.0,0.11,,1,36-45
CUST00600,18,Male,50700.0,Combination,6.0,0.46,150.0,0,18-25
CUST03893,18,Female,73800.0,Oily,5.0,0.45,220.0,1,18-25
CUST04142,70,Female,44200.0,Oily,9.0,0.81,230.0,0,56+
CUST01653,38,Male,37600.0,Normal,2.0,0.14,100.0,1,36-45
CUST05272,44,Male,,Normal,8.0,0.58,290.0,1,36-45
CUST01894,18,Male,54700.0,Combination,3.0,0.25,110.0,0,18-25
CUST01945,28,Female,37900.0,Combination,7.0,0.58,190.0,1,26-35
CUST03396,39,Female,,Normal,7.0,0.63,210.0,0,36-45
CUST05528,34,Male,,Normal,3.0,0.29,,0,26-35
CUST09809,35,Male,25400.0,Normal,4.0,0.36,170.0,1,26-35
CUST00376,58,Male,,Sensitive,4.0,0.4,150.0,0,56+
CUST01967,35,Male,42300.0,Dry,5.0,0.41,140.0,1,26-35
CUST03958,43,Male,55000.0,Oily,2.0,0.1,150.0,0,36-45
CUST09069,18,Male,26600.0,Normal,4.0,0.33,110.0,1,18-25
CUST07541,21,Male,49600.0,Dry,1.0,0.09,100.0,1,18-25
CUST09365,18,Female,47400.0,Dry,8.0,0.67,200.0,1,18-25
CUST05966,45,Female,35600.0,Normal,4.0,0.28,,0,36-45
CUST06681,38,Male,66900.0,Combination,5.0,0.47,190.0,1,36-45
CUST01472,44,Female,32300.0,Dry,4.0,0.35,160.0,0,36-45
CUST03347,35,Female,61300.0,Oily,4.0,0.28,200.0,0,26-35
CUST06309,46,Female,28900.0,Dry,2.0,0.22,100.0,0,46-55
CUST02854,35,Female,60300.0,Combination,8.0,0.71,310.0,1,26-35
CUST09026,20,Female,46000.0,Combination,1.0,0.08,100.0,0,18-25
CUST09815,38,Female,15000.0,Combination,3.0,0.28,130.0,1,36-45
CUST06517,19,Female,30200.0,Normal,5.0,0.42,140.0,0,18-25
CUST04063,25,Female,40600.0,Dry,11.0,0.88,350.0,1,18-25
CUST08024,27,Female,27500.0,Normal,1.0,0.0,100.0,1,26-35
CUST04307,35,Male,102900.0,Oily,4.0,0.36,270.0,0,26-35
CUST04920,43,Female,36600.0,Oily,2.0,0.18,100.0,0,36-45
CUST07311,23,Male,92800.0,,6.0,0.54,290.0,0,18-25
CUST09416,21,Female,68000.0,Dry,4.0,0.33,220.0,0,18-25
CUST03991,35,Female,48700.0,Combination,4.0,0.32,110.0,1,26-35
CUST01050,37,Female,27400.0,Sensitive,6.0,0.54,220.0,1,36-45
CUST07934,24,Male,43300.0,Combination,5.0,0.34,220.0,1,18-25
CUST05377,32,Female,60700.0,Oily,5.0,0.34,240.0,1,26-35
CUST07930,51,Male,50800.0,Oily,8.0,0.65,240.0,0,46-55
CUST02036,40,Female,52800.0,Combination,3.0,0.14,150.0,0,36-45
CUST04040,30,Male,68900.0,Sensitive,6.0,0.51,250.0,1,26-35
CUST05280,54,Female,49800.0,Sensitive,1.0,0.13,100.0,0,46-55
CUST09392,61,Female,59400.0,Dry,5.0,0.41,180.0,0,56+
CUST01973,33,female,34200.0,Sensitive,2.0,0.18,100.0,1,26-35
CUST08293,27,Female,78800.0,Sensitive,5.0,0.37,240.0,1,26-35
CUST02100,49,Female,61900.0,Combination,1.0,0.0,110.0,0,46-55
CUST01500,19,Female,31900.0,Oily,5.0,0.48,240.0,0,18-25
CUST09193,18,Male,89700.0,Combination,5.0,0.3,180.0,1,18-25
CUST00653,50,Female,57500.0,Normal,3.0,0.2,140.0,1,46-55
CUST00171,25,Female,34400.0,Dry,2.0,0.15,100.0,1,18-25
CUST04086,32,Female,37300.0,Normal,2.0,0.19,100.0,1,26-35
CUST00243,18,Female,28800.0,Dry,5.0,0.4,200.0,0,18-25
CUST09819,29,Male,20700.0,Combination,4.0,0.36,100.0,1,26-35
CUST04372,26,Male,19800.0,Combination,5.0,0.39,100.0,1,26-35
CUST07034,28,Female,35300.0,Normal,3.0,0.18,150.0,0,26-35
CUST02757,39,Female,39400.0,Oily,4.0,0.31,120.0,1,36-45
CUST09777,19,Female,63500.0,Oily,6.0,0.49,140.0,1,18-25
CUST05494,26,Male,23600.0,Dry,,0.04,100.0,0,26-35
CUST02077,32,Male,5000000.0,Combination,3.0,0.22,120.0,1,26-35
CUST04104,52,Male,30200.0,Dry,1.0,0.08,100.0,0,46-55
CUST09599,27,Male,19100.0,Oily,3.0,0.27,100.0,1,26-35
CUST06312,45,Female,25800.0,Dry,3.0,0.32,140.0,1,36-45
CUST06455,32,Female,50500.0,Normal,1.0,0.14,100.0,0,26-35
CUST05754,45,Female,71500.0,Combination,1.0,0.05,100.0,0,36-45
CUST05144,44,Female,58700.0,Oily,3.0,0.22,120.0,1,36-45
CUST05906,29,Male,28800.0,Oily,4.0,0.35,110.0,1,26-35
CUST05841,26,Male,21600.0,Normal,2.0,0.18,100.0,0,26-35
CUST09411,21,Female,47700.0,Combination,4.0,0.29,140.0,1,18-25
CUST09293,18,Female,17400.0,Combination,3.0,0.16,110.0,1,18-25
CUST10000,30,Male,29800.0,Combination,7.0,0.63,210.0,1,26-35
CUST04520,18,Male,58700.0,Oily,6.0,0.59,230.0,1,18-25
CUST08362,29,Female,59100.0,Dry,5.0,0.41,210.0,1,26-35
CUST04079,28,Male,83700.0,Combination,3.0,0.21,170.0,1,26-35
CUST00641,18,Male,55900.0,Combination,3.0,0.31,160.0,1,18-25
CUST01271,49,Male,45300.0,Normal,10.0,0.89,380.0,0,46-55
CUST02779,37,Male,51000.0,Normal,6.0,0.53,,1,36-45
CUST08150,39,Male,43900.0,Combination,3.0,0.21,110.0,0,36-45
CUST03862,40,Female,,Combination,5.0,0.4,260.0,1,36-45
CUST03481,27,Male,46200.0,Normal,2.0,0.18,120.0,0,26-35
CUST01535,54,Female,37300.0,Oily,5.0,0.5,170.0,0,46-55
CUST00326,40,Male,43800.0,Sensitive,5.0,0.47,210.0,0,36-45
CUST02339,44,Male,40900.0,Oily,1.0,0.08,100.0,1,36-45
CUST03981,36,Female,26900.0,Oily,7.0,0.64,260.0,1,36-45
CUST09284,18,Female,57000.0,Normal,3.0,0.22,120.0,0,18-25
CUST04055,38,F,42200.0,Combination,4.0,0.36,150.0,1,36-45
CUST02238,31,Female,41800.0,Normal,4.0,0.31,170.0,1,26-35
CUST09745,18,Male,58200.0,Oily,3.0,0.32,160.0,0,18-25
CUST09708,30,Male,25200.0,Dry,2.0,0.22,100.0,1,26-35
CUST05750,31,Female,71400.0,Combination,5.0,0.41,220.0,1,26-35
CUST00865,24,Female,32900.0,,6.0,0.41,120.0,0,18-25
CUST07996,26,Male,48700.0,Combination,4.0,0.28,110.0,1,26-35
CUST05557,35,Male,51400.0,Oily,1.0,0.05,100.0,0,26-35
CUST05248,44,Female,31200.0,Oily,6.0,0.55,250.0,1,36-45
CUST00372,47,Female,21800.0,Oily,4.0,0.32,100.0,0,46-55
CUST06352,23,Female,37000.0,Oily,1.0,0.09,100.0,1,18-25
CUST06302,24,Female,80800.0,Sensitive,3.0,0.22,180.0,0,18-25
CUST08130,24,Male,28400.0,Dry,5.0,0.44,120.0,1,18-25
CUST05951,18,Female,64400.0,Combination,7.0,0.61,300.0,1,18-25
CUST09325,56,Male,,Combination,4.0,0.31,150.0,0,56+
CUST05584,20,Female,58400.0,Combination,4.0,0.41,,0,18-25
CUST02365,60,Male,37900.0,Dry,3.0,0.34,110.0,0,56+
CUST03214,21,Female,,Combination,4.0,0.36,170.0,0,18-25
CUST00912,36,Male,24800.0,Normal,5.0,0.45,120.0,0,36-45
CUST09085,28,Male,30300.0,Combination,5.0,0.37,140.0,1,26-35
CUST07160,18,Female,35400.0,Normal,2.0,0.08,100.0,0,18-25
CUST06588,35,Male,61900.0,Normal,5.0,0.47,210.0,1,26-35
CUST08469,32,Male,33300.0,Dry,6.0,0.52,160.0,1,26-35
CUST06594,45,Female,52200.0,,3.0,0.24,100.0,1,36-45
CUST05999,34,Female,26500.0,Oily,2.0,0.16,100.0,0,26-35
CUST01424,47,Male,25000.0,Oily,2.0,0.22,100.0,0,46-55
CUST09847,46,Male,,Combination,6.0,0.48,200.0,1,46-55
CUST00480,61,Female,52900.0,Combination,5.0,0.47,230.0,0,56+
CUST00663,22,Female,37100.0,,4.0,0.36,160.0,1,18-25
CUST06022,18,Female,55700.0,Combination,1.0,0.05,110.0,1,18-25
CUST09020,26,Female,24500.0,Combination,6.0,0.57,230.0,1,26-35
CUST08145,18,Male,22900.0,Oily,5.0,0.43,200.0,1,18-25
CUST02989,34,Male,35300.0,Normal,5.0,0.43,150.0,0,26-35
CUST01120,21,Female,64900.0,Normal,11.0,0.94,400.0,1,18-25
CUST02777,38,Female,53400.0,Normal,1.0,0.09,100.0,0,36-45
CUST05604,36,Male,27400.0,Oily,3.0,0.23,110.0,0,36-45
CUST05047,42,Male,31200.0,Oily,4.0,0.32,140.0,1,36-45
CUST06708,28,Male,31700.0,Dry,5.0,0.44,220.0,1,26-35
CUST05153,33,Female,33700.0,,4.0,0.35,100.0,1,26-35
CUST04428,18,Female,31400.0,Normal,2.0,0.21,100.0,0,18-25
CUST07494,18,Male,40000.0,Combination,1.0,0.14,100.0,0,18-25
CUST03982,29,Female,47400.0,Sensitive,5.0,0.46,200.0,1,26-35
CUST06408,29,Female,,Dry,8.0,0.71,300.0,0,26-35
CUST02894,25,male,29700.0,Oily,1.0,0.13,100.0,1,18-25
CUST02670,25,Male,50300.0,Oily,1.0,0.05,100.0,1,18-25
CUST03978,29,Female,27300.0,Normal,2.0,0.14,100.0,1,26-35
CUST05307,33,Female,37500.0,Combination,4.0,0.24,110.0,1,26-35
CUST00280,35,Female,77800.0,Normal,4.0,0.48,140.0,1,26-35
CUST07756,29,Male,42600.0,Oily,3.0,0.3,100.0,1,26-35
CUST06253,43,Male,38000.0,Normal,3.0,0.21,,1,36-45
CUST07082,43,Male,116200.0,Combination,5.0,0.39,240.0,1,36-45
CUST01695,18,Male,36000.0,Normal,6.0,0.5,160.0,1,18-25
CUST08950,45,Female,28900.0,Oily,3.0,0.37,130.0,1,36-45
CUST03480,32,Female,95700.0,Oily,7.0,0.58,290.0,1,26-35
CUST04417,46,Male,52800.0,Oily,6.0,0.53,210.0,1,46-55
CUST07656,26,F,70800.0,Dry,3.0,0.28,120.0,1,26-35
CUST06254,26,Male,33400.0,Combination,4.0,0.41,170.0,0,26-35
CUST05372,35,Female,41600.0,,5.0,0.42,180.0,1,26-35
CUST08657,20,Female,78200.0,Combination,5.0,0.38,200.0,1,18-25
CUST07846,43,Male,37400.0,Oily,0.0,0.02,100.0,0,36-45
CUST04297,29,Female,142200.0,Combination,1.0,0.01,,1,26-35
CUST04634,19,Female,31400.0,Dry,2.0,0.12,100.0,1,18-25
CUST05376,42,Female,40600.0,Sensitive,5.0,0.44,160.0,0,36-45
CUST02210,27,Female,39400.0,Normal,1.0,0.12,,1,26-35
CUST09571,42,Female,46700.0,Normal,9.0,0.75,350.0,1,36-45
CUST05550,21,Female,33500.0,,4.0,0.36,180.0,1,18-25
CUST00185,37,Female,30200.0,Normal,2.0,0.14,100.0,0,36-45
CUST06775,19,Male,116300.0,Oily,3.0,0.32,250.0,1,18-25
CUST09962,29,Male,48100.0,Sensitive,1.0,0.13,100.0,1,26-35
CUST02351,39,Male,,Combination,,0.25,170.0,0,36-45
CUST00554,54,Female,28500.0,Normal,2.0,0.19,100.0,0,46-55
CUST01398,30,Female,48500.0,Dry,3.0,0.19,110.0,0,26-35
CUST01385,18,Female,34900.0,Sensitive,4.0,0.41,160.0,0,18-25
CUST09389,36,Male,31500.0,Oily,4.0,0.32,200.0,1,36-45
CUST08790,28,Female,29700.0,Normal,1.0,0.01,100.0,0,26-35
CUST00298,28,Female,63300.0,Combination,3.0,0.24,150.0,1,26-35
CUST00444,47,Male,38400.0,Dry,6.0,0.54,170.0,0,46-55
CUST09538,39,Female,42000.0,Normal,10.0,0.77,320.0,1,36-45
CUST02078,33,Female,47400.0,Combination,4.0,0.32,170.0,0,26-35
CUST07881,26,Female,18400.0,Dry,5.0,0.49,180.0,1,26-35
CUST02230,35,Female,63200.0,Normal,3.0,0.28,110.0,1,26-35
CUST02843,38,Female,117700.0,Oily,7.0,0.59,350.0,0,36-45
CUST02538,18,Female,34100.0,Sensitive,4.0,0.39,120.0,1,18-25
CUST06313,33,Female,54200.0,Combination,4.0,0.33,180.0,1,26-35
CUST08342,32,Female,,Oily,3.0,0.2,120.0,1,26-35
CUST06501,46,Female,59400.0,Normal,10.0,0.8,320.0,1,46-55
CUST03368,29,Female,33300.0,Combination,4.0,0.34,170.0,1,26-35
CUST04526,19,Female,41300.0,Dry,3.0,0.35,140.0,1,18-25
CUST02579,46,Female,36400.0,Oily,9.0,0.74,280.0,1,46-55
CUST01132,29,Male,50700.0,Sensitive,2.0,0.17,120.0,0,26-35
CUST04861,18,Female,22100.0,Combination,1.0,0.07,100.0,0,18-25
CUST00321,41,Male,92500.0,Combination,8.0,0.64,330.0,1,36-45
CUST01372,41,Female,27800.0,Dry,7.0,0.66,240.0,1,36-45
CUST04043,32,,24900.0,Combination,1.0,0.09,100.0,1,26-35
CUST07549,40,Female,31900.0,Sensitive,8.0,0.73,200.0,1,36-45
CUST07704,29,Male,35000.0,Sensitive,5.0,0.46,170.0,1,26-35
CUST00908,18,Female,55200.0,Normal,,0.44,160.0,0,18-25
CUST09771,44,Male,89000.0,Dry,3.0,0.28,130.0,0,36-45
CUST03951,24,Male,34300.0,Dry,5.0,0.41,180.0,0,18-25
CUST07146,27,Female,81300.0,Sensitive,3.0,0.25,130.0,0,26-35
CUST08924,35,Male,55900.0,Oily,2.0,0.16,100.0,0,26-35
CUST06754,39,Female,25900.0,Dry,6.0,0.48,130.0,0,36-45
CUST05021,23,Female,53100.0,Sensitive,4.0,0.26,150.0,0,18-25
CUST06241,44,Female,48300.0,Normal,5.0,0.36,140.0,1,36-45
CUST08444,35,Female,106900.0,Normal,5.0,0.48,270.0,1,26-35
CUST00927,30,Female,19800.0,Sensitive,2.0,0.13,100.0,0,26-35
CUST09794,18,Female,71000.0,Dry,7.0,0.55,260.0,0,18-25
CUST00016,23,Male,29200.0,Dry,4.0,0.31,130.0,1,18-25
CUST00144,35,Female,64500.0,Dry,2.0,0.12,120.0,0,26-35
CUST02364,37,Female,42500.0,Combination,4.0,0.34,,0,36-45
CUST00130,22,,21300.0,Normal,,0.43,150.0,0,18-25
CUST01162,28,Male,45800.0,Normal,2.0,0.17,130.0,1,26-35
CUST05923,62,Female,22100.0,Normal,4.0,0.3,130.0,1,56+
CUST08698,28,Male,80900.0,Normal,4.0,0.41,200.0,1,26-35
CUST04706,38,Female,149100.0,Oily,2.0,0.17,210.0,1,36-45
CUST09207,22,Female,52600.0,Combination,2.0,0.1,120.0,0,18-25
CUST04787,18,Male,54300.0,Combination,4.0,0.29,110.0,1,18-25
CUST01877,40,Female,28400.0,Normal,3.0,0.23,120.0,0,36-45
CUST02489,47,Female,105300.0,Normal,2.0,0.26,150.0,0,46-55
CUST04795,45,Male,51600.0,Sensitive,1.0,0.09,100.0,0,36-45
CUST07481,43,M,15000.0,Normal,2.0,0.19,100.0,0,36-45
CUST01183,23,Male,68200.0,Dry,4.0,0.36,230.0,0,18-25
CUST06190,29,Female,50700.0,Normal,4.0,0.39,170.0,0,26-35
CUST05403,18,Male,41500.0,Dry,2.0,0.17,100.0,0,18-25
CUST01171,19,Male,24500.0,Oily,9.0,0.69,230.0,0,18-25
CUST02183,18,Male,121700.0,Sensitive,5.0,0.41,250.0,1,18-25
CUST03372,18,Male,30200.0,Oily,1.0,0.08,100.0,0,18-25
CUST08108,43,Male,44000.0,Oily,5.0,0.36,150.0,0,36-45
CUST01860,18,Female,50300.0,Combination,7.0,0.51,250.0,1,18-25
CUST04903,32,Female,89100.0,Oily,3.0,0.19,230.0,0,26-35
CUST04819,38,Female,34400.0,Sensitive,4.0,0.29,150.0,0,36-45
CUST08642,51,Female,140300.0,,1.0,0.05,130.0,0,46-55
CUST06413,21,Male,53300.0,Sensitive,3.0,0.17,150.0,0,18-25
CUST04907,41,Female,91600.0,Oily,0.0,0.06,100.0,0,36-45
CUST07448,46,Female,53500.0,Oily,2.0,0.24,100.0,1,46-55
CUST05670,38,Male,39500.0,Oily,6.0,0.51,270.0,1,36-45
CUST03122,34,Female,23200.0,Combination,2.0,0.15,100.0,1,26-35
CUST00388,38,Female,61200.0,Normal,2.0,0.1,140.0,1,36-45
CUST07851,39,Male,15000.0,Normal,4.0,0.29,100.0,1,36-45
CUST01033,26,Female,38800.0,Combination,0.0,0.0,100.0,0,26-35
CUST07918,33,Female,46400.0,Dry,6.0,0.53,240.0,1,26-35
CUST05466,37,Female,69000.0,Oily,0.0,0.05,100.0,0,36-45
CUST00932,37,,31000.0,Combination,3.0,0.22,100.0,1,36-45
CUST04020,32,Female,62600.0,Sensitive,2.0,0.04,140.0,0,26-35
CUST00692,29,Female,36300.0,Combination,0.0,0.03,100.0,1,26-35
CUST06308,28,Female,44700.0,Combination,2.0,0.12,120.0,0,26-35
CUST09328,36,Male,37600.0,Sensitive,5.0,0.44,150.0,1,36-45
CUST00830,18,Female,34800.0,Dry,4.0,0.31,140.0,0,18-25
CUST03499,29,Female,58200.0,Oily,7.0,0.68,300.0,0,26-35
CUST02082,36,Female,41600.0,Combination,3.0,0.28,100.0,1,36-45
CUST08949,27,Female,35100.0,Normal,1.0,0.13,100.0,0,26-35
CUST09480,41,Female,84900.0,Sensitive,6.0,0.44,250.0,1,36-45
CUST00045,33,Female,28700.0,Combination,3.0,0.24,100.0,1,26-35
CUST03940,48,Female,39400.0,Dry,4.0,0.42,140.0,0,46-55
CUST05305,49,Male,33100.0,Combination,4.0,0.32,150.0,0,46-55
CUST04640,25,Female,22600.0,Dry,4.0,0.37,,0,18-25
CUST04320,65,Male,58100.0,Normal,6.0,0.61,300.0,0,56+
CUST02966,18,Female,29900.0,Sensitive,0.0,0.03,100.0,1,18-25
CUST03970,21,Male,47900.0,Oily,6.0,0.5,180.0,0,18-25
CUST01188,36,Female,,Normal,3.0,0.29,100.0,0,36-45
CUST00285,20,Male,38900.0,Dry,3.0,0.19,120.0,0,18-25
CUST08911,41,Male,43000.0,Combination,3.0,0.15,100.0,1,36-45
CUST04160,37,Male,31200.0,Sensitive,7.0,0.56,300.0,0,36-45
CUST03093,42,Male,43200.0,Normal,3.0,0.35,,0,36-45
CUST04557,36,Male,42300.0,Dry,3.0,0.23,100.0,1,36-45
CUST04804,43,Female,67000.0,Combination,0.0,0.0,100.0,0,36-45
CUST04324,33,Male,35400.0,Normal,1.0,0.1,100.0,0,26-35
CUST05553,38,Male,15000.0,Oily,4.0,0.31,100.0,1,36-45
CUST05370,52,Female,18000.0,Combination,3.0,0.25,100.0,0,46-55
CUST03365,37,Female,23000.0,Normal,3.0,0.26,140.0,1,36-45
CUST07810,36,Female,30600.0,Combination,2.0,0.09,100.0,0,36-45
CUST03196,44,Male,,Oily,6.0,0.51,250.0,1,36-45
CUST05181,25,Female,76400.0,Combination,1.0,0.0,100.0,0,18-25
CUST00970,32,Female,48600.0,Combination,4.0,0.37,170.0,1,26-35
CUST03735,33,Female,99400.0,,4.0,0.29,230.0,0,26-35
CUST00926,53,Female,35200.0,Combination,6.0,0.49,150.0,0,46-55
CUST09536,50,Female,32400.0,Combination,0.0,0.0,100.0,0,46-55
CUST06509,25,Male,28600.0,Sensitive,4.0,0.4,180.0,1,18-25
CUST05675,28,Female,47600.0,Dry,2.0,0.24,120.0,1,26-35
CUST02852,48,Male,37700.0,Oily,3.0,0.23,100.0,0,46-55
CUST05227,33,Male,74400.0,Sensitive,6.0,0.5,230.0,1,26-35
CUST08347,18,Female,26800.0,Sensitive,4.0,0.37,150.0,0,18-25
CUST08903,18,Male,30900.0,Normal,4.0,0.27,150.0,1,18-25
CUST07876,40,Male,36100.0,Combination,0.0,0.0,100.0,0,36-45
CUST04472,24,Female,43500.0,Dry,3.0,0.33,130.0,0,18-25
CUST05198,19,Male,33200.0,Normal,6.0,0.47,150.0,0,18-25
CUST04349,36,Female,31000.0,Normal,2.0,0.06,100.0,0,36-45
CUST07969,23,Female,54000.0,Combination,2.0,0.18,110.0,0,18-25
CUST03627,33,Female,26700.0,Oily,4.0,0.4,160.0,1,26-35
CUST01790,43,Female,100200.0,Combination,6.0,0.48,250.0,1,36-45
CUST08329,23,Female,32200.0,Oily,1.0,0.15,100.0,0,18-25
CUST02060,20,Male,22600.0,Combination,7.0,0.55,280.0,1,18-25
CUST04014,51,Female,109300.0,Normal,4.0,0.37,190.0,0,46-55
CUST01903,39,Female,,Oily,2.0,0.15,110.0,1,36-45
CUST06445,32,Male,23400.0,Dry,5.0,0.37,210.0,1,26-35
CUST06983,27,Female,37300.0,Normal,4.0,0.32,110.0,0,26-35
CUST00076,40,Female,,Combination,3.0,0.26,130.0,0,36-45
CUST02346,21,Female,23300.0,Combination,3.0,0.34,130.0,0,18-25
CUST05533,32,Female,27600.0,Normal,4.0,0.38,120.0,0,26-35
CUST00431,21,Female,46700.0,Sensitive,1.0,0.08,100.0,0,18-25
CUST04587,38,Female,66600.0,Combination,5.0,0.38,210.0,1,36-45
CUST06511,25,Female,30300.0,Combination,4.0,0.26,160.0,1,18-25
CUST06602,29,Female,50500.0,Oily,5.0,0.29,170.0,1,26-35
CUST09746,42,Female,34600.0,Combination,2.0,0.19,100.0,1,36-45
CUST07239,52,Male,108100.0,Oily,7.0,0.59,190.0,0,46-55
CUST01554,28,Female,24500.0,,4.0,0.36,,0,26-35
CUST00241,22,Female,39300.0,Sensitive,3.0,0.36,100.0,0,18-25
CUST00784,42,Female,55300.0,Oily,8.0,0.7,200.0,0,36-45
CUST03067,35,Male,53300.0,Oily,5.0,0.4,150.0,0,26-35
CUST00978,27,Male,53700.0,Dry,8.0,0.77,,0,26-35
CUST02942,46,Female,55800.0,Oily,3.0,0.22,130.0,1,46-55
CUST05425,40,Male,55200.0,Dry,1.0,0.08,100.0,0,36-45
CUST04771,34,Female,41000.0,Dry,3.0,0.21,150.0,0,26-35
CUST01621,38,Female,39300.0,Combination,7.0,0.57,200.0,1,36-45
CUST02147,22,Male,38100.0,,6.0,0.51,270.0,1,18-25
CUST01802,37,Male,45100.0,Sensitive,3.0,0.31,130.0,0,36-45
CUST02096,41,Female,34100.0,Sensitive,4.0,0.38,140.0,1,36-45
CUST06129,46,Male,40800.0,Dry,1.0,0.06,100.0,0,46-55
CUST05293,36,Female,29400.0,Oily,4.0,0.4,190.0,1,36-45
CUST01358,26,Female,19600.0,Combination,4.0,0.31,130.0,1,26-35
CUST09628,34,Female,29800.0,Normal,9.0,0.71,280.0,1,26-35
CUST06105,35,Female,22400.0,Sensitive,9.0,0.77,280.0,0,26-35
CUST08404,39,Male,52300.0,Oily,7.0,0.6,300.0,1,36-45
CUST06072,18,Male,27400.0,Combination,,0.28,140.0,0,18-25
CUST09971,46,Male,39500.0,Oily,3.0,0.15,,0,46-55
CUST08807,24,Female,31100.0,Normal,7.0,0.52,160.0,1,18-25
CUST08893,18,Female,55200.0,Dry,3.0,0.29,170.0,1,18-25
CUST01610,28,Female,64900.0,Normal,1.0,0.07,100.0,0,26-35
CUST03097,47,Female,46800.0,Normal,0.0,0.0,100.0,1,46-55
CUST08082,21,Male,36500.0,Combination,9.0,0.77,270.0,1,18-25
CUST02416,47,Female,30800.0,Normal,5.0,0.41,190.0,1,46-55
CUST02018,25,Female,59100.0,Combination,1.0,0.15,100.0,0,18-25
CUST06073,41,Female,60200.0,Normal,5.0,0.46,220.0,1,36-45
CUST04126,31,Female,73700.0,Sensitive,6.0,0.58,270.0,1,26-35
CUST09842,29,Male,25100.0,Combination,3.0,0.32,120.0,1,26-35
CUST03247,23,Female,80500.0,Combination,10.0,0.88,380.0,1,18-25
CUST00125,41,Male,43500.0,Normal,5.0,0.37,230.0,1,36-45
CUST06482,25,Female,62400.0,Oily,5.0,0.33,210.0,0,18-25
CUST06434,49,Male,48900.0,Normal,9.0,0.8,370.0,1,46-55
CUST07526,48,Female,41400.0,,4.0,0.35,100.0,0,46-55
CUST09195,18,Female,20500.0,Combination,4.0,0.24,150.0,0,18-25
CUST03342,40,Male,41700.0,Combination,4.0,0.33,130.0,1,36-45
CUST00599,35,Female,77000.0,Normal,8.0,0.69,350.0,1,26-35
CUST02124,33,Female,42100.0,Combination,2.0,0.2,100.0,1,26-35
CUST09801,32,Male,67000.0,Combination,6.0,0.59,280.0,1,26-35
CUST06563,37,Female,93100.0,Normal,3.0,0.29,190.0,0,36-45
CUST07111,21,Female,15000.0,Oily,3.0,0.19,100.0,0,18-25
CUST09701,26,Male,23300.0,Combination,7.0,0.62,160.0,1,26-35
CUST02198,32,Male,92000.0,Normal,1.0,0.06,110.0,0,26-35
CUST04052,31,Female,34500.0,Normal,9.0,0.7,390.0,1,26-35
CUST06109,46,Female,45000.0,Normal,0.0,0.0,100.0,0,46-55
CUST03363,34,Female,34600.0,Dry,6.0,0.49,180.0,0,26-35
CUST07866,31,Female,55400.0,Normal,3.0,0.28,120.0,1,26-35
CUST00726,48,Male,102600.0,,4.0,0.29,220.0,0,46-55
CUST04978,38,Female,27700.0,,4.0,0.33,140.0,0,36-45
CUST00979,18,Female,15000.0,Combination,3.0,0.36,140.0,1,18-25
CUST00809,28,Male,22900.0,Sensitive,4.0,0.44,130.0,1,26-35
CUST09367,40,Female,47500.0,Dry,3.0,0.27,140.0,1,36-45
CUST01476,30,Male,49400.0,Normal,3.0,0.17,120.0,0,26-35
CUST05988,27,Female,30100.0,,5.0,0.41,160.0,1,26-35
CUST09074,44,Female,,Oily,3.0,0.26,150.0,1,36-45
CUST08243,36,Male,15200.0,Normal,5.0,0.41,170.0,0,36-45
CUST03963,38,Female,65900.0,Normal,4.0,0.3,,1,36-45
CUST06479,26,Female,47700.0,Combination,4.0,0.4,220.0,1,26-35
CUST07449,44,Female,15400.0,Sensitive,7.0,0.6,170.0,0,36-45
CUST01236,23,Male,43900.0,Combination,6.0,0.46,210.0,0,18-25
CUST01226,38,Female,29600.0,Combination,1.0,0.1,100.0,1,36-45
CUST08035,41,Female,16900.0,Dry,6.0,0.51,200.0,1,36-45
CUST06325,35,Female,25100.0,Oily,3.0,0.33,100.0,0,26-35
CUST08415,39,Female,58700.0,Dry,2.0,0.18,110.0,0,36-45
CUST05134,18,Female,24700.0,Dry,10.0,0.83,320.0,0,18-25
CUST08089,37,Male,46900.0,Sensitive,4.0,0.34,200.0,0,36-45
CUST03218,45,Male,106900.0,Dry,10.0,0.91,440.0,1,36-45
CUST00288,33,Male,23100.0,Dry,7.0,0.54,230.0,0,26-35
CUST07624,36,Male,62400.0,Combination,1.0,0.07,120.0,1,36-45
CUST02967,48,Male,24500.0,Combination,3.0,0.22,100.0,0,46-55
CUST03165,25,Male,,Sensitive,5.0,0.42,190.0,1,18-25
CUST06499,37,Male,,Oily,3.0,0.16,120.0,1,36-45
CUST09510,44,Female,63300.0,Oily,4.0,0.4,220.0,0,36-45
CUST01658,18,Female,30800.0,Combination,6.0,0.51,250.0,0,18-25
CUST01976,40,Female,41700.0,Oily,2.0,0.21,120.0,0,36-45
CUST02398,30,Male,64400.0,Dry,0.0,0.0,100.0,0,26-35
CUST00453,53,Male,59500.0,Combination,6.0,0.39,270.0,0,46-55
CUST08098,26,Male,50900.0,Combination,3.0,0.14,130.0,0,26-35
CUST07563,23,Male,54800.0,Oily,3.0,0.23,120.0,1,18-25
CUST03682,38,Male,32900.0,Oily,6.0,0.55,250.0,1,36-45
CUST00423,25,Male,128800.0,Sensitive,6.0,0.55,310.0,0,18-25
CUST06104,51,Male,58000.0,Dry,1.0,0.16,100.0,1,46-55
CUST00658,34,Female,49900.0,Dry,5.0,0.39,160.0,0,26-35
CUST03302,55,Female,37200.0,Oily,2.0,0.18,100.0,0,46-55
CUST05894,45,Female,20700.0,,4.0,0.38,160.0,1,36-45
CUST02846,21,Male,55500.0,Dry,3.0,0.28,180.0,0,18-25
CUST06067,39,Female,29200.0,Combination,2.0,0.18,100.0,0,36-45
CUST09643,26,Male,100800.0,Combination,4.0,0.4,250.0,1,26-35
CUST01002,24,Male,41000.0,Combination,6.0,0.57,160.0,1,18-25
CUST04199,18,Male,55200.0,Normal,3.0,0.19,150.0,0,18-25
CUST02419,39,Female,39200.0,Combination,6.0,0.59,270.0,1,36-45
CUST07710,22,Female,27400.0,Oily,7.0,0.61,260.0,0,18-25
CUST05333,35,Male,37400.0,Combination,5.0,0.39,180.0,1,26-35
CUST03848,62,Female,37900.0,Sensitive,6.0,0.56,220.0,0,56+
CUST00962,33,Male,27200.0,Combination,5.0,0.33,200.0,1,26-35
CUST01581,45,Female,35300.0,Dry,2.0,0.16,,0,36-45
CUST05051,37,Female,71900.0,Oily,,0.51,190.0,1,36-45
CUST02207,27,Male,51200.0,Combination,8.0,0.64,340.0,1,26-35
CUST06368,21,Female,21700.0,Combination,6.0,0.55,210.0,0,18-25
CUST06633,27,Female,73600.0,,4.0,0.22,230.0,1,26-35
CUST04232,40,Male,46900.0,Dry,4.0,0.37,200.0,1,36-45
CUST00758,41,Male,38700.0,Oily,3.0,0.24,120.0,0,36-45
CUST02285,37,Female,53100.0,Oily,5.0,0.43,220.0,0,36-45
CUST08161,26,Female,28100.0,Dry,5.0,0.44,180.0,1,26-35
CUST05915,38,Female,79200.0,Oily,6.0,0.47,180.0,1,36-45
CUST05096,29,Female,56100.0,,7.0,0.58,210.0,0,26-35
CUST00808,18,Female,76700.0,Combination,1.0,0.07,110.0,0,18-25
CUST05982,48,Male,17500.0,Normal,4.0,0.33,120.0,0,46-55
CUST09084,53,Female,,Dry,6.0,0.53,280.0,0,46-55
CUST01957,42,Male,56300.0,Oily,5.0,0.34,130.0,1,36-45
CUST02446,61,Female,16600.0,Oily,4.0,0.34,150.0,0,56+
CUST08668,38,Female,35900.0,Combination,3.0,0.31,150.0,0,36-45
CUST08651,31,Female,34800.0,Normal,1.0,0.14,100.0,0,26-35
CUST06193,18,Female,15900.0,Sensitive,3.0,0.27,100.0,0,18-25
CUST02403,35,Female,39700.0,Dry,7.0,0.53,200.0,0,26-35
CUST01074,18,Male,40600.0,Normal,3.0,0.22,120.0,0,18-25
CUST09685,24,Female,177600.0,Normal,2.0,0.1,210.0,1,18-25
CUST04241,32,Female,51700.0,Normal,6.0,0.52,230.0,1,26-35
CUST08547,27,Male,41700.0,Dry,2.0,0.14,100.0,0,26-35
CUST02092,39,Female,,Sensitive,4.0,0.33,110.0,1,36-45
CUST04528,34,Female,29200.0,Combination,2.0,0.23,100.0,0,26-35
CUST07264,27,Male,27600.0,Oily,1.0,0.15,100.0,0,26-35
CUST06854,18,Female,64300.0,Oily,3.0,0.31,150.0,0,18-25
CUST09607,44,Female,49000.0,Normal,7.0,0.63,170.0,0,36-45
CUST07485,28,Female,16900.0,Dry,7.0,0.51,240.0,1,26-35
CUST05822,18,Male,52900.0,Combination,5.0,0.45,220.0,1,18-25
CUST08483,34,Female,83200.0,Normal,4.0,0.38,210.0,1,26-35
CUST01004,39,Male,24700.0,Oily,2.0,0.11,100.0,0,36-45
CUST09137,28,Male,28200.0,Normal,4.0,0.34,160.0,0,26-35
CUST09467,30,Female,38500.0,Sensitive,3.0,0.15,120.0,1,26-35
CUST05355,32,Female,51700.0,Sensitive,4.0,0.37,180.0,1,26-35
CUST04652,43,Male,19000.0,Dry,4.0,0.32,170.0,1,36-45
CUST05361,26,Male,60300.0,Combination,4.0,0.37,200.0,0,26-35
CUST01486,23,Male,50500.0,Sensitive,5.0,0.37,140.0,0,18-25
CUST07671,34,Male,25500.0,Dry,4.0,0.33,110.0,0,26-35
CUST01412,57,Female,83000.0,Normal,5.0,0.42,210.0,0,56+
CUST05420,19,Female,39300.0,Normal,5.0,0.35,210.0,0,18-25
CUST00710,39,Female,32700.0,Oily,2.0,0.2,100.0,0,36-45
CUST07739,32,Female,61000.0,Combination,3.0,0.18,160.0,1,26-35
CUST08110,23,Male,30100.0,Oily,5.0,0.42,170.0,1,18-25
CUST07273,18,Male,16300.0,Combination,4.0,0.32,100.0,1,18-25
CUST03077,32,Female,,Combination,7.0,0.58,200.0,1,26-35
CUST05959,18,Male,71600.0,Dry,4.0,0.29,180.0,0,18-25
CUST04102,34,Female,30900.0,Sensitive,2.0,0.13,100.0,0,26-35
CUST06931,18,Male,40800.0,Normal,5.0,0.38,120.0,1,18-25
CUST02723,18,Female,19600.0,Combination,6.0,0.5,220.0,0,18-25
CUST09397,60,Male,19200.0,Combination,2.0,0.23,100.0,0,56+
CUST01269,39,Female,38600.0,Dry,2.0,0.13,100.0,1,36-45
CUST02463,30,Male,63400.0,Normal,6.0,0.51,230.0,0,26-35
CUST07725,28,Male,17900.0,Combination,7.0,0.55,190.0,1,26-35
CUST00269,33,Female,35300.0,Normal,4.0,0.32,170.0,0,26-35
CUST03581,39,Female,38700.0,Dry,8.0,0.6,340.0,0,36-45
CUST04751,42,Male,61700.0,Sensitive,2.0,0.17,150.0,1,36-45
CUST05397,37,M,,Combination,3.0,0.21,150.0,0,36-45
CUST05895,32,Female,52800.0,Combination,10.0,0.85,420.0,0,26-35
CUST05203,22,Female,26000.0,Oily,8.0,0.75,250.0,0,18-25
CUST06659,44,Female,55200.0,Normal,3.0,0.19,140.0,1,36-45
CUST02822,35,Female,50100.0,Dry,3.0,0.26,120.0,1,26-35
CUST05485,41,FEMALE,43600.0,Normal,4.0,0.36,110.0,1,36-45
CUST00590,50,Female,41900.0,Dry,4.0,0.31,100.0,0,46-55
CUST06009,30,Male,39200.0,Normal,,0.21,160.0,1,26-35
CUST07557,30,Male,60100.0,Dry,5.0,0.38,210.0,1,26-35
CUST06720,31,Male,59100.0,Oily,4.0,0.36,110.0,0,26-35
CUST07720,18,Female,48700.0,Normal,3.0,0.32,180.0,0,18-25
CUST07898,41,Female,50700.0,Combination,3.0,0.25,100.0,1,36-45
CUST08728,25,Female,46500.0,Dry,4.0,0.34,130.0,0,18-25
CUST07414,42,Female,56600.0,Combination,7.0,0.58,180.0,0,36-45
CUST02029,34,Female,31000.0,Normal,1.0,0.08,100.0,0,26-35
CUST06878,27,Male,42600.0,Oily,3.0,0.17,100.0,0,26-35
CUST00678,37,Male,68300.0,Combination,2.0,0.13,100.0,1,36-45
CUST05813,38,Female,80700.0,Dry,4.0,0.29,170.0,0,36-45
CUST01233,19,Female,17800.0,Combination,11.0,0.88,460.0,0,18-25
CUST07741,25,Male,36600.0,Dry,5.0,0.33,200.0,0,18-25
CUST09565,18,Male,20100.0,Dry,2.0,0.24,100.0,1,18-25
CUST07278,29,Female,38000.0,Oily,4.0,0.37,190.0,1,26-35
CUST05506,22,Female,27900.0,Combination,4.0,0.27,130.0,1,18-25
CUST02433,21,Female,24800.0,Dry,2.0,0.21,100.0,0,18-25
CUST07732,31,Male,51600.0,Combination,5.0,0.46,170.0,1,26-35
CUST06174,19,Female,34500.0,Combination,7.0,0.56,210.0,1,18-25
CUST08396,28,Male,30400.0,Oily,3.0,0.18,100.0,1,26-35
CUST06650,18,Female,32700.0,Normal,2.0,0.24,100.0,1,18-25
CUST00897,25,Female,,Normal,6.0,0.49,210.0,0,18-25
CUST01612,29,Female,19200.0,Dry,4.0,0.33,170.0,0,26-35
CUST06532,29,Male,42100.0,Dry,3.0,0.24,110.0,1,26-35
CUST07890,39,Female,73100.0,Sensitive,2.0,0.16,100.0,0,36-45
CUST07523,37,Female,40800.0,Sensitive,7.0,0.61,290.0,0,36-45
CUST03807,23,Female,39300.0,Normal,3.0,0.24,110.0,0,18-25
CUST06075,33,Male,51900.0,Combination,3.0,0.35,160.0,0,26-35
CUST05590,21,Male,29100.0,Normal,10.0,0.8,400.0,1,18-25
CUST04702,27,Female,45800.0,Dry,2.0,0.16,120.0,0,26-35
CUST03962,47,Male,41600.0,Dry,6.0,0.42,140.0,1,46-55
CUST05465,21,Male,36700.0,Combination,2.0,0.2,110.0,1,18-25
CUST00891,23,Male,43100.0,Dry,4.0,0.34,160.0,0,18-25
CUST06099,43,Male,51400.0,Sensitive,5.0,0.42,210.0,1,36-45
CUST07842,18,Male,45400.0,Oily,4.0,0.34,160.0,0,18-25
CUST06930,34,Female,36200.0,Combination,6.0,0.51,170.0,1,26-35
CUST06697,29,Male,57200.0,Oily,0.0,0.03,100.0,1,26-35
CUST06993,29,Female,,Sensitive,2.0,0.23,100.0,1,26-35
CUST06859,57,Male,66700.0,Normal,5.0,0.38,180.0,0,56+
CUST02800,25,Female,32500.0,Sensitive,6.0,0.52,230.0,0,18-25
CUST00585,40,Female,73800.0,Combination,3.0,0.24,110.0,0,36-45
CUST03269,29,Female,47700.0,Normal,13.0,1.15,310.0,1,26-35
CUST03933,36,Female,34300.0,Sensitive,3.0,0.24,130.0,0,36-45
CUST01261,43,Male,51500.0,Oily,1.0,0.04,100.0,0,36-45
CUST05992,42,Female,116700.0,Dry,,0.39,290.0,0,36-45
CUST00311,45,Female,24900.0,,3.0,0.26,110.0,1,36-45
CUST07855,28,Female,28500.0,Dry,4.0,0.41,140.0,0,26-35
CUST05326,50,Male,51400.0,Combination,8.0,0.62,220.0,0,46-55
CUST06262,37,Female,41000.0,Dry,4.0,0.38,120.0,0,36-45
CUST05934,32,Male,50000.0,Normal,4.0,0.28,110.0,0,26-35
CUST04669,52,Female,57900.0,Oily,3.0,0.25,100.0,1,46-55
CUST04299,50,Male,18000.0,Oily,5.0,0.45,170.0,0,46-55
CUST03784,47,Female,30300.0,Dry,5.0,0.4,160.0,0,46-55
CUST01009,40,Female,60800.0,Dry,4.0,0.3,160.0,1,36-45
CUST09127,26,Male,62300.0,Dry,2.0,0.17,100.0,0,26-35
CUST02186,32,Female,67800.0,Sensitive,6.0,0.47,250.0,1,26-35
CUST03624,44,Female,51900.0,Oily,3.0,0.19,180.0,1,36-45
CUST07101,46,Female,45100.0,Oily,3.0,0.3,120.0,0,46-55
CUST04966,33,Male,124800.0,Dry,3.0,0.23,230.0,1,26-35
CUST09713,18,Male,22400.0,,4.0,0.32,100.0,1,18-25
CUST06522,40,Female,59500.0,Dry,5.0,0.42,220.0,1,36-45
CUST04835,18,Female,33700.0,,5.0,0.44,100.0,0,18-25
CUST07324,41,Male,46600.0,Normal,3.0,0.34,110.0,0,36-45
CUST04757,34,Male,15000.0,,4.0,0.34,100.0,1,26-35
CUST05119,24,Male,15000.0,Combination,5.0,0.45,120.0,1,18-25
CUST00091,39,Female,20800.0,Sensitive,2.0,0.17,100.0,1,36-45
CUST06028,25,Male,57200.0,Combination,4.0,0.23,160.0,1,18-25
CUST06475,18,Male,129700.0,,5.0,0.46,230.0,1,18-25
CUST07625,23,Female,26100.0,,6.0,0.51,190.0,1,18-25
CUST07972,37,Female,88700.0,Oily,4.0,0.36,220.0,1,36-45
CUST02118,33,Female,21700.0,Sensitive,3.0,0.29,100.0,1,26-35
CUST02938,48,Female,69800.0,Oily,3.0,0.29,140.0,0,46-55
CUST06496,18,Male,,Normal,6.0,0.49,330.0,0,18-25
CUST00984,40,Female,56800.0,Oily,7.0,0.59,230.0,1,36-45
CUST07019,23,Male,26800.0,Normal,3.0,0.29,110.0,0,18-25
CUST05359,27,Female,80000.0,Combination,8.0,0.66,,1,26-35
CUST02926,42,Female,46700.0,Normal,2.0,0.12,140.0,1,36-45
CUST07496,49,Female,77500.0,Oily,2.0,0.18,120.0,0,46-55
CUST03215,43,Male,76600.0,Oily,4.0,0.29,150.0,1,36-45
CUST06505,34,Male,74400.0,Oily,4.0,0.33,250.0,1,26-35
CUST05546,50,Female,15000.0,Dry,3.0,0.2,100.0,0,46-55
CUST07943,40,Female,43200.0,Oily,4.0,0.37,170.0,1,36-45
CUST07204,33,Female,55500.0,Dry,4.0,0.38,130.0,1,26-35
CUST00628,47,Male,47100.0,Combination,4.0,0.37,190.0,1,46-55
CUST08076,22,Female,22600.0,Combination,5.0,0.49,160.0,0,18-25
CUST05170,57,Male,40100.0,Dry,6.0,0.56,140.0,0,56+
CUST04766,36,Male,46700.0,Oily,6.0,0.41,210.0,1,36-45
CUST01602,44,Male,47500.0,Combination,4.0,0.36,200.0,1,36-45
CUST09634,32,Female,15000.0,Normal,2.0,0.16,100.0,1,26-35
CUST01270,39,Male,17200.0,Sensitive,9.0,0.81,260.0,1,36-45
CUST00129,25,Female,51200.0,Dry,6.0,0.55,240.0,1,18-25
CUST09106,37,Male,34400.0,Combination,5.0,0.43,120.0,1,36-45
CUST01712,18,Male,63700.0,Oily,4.0,0.38,170.0,0,18-25
CUST07928,23,Male,27700.0,Combination,6.0,0.46,180.0,1,18-25
CUST04236,39,Male,55800.0,Sensitive,6.0,0.44,210.0,1,36-45
CUST08397,25,Female,43200.0,Sensitive,6.0,0.58,240.0,0,18-25
CUST02399,25,Male,37000.0,Normal,5.0,0.4,130.0,1,18-25
CUST05482,26,Female,56600.0,Combination,1.0,0.1,100.0,1,26-35
CUST06112,30,Female,29100.0,Oily,5.0,0.45,120.0,1,26-35
CUST08463,18,Female,48700.0,Sensitive,0.0,0.09,100.0,1,18-25
CUST01187,29,Male,,Normal,4.0,0.27,190.0,0,26-35
CUST06068,40,Male,92100.0,Sensitive,2.0,0.11,160.0,1,36-45
CUST09833,27,Female,48900.0,Oily,6.0,0.48,240.0,1,26-35
CUST06063,34,Female,44800.0,Sensitive,5.0,0.38,130.0,1,26-35
CUST01978,34,Female,18400.0,Oily,,0.47,110.0,0,26-35
CUST09927,28,Female,29400.0,Sensitive,1.0,0.02,100.0,1,26-35
CUST04248,38,Male,16600.0,Normal,5.0,0.39,120.0,1,36-45
CUST07736,21,Female,23300.0,Dry,7.0,0.6,180.0,0,18-25
CUST00916,45,Male,33300.0,Oily,4.0,0.38,200.0,1,36-45
CUST01306,18,Male,24100.0,Combination,5.0,0.4,170.0,1,18-25
CUST05503,20,Female,30200.0,Oily,1.0,0.14,100.0,1,18-25
CUST03050,48,Female,48900.0,Normal,5.0,0.41,140.0,1,46-55
CUST09561,33,Male,47000.0,Normal,5.0,0.45,170.0,1,26-35
CUST01274,36,Female,39800.0,Normal,0.0,0.0,100.0,1,36-45
CUST08123,26,Female,26100.0,Dry,2.0,0.2,100.0,0,26-35
CUST02797,38,Female,32800.0,Combination,1.0,0.08,100.0,0,36-45
CUST01399,38,Female,56700.0,Normal,4.0,0.29,190.0,1,36-45
CUST03359,21,Male,36900.0,Oily,2.0,0.19,100.0,1,18-25
CUST00184,44,Female,73600.0,Combination,3.0,0.27,130.0,1,36-45
CUST05099,22,Female,46100.0,Dry,2.0,0.08,100.0,1,18-25
CUST09576,39,Female,63800.0,Combination,6.0,0.51,220.0,1,36-45
CUST06177,24,Female,15000.0,Dry,5.0,0.45,220.0,1,18-25
CUST05363,53,Female,32800.0,Sensitive,3.0,0.28,100.0,0,46-55
CUST06225,32,Male,60400.0,Oily,4.0,0.43,120.0,1,26-35
CUST07049,35,Male,52000.0,Dry,5.0,0.35,210.0,0,26-35
CUST04568,34,Male,31900.0,Sensitive,2.0,0.14,100.0,1,26-35
CUST08310,32,Female,24700.0,Oily,0.0,0.0,100.0,1,26-35
CUST02657,35,Male,33900.0,Normal,4.0,0.27,170.0,1,26-35
CUST08345,18,Male,78200.0,Dry,3.0,0.25,170.0,0,18-25
CUST08540,35,Female,19500.0,Normal,3.0,0.21,110.0,0,26-35
CUST01962,25,Female,45300.0,Oily,4.0,0.34,170.0,0,18-25
CUST04892,18,Female,31400.0,Dry,3.0,0.18,100.0,1,18-25
CUST06902,47,Male,39900.0,Combination,5.0,0.45,200.0,1,46-55
CUST06985,20,Female,21200.0,Oily,5.0,0.38,150.0,1,18-25
CUST05654,39,Female,30300.0,Combination,5.0,0.49,110.0,1,36-45
CUST01252,49,Female,49800.0,Normal,3.0,0.31,110.0,0,46-55
CUST03177,41,Male,43300.0,Combination,4.0,0.28,130.0,0,36-45
CUST07826,32,Male,23600.0,Combination,3.0,0.21,100.0,0,26-35
CUST09930,33,Male,21000.0,Dry,3.0,0.3,130.0,0,26-35
CUST07402,49,Male,60900.0,Combination,1.0,0.11,100.0,0,46-55
CUST06597,29,Female,47300.0,Dry,3.0,0.24,160.0,0,26-35
CUST03290,21,Female,48100.0,Combination,3.0,0.23,110.0,1,18-25
CUST06506,43,Male,34700.0,Normal,7.0,0.68,240.0,1,36-45
CUST08764,24,Female,44000.0,Combination,4.0,0.39,190.0,0,18-25
CUST08874,38,Female,21600.0,Combination,3.0,0.19,100.0,0,36-45
CUST05696,56,Female,,Oily,3.0,0.16,100.0,0,56+
CUST06948,40,Female,65000.0,Normal,0.0,0.05,100.0,0,36-45
CUST01052,30,Female,38700.0,Combination,4.0,0.31,180.0,0,26-35
CUST04070,18,Female,79000.0,Normal,3.0,0.21,170.0,1,18-25
CUST06077,55,Male,63000.0,Normal,4.0,0.35,140.0,0,46-55
CUST09752,49,Female,20900.0,Normal,2.0,0.18,100.0,0,46-55
CUST00273,31,Male,32500.0,Dry,3.0,0.29,110.0,0,26-35
CUST02043,53,Male,32600.0,Combination,3.0,0.23,110.0,0,46-55
CUST04764,50,Female,48300.0,Combination,4.0,0.36,170.0,0,46-55
CUST05015,36,Male,97300.0,Normal,7.0,0.6,240.0,0,36-45
CUST05251,31,Female,28500.0,Normal,4.0,0.32,130.0,1,26-35
CUST05423,30,Female,23400.0,Oily,5.0,0.44,200.0,1,26-35
CUST01087,18,Female,48200.0,Combination,3.0,0.33,110.0,0,18-25
CUST05853,39,Female,34200.0,Normal,1.0,0.05,100.0,1,36-45
CUST08740,38,Female,,Combination,4.0,0.32,170.0,0,36-45
CUST05517,33,Female,50200.0,Oily,1.0,0.09,100.0,0,26-35
CUST09945,35,Female,33100.0,Oily,9.0,0.75,330.0,1,26-35
CUST04323,18,Female,48200.0,Combination,7.0,0.58,170.0,1,18-25
CUST07007,18,Female,60100.0,Combination,6.0,0.5,210.0,0,18-25
CUST07812,22,Female,48600.0,Combination,3.0,0.29,140.0,1,18-25
CUST05647,18,Female,48300.0,Sensitive,3.0,0.19,140.0,1,18-25
CUST05567,47,Male,51500.0,Dry,4.0,0.34,150.0,0,46-55
CUST09517,39,Female,,Oily,1.0,0.12,100.0,1,36-45
CUST06235,30,Female,78600.0,Normal,5.0,0.39,210.0,0,26-35
CUST04710,38,Female,53300.0,Combination,3.0,0.25,140.0,1,36-45
CUST08189,39,Male,53100.0,Combination,3.0,0.28,110.0,0,36-45
CUST07610,32,Female,28300.0,Combination,5.0,0.4,140.0,1,26-35
CUST06843,40,Female,,Dry,2.0,0.15,110.0,0,36-45
CUST03479,45,Male,34400.0,Oily,3.0,0.24,120.0,0,36-45
CUST07177,37,Male,,Dry,7.0,0.6,320.0,0,36-45
CUST03925,32,Male,55900.0,Normal,6.0,0.48,240.0,1,26-35
CUST01749,27,Female,75200.0,Normal,4.0,0.29,240.0,1,26-35
CUST00733,38,Female,,Dry,5.0,0.45,240.0,1,36-45
CUST02554,18,Male,63800.0,Normal,3.0,0.22,170.0,0,18-25
CUST05507,26,Female,19400.0,Dry,5.0,0.4,,0,26-35
CUST04990,41,Female,42000.0,Oily,5.0,0.42,140.0,0,36-45
CUST02663,28,Female,78500.0,Dry,7.0,0.64,190.0,1,26-35
CUST08160,30,Male,23600.0,Oily,,0.24,100.0,1,26-35
CUST07107,37,Female,62600.0,Combination,2.0,0.16,110.0,1,36-45
CUST03114,41,Male,73200.0,Oily,4.0,0.28,180.0,1,36-45
CUST03304,43,Male,27900.0,Dry,,0.34,180.0,0,36-45
CUST01345,21,Male,55400.0,Normal,5.0,0.44,220.0,0,18-25
CUST01691,26,Female,15000.0,Oily,2.0,0.16,100.0,1,26-35
CUST09909,18,Female,57200.0,Combination,6.0,0.49,170.0,1,18-25
CUST06557,39,Male,50000.0,Oily,6.0,0.53,270.0,0,36-45
CUST03309,21,Female,38400.0,Oily,,0.32,200.0,0,18-25
CUST01505,30,Female,34200.0,,5.0,0.39,190.0,0,26-35
CUST01807,37,Female,27900.0,Oily,4.0,0.34,130.0,1,36-45
CUST06292,48,Female,23300.0,Combination,1.0,0.14,100.0,0,46-55
CUST07508,23,Male,32900.0,Sensitive,5.0,0.41,220.0,1,18-25
CUST03792,49,Female,32000.0,Normal,5.0,0.5,190.0,0,46-55
CUST09560,18,Female,43800.0,Dry,1.0,0.12,100.0,0,18-25
CUST07392,31,Male,47900.0,Combination,2.0,0.18,120.0,1,26-35
CUST05961,27,Female,60100.0,Dry,2.0,0.16,150.0,1,26-35
CUST06441,39,Female,71800.0,Normal,7.0,0.52,240.0,1,36-45
CUST07326,47,Male,17900.0,Combination,4.0,0.35,170.0,0,46-55
CUST01849,28,Female,19400.0,Sensitive,5.0,0.49,100.0,1,26-35
CUST04513,46,Female,37300.0,Dry,2.0,0.11,100.0,0,46-55
CUST02432,43,Female,46900.0,Oily,3.0,0.26,150.0,0,36-45
CUST04661,18,Female,29700.0,Combination,2.0,0.15,100.0,1,18-25
CUST07548,30,Male,31500.0,,5.0,0.39,,1,26-35
CUST05633,18,Female,41600.0,Normal,3.0,0.31,100.0,1,18-25
CUST00143,18,Female,30600.0,,1.0,0.11,100.0,0,18-25
CUST08798,45,Male,,Oily,4.0,0.33,180.0,0,36-45
CUST05582,37,Male,43200.0,Oily,4.0,0.36,170.0,1,36-45
CUST09921,53,Male,15000.0,Oily,7.0,0.57,120.0,0,46-55
CUST03410,32,Female,43000.0,Dry,3.0,0.23,,0,26-35
CUST01118,28,Female,71500.0,Oily,4.0,0.34,220.0,1,26-35
CUST01757,51,Male,49400.0,Oily,5.0,0.37,180.0,0,46-55
CUST00498,28,Female,43100.0,Sensitive,3.0,0.3,100.0,1,26-35
CUST05225,43,Female,49600.0,Normal,2.0,0.16,100.0,0,36-45
CUST00871,35,Male,33400.0,Dry,4.0,0.34,130.0,0,26-35
CUST03358,26,Male,47400.0,Combination,6.0,0.5,250.0,0,26-35
CUST00913,38,Female,24100.0,Combination,8.0,0.74,270.0,1,36-45
CUST00722,44,Male,40300.0,Oily,5.0,0.36,170.0,0,36-45
CUST02806,33,Male,25500.0,Combination,5.0,0.34,220.0,0,26-35
CUST09983,21,Male,101200.0,Dry,6.0,0.42,,1,18-25
CUST00887,46,Male,30200.0,Oily,6.0,0.52,240.0,1,46-55
CUST09632,51,Female,20600.0,Combination,4.0,0.31,120.0,0,46-55
CUST08583,21,Male,34900.0,Combination,3.0,0.13,110.0,1,18-25
CUST07236,45,Female,,Oily,7.0,0.63,290.0,1,36-45
CUST01521,18,Male,32500.0,Oily,4.0,0.31,140.0,0,18-25
CUST08727,46,Female,36500.0,Dry,2.0,0.16,110.0,0,46-55
CUST02747,44,Female,37700.0,Normal,1.0,0.05,100.0,0,36-45
CUST06161,35,Female,51200.0,Normal,3.0,0.3,180.0,1,26-35
CUST05826,38,Female,21500.0,Oily,1.0,0.03,100.0,1,36-45
CUST00315,41,Female,100200.0,Normal,2.0,0.21,150.0,0,36-45
CUST01800,27,Female,33100.0,Combination,4.0,0.34,110.0,1,26-35
CUST00328,31,Female,22300.0,Normal,1.0,0.11,100.0,0,26-35
CUST09808,42,Female,,Combination,5.0,0.48,190.0,1,36-45
CUST04205,47,Female,25900.0,Combination,3.0,0.19,100.0,1,46-55
CUST03130,36,Male,15800.0,Normal,4.0,0.34,120.0,0,36-45
CUST06921,47,Male,28900.0,Sensitive,4.0,0.3,130.0,0,46-55
CUST06795,33,Male,66700.0,Combination,4.0,0.34,160.0,1,26-35
CUST03969,25,Male,45000.0,Normal,1.0,0.07,100.0,0,18-25
CUST05793,27,Male,54200.0,Combination,5.0,0.38,240.0,0,26-35
CUST05562,59,Male,16100.0,Normal,6.0,0.5,120.0,0,56+
CUST01974,51,Female,29800.0,Normal,5.0,0.37,220.0,0,46-55
CUST00337,25,Female,40300.0,Normal,5.0,0.41,140.0,1,18-25
CUST02765,26,Male,29100.0,Oily,1.0,0.11,100.0,0,26-35
CUST09586,33,Male,24600.0,Normal,0.0,0.0,100.0,1,26-35
CUST00276,36,Male,66800.0,Combination,4.0,0.3,230.0,0,36-45
CUST02986,27,Female,36600.0,Oily,5.0,0.35,,1,26-35
CUST08224,52,Female,42300.0,Dry,4.0,0.33,120.0,0,46-55
CUST05901,33,Female,66600.0,,4.0,0.26,200.0,1,26-35
CUST03478,30,Male,29100.0,Sensitive,4.0,0.26,150.0,0,26-35
CUST05285,35,Female,46400.0,Combination,1.0,0.01,100.0,1,26-35
CUST03559,38,female,30000.0,Oily,9.0,0.78,280.0,0,36-45
CUST02810,18,Male,45200.0,Sensitive,7.0,0.63,230.0,1,18-25
CUST09151,33,Female,25600.0,Dry,3.0,0.32,100.0,1,26-35
CUST04862,39,Male,26000.0,Combination,6.0,0.54,260.0,1,36-45
CUST07666,44,Female,20200.0,Dry,2.0,0.17,100.0,1,36-45
CUST03417,33,Male,49300.0,,6.0,0.49,220.0,1,26-35
CUST00308,46,Female,,,4.0,0.34,120.0,1,46-55
CUST03909,21,Male,30100.0,Sensitive,2.0,0.23,100.0,1,18-25
CUST00349,18,Female,152700.0,Oily,5.0,0.44,270.0,0,18-25
CUST00827,32,Female,34700.0,Combination,6.0,0.5,150.0,0,26-35
CUST09606,40,Female,42100.0,Dry,2.0,0.15,100.0,0,36-45
CUST04483,37,Female,65800.0,Oily,5.0,0.38,190.0,1,36-45
CUST07473,25,Female,65600.0,Combination,4.0,0.27,,0,18-25
CUST03683,34,Female,20400.0,Normal,5.0,0.45,140.0,1,26-35
CUST05928,42,Female,55000.0,Combination,5.0,0.4,210.0,1,36-45
CUST08423,35,Male,23500.0,Sensitive,4.0,0.3,120.0,0,26-35
CUST02054,63,Male,25300.0,Combination,4.0,0.31,110.0,0,56+
CUST00072,20,Male,66500.0,Sensitive,5.0,0.35,210.0,0,18-25
CUST08880,23,Female,62500.0,Sensitive,2.0,0.11,110.0,0,18-25
CUST07076,18,Male,41600.0,Oily,6.0,0.46,250.0,0,18-25
CUST06330,35,Female,35500.0,Normal,3.0,0.33,140.0,1,26-35
CUST08208,33,Female,44700.0,Normal,6.0,0.43,170.0,1,26-35
CUST01667,34,Female,45100.0,Combination,5.0,0.34,160.0,1,26-35
CUST09342,34,Female,24500.0,Sensitive,2.0,0.09,100.0,0,26-35
CUST07418,24,Male,21500.0,Dry,2.0,0.18,100.0,1,18-25
CUST05415,47,Male,34500.0,Combination,3.0,0.3,120.0,1,46-55
CUST01446,35,Female,21600.0,Combination,4.0,0.25,140.0,1,26-35
CUST05275,25,Female,22800.0,Oily,3.0,0.25,100.0,0,18-25
CUST05668,30,Female,17000.0,Dry,7.0,0.63,150.0,1,26-35
CUST01696,37,Male,22900.0,Sensitive,5.0,0.41,110.0,0,36-45
CUST02893,31,Male,92800.0,Combination,3.0,0.18,160.0,1,26-35
CUST01575,18,Female,36500.0,Sensitive,2.0,0.16,100.0,0,18-25
CUST03204,44,Female,44800.0,Dry,,0.25,140.0,0,36-45
CUST04406,46,Male,147700.0,Normal,3.0,0.16,250.0,0,46-55
CUST01631,19,Female,27500.0,Normal,5.0,0.38,170.0,0,18-25
CUST07536,37,Female,27100.0,Sensitive,2.0,0.18,100.0,0,36-45
CUST01882,48,Female,54700.0,Combination,3.0,0.16,180.0,0,46-55
CUST05075,46,Male,47100.0,Dry,5.0,0.41,210.0,1,46-55
CUST08859,27,Female,24800.0,Combination,5.0,0.47,200.0,0,26-35
CUST05816,27,Male,24200.0,Normal,3.0,0.23,,1,26-35
CUST00849,24,Female,64600.0,Normal,2.0,0.14,100.0,1,18-25
CUST06051,24,Male,30400.0,Oily,2.0,0.22,100.0,0,18-25
CUST06244,45,Female,34200.0,Oily,4.0,0.36,130.0,1,36-45
CUST05921,29,Female,27800.0,Combination,0.0,0.0,100.0,1,26-35
CUST02878,26,Female,36200.0,Dry,4.0,0.37,110.0,1,26-35
CUST00187,34,Female,29000.0,Dry,8.0,0.71,200.0,1,26-35
CUST03780,18,Male,39900.0,Combination,5.0,0.41,200.0,0,18-25
CUST01831,40,Female,55900.0,Dry,3.0,0.28,160.0,0,36-45
CUST02960,53,Female,93400.0,Combination,5.0,0.47,280.0,0,46-55
CUST09279,18,Female,77500.0,Combination,2.0,0.18,100.0,0,18-25
CUST06435,36,Female,58300.0,Combination,5.0,0.43,240.0,0,36-45
CUST01235,36,Male,67800.0,Oily,5.0,0.4,140.0,1,36-45
CUST07566,18,Male,42000.0,Normal,2.0,0.15,110.0,0,18-25
CUST03916,29,Male,22800.0,Oily,6.0,0.59,120.0,1,26-35
CUST00447,44,Female,53700.0,,6.0,0.46,180.0,0,36-45
CUST00845,33,Female,31800.0,Dry,3.0,0.31,150.0,1,26-35
CUST05823,34,Male,33500.0,Normal,4.0,0.31,110.0,1,26-35
CUST09324,26,Male,16400.0,Oily,3.0,0.25,100.0,1,26-35
CUST02441,33,Female,50200.0,Combination,5.0,0.4,200.0,1,26-35
CUST03104,44,Male,,Dry,6.0,0.57,230.0,0,36-45
CUST08623,30,Female,16900.0,,3.0,0.22,100.0,0,26-35
CUST06850,46,Male,46700.0,Normal,5.0,0.42,120.0,0,46-55
CUST05699,25,Female,,Normal,4.0,0.27,180.0,0,18-25
CUST01295,35,Male,59100.0,Normal,3.0,0.16,110.0,1,26-35
CUST05124,31,Female,38600.0,Normal,2.0,0.24,110.0,0,26-35
CUST09054,37,Female,43700.0,Normal,6.0,0.44,180.0,1,36-45
CUST05068,42,FEMALE,41800.0,Normal,5.0,0.32,190.0,0,36-45
CUST03443,33,Female,28800.0,Normal,1.0,0.17,100.0,1,26-35
CUST08487,31,Male,54400.0,Combination,7.0,0.61,180.0,1,26-35
CUST07336,47,Male,45200.0,Normal,4.0,0.41,200.0,1,46-55
CUST06160,43,Male,56100.0,Dry,5.0,0.41,160.0,0,36-45
CUST00777,20,Female,32800.0,Dry,4.0,0.36,200.0,0,18-25
CUST09756,51,Female,38300.0,Oily,4.0,0.35,140.0,0,46-55
CUST02154,20,Male,49200.0,Combination,3.0,0.25,160.0,1,18-25
CUST04921,28,Male,62600.0,Combination,5.0,0.46,200.0,1,26-35
CUST05408,32,Female,32000.0,Dry,3.0,0.24,110.0,0,26-35
CUST09532,18,Male,59100.0,Combination,5.0,0.48,130.0,0,18-25
CUST06420,31,Female,41100.0,Combination,6.0,0.42,230.0,1,26-35
CUST07167,39,Male,110600.0,Sensitive,3.0,0.29,190.0,1,36-45
CUST08468,19,Male,45100.0,Combination,2.0,0.15,26869.81097597589,0,18-25
CUST03184,38,Female,51300.0,Normal,2.0,0.19,140.0,1,36-45
CUST06851,46,Male,29900.0,Oily,3.0,0.3,100.0,0,46-55
CUST03200,27,Male,27000.0,Combination,6.0,0.48,180.0,1,26-35
CUST07088,25,Male,41400.0,Normal,4.0,0.39,140.0,1,18-25
CUST01290,41,Female,43200.0,Normal,3.0,0.19,160.0,0,36-45
CUST04582,41,Female,43300.0,,1.0,0.08,100.0,1,36-45
CUST06248,27,Male,37200.0,Normal,4.0,0.35,170.0,0,26-35
CUST08973,31,Female,52500.0,Dry,4.0,0.37,150.0,1,26-35
CUST07211,29,Male,43900.0,Combination,2.0,0.1,,1,26-35
CUST06835,36,Female,28500.0,Combination,5.0,0.38,170.0,1,36-45
CUST04107,18,Male,35200.0,Combination,3.0,0.27,100.0,1,18-25
CUST04127,43,Female,51200.0,Combination,4.0,0.32,130.0,1,36-45
CUST08248,19,Female,28300.0,Combination,,0.5,140.0,1,18-25
CUST03967,21,Female,,Combination,5.0,0.37,220.0,1,18-25
CUST01880,18,Female,,Oily,5.0,0.37,150.0,0,18-25
CUST08533,35,Female,32100.0,Normal,1.0,0.15,100.0,0,26-35
CUST09337,33,Male,63300.0,Normal,4.0,0.46,150.0,1,26-35
CUST05590,21,Male,29100.0,Normal,10.0,0.8,400.0,1,18-25
CUST03588,34,Male,42000.0,Dry,4.0,0.23,,0,26-35
CUST07435,21,Female,47400.0,Sensitive,6.0,0.5,230.0,0,18-25
CUST03866,20,Female,47800.0,Dry,8.0,0.71,270.0,0,18-25
CUST07933,42,Male,,,7.0,0.59,280.0,1,36-45
CUST04132,24,Male,31300.0,Oily,4.0,0.34,160.0,1,18-25
CUST01037,43,Female,33900.0,Oily,3.0,0.24,110.0,0,36-45
CUST00637,30,Female,16100.0,Dry,3.0,0.33,100.0,0,26-35
CUST08716,46,Male,33700.0,Dry,2.0,0.15,100.0,0,46-55
CUST04135,20,Male,52000.0,Sensitive,5.0,0.51,160.0,1,18-25
CUST07210,32,Male,,Combination,4.0,0.36,150.0,1,26-35
CUST01084,33,Female,53500.0,Combination,4.0,0.34,200.0,1,26-35
CUST00862,18,Male,37600.0,,3.0,0.27,100.0,1,18-25
CUST00904,49,Male,58400.0,Sensitive,2.0,0.13,100.0,0,46-55
CUST00192,30,Female,40200.0,Normal,8.0,0.66,170.0,1,26-35
CUST00110,18,Male,,Sensitive,0.0,0.03,100.0,0,18-25
CUST04456,59,Male,56000.0,Combination,4.0,0.39,160.0,0,56+
CUST01943,18,Female,47000.0,Dry,8.0,0.63,300.0,0,18-25
CUST09511,35,Female,,Oily,6.0,0.43,200.0,1,26-35
CUST04332,19,Female,26800.0,Dry,5.0,0.48,100.0,0,18-25
CUST08579,50,Male,17300.0,Combination,2.0,0.12,,0,46-55
CUST02041,42,Male,82900.0,Dry,2.0,0.18,170.0,1,36-45
CUST07394,36,Male,23000.0,Dry,3.0,0.3,100.0,1,36-45
CUST06912,25,Male,,Oily,5.0,0.34,130.0,1,18-25
CUST07845,42,Female,28200.0,,6.0,0.42,,1,36-45
CUST04660,22,Male,40000.0,Dry,5.0,0.44,120.0,1,18-25
CUST08766,35,Male,,Dry,5.0,0.43,160.0,1,26-35
CUST02776,61,Female,41200.0,Sensitive,4.0,0.36,110.0,0,56+
CUST04146,18,Female,29300.0,Dry,4.0,0.3,,1,18-25
CUST02324,32,Female,66100.0,Dry,5.0,0.41,250.0,0,26-35
CUST00763,40,Female,42000.0,Combination,6.0,0.48,170.0,1,36-45
CUST02618,42,Male,49600.0,Dry,0.0,0.08,100.0,0,36-45
CUST02412,49,Male,15000.0,Combination,5.0,0.42,,1,46-55
CUST01095,25,Male,34700.0,Normal,7.0,0.61,190.0,1,18-25
CUST06228,42,Male,86700.0,Normal,,0.3,150.0,0,36-45
CUST07110,38,Male,61000.0,,0.0,0.0,100.0,1,36-45
CUST05636,18,Male,94700.0,Dry,1.0,0.12,160.0,0,18-25
CUST03136,20,Male,41100.0,Combination,5.0,0.48,200.0,0,18-25
CUST05736,18,Male,74800.0,Sensitive,4.0,0.27,250.0,1,18-25
CUST05041,32,Male,41800.0,Oily,4.0,0.29,160.0,1,26-35
CUST03806,18,Female,56800.0,Oily,5.0,0.41,,0,18-25
CUST00885,20,Female,50400.0,Combination,4.0,0.33,170.0,1,18-25
CUST02655,32,Male,56500.0,Combination,,0.31,140.0,1,26-35
CUST05358,31,Female,31300.0,Dry,5.0,0.44,120.0,0,26-35
CUST06243,27,Male,92600.0,Normal,2.0,0.22,140.0,0,26-35
CUST08002,46,Male,24700.0,Sensitive,3.0,0.25,130.0,0,46-55
CUST06801,27,Female,26100.0,Combination,8.0,0.64,220.0,1,26-35
CUST07690,23,Female,60900.0,Normal,6.0,0.44,280.0,0,18-25
CUST05730,18,Male,61000.0,Combination,4.0,0.37,170.0,0,18-25
CUST07069,31,Female,15000.0,Combination,,0.85,,1,26-35
CUST05193,36,Male,63500.0,Sensitive,8.0,0.66,310.0,1,36-45
CUST09726,18,Male,57400.0,Combination,3.0,0.21,120.0,0,18-25
CUST02203,33,Female,16500.0,Sensitive,1.0,0.14,100.0,1,26-35
CUST06162,25,Female,55900.0,Dry,1.0,0.08,100.0,0,18-25
CUST06418,30,Male,43700.0,Oily,5.0,0.36,160.0,1,26-35
CUST01263,41,Female,24700.0,Dry,3.0,0.25,140.0,1,36-45
CUST05390,29,Male,66500.0,Combination,4.0,0.32,150.0,1,26-35
CUST00976,21,Female,15400.0,Oily,3.0,0.29,140.0,1,18-25
CUST05883,31,Female,52100.0,Oily,7.0,0.64,210.0,1,26-35
CUST04926,44,Female,22800.0,Combination,5.0,0.46,140.0,1,36-45
CUST00942,42,Female,31800.0,Combination,3.0,0.19,100.0,1,36-45
CUST04724,28,FEMALE,79900.0,Combination,4.0,0.31,190.0,0,26-35
CUST02388,39,Male,24400.0,Combination,3.0,0.25,100.0,1,36-45
CUST09768,18,Male,34300.0,Combination,6.0,0.53,270.0,0,18-25
CUST05022,44,Female,32600.0,Combination,4.0,0.27,160.0,0,36-45
CUST04392,46,Female,28200.0,Dry,0.0,0.0,100.0,1,46-55
CUST05149,32,Male,37800.0,Sensitive,1.0,0.13,100.0,0,26-35
CUST03222,33,Female,35600.0,Oily,5.0,0.45,180.0,1,26-35
CUST03883,36,Male,44300.0,Combination,5.0,0.39,250.0,1,36-45
CUST09478,28,Female,43700.0,Combination,2.0,0.13,100.0,1,26-35
CUST06683,18,Female,88800.0,Combination,2.0,0.2,140.0,1,18-25
CUST05970,49,Male,50100.0,Combination,4.0,0.36,180.0,0,46-55
CUST02790,27,Female,55300.0,Normal,7.0,0.62,190.0,1,26-35
CUST00945,35,Male,48200.0,Dry,4.0,0.35,150.0,0,26-35
CUST09581,21,Male,39400.0,Oily,7.0,0.55,320.0,1,18-25
CUST01858,43,Female,52900.0,Combination,4.0,0.31,150.0,0,36-45
CUST08707,30,Female,60800.0,Oily,5.0,0.43,,1,26-35
CUST04109,48,Female,51300.0,Normal,7.0,0.65,240.0,1,46-55
CUST05214,27,Female,56000.0,Combination,4.0,0.3,120.0,0,26-35
CUST08551,34,Female,32600.0,Combination,5.0,0.47,130.0,1,26-35
CUST03256,36,Male,24500.0,Dry,6.0,0.44,170.0,0,36-45
CUST02691,18,Male,35300.0,Combination,6.0,0.45,,1,18-25
CUST09482,25,Female,15000.0,Combination,5.0,0.41,220.0,1,18-25
CUST06855,27,Female,27600.0,Combination,2.0,0.23,100.0,1,26-35
CUST01320,45,Female,78500.0,Sensitive,3.0,0.23,200.0,0,36-45
CUST07043,18,Male,32800.0,Oily,4.0,0.39,180.0,0,18-25
CUST09920,52,Male,,Dry,4.0,0.29,150.0,1,46-55
CUST05163,50,Male,38300.0,Dry,4.0,0.24,170.0,0,46-55
CUST06728,30,Male,59000.0,Combination,3.0,0.22,110.0,1,26-35
CUST06852,53,Female,50500.0,Combination,3.0,0.32,160.0,1,46-55
CUST07337,51,Female,22200.0,Dry,2.0,0.2,100.0,0,46-55
CUST09677,37,Female,,Dry,4.0,0.28,140.0,0,36-45
CUST03476,39,Female,70900.0,Sensitive,5.0,0.42,260.0,0,36-45
CUST03506,50,MALE,65700.0,Normal,5.0,0.36,210.0,0,46-55
CUST04750,18,Male,35500.0,Normal,6.0,0.48,220.0,0,18-25
CUST02478,34,Female,56700.0,Oily,3.0,0.18,140.0,0,26-35
CUST09811,25,,24700.0,Sensitive,6.0,0.46,180.0,1,18-25
CUST06673,19,Female,29800.0,Oily,7.0,0.6,190.0,1,18-25
CUST07408,26,Male,40300.0,Oily,6.0,0.52,220.0,0,26-35
CUST07650,18,Female,29000.0,Combination,6.0,0.54,230.0,1,18-25
CUST05392,18,Female,39100.0,Dry,2.0,0.29,110.0,0,18-25
CUST09903,44,Female,44900.0,Combination,6.0,0.49,,1,36-45
CUST06915,18,Female,60900.0,Dry,1.0,0.06,100.0,1,18-25
CUST01875,20,Female,29000.0,Normal,6.0,0.48,230.0,1,18-25
CUST08554,42,Female,30200.0,Combination,2.0,0.16,100.0,1,36-45
CUST05318,47,Female,46100.0,,9.0,0.81,350.0,0,46-55
CUST05097,44,Male,76100.0,Sensitive,4.0,0.35,220.0,1,36-45
CUST02905,28,Female,31800.0,Dry,3.0,0.24,110.0,1,26-35
CUST00571,18,Female,39500.0,Normal,5.0,0.36,170.0,0,18-25
CUST01449,29,Male,46300.0,Normal,7.0,0.57,230.0,0,26-35
CUST06018,18,Male,21300.0,Oily,7.0,0.56,200.0,0,18-25
CUST06298,33,Female,73900.0,Oily,3.0,0.19,150.0,1,26-35
CUST06404,18,Male,46300.0,Sensitive,5.0,0.36,200.0,0,18-25
CUST09253,39,Male,131800.0,Sensitive,6.0,0.42,370.0,0,36-45
CUST09869,37,Female,43900.0,Dry,4.0,0.35,110.0,1,36-45
CUST03227,22,Female,21300.0,Combination,3.0,0.25,140.0,0,18-25
CUST09784,25,Female,22100.0,Dry,3.0,0.27,100.0,0,18-25
CUST03979,40,Female,28700.0,Oily,8.0,0.6,,1,36-45
CUST04384,24,Male,73600.0,Sensitive,7.0,0.56,270.0,1,18-25
CUST07714,24,Female,61400.0,Dry,7.0,0.59,180.0,0,18-25
CUST03540,23,Female,62400.0,Dry,3.0,0.21,160.0,0,18-25
CUST05732,32,Male,19200.0,Oily,3.0,0.21,100.0,1,26-35
CUST06936,27,Female,,Normal,3.0,0.23,120.0,1,26-35
CUST02828,53,Male,15400.0,Sensitive,7.0,0.6,140.0,0,46-55
CUST09657,27,Female,45000.0,Oily,4.0,0.23,130.0,0,26-35
CUST04997,28,Male,47100.0,Sensitive,3.0,0.33,150.0,0,26-35
CUST01339,62,Female,49300.0,Combination,6.0,0.45,270.0,0,56+
CUST03263,36,Female,36700.0,Oily,7.0,0.58,160.0,0,36-45
CUST06443,46,MALE,48200.0,Sensitive,5.0,0.41,180.0,0,46-55
CUST06061,26,Female,36400.0,Normal,5.0,0.4,230.0,1,26-35
CUST00651,52,Male,81200.0,Oily,7.0,0.59,300.0,0,46-55
CUST02903,43,Female,47100.0,Dry,4.0,0.32,190.0,0,36-45
CUST02259,44,Female,41900.0,Normal,4.0,0.41,110.0,0,36-45
CUST07465,33,Male,23400.0,Dry,4.0,0.37,160.0,1,26-35
CUST03522,32,Male,,Normal,5.0,0.4,200.0,1,26-35
CUST02731,19,Female,75600.0,Oily,3.0,0.31,,0,18-25
CUST05545,31,Male,,Combination,6.0,0.47,220.0,1,26-35
CUST04479,40,Male,153800.0,Normal,8.0,0.6,370.0,1,36-45
CUST01597,36,Female,36100.0,Sensitive,,0.65,160.0,0,36-45
CUST08753,54,Female,33200.0,Dry,7.0,0.52,150.0,0,46-55
CUST02585,37,Female,20300.0,Sensitive,3.0,0.31,,1,36-45
CUST05677,18,Male,44300.0,Normal,,0.27,170.0,1,18-25
CUST03197,18,Male,47900.0,Normal,1.0,0.09,100.0,0,18-25
CUST06102,24,Female,72200.0,Normal,2.0,0.12,110.0,0,18-25
CUST07746,30,Female,,Dry,2.0,0.25,100.0,1,26-35
CUST06444,31,Female,29800.0,Combination,2.0,0.04,100.0,1,26-35
CUST01259,51,Female,26200.0,Sensitive,5.0,0.49,210.0,0,46-55
CUST05652,18,Male,50600.0,Combination,1.0,0.0,100.0,1,18-25
CUST00992,48,Female,70400.0,Oily,5.0,0.35,240.0,0,46-55
CUST03505,34,Male,45900.0,Normal,2.0,0.17,110.0,1,26-35
CUST00114,18,Female,32600.0,Oily,4.0,0.31,170.0,0,18-25
CUST00920,18,Male,35600.0,Normal,5.0,0.45,180.0,0,18-25
CUST02510,29,Male,62100.0,Combination,3.0,0.28,140.0,1,26-35
CUST09442,18,Female,,Oily,3.0,0.18,150.0,0,18-25
CUST00166,22,Male,51600.0,Dry,6.0,0.48,150.0,0,18-25
CUST05973,30,Male,41400.0,Oily,7.0,0.6,200.0,1,26-35
CUST04604,38,Female,65800.0,Combination,5.0,0.41,140.0,0,36-45
CUST00950,18,Male,18400.0,Normal,4.0,0.34,100.0,0,18-25
CUST04595,40,Female,69200.0,Normal,4.0,0.3,190.0,1,36-45
CUST06570,18,Male,32800.0,Combination,4.0,0.34,180.0,1,18-25
CUST03771,27,Female,54900.0,Normal,8.0,0.69,230.0,0,26-35
CUST02507,49,Male,36400.0,Normal,1.0,0.04,100.0,1,46-55
CUST05108,28,Male,47800.0,Combination,2.0,0.24,110.0,0,26-35
CUST02851,30,Female,38300.0,,1.0,0.09,100.0,0,26-35
CUST08332,57,Male,41800.0,Normal,2.0,0.16,100.0,0,56+
CUST06559,27,Female,115500.0,Oily,8.0,0.71,380.0,1,26-35
CUST07888,18,Female,27200.0,Normal,5.0,0.47,130.0,0,18-25
CUST04447,37,Male,48100.0,Dry,1.0,0.05,100.0,1,36-45
CUST04461,36,Male,35900.0,Normal,4.0,0.29,160.0,1,36-45
CUST06866,37,Male,37400.0,Sensitive,2.0,0.14,100.0,0,36-45
CUST02506,42,Male,61000.0,Oily,2.0,0.16,140.0,1,36-45
CUST01115,33,Female,36500.0,Sensitive,2.0,0.16,100.0,0,26-35
CUST08433,24,female,49700.0,Combination,4.0,0.37,160.0,1,18-25
CUST00299,18,Female,90100.0,Dry,6.0,0.47,220.0,0,18-25
CUST01676,18,MALE,64000.0,Oily,6.0,0.53,210.0,1,18-25
CUST03348,34,Female,33700.0,Oily,2.0,0.12,100.0,1,26-35
CUST02736,28,Female,31400.0,Normal,3.0,0.19,100.0,0,26-35
CUST07885,19,Female,38400.0,Normal,2.0,0.19,110.0,1,18-25
CUST04989,27,MALE,35300.0,Combination,2.0,0.15,120.0,1,26-35
CUST09034,45,Female,75700.0,Normal,3.0,0.27,140.0,0,36-45
CUST05869,37,Female,51300.0,Oily,3.0,0.24,120.0,1,36-45
CUST04326,27,Female,37300.0,Normal,4.0,0.26,160.0,1,26-35
CUST09298,44,Male,39200.0,Oily,5.0,0.37,160.0,0,36-45
CUST05965,53,Female,19400.0,Normal,2.0,0.18,100.0,0,46-55
CUST04551,43,Female,45200.0,Normal,4.0,0.32,110.0,1,36-45
CUST05859,45,Female,44000.0,Oily,1.0,0.07,100.0,0,36-45
CUST07913,30,Male,49600.0,Sensitive,2.0,0.16,100.0,1,26-35
CUST02104,40,Female,58200.0,,3.0,0.23,180.0,1,36-45
CUST08800,28,Male,27600.0,Sensitive,5.0,0.36,210.0,0,26-35
CUST08887,30,female,76200.0,Oily,4.0,0.34,240.0,1,26-35
CUST07516,31,Female,21700.0,Oily,1.0,0.19,100.0,1,26-35
CUST01838,29,Female,47700.0,Sensitive,7.0,0.67,,0,26-35
CUST08117,38,Female,36500.0,Combination,4.0,0.35,100.0,1,36-45
CUST08354,18,Female,58200.0,Sensitive,3.0,0.29,170.0,0,18-25
CUST09775,30,Male,21700.0,,5.0,0.51,190.0,1,26-35
CUST00608,37,Male,49400.0,Normal,1.0,0.09,100.0,0,36-45
CUST06089,52,Female,24300.0,Normal,6.0,0.51,220.0,0,46-55
CUST01094,34,Female,52300.0,Dry,7.0,0.54,160.0,1,26-35
CUST05471,29,Male,37000.0,Normal,5.0,0.38,200.0,0,26-35
CUST06383,40,Male,20700.0,Combination,3.0,0.2,,1,36-45
CUST09002,20,Female,50000.0,Combination,3.0,0.19,130.0,1,18-25
CUST04488,20,Female,29100.0,Oily,3.0,0.24,150.0,0,18-25
CUST00161,21,Male,52000.0,Dry,4.0,0.34,170.0,1,18-25
CUST00204,39,Male,75200.0,Normal,7.0,0.62,220.0,1,36-45
CUST08875,31,Male,38400.0,,,0.41,190.0,1,26-35
CUST05945,45,Female,22500.0,Combination,3.0,0.26,100.0,0,36-45
CUST04934,38,Male,29900.0,,7.0,0.59,310.0,1,36-45
CUST02935,24,Female,37800.0,Sensitive,2.0,0.14,100.0,1,18-25
CUST07385,44,M,57300.0,Dry,2.0,0.12,120.0,0,36-45
CUST02436,21,Male,38500.0,Sensitive,6.0,0.42,,0,18-25
CUST01231,26,Male,54500.0,Normal,2.0,0.18,110.0,1,26-35
CUST08713,45,Male,37900.0,Sensitive,6.0,0.54,150.0,0,36-45
CUST03047,37,Female,36000.0,Combination,2.0,0.19,100.0,1,36-45
CUST09694,59,Female,24200.0,Sensitive,3.0,0.2,100.0,0,56+
CUST07137,24,Female,54900.0,Oily,3.0,0.23,150.0,1,18-25
CUST07781,35,Female,27700.0,Oily,1.0,0.07,100.0,1,26-35
CUST06464,40,Female,,Sensitive,0.0,0.0,100.0,1,36-45
CUST04252,27,Male,33000.0,Combination,1.0,0.09,100.0,1,26-35
CUST09695,26,Male,76900.0,Oily,3.0,0.13,210.0,1,26-35
CUST03294,38,Female,35700.0,Combination,2.0,0.17,100.0,1,36-45
CUST04035,24,Male,60600.0,Dry,3.0,0.14,120.0,0,18-25
CUST08180,52,Female,51500.0,Oily,4.0,0.34,200.0,1,46-55
CUST04291,27,Male,49600.0,Normal,7.0,0.51,260.0,0,26-35
CUST04335,38,Female,25200.0,Dry,1.0,0.1,100.0,0,36-45
CUST05984,40,Female,30200.0,Oily,0.0,0.0,100.0,1,36-45
CUST03878,36,Female,42000.0,Oily,4.0,0.33,100.0,1,36-45
CUST08919,30,Female,25000.0,Oily,2.0,0.11,100.0,0,26-35
CUST04754,18,Female,74400.0,Normal,3.0,0.28,200.0,0,18-25
CUST04887,34,Female,27200.0,Dry,8.0,0.71,200.0,1,26-35
CUST00858,37,Female,20300.0,,3.0,0.31,100.0,1,36-45
CUST09424,40,Female,29700.0,Oily,2.0,0.18,100.0,1,36-45
CUST08411,41,Male,27500.0,Combination,7.0,0.57,130.0,0,36-45
CUST02562,33,Male,20200.0,Combination,4.0,0.3,,1,26-35
CUST03802,24,Male,87700.0,Dry,4.0,0.28,160.0,1,18-25
CUST02641,38,Female,69900.0,Dry,7.0,0.53,190.0,1,36-45
CUST09549,23,Female,35500.0,Sensitive,3.0,0.23,100.0,0,18-25
CUST04491,51,Female,23900.0,Normal,1.0,0.03,100.0,0,46-55
CUST02348,24,Female,34000.0,Dry,0.0,0.07,,0,18-25
CUST00650,28,Male,39500.0,Combination,5.0,0.42,,0,26-35
CUST02782,25,Female,109800.0,Combination,3.0,0.26,150.0,1,18-25
CUST05701,29,Female,85300.0,Combination,,0.17,100.0,1,26-35
CUST09355,21,Female,85900.0,Sensitive,5.0,0.47,220.0,1,18-25
CUST08715,24,Female,71600.0,Dry,4.0,0.39,160.0,1,18-25
CUST06226,29,Female,34300.0,Dry,6.0,0.5,240.0,1,26-35
CUST00616,18,Female,66800.0,Oily,3.0,0.31,140.0,0,18-25
CUST08484,45,Female,22400.0,Dry,6.0,0.43,220.0,1,36-45
CUST02576,36,Female,28700.0,Oily,6.0,0.43,230.0,0,36-45
CUST00054,28,Male,54400.0,Normal,2.0,0.24,100.0,0,26-35
CUST03341,28,Female,19000.0,Dry,8.0,0.68,200.0,0,26-35
CUST09830,28,Female,51500.0,Combination,4.0,0.29,150.0,1,26-35
CUST01706,53,Male,33300.0,Normal,4.0,0.29,140.0,0,46-55
CUST09098,44,Male,51000.0,Combination,3.0,0.28,150.0,1,36-45
CUST06822,21,Female,55800.0,Normal,7.0,0.53,200.0,0,18-25
CUST01494,20,Male,29100.0,Dry,2.0,0.21,100.0,1,18-25
CUST01732,32,,25700.0,Oily,2.0,0.16,100.0,0,26-35
CUST05681,26,Male,74200.0,Dry,4.0,0.33,170.0,1,26-35
CUST00804,36,Female,27300.0,Normal,4.0,0.37,170.0,1,36-45
CUST04954,18,Male,34600.0,Normal,3.0,0.3,110.0,1,18-25
CUST06994,32,Female,31000.0,Combination,4.0,0.33,170.0,1,26-35
CUST09711,18,Female,42100.0,Combination,5.0,0.45,240.0,0,18-25
CUST00991,42,Female,45600.0,Dry,3.0,0.16,100.0,0,36-45
CUST02775,27,Male,50900.0,Normal,4.0,0.32,180.0,0,26-35
CUST07533,18,Female,52500.0,Combination,2.0,0.17,100.0,1,18-25
CUST06476,22,Female,26500.0,Combination,3.0,0.22,120.0,0,18-25
CUST03514,44,Female,68100.0,Oily,2.0,0.06,120.0,1,36-45
CUST08977,33,Male,44800.0,Sensitive,5.0,0.42,130.0,1,26-35
CUST08436,41,Female,50600.0,Oily,4.0,0.22,180.0,1,36-45
CUST00220,24,F,45600.0,Oily,4.0,0.36,120.0,0,18-25
CUST07506,24,Female,73900.0,Dry,2.0,0.26,120.0,0,18-25
CUST01289,54,Male,48100.0,Dry,9.0,0.77,390.0,1,46-55
CUST03164,39,Female,20900.0,Oily,3.0,0.28,120.0,1,36-45
CUST04679,22,Male,29200.0,Combination,2.0,0.12,100.0,0,18-25
CUST02619,24,Female,59900.0,Dry,5.0,0.42,,0,18-25
CUST03613,26,Male,40400.0,Dry,6.0,0.46,120.0,0,26-35
CUST00044,35,Female,32200.0,Normal,4.0,0.3,180.0,0,26-35
CUST07908,18,Female,34400.0,Normal,9.0,0.81,290.0,1,18-25
CUST06585,30,Male,63500.0,Combination,4.0,0.33,160.0,1,26-35
CUST03793,28,Female,43400.0,Dry,3.0,0.19,150.0,1,26-35
CUST03572,41,Female,16500.0,Combination,5.0,0.43,130.0,0,36-45
CUST09897,31,Female,62200.0,Combination,,0.38,150.0,1,26-35
CUST01504,36,Male,19200.0,Dry,3.0,0.19,130.0,0,36-45
CUST08837,33,Female,26200.0,Normal,,0.23,140.0,0,26-35
CUST09870,19,Male,32900.0,Normal,5.0,0.45,190.0,0,18-25
CUST03440,53,Female,63600.0,Normal,5.0,0.38,230.0,0,46-55
CUST01893,19,Female,40400.0,Normal,6.0,0.5,140.0,0,18-25
CUST09361,28,Female,78700.0,Sensitive,2.0,0.09,130.0,0,26-35
CUST05256,18,Male,21500.0,Combination,10.0,0.78,210.0,1,18-25
CUST01956,21,Female,36300.0,Normal,,0.25,100.0,0,18-25
CUST05168,20,Female,104300.0,Combination,3.0,0.31,,0,18-25
CUST04815,34,Male,24900.0,Dry,2.0,0.14,100.0,0,26-35
CUST06320,43,Male,36800.0,Oily,1.0,0.06,100.0,1,36-45
CUST01506,37,Male,61300.0,Normal,9.0,0.69,210.0,1,36-45
CUST00671,41,Female,64200.0,Combination,1.0,0.02,100.0,0,36-45
CUST08945,22,Male,50900.0,Oily,3.0,0.19,,1,18-25
CUST07117,34,Female,49400.0,Oily,2.0,0.18,100.0,1,26-35
CUST00898,23,Female,37300.0,Oily,3.0,0.28,100.0,0,18-25
CUST09191,26,Female,22900.0,Combination,8.0,0.75,,0,26-35
CUST02667,28,Female,19200.0,Sensitive,5.0,0.35,120.0,1,26-35
CUST03194,19,Female,45700.0,Combination,3.0,0.33,100.0,1,18-25
CUST02891,23,Male,49500.0,Combination,5.0,0.44,230.0,0,18-25
CUST09121,36,Male,68300.0,Combination,3.0,0.2,100.0,1,36-45
CUST02622,24,Male,56700.0,Combination,5.0,0.44,190.0,1,18-25
CUST06062,22,Female,40700.0,Oily,5.0,0.47,210.0,1,18-25
CUST06670,22,Male,18900.0,Combination,3.0,0.26,100.0,1,18-25
CUST00003,40,Male,71900.0,Oily,6.0,0.56,270.0,1,36-45
CUST02371,20,Female,48800.0,Dry,4.0,0.23,180.0,0,18-25
CUST08241,19,Male,31200.0,Oily,3.0,0.31,120.0,0,18-25
CUST01770,63,Male,51800.0,Sensitive,3.0,0.21,140.0,0,56+
CUST08543,29,Female,63700.0,Normal,5.0,0.45,140.0,1,26-35
CUST06080,18,Male,45100.0,Normal,5.0,0.43,220.0,1,18-25
CUST00532,22,Female,25300.0,Sensitive,8.0,0.63,300.0,0,18-25
CUST08661,28,Male,47900.0,Oily,2.0,0.23,110.0,0,26-35
CUST08687,18,Male,48100.0,Combination,3.0,0.22,170.0,0,18-25
CUST08853,19,Male,42000.0,Normal,4.0,0.37,140.0,1,18-25
CUST06130,30,Female,38600.0,Sensitive,4.0,0.24,140.0,0,26-35
CUST03121,36,Male,87400.0,Oily,3.0,0.17,180.0,1,36-45
CUST09060,39,Female,54100.0,Sensitive,5.0,0.44,170.0,0,36-45
CUST00732,33,Female,39400.0,Oily,2.0,0.14,,1,26-35
CUST03407,40,Female,47000.0,Combination,2.0,0.21,130.0,1,36-45
CUST02340,41,Female,45200.0,Dry,1.0,0.01,100.0,0,36-45
CUST06111,29,Male,22600.0,Combination,5.0,0.36,110.0,1,26-35
CUST05897,38,Female,33900.0,Normal,3.0,0.26,140.0,0,36-45
CUST02566,22,Male,38300.0,Normal,1.0,0.1,100.0,1,18-25
CUST09082,29,Female,71300.0,Oily,0.0,0.0,100.0,0,26-35
CUST07886,18,Male,61300.0,Normal,3.0,0.16,150.0,0,18-25
CUST06772,55,Female,29200.0,Dry,4.0,0.23,100.0,0,46-55
CUST09501,18,Male,32000.0,Sensitive,8.0,0.73,320.0,0,18-25
CUST06011,18,Female,29100.0,Combination,2.0,0.15,100.0,0,18-25
CUST06904,37,Female,27900.0,Dry,0.0,0.0,100.0,0,36-45
CUST09013,28,Female,52000.0,Dry,3.0,0.24,120.0,1,26-35
CUST01256,25,Male,37200.0,Combination,3.0,0.3,120.0,1,18-25
CUST02105,29,Male,21600.0,Oily,3.0,0.18,100.0,1,26-35
CUST06793,36,Male,41600.0,Dry,1.0,0.08,100.0,1,36-45
CUST06753,23,Female,51400.0,Sensitive,4.0,0.38,140.0,1,18-25
CUST07753,18,Female,46600.0,Combination,2.0,0.16,130.0,0,18-25
CUST09188,25,Male,51900.0,Oily,3.0,0.26,110.0,1,18-25
CUST04995,37,,24100.0,Oily,9.0,0.74,270.0,1,36-45
CUST09007,37,Male,28200.0,Normal,4.0,0.34,,0,36-45
CUST09093,44,Male,78500.0,Oily,3.0,0.27,140.0,1,36-45
CUST05058,28,Female,31500.0,Oily,7.0,0.54,290.0,1,26-35
CUST09102,37,Female,51200.0,Combination,3.0,0.25,,1,36-45
CUST04435,53,Female,21200.0,Oily,3.0,0.31,130.0,0,46-55
CUST03485,42,Male,55400.0,Combination,1.0,0.12,100.0,1,36-45
CUST09533,21,Female,35500.0,,,0.33,100.0,0,18-25
CUST05319,18,Male,17000.0,Normal,3.0,0.18,100.0,1,18-25
CUST03817,31,Female,95800.0,Combination,5.0,0.35,210.0,1,26-35
CUST08917,38,Female,64400.0,Dry,6.0,0.47,320.0,0,36-45
CUST08941,18,Male,119600.0,Combination,3.0,0.3,210.0,1,18-25
CUST07906,40,Female,70900.0,Oily,9.0,0.74,,0,36-45
CUST09703,39,Female,51500.0,Normal,1.0,0.04,100.0,0,36-45
CUST01622,33,Female,38500.0,Sensitive,3.0,0.26,160.0,0,26-35
CUST09462,35,Female,27800.0,Combination,1.0,0.13,100.0,1,26-35
CUST07199,21,,58700.0,Sensitive,4.0,0.32,150.0,1,18-25
CUST06297,18,Female,47800.0,Dry,2.0,0.18,110.0,0,18-25
CUST08940,19,Female,36200.0,Oily,2.0,0.16,100.0,1,18-25
CUST01097,49,Male,61900.0,Normal,4.0,0.31,140.0,0,46-55
CUST06419,53,Male,46800.0,Oily,6.0,0.45,180.0,1,46-55
CUST09521,26,Female,17900.0,,8.0,0.74,220.0,0,26-35
CUST07380,29,Male,210500.0,Oily,5.0,0.38,290.0,0,26-35
CUST02464,19,Male,26200.0,Oily,5.0,0.31,110.0,1,18-25
CUST07213,34,Female,57400.0,Dry,4.0,0.33,160.0,1,26-35
CUST01789,35,Female,28300.0,Sensitive,5.0,0.34,110.0,0,26-35
CUST00251,28,Female,59900.0,Combination,9.0,0.85,270.0,0,26-35
CUST07457,48,Female,52400.0,Combination,2.0,0.1,100.0,0,46-55
CUST06963,30,Female,25900.0,Normal,4.0,0.33,110.0,0,26-35
CUST09356,27,Female,55300.0,Sensitive,2.0,0.24,100.0,1,26-35
CUST00193,28,Female,34300.0,Dry,4.0,0.33,180.0,1,26-35
CUST00821,27,Female,45300.0,Oily,5.0,0.42,110.0,0,26-35
CUST09667,23,Female,49200.0,Oily,3.0,0.21,120.0,0,18-25
CUST05764,53,Female,,Combination,6.0,0.49,200.0,0,46-55
CUST07257,50,Male,28000.0,Dry,8.0,0.68,310.0,0,46-55
CUST05765,28,Male,75000.0,Sensitive,6.0,0.49,320.0,1,26-35
CUST04401,31,Female,,Combination,2.0,0.18,100.0,1,26-35
CUST07105,30,Male,40000.0,Combination,7.0,0.51,150.0,1,26-35
CUST05389,22,Female,22200.0,Oily,2.0,0.24,100.0,0,18-25
CUST04167,19,Female,36200.0,Dry,7.0,0.55,210.0,1,18-25
CUST04952,23,Female,27500.0,Normal,3.0,0.19,110.0,1,18-25
CUST02688,29,Male,43700.0,Oily,9.0,0.8,230.0,1,26-35
CUST04391,34,Male,45000.0,Dry,6.0,0.53,170.0,1,26-35
CUST05912,34,Female,39800.0,Oily,5.0,0.36,120.0,1,26-35
CUST07659,32,Male,,Normal,0.0,0.02,110.0,1,26-35
CUST04928,36,Female,41600.0,Dry,3.0,0.25,120.0,1,36-45
CUST08021,48,Male,21300.0,Normal,0.0,0.0,100.0,1,46-55
CUST02608,30,Female,22600.0,Sensitive,5.0,0.46,160.0,1,26-35
CUST07529,39,Male,25700.0,Combination,3.0,0.31,140.0,0,36-45
CUST00239,20,Male,57400.0,Combination,3.0,0.27,180.0,0,18-25
CUST04016,31,Female,96200.0,Normal,4.0,0.35,210.0,0,26-35
CUST09300,38,Male,25300.0,Combination,6.0,0.55,130.0,1,36-45
CUST02978,31,Female,63600.0,Oily,4.0,0.34,190.0,1,26-35
CUST05762,38,Female,67300.0,Dry,4.0,0.38,,0,36-45
CUST06604,34,Female,26900.0,Combination,3.0,0.31,100.0,1,26-35
CUST05474,28,,34100.0,Oily,3.0,0.21,100.0,0,26-35
CUST00946,28,Male,26000.0,Oily,5.0,0.4,200.0,1,26-35
CUST06473,34,Female,47600.0,Combination,8.0,0.76,240.0,1,26-35
CUST07745,18,,76400.0,Normal,5.0,0.48,200.0,0,18-25
CUST05098,57,Male,38600.0,Oily,7.0,0.56,200.0,0,56+
CUST06865,29,Male,58300.0,Oily,7.0,0.56,170.0,1,26-35
CUST07308,18,Female,90600.0,Combination,4.0,0.45,160.0,0,18-25
CUST03553,43,Female,44800.0,Sensitive,2.0,0.21,100.0,0,36-45
CUST06364,32,Female,83200.0,Dry,2.0,0.13,130.0,1,26-35
CUST03361,31,Male,31300.0,Oily,6.0,0.47,160.0,1,26-35
CUST05602,47,Male,49900.0,Oily,1.0,0.02,100.0,0,46-55
CUST02411,22,Female,34400.0,Normal,4.0,0.33,120.0,1,18-25
CUST04508,21,Female,72700.0,Normal,8.0,0.73,300.0,1,18-25
CUST08498,54,Female,18200.0,Normal,2.0,0.15,,0,46-55
CUST03983,28,Male,52100.0,Combination,5.0,0.37,180.0,1,26-35
CUST00147,25,Male,43100.0,Combination,3.0,0.31,160.0,0,18-25
CUST06707,27,Male,36700.0,Sensitive,3.0,0.26,120.0,1,26-35
CUST02295,45,Male,45000.0,Sensitive,2.0,0.15,110.0,0,36-45
CUST02254,18,Female,33100.0,Dry,7.0,0.57,160.0,1,18-25
CUST03612,24,Female,25400.0,Oily,1.0,0.03,100.0,1,18-25
CUST05354,23,Female,27100.0,Combination,4.0,0.25,140.0,0,18-25
CUST01737,18,Male,65100.0,Sensitive,4.0,0.36,150.0,0,18-25
CUST09897,31,Female,62200.0,Combination,,0.38,150.0,1,26-35
CUST07723,38,Male,33200.0,Oily,3.0,0.26,120.0,0,36-45
CUST00115,33,Female,98900.0,Dry,4.0,0.37,220.0,1,26-35
CUST08898,46,Male,51100.0,Dry,2.0,0.07,100.0,0,46-55
CUST05698,28,Female,54900.0,Sensitive,2.0,0.26,100.0,1,26-35
CUST09514,29,Female,50000.0,Dry,2.0,0.1,100.0,0,26-35
CUST00499,18,Male,32400.0,Dry,6.0,0.51,280.0,0,18-25
CUST07568,35,Male,31000.0,Combination,6.0,0.51,220.0,1,26-35
CUST00721,31,Male,79700.0,Oily,5.0,0.42,240.0,1,26-35
CUST07245,20,Female,43800.0,Oily,2.0,0.13,100.0,0,18-25
CUST08881,27,Female,17100.0,Combination,3.0,0.29,110.0,1,26-35
CUST08049,44,Male,26800.0,Normal,2.0,0.09,100.0,1,36-45
CUST03090,43,Male,28600.0,Oily,2.0,0.29,100.0,0,36-45
CUST08726,40,Female,38400.0,Combination,1.0,0.07,100.0,1,36-45
CUST08928,27,Male,56200.0,Normal,3.0,0.12,110.0,0,26-35
CUST09140,18,Male,22900.0,Dry,4.0,0.28,110.0,1,18-25
CUST00597,26,Male,58900.0,Combination,1.0,0.16,100.0,1,26-35
CUST09130,42,Female,58300.0,Combination,5.0,0.4,240.0,1,36-45
CUST06150,46,Female,39200.0,Dry,6.0,0.45,160.0,0,46-55
CUST06108,59,Male,34500.0,Oily,2.0,0.09,110.0,0,56+
CUST05165,22,Male,65200.0,Oily,2.0,0.2,120.0,1,18-25
CUST01648,45,Male,18300.0,Normal,5.0,0.49,150.0,0,36-45
CUST07927,32,Male,68300.0,Combination,4.0,0.38,200.0,0,26-35
CUST07250,26,Male,53900.0,Normal,4.0,0.29,220.0,0,26-35
CUST02701,41,Male,36800.0,Oily,5.0,0.46,200.0,0,36-45
CUST07489,30,Male,35900.0,Sensitive,2.0,0.18,100.0,0,26-35
CUST01701,20,Male,33100.0,Combination,6.0,0.57,,1,18-25
CUST08981,37,Female,57600.0,Normal,3.0,0.32,150.0,1,36-45
CUST05405,35,Female,96200.0,Sensitive,1.0,0.07,100.0,0,26-35
CUST09865,39,Female,31200.0,Normal,3.0,0.29,100.0,1,36-45
CUST09139,21,Male,40300.0,Dry,,0.0,100.0,1,18-25
CUST02943,32,Female,44700.0,Dry,4.0,0.4,150.0,1,26-35
CUST09400,32,Female,54700.0,Normal,6.0,0.56,180.0,1,26-35
CUST00087,27,Male,36600.0,,2.0,0.17,110.0,0,26-35
CUST02309,46,Female,60200.0,Combination,7.0,0.51,280.0,1,46-55
CUST02678,38,Female,30200.0,Oily,0.0,0.0,100.0,1,36-45
CUST08252,30,Female,28800.0,Sensitive,5.0,0.4,180.0,0,26-35
CUST07794,28,Female,19200.0,Oily,7.0,0.66,160.0,1,26-35
CUST02595,18,Male,25000.0,Sensitive,4.0,0.3,180.0,0,18-25
CUST05936,19,Male,18300.0,Dry,1.0,0.12,100.0,0,18-25
CUST01030,44,Female,33300.0,Combination,4.0,0.36,150.0,1,36-45
CUST00137,35,Female,28200.0,Oily,3.0,0.23,100.0,1,26-35
CUST06891,20,Female,71700.0,Sensitive,4.0,0.34,180.0,1,18-25
CUST06197,41,Male,35800.0,Combination,6.0,0.49,170.0,0,36-45
CUST02855,23,Male,,Normal,5.0,0.45,210.0,0,18-25
CUST04410,18,Male,70600.0,Oily,6.0,0.49,210.0,1,18-25
CUST01201,18,Female,18300.0,Dry,1.0,0.06,100.0,0,18-25
CUST04718,28,Male,57600.0,Combination,6.0,0.45,270.0,0,26-35
CUST09557,24,Female,117800.0,Combination,2.0,0.23,170.0,0,18-25
CUST06652,27,Female,51600.0,Dry,5.0,0.45,150.0,1,26-35
CUST00567,30,Female,34200.0,Normal,7.0,0.59,210.0,1,26-35
CUST09105,23,Male,33800.0,Normal,3.0,0.22,100.0,1,18-25
CUST05431,18,Female,43600.0,Sensitive,3.0,0.32,160.0,1,18-25
CUST03928,18,,49000.0,Dry,7.0,0.64,160.0,0,18-25
CUST06110,24,Female,23100.0,Normal,1.0,0.07,100.0,0,18-25
CUST07653,32,Male,43700.0,Combination,3.0,0.18,100.0,0,26-35
CUST05710,23,Male,49800.0,Normal,8.0,0.74,210.0,1,18-25
CUST07345,38,Male,73600.0,Combination,2.0,0.19,130.0,1,36-45
CUST07935,44,Male,39000.0,Oily,4.0,0.23,170.0,1,36-45
CUST08951,46,Male,23000.0,Oily,3.0,0.3,100.0,1,46-55
CUST08311,18,Male,40500.0,,4.0,0.26,110.0,0,18-25
CUST02331,22,Female,119400.0,Normal,3.0,0.34,,1,18-25
CUST03516,29,Female,38000.0,Normal,4.0,0.33,150.0,0,26-35
CUST02188,27,Female,38600.0,Dry,4.0,0.3,180.0,1,26-35
CUST00196,22,Male,20200.0,Dry,1.0,0.09,100.0,0,18-25
CUST07320,29,Female,40400.0,Dry,4.0,0.29,190.0,1,26-35
CUST05715,18,Female,15500.0,Normal,2.0,0.22,100.0,0,18-25
CUST05060,32,Female,30100.0,Sensitive,5.0,0.49,190.0,0,26-35
CUST00803,36,Female,32800.0,Dry,4.0,0.29,130.0,1,36-45
CUST09153,20,Male,49000.0,Normal,,0.52,180.0,1,18-25
CUST07958,36,Female,50400.0,Normal,1.0,0.05,100.0,0,36-45
CUST02069,38,Male,64400.0,Combination,7.0,0.57,220.0,1,36-45
CUST05840,18,Female,84500.0,Dry,1.0,0.04,100.0,0,18-25
CUST08782,37,Female,37100.0,Oily,5.0,0.4,140.0,1,36-45
CUST00645,28,Female,59700.0,Sensitive,5.0,0.45,220.0,0,26-35
CUST09412,37,Male,39900.0,Normal,4.0,0.33,160.0,1,36-45
CUST05104,31,Female,60600.0,Dry,5.0,0.35,200.0,1,26-35
CUST05461,38,Male,,Dry,4.0,0.27,140.0,0,36-45
CUST01638,43,Male,33700.0,Normal,7.0,0.66,270.0,1,36-45
CUST00121,21,Female,50800.0,,5.0,0.51,210.0,0,18-25
CUST02982,49,Female,29300.0,Combination,4.0,0.31,100.0,0,46-55
CUST05070,45,Female,28200.0,Oily,1.0,0.12,100.0,0,36-45
CUST03075,46,Female,57500.0,Oily,1.0,0.19,100.0,0,46-55
CUST08965,53,Male,22900.0,Oily,1.0,0.06,100.0,0,46-55
CUST03279,24,,39400.0,Combination,6.0,0.5,200.0,1,18-25
CUST02136,28,Female,23400.0,Oily,1.0,0.1,100.0,1,26-35
CUST06401,44,Female,51200.0,Normal,4.0,0.33,200.0,0,36-45
CUST04971,30,Female,,Combination,7.0,0.58,250.0,1,26-35
CUST06251,29,Male,36500.0,Dry,5.0,0.42,190.0,0,26-35
CUST00135,18,Female,51100.0,Oily,5.0,0.43,140.0,0,18-25
CUST08047,18,Female,40200.0,Combination,1.0,-0.0,100.0,0,18-25
CUST05325,32,Female,38000.0,Normal,2.0,0.13,100.0,1,26-35
CUST09680,47,,32600.0,Normal,8.0,0.73,310.0,0,46-55
CUST06215,40,Female,60300.0,Combination,5.0,0.39,200.0,0,36-45
CUST02560,48,Female,34200.0,Dry,1.0,0.13,100.0,0,46-55
CUST00063,34,Male,77100.0,Dry,5.0,0.37,250.0,1,26-35
CUST01359,27,Male,53200.0,Combination,2.0,0.17,110.0,1,26-35
CUST09602,39,Male,18700.0,Oily,1.0,0.09,100.0,1,36-45
CUST02468,47,Male,20800.0,Sensitive,3.0,0.21,130.0,0,46-55
CUST00680,30,Male,41700.0,Dry,6.0,0.53,140.0,1,26-35
CUST06856,32,Male,44600.0,Combination,4.0,0.36,180.0,1,26-35
CUST00742,45,Female,42800.0,Oily,5.0,0.39,190.0,0,36-45
CUST05308,29,Female,28000.0,Combination,4.0,0.34,160.0,1,26-35
CUST06803,31,Male,63600.0,Sensitive,9.0,0.77,380.0,1,26-35
CUST03642,50,Female,122800.0,,3.0,0.19,200.0,0,46-55
CUST00445,28,Female,21900.0,Dry,6.0,0.55,200.0,1,26-35
CUST08201,36,Male,51800.0,,2.0,0.12,100.0,0,36-45
CUST03259,22,Male,49900.0,Combination,4.0,0.34,180.0,0,18-25
CUST04664,24,Female,40600.0,Combination,5.0,0.41,150.0,1,18-25
CUST01874,19,,-10000.0,Oily,1.0,0.11,100.0,0,18-25
CUST06423,18,Female,26600.0,Normal,2.0,0.09,100.0,0,18-25
CUST02597,46,Female,55400.0,Normal,3.0,0.3,100.0,1,46-55
CUST01718,26,FEMALE,34000.0,Normal,5.0,0.38,230.0,0,26-35
CUST02913,32,Male,18500.0,Combination,7.0,0.64,280.0,0,26-35
CUST02844,40,Male,34900.0,Normal,3.0,0.17,110.0,0,36-45
CUST04028,39,Male,45500.0,Dry,5.0,0.45,240.0,1,36-45
CUST05489,21,Male,30600.0,Dry,5.0,0.46,220.0,1,18-25
CUST08672,33,Male,42000.0,Sensitive,1.0,0.07,100.0,1,26-35
CUST08105,31,MALE,56900.0,Oily,5.0,0.45,240.0,1,26-35
CUST02557,18,Male,86800.0,Oily,6.0,0.48,280.0,0,18-25
CUST00490,39,Female,43100.0,Dry,4.0,0.25,190.0,1,36-45
CUST00494,37,Male,63300.0,Combination,2.0,0.14,100.0,1,36-45
CUST00691,35,Female,21600.0,Sensitive,3.0,0.24,100.0,0,26-35
CUST03822,46,Female,29000.0,Combination,3.0,0.25,100.0,1,46-55
CUST00603,46,Female,34300.0,Dry,3.0,0.22,100.0,0,46-55
CUST01912,38,female,23900.0,Normal,5.0,0.42,190.0,1,36-45
CUST01015,21,Female,,Dry,7.0,0.6,250.0,0,18-25
CUST06211,25,Female,50200.0,Sensitive,8.0,0.62,270.0,1,18-25
CUST01994,43,Female,35300.0,Normal,4.0,0.24,150.0,0,36-45
CUST06349,39,Female,63400.0,Normal,9.0,0.76,240.0,1,36-45
CUST03758,18,Female,94700.0,Sensitive,4.0,0.37,210.0,0,18-25
CUST02367,44,Male,31700.0,Combination,4.0,0.35,100.0,0,36-45
CUST05284,42,Female,,Oily,2.0,0.17,100.0,0,36-45
CUST04371,18,Male,42000.0,Sensitive,3.0,0.28,100.0,0,18-25
CUST09142,43,Female,15400.0,Normal,4.0,0.39,120.0,1,36-45
CUST07073,28,Female,33100.0,Oily,3.0,0.31,100.0,0,26-35
CUST01362,42,Female,28900.0,Combination,4.0,0.37,190.0,1,36-45
CUST09181,18,Female,40300.0,Sensitive,5.0,0.42,110.0,0,18-25
CUST01527,0,Female,50200.0,,6.0,0.62,240.0,0,36-45
CUST01328,18,Female,37200.0,Normal,0.0,0.0,100.0,1,18-25
CUST09248,30,Female,81000.0,Combination,3.0,0.26,130.0,1,26-35
CUST07258,24,Male,51000.0,Oily,2.0,0.17,120.0,1,18-25
CUST01552,24,Female,15000.0,Oily,5.0,0.35,210.0,0,18-25
CUST06323,33,Female,23800.0,Dry,1.0,0.04,100.0,1,26-35
CUST09727,30,Male,26500.0,Dry,3.0,0.17,100.0,1,26-35
CUST01338,39,Male,17300.0,Sensitive,9.0,0.85,190.0,1,36-45
CUST03902,39,Female,29900.0,Combination,2.0,0.14,100.0,0,36-45
CUST03011,58,Female,39200.0,Combination,3.0,0.27,110.0,0,56+
CUST05042,23,Male,29200.0,Combination,7.0,0.6,250.0,1,18-25
CUST08863,28,Female,53100.0,Normal,3.0,0.19,120.0,0,26-35
CUST02251,21,Male,39500.0,Oily,1.0,0.0,100.0,0,18-25
CUST06591,36,Female,64500.0,Dry,8.0,0.72,320.0,1,36-45
CUST05040,20,Male,56700.0,Oily,7.0,0.54,220.0,1,18-25
CUST02347,30,Female,,Sensitive,3.0,0.27,140.0,0,26-35
CUST09320,18,Female,35000.0,Oily,6.0,0.51,170.0,0,18-25
CUST05486,41,Male,17000.0,Combination,3.0,0.27,100.0,0,36-45
CUST02785,36,Female,91500.0,Dry,5.0,0.44,190.0,1,36-45
CUST05695,39,Female,15000.0,Combination,5.0,0.49,200.0,0,36-45
CUST05120,39,Male,46700.0,Normal,5.0,0.54,190.0,0,36-45
CUST07614,26,Female,34300.0,Combination,6.0,0.47,150.0,1,26-35
CUST05556,34,Male,24000.0,Dry,2.0,0.18,100.0,0,26-35
CUST05600,28,Male,31300.0,Combination,4.0,0.42,120.0,0,26-35
CUST08814,38,Female,53500.0,Oily,6.0,0.5,260.0,1,36-45
CUST00151,30,Male,59700.0,Oily,2.0,0.15,100.0,0,26-35
CUST02805,23,Female,32400.0,Sensitive,7.0,0.57,230.0,0,18-25
CUST07218,28,Female,15500.0,Combination,5.0,0.33,130.0,0,26-35
CUST02087,31,Female,52000.0,Dry,1.0,0.19,100.0,0,26-35
CUST03752,25,Female,50700.0,Oily,5.0,0.47,150.0,1,18-25
CUST05613,24,Female,58600.0,Normal,7.0,0.56,280.0,1,18-25
CUST02260,38,Male,31700.0,Sensitive,1.0,0.04,100.0,1,36-45
CUST04018,43,Female,85300.0,Dry,4.0,0.33,200.0,1,36-45
CUST06168,18,Female,33500.0,Normal,4.0,0.23,160.0,0,18-25
CUST06113,34,Female,53600.0,Combination,2.0,0.11,100.0,0,26-35
CUST02425,33,Male,43500.0,Dry,5.0,0.42,200.0,0,26-35
CUST08102,30,Female,17400.0,Dry,3.0,0.2,100.0,0,26-35
CUST03857,19,Female,58200.0,Dry,6.0,0.44,240.0,1,18-25
CUST00860,39,Female,29200.0,Combination,3.0,0.21,100.0,0,36-45
CUST05368,52,Female,18400.0,Oily,3.0,0.29,100.0,0,46-55
CUST07655,39,Male,40500.0,Normal,2.0,0.07,100.0,1,36-45
CUST09859,24,Female,33300.0,Oily,3.0,0.31,150.0,1,18-25
CUST07383,33,Male,62800.0,Dry,2.0,0.25,100.0,1,26-35
CUST08601,36,Female,21000.0,Sensitive,2.0,0.09,100.0,1,36-45
CUST04740,31,Male,134600.0,Combination,8.0,0.67,460.0,1,26-35
CUST08632,48,Female,65100.0,Combination,4.0,0.32,230.0,0,46-55
CUST04463,44,Female,25100.0,Combination,5.0,0.35,120.0,0,36-45
CUST05529,29,Female,23900.0,Dry,4.0,0.32,160.0,1,26-35
CUST01365,28,Male,25700.0,Combination,1.0,0.16,100.0,1,26-35
CUST01780,48,Female,15000.0,Sensitive,3.0,0.32,130.0,0,46-55
CUST05922,51,Male,36300.0,Normal,8.0,0.62,220.0,0,46-55
CUST04786,18,Female,45600.0,Oily,3.0,0.27,160.0,0,18-25
CUST06390,37,Male,41600.0,Dry,3.0,0.2,100.0,1,36-45
CUST01819,37,Female,25800.0,Oily,2.0,0.15,100.0,1,36-45
CUST07865,18,Male,95000.0,Oily,5.0,0.43,220.0,1,18-25
CUST04938,18,Male,54400.0,Oily,7.0,0.58,,1,18-25
CUST02705,34,Male,38900.0,Sensitive,3.0,0.24,130.0,1,26-35
CUST05286,36,Male,,Oily,5.0,0.47,230.0,0,36-45
CUST00176,34,Female,56900.0,Oily,6.0,0.53,260.0,0,26-35
CUST09568,19,Male,38100.0,Combination,4.0,0.3,150.0,1,18-25
CUST02094,41,Female,29000.0,Dry,7.0,0.63,270.0,1,36-45
CUST08539,45,Female,35100.0,Oily,5.0,0.4,170.0,0,36-45
CUST03492,21,Male,48900.0,Sensitive,4.0,0.38,160.0,1,18-25
CUST01921,20,Male,49000.0,Dry,3.0,0.18,180.0,1,18-25
CUST00083,28,Female,35800.0,Dry,7.0,0.62,190.0,1,26-35
CUST00817,28,Female,21300.0,Normal,4.0,0.42,130.0,1,26-35
CUST08639,35,Male,16400.0,Combination,,0.46,210.0,1,26-35
CUST07417,29,Female,26900.0,Combination,2.0,0.12,100.0,1,26-35
CUST04397,33,Female,50600.0,Oily,4.0,0.38,130.0,1,26-35
CUST06826,45,Female,40900.0,Oily,0.0,0.04,100.0,0,36-45
CUST05569,31,Female,20300.0,Oily,3.0,0.21,120.0,1,26-35
CUST00284,37,Male,95300.0,Sensitive,4.0,0.36,280.0,1,36-45
CUST04121,25,Male,27100.0,Sensitive,3.0,0.2,100.0,1,18-25
CUST07543,28,Female,,Normal,1.0,0.1,100.0,0,26-35
CUST00610,38,Male,46300.0,Combination,3.0,0.24,150.0,1,36-45
CUST02916,53,Female,56000.0,Sensitive,7.0,0.64,270.0,0,46-55
CUST01814,32,Female,,Normal,8.0,0.63,330.0,0,26-35
CUST01272,48,Female,30100.0,Oily,5.0,0.48,140.0,1,46-55
CUST07483,33,Female,81200.0,Dry,7.0,0.54,240.0,0,26-35
CUST09635,38,Male,,Normal,2.0,0.2,100.0,1,36-45
CUST02995,27,Female,29100.0,Combination,4.0,0.31,150.0,1,26-35
CUST07171,30,Female,86200.0,Normal,6.0,0.33,280.0,0,26-35
CUST06763,29,Male,65100.0,Dry,7.0,0.53,280.0,1,26-35
CUST09399,24,Female,55400.0,Oily,7.0,0.59,270.0,0,18-25
CUST02643,21,Male,52600.0,Combination,3.0,0.22,130.0,1,18-25
CUST07939,39,Male,36500.0,Combination,5.0,0.42,180.0,1,36-45
CUST04509,22,Male,48900.0,Dry,5.0,0.38,180.0,0,18-25
CUST02306,27,Male,47100.0,Dry,4.0,0.33,140.0,0,26-35
CUST06560,30,Male,33100.0,Combination,3.0,0.28,150.0,1,26-35
CUST06316,53,Female,79700.0,Dry,4.0,0.4,190.0,0,46-55
CUST04196,23,Male,26900.0,Normal,3.0,0.34,100.0,0,18-25
CUST05563,37,Female,64200.0,Sensitive,3.0,0.31,100.0,1,36-45
CUST04841,34,Female,45500.0,Oily,5.0,0.45,,1,26-35
CUST04656,31,Female,47100.0,Normal,4.0,0.34,150.0,0,26-35
CUST08206,28,Female,30900.0,Sensitive,8.0,0.68,250.0,1,26-35
CUST04169,31,Male,31000.0,Normal,4.0,0.34,,0,26-35
CUST03850,23,Female,58200.0,Combination,3.0,0.24,100.0,1,18-25
CUST09887,26,Male,38300.0,Dry,5.0,0.34,220.0,0,26-35
CUST08781,31,Female,22700.0,Dry,9.0,0.69,310.0,1,26-35
CUST05254,48,Male,75100.0,Dry,5.0,0.34,160.0,0,46-55
CUST07950,46,Male,44700.0,Combination,1.0,0.06,100.0,1,46-55
CUST05534,34,Male,33200.0,Sensitive,3.0,0.29,130.0,1,26-35
CUST02415,44,Female,36100.0,Dry,8.0,0.62,210.0,0,36-45
CUST03555,42,Female,,Combination,7.0,0.54,240.0,1,36-45
CUST04692,35,Male,22000.0,Normal,11.0,0.93,280.0,1,26-35
CUST04499,35,Female,81300.0,Oily,4.0,0.3,160.0,1,26-35
CUST02196,18,Female,80700.0,Dry,6.0,0.51,270.0,0,18-25
CUST05046,47,Male,31800.0,Dry,3.0,0.2,130.0,0,46-55
CUST02601,26,Female,84600.0,Dry,9.0,0.76,340.0,0,26-35
CUST01519,29,Male,34400.0,Dry,2.0,0.23,100.0,0,26-35
CUST04765,45,Female,45200.0,Normal,4.0,0.35,190.0,0,36-45
CUST04315,32,Female,33300.0,Combination,7.0,0.58,190.0,1,26-35
CUST03367,32,Male,52400.0,,2.0,-0.0,100.0,1,26-35
CUST06120,27,Male,54600.0,Combination,5.0,0.41,210.0,1,26-35
CUST06640,40,Male,53100.0,Sensitive,6.0,0.51,200.0,1,36-45
CUST02634,32,Male,45800.0,Oily,5.0,0.4,120.0,1,26-35
CUST07158,35,Female,44400.0,Oily,2.0,0.12,100.0,1,26-35
CUST05634,42,Female,74000.0,Dry,1.0,0.05,100.0,0,36-45
CUST08795,34,Female,43800.0,Sensitive,5.0,0.41,220.0,1,26-35
CUST08827,34,Female,31700.0,Sensitive,0.0,0.0,,1,26-35
CUST02435,29,Female,20300.0,Combination,5.0,0.43,170.0,1,26-35
CUST08313,42,Female,57600.0,Oily,3.0,0.16,160.0,0,36-45
CUST09377,25,Female,26700.0,Sensitive,0.0,0.01,100.0,1,18-25
CUST07024,40,Female,118200.0,Combination,6.0,0.53,,1,36-45
CUST09899,49,Male,43100.0,Oily,3.0,0.29,100.0,0,46-55
CUST04521,20,Male,21300.0,Normal,3.0,0.24,100.0,0,18-25
CUST05588,41,Female,29600.0,Combination,1.0,0.07,100.0,0,36-45
CUST03546,25,Male,38600.0,Dry,3.0,0.36,100.0,0,18-25
CUST06019,44,Female,19700.0,Combination,5.0,0.45,170.0,1,36-45
CUST06046,31,Female,81400.0,Normal,5.0,0.41,210.0,1,26-35
CUST08843,26,Female,27700.0,Normal,7.0,0.49,210.0,1,26-35
CUST05532,39,Female,21500.0,Combination,3.0,0.3,130.0,1,36-45
CUST05445,45,Male,27800.0,Normal,10.0,0.77,330.0,0,36-45
CUST00518,24,Female,106600.0,Oily,5.0,0.49,250.0,1,18-25
CUST07493,18,Female,23800.0,Dry,6.0,0.53,130.0,1,18-25
CUST08376,42,Male,27900.0,Sensitive,0.0,0.0,100.0,0,36-45
CUST09120,23,Female,39300.0,Oily,5.0,0.44,220.0,0,18-25
CUST08028,42,Male,43000.0,Sensitive,5.0,0.31,170.0,0,36-45
CUST01416,23,Male,18200.0,Sensitive,3.0,0.34,100.0,1,18-25
CUST04665,60,Female,38600.0,Normal,2.0,0.15,100.0,0,56+
CUST04457,25,Male,45000.0,Dry,1.0,0.08,100.0,1,18-25
CUST02762,18,Female,15000.0,Combination,3.0,0.35,130.0,0,18-25
CUST04856,45,Female,44500.0,Dry,4.0,0.25,170.0,0,36-45
CUST00128,19,Female,34100.0,Normal,3.0,0.26,160.0,1,18-25
CUST03475,18,Male,62300.0,Oily,4.0,0.27,200.0,1,18-25
CUST08037,31,Female,27100.0,Dry,5.0,0.45,130.0,0,26-35
CUST04311,36,Female,25000.0,Normal,6.0,0.44,210.0,0,36-45
CUST02439,43,Female,23000.0,Combination,8.0,0.62,,1,36-45
CUST03766,45,Female,23400.0,Oily,3.0,0.27,100.0,0,36-45
CUST08331,19,Male,39200.0,Combination,4.0,0.33,150.0,1,18-25
CUST09866,33,Female,15000.0,Combination,8.0,0.77,190.0,1,26-35
CUST07681,29,Female,33700.0,Dry,0.0,0.0,100.0,1,26-35
CUST07835,45,Male,64600.0,Oily,6.0,0.5,180.0,0,36-45
CUST09810,18,Female,48000.0,Combination,140.0,0.29,180.0,1,18-25
CUST01474,18,Female,29200.0,Oily,4.0,0.28,110.0,0,18-25
CUST04822,25,Male,37200.0,,5.0,0.36,200.0,1,18-25
CUST06976,18,Male,25600.0,Normal,2.0,0.25,100.0,0,18-25
CUST03561,40,Female,54800.0,Combination,6.0,0.55,270.0,0,36-45
CUST03952,58,Female,,Sensitive,5.0,0.48,230.0,0,56+
CUST00050,33,Male,52300.0,Sensitive,6.0,0.48,190.0,1,26-35
CUST05438,31,Female,57300.0,Sensitive,3.0,0.23,130.0,0,26-35
CUST09937,31,Male,99800.0,Sensitive,3.0,0.25,200.0,1,26-35
CUST00888,27,Female,19400.0,Sensitive,7.0,0.55,130.0,1,26-35
CUST02617,32,Male,73500.0,Dry,5.0,0.45,270.0,0,26-35
CUST00517,39,Female,32800.0,Normal,3.0,0.27,100.0,0,36-45
CUST03169,22,Female,39100.0,Oily,,0.94,520.0,1,18-25
CUST02950,45,Female,15000.0,Dry,1.0,0.03,100.0,0,36-45
CUST01425,34,Female,55200.0,Normal,3.0,0.3,180.0,1,26-35
CUST00140,64,Female,48500.0,Combination,4.0,0.32,200.0,0,56+
CUST01925,31,Female,40200.0,Oily,7.0,0.49,270.0,1,26-35
CUST02379,32,Female,49300.0,Combination,3.0,0.27,140.0,0,26-35
CUST03198,30,Female,20300.0,Normal,8.0,0.66,220.0,1,26-35
CUST05132,32,Male,58700.0,Dry,4.0,0.34,130.0,0,26-35
CUST00113,25,Female,123100.0,Combination,4.0,0.31,200.0,1,18-25
CUST04560,18,Male,48100.0,Combination,4.0,0.33,200.0,0,18-25
CUST04596,42,Male,26600.0,Combination,4.0,0.29,180.0,1,36-45
CUST07361,26,Male,38200.0,Sensitive,4.0,0.3,150.0,0,26-35
CUST03251,45,Female,56000.0,,5.0,0.52,150.0,0,36-45
CUST04691,44,Female,51800.0,Oily,5.0,0.43,160.0,1,36-45
CUST07469,34,Female,25200.0,Oily,4.0,0.31,100.0,0,26-35
CUST08763,44,Female,,,4.0,0.35,160.0,0,36-45
CUST04547,18,Female,32300.0,Oily,7.0,0.58,250.0,1,18-25
CUST06876,40,Male,35000.0,Normal,4.0,0.29,170.0,1,36-45
CUST03278,18,Female,42500.0,Combination,5.0,0.37,140.0,0,18-25
CUST07970,50,Female,72700.0,Dry,3.0,0.33,180.0,0,46-55
CUST06651,41,Female,,Dry,4.0,0.32,130.0,1,36-45
CUST04069,31,Male,60400.0,Dry,5.0,0.33,240.0,1,26-35
CUST04409,31,Male,29300.0,Oily,5.0,0.46,110.0,0,26-35
CUST06205,31,Female,40800.0,Oily,6.0,0.49,250.0,1,26-35
CUST08626,40,Male,28100.0,Normal,6.0,0.51,170.0,1,36-45
CUST08638,39,Female,42500.0,Oily,2.0,0.13,120.0,0,36-45
CUST03223,18,Female,55600.0,Normal,4.0,0.37,190.0,1,18-25
CUST08737,41,Female,35700.0,Combination,3.0,0.32,100.0,1,36-45
CUST00452,36,Female,36100.0,Dry,8.0,0.61,160.0,0,36-45
CUST03732,40,Male,49200.0,Oily,4.0,0.37,200.0,1,36-45
CUST08991,40,Female,24100.0,Oily,5.0,0.46,160.0,1,36-45
CUST04987,36,Female,36500.0,Normal,3.0,0.19,120.0,0,36-45
CUST03664,35,Female,61000.0,Dry,4.0,0.38,150.0,1,26-35
CUST02764,42,Female,54700.0,Oily,3.0,0.17,180.0,0,36-45
CUST00659,45,Male,39000.0,Combination,2.0,0.2,100.0,1,36-45
CUST07742,38,Male,46000.0,Combination,4.0,0.32,170.0,1,36-45
CUST07740,38,Male,23500.0,Sensitive,0.0,0.0,100.0,1,36-45
CUST04621,20,Male,76800.0,Sensitive,4.0,0.4,160.0,1,18-25
CUST01000,41,Male,30100.0,Combination,4.0,0.34,150.0,1,36-45
CUST00390,18,Female,50700.0,Normal,5.0,0.4,260.0,1,18-25
CUST03408,50,Male,55100.0,Oily,4.0,0.35,180.0,1,46-55
CUST01477,55,Male,21200.0,Combination,1.0,0.01,,0,46-55
CUST02241,46,Male,34900.0,Sensitive,4.0,0.31,120.0,0,46-55
CUST02387,18,Male,31700.0,Oily,4.0,0.23,100.0,1,18-25
CUST09177,31,Male,42700.0,Normal,2.0,0.18,100.0,1,26-35
CUST00993,52,Female,37800.0,Normal,3.0,0.25,130.0,0,46-55
CUST04998,41,Male,,Sensitive,2.0,0.17,140.0,0,36-45
CUST03923,20,Male,28900.0,Oily,6.0,0.45,190.0,1,18-25
CUST02973,32,Female,62500.0,Oily,3.0,0.31,150.0,1,26-35
CUST03387,32,Male,37000.0,Oily,5.0,0.38,180.0,1,26-35
CUST07951,18,Male,40200.0,Combination,5.0,0.43,160.0,1,18-25
CUST07022,45,Female,39200.0,Oily,3.0,0.22,100.0,0,36-45
CUST04770,50,Male,43900.0,Normal,7.0,0.56,180.0,0,46-55
CUST01294,18,Male,40000.0,Oily,4.0,0.35,160.0,1,18-25
CUST01825,22,Female,29400.0,Dry,2.0,0.17,100.0,0,18-25
CUST02874,18,Female,,Combination,5.0,0.46,260.0,1,18-25
CUST04174,24,Male,61300.0,Normal,6.0,0.47,190.0,0,18-25
CUST02536,44,Female,64600.0,Dry,8.0,0.74,320.0,1,36-45
CUST09170,42,Female,29200.0,Oily,,0.39,,1,36-45
CUST01908,34,Male,43200.0,Oily,5.0,0.46,120.0,0,26-35
CUST00043,25,Male,26700.0,Normal,2.0,0.04,100.0,1,18-25
CUST09531,35,Female,33400.0,Combination,3.0,0.24,140.0,0,26-35
CUST00369,34,Male,15000.0,Sensitive,4.0,0.37,100.0,0,26-35
CUST01152,43,Female,40800.0,Normal,3.0,0.26,130.0,0,36-45
CUST07818,21,Female,52800.0,Dry,4.0,0.33,120.0,0,18-25
CUST06415,18,Male,55200.0,Dry,2.0,0.17,110.0,1,18-25
CUST05964,31,Female,33500.0,Combination,4.0,0.35,160.0,1,26-35
CUST06844,31,Male,29600.0,Combination,6.0,0.53,230.0,1,26-35
CUST07589,19,Female,15700.0,Sensitive,4.0,0.36,150.0,1,18-25
CUST04161,18,Male,25700.0,Dry,4.0,0.28,120.0,1,18-25
CUST04288,25,Female,37300.0,Sensitive,,0.11,100.0,1,18-25
CUST07841,32,Female,25300.0,Normal,5.0,0.48,180.0,1,26-35
CUST06773,32,Male,,Combination,2.0,0.19,100.0,0,26-35
CUST00175,18,Male,45800.0,Normal,4.0,0.39,100.0,0,18-25
CUST01904,31,Male,32200.0,Sensitive,2.0,0.09,100.0,1,26-35
CUST01100,46,Female,33600.0,Dry,3.0,0.27,100.0,0,46-55
CUST08182,18,Female,84700.0,Normal,5.0,0.48,240.0,0,18-25
CUST03409,37,Female,31500.0,Sensitive,2.0,0.07,100.0,0,36-45
CUST01539,22,Female,98800.0,Sensitive,6.0,0.49,270.0,0,18-25
CUST02293,45,Male,44200.0,Combination,1.0,0.14,100.0,1,36-45
CUST09428,32,Male,22100.0,Dry,4.0,0.29,100.0,0,26-35
CUST01364,41,Female,21600.0,Normal,4.0,0.32,100.0,0,36-45
CUST09179,28,Female,51800.0,Dry,0.0,0.0,100.0,0,26-35
CUST06686,18,Female,38700.0,Dry,4.0,0.29,130.0,0,18-25
CUST05261,38,,35600.0,Oily,2.0,0.13,100.0,0,36-45
CUST06875,19,Female,33700.0,Normal,4.0,0.3,110.0,1,18-25
CUST08349,23,Female,26900.0,Oily,3.0,0.32,100.0,0,18-25
CUST00681,41,Male,45800.0,Dry,6.0,0.59,200.0,1,36-45
CUST09353,28,Female,39000.0,Sensitive,6.0,0.45,250.0,0,26-35
CUST07712,43,Male,50600.0,Combination,2.0,0.17,130.0,0,36-45
CUST03665,30,Female,21800.0,Combination,4.0,0.35,100.0,1,26-35
CUST01662,20,Female,44000.0,Sensitive,4.0,0.42,110.0,1,18-25
CUST00509,26,Female,53000.0,,3.0,0.18,,0,26-35
CUST00167,42,Male,58800.0,Oily,2.0,0.17,140.0,0,36-45
CUST05498,38,Female,46000.0,Dry,4.0,0.39,180.0,1,36-45
CUST08335,46,male,43200.0,Normal,4.0,0.28,110.0,1,46-55
CUST01007,39,Male,28400.0,Combination,3.0,0.21,100.0,1,36-45
CUST08388,49,Male,36300.0,Combination,4.0,0.39,140.0,1,46-55
CUST01915,45,Female,33600.0,Combination,8.0,0.74,330.0,1,36-45
CUST03495,48,Female,64900.0,Normal,7.0,0.63,340.0,0,46-55
CUST09673,32,Male,57300.0,Sensitive,3.0,0.35,180.0,0,26-35
CUST09896,54,Female,25100.0,Combination,5.0,0.38,210.0,1,46-55
CUST06502,48,Male,34900.0,Sensitive,1.0,0.07,100.0,1,46-55
CUST04991,18,Female,54100.0,Combination,3.0,0.22,150.0,0,18-25
CUST02537,22,Female,15000.0,Dry,7.0,0.61,280.0,0,18-25
CUST01105,20,Female,25500.0,Dry,1.0,0.11,100.0,0,18-25
CUST03876,36,MALE,35800.0,Sensitive,,0.53,280.0,1,36-45
CUST07587,40,Male,90200.0,Oily,2.0,0.23,,0,36-45
CUST01753,25,Female,65800.0,Dry,11.0,0.92,320.0,0,18-25
CUST05311,21,Male,36200.0,Dry,4.0,0.24,170.0,0,18-25
CUST05953,18,Male,77900.0,Normal,4.0,0.37,220.0,0,18-25
CUST07033,33,Female,28800.0,Combination,9.0,0.69,260.0,0,26-35
CUST02917,49,Male,28900.0,Dry,3.0,0.28,110.0,0,46-55
CUST08386,36,Male,32600.0,Sensitive,7.0,0.63,240.0,1,36-45
CUST05755,22,Female,24400.0,,3.0,0.26,100.0,0,18-25
CUST00153,18,Male,39000.0,Dry,2.0,0.14,100.0,1,18-25
CUST07754,32,Female,45000.0,Oily,5.0,0.4,220.0,0,26-35
CUST05680,41,Male,25700.0,Dry,3.0,0.29,130.0,1,36-45
CUST03908,20,Female,,Combination,3.0,0.27,130.0,1,18-25
CUST09173,34,Male,16100.0,Normal,5.0,0.36,140.0,1,26-35
CUST02553,27,Male,28000.0,Oily,3.0,0.17,140.0,1,26-35
CUST02774,30,Female,36200.0,Normal,4.0,0.34,140.0,0,26-35
CUST06153,19,Female,27300.0,Normal,5.0,0.4,230.0,1,18-25
CUST03552,19,Male,46500.0,Combination,5.0,0.38,180.0,0,18-25
CUST03723,42,Female,42400.0,Combination,5.0,0.43,180.0,1,36-45
CUST06699,28,Female,24400.0,,5.0,0.52,190.0,0,26-35
CUST00521,21,Male,26500.0,Dry,6.0,0.45,220.0,0,18-25
CUST08101,46,Female,20200.0,Normal,4.0,0.29,140.0,0,46-55
CUST04539,20,Female,41600.0,Dry,3.0,0.31,110.0,0,18-25
CUST06837,36,Male,25100.0,Sensitive,5.0,0.41,110.0,1,36-45
CUST01823,45,,79700.0,Combination,5.0,0.42,260.0,1,36-45
CUST04087,23,Female,35300.0,Oily,4.0,0.38,140.0,1,18-25
CUST06203,34,Female,40800.0,Normal,2.0,0.16,100.0,1,26-35
CUST08780,34,Male,65100.0,Normal,3.0,0.17,130.0,1,26-35
CUST09857,18,Male,79900.0,Normal,3.0,0.17,150.0,0,18-25
CUST09637,23,Female,41600.0,Combination,7.0,0.57,230.0,0,18-25
CUST00310,51,Male,42000.0,Normal,7.0,0.62,,1,46-55
CUST07785,20,Male,67100.0,Oily,9.0,0.77,280.0,0,18-25
CUST08088,39,Male,49500.0,Sensitive,8.0,0.68,350.0,0,36-45
CUST07377,20,Female,35100.0,Combination,3.0,0.33,120.0,1,18-25
CUST03600,47,Male,24800.0,Combination,5.0,0.38,130.0,1,46-55
CUST03623,22,Male,41200.0,Combination,10.0,0.79,290.0,1,18-25
CUST03812,29,Female,36900.0,Normal,4.0,0.27,170.0,1,26-35
CUST06006,38,Male,33400.0,Oily,3.0,0.24,100.0,0,36-45
CUST03451,18,Female,,Dry,7.0,0.59,220.0,0,18-25
CUST04592,49,Male,64200.0,Combination,8.0,0.7,340.0,0,46-55
CUST00206,31,Female,36700.0,Combination,4.0,0.37,100.0,1,26-35
CUST09880,49,Female,27900.0,Combination,4.0,0.33,130.0,0,46-55
CUST01136,46,Male,31300.0,Dry,6.0,0.63,260.0,1,46-55
CUST09422,28,Male,59300.0,Sensitive,6.0,0.47,190.0,1,26-35
CUST02750,40,Male,76700.0,Oily,3.0,0.26,210.0,1,36-45
CUST03614,27,Female,50100.0,Sensitive,7.0,0.64,220.0,1,26-35
CUST00306,20,Male,72700.0,Dry,3.0,0.29,180.0,1,18-25
CUST01850,39,Male,56300.0,Combination,2.0,0.2,120.0,0,36-45
CUST06503,63,Male,47300.0,Normal,6.0,0.55,280.0,0,56+
CUST01989,23,Male,51200.0,Sensitive,4.0,0.26,120.0,0,18-25
CUST03241,44,Female,30300.0,Combination,3.0,0.27,140.0,0,36-45
CUST02799,38,Female,24700.0,Sensitive,5.0,0.52,140.0,1,36-45
CUST04516,43,Male,60200.0,Dry,3.0,0.26,120.0,0,36-45
CUST05631,18,Male,23700.0,Normal,4.0,0.31,140.0,0,18-25
CUST09841,29,Female,74600.0,Combination,4.0,0.32,210.0,1,26-35
CUST03110,23,Female,123700.0,Normal,6.0,0.5,280.0,0,18-25
CUST04940,22,Male,52700.0,Normal,,0.34,170.0,0,18-25
CUST04060,31,Male,49600.0,Combination,5.0,0.45,220.0,0,26-35
CUST01988,24,Female,45000.0,Normal,3.0,0.25,110.0,1,18-25
CUST08978,34,Female,100500.0,,5.0,0.43,200.0,0,26-35
CUST08912,18,Male,24500.0,Sensitive,4.0,0.26,130.0,0,18-25
CUST06671,30,Female,32400.0,Normal,3.0,0.27,120.0,1,26-35
CUST00384,18,Male,70400.0,Combination,,0.32,140.0,1,18-25
CUST05635,32,Female,42000.0,Dry,3.0,0.29,130.0,1,26-35
CUST04308,55,Male,41100.0,Oily,5.0,0.38,200.0,0,46-55
CUST03389,18,Male,66500.0,Dry,6.0,0.4,280.0,1,18-25
CUST03157,61,Male,22900.0,Dry,4.0,0.27,110.0,0,56+
CUST03338,37,Female,88400.0,Sensitive,4.0,0.28,160.0,0,36-45
CUST02728,30,Male,33100.0,Dry,5.0,0.36,210.0,1,26-35
CUST06389,26,Male,62600.0,Normal,3.0,0.33,100.0,0,26-35
CUST06334,18,Female,23000.0,Oily,3.0,0.25,100.0,1,18-25
CUST08722,57,Male,68200.0,Sensitive,4.0,0.35,180.0,0,56+
CUST08338,31,,103900.0,Dry,3.0,0.26,170.0,0,26-35
CUST06504,40,Male,26000.0,Normal,6.0,0.52,210.0,0,36-45
CUST03833,30,M,32900.0,Oily,1.0,0.09,100.0,0,26-35
CUST08743,18,Female,29600.0,Normal,4.0,0.3,170.0,0,18-25
CUST04777,23,Female,50900.0,Sensitive,8.0,0.7,,0,18-25
CUST04277,40,Male,24100.0,Combination,4.0,0.33,100.0,1,36-45
CUST00254,21,Female,35900.0,Combination,1.0,0.03,100.0,1,18-25
CUST06227,32,Female,24900.0,Sensitive,5.0,0.35,180.0,1,26-35
CUST09630,53,Male,69200.0,Dry,1.0,0.09,100.0,0,46-55
CUST09310,18,Female,37200.0,Dry,4.0,0.4,180.0,0,18-25
CUST00279,45,Female,36400.0,Normal,0.0,0.0,100.0,1,36-45
CUST03253,18,Female,85400.0,Oily,4.0,0.28,230.0,0,18-25
CUST02481,52,Female,27400.0,Normal,2.0,0.2,100.0,0,46-55
CUST00290,31,,36300.0,Dry,2.0,0.14,100.0,1,26-35
CUST08034,34,Female,48500.0,Oily,2.0,0.2,110.0,1,26-35
CUST03076,23,Female,45200.0,Combination,2.0,0.11,100.0,0,18-25
CUST08761,48,Female,19500.0,Combination,4.0,0.25,150.0,0,46-55
CUST07662,42,Male,20900.0,Combination,5.0,0.42,150.0,1,36-45
CUST06460,42,Female,39600.0,Sensitive,4.0,0.33,180.0,0,36-45
CUST05090,54,Female,21400.0,Oily,5.0,0.46,200.0,1,46-55
CUST07476,39,Male,30400.0,Dry,2.0,0.1,110.0,0,36-45
CUST09757,23,Female,43900.0,Combination,6.0,0.5,280.0,1,18-25
CUST08438,20,Male,34300.0,Oily,1.0,0.06,100.0,0,18-25
CUST08995,32,Male,15000.0,Combination,3.0,0.22,130.0,1,26-35
CUST06176,35,Female,34900.0,Sensitive,3.0,0.29,140.0,1,26-35
CUST07820,47,Female,44100.0,Dry,,0.11,100.0,0,46-55
CUST00271,24,Male,42800.0,,3.0,0.29,100.0,0,18-25
CUST06010,37,Female,,Sensitive,3.0,0.13,130.0,1,36-45
CUST04571,31,Male,46500.0,Oily,1.0,0.06,100.0,1,26-35
CUST07929,18,Male,,Combination,2.0,0.21,100.0,1,18-25
CUST08072,40,Male,137100.0,Normal,,0.3,260.0,1,36-45
CUST02972,31,Female,41900.0,Dry,1.0,0.06,100.0,1,26-35
CUST06249,52,Female,41500.0,Combination,1.0,0.09,100.0,0,46-55
CUST08806,50,Male,66000.0,Dry,3.0,0.3,100.0,1,46-55
CUST04208,42,Male,46100.0,Dry,3.0,0.14,150.0,0,36-45
CUST03219,57,Female,88700.0,Dry,2.0,0.17,170.0,0,56+
CUST01392,48,Female,23400.0,Combination,6.0,0.51,220.0,0,46-55
CUST03976,35,Female,44800.0,Oily,3.0,0.21,150.0,0,26-35
CUST04317,39,Female,49500.0,Normal,9.0,0.78,200.0,1,36-45
CUST06756,37,Male,41400.0,Normal,5.0,0.48,200.0,1,36-45
CUST08183,37,Female,46800.0,Combination,5.0,0.36,220.0,1,36-45
CUST07511,43,Female,28100.0,Oily,9.0,0.83,310.0,1,36-45
CUST00084,28,Female,48700.0,Oily,7.0,0.69,220.0,1,26-35
CUST00874,33,Female,28600.0,Oily,4.0,0.34,160.0,1,26-35
CUST09645,41,Female,33700.0,Normal,3.0,0.14,100.0,0,36-45
CUST07699,27,Female,25000.0,Combination,1.0,0.05,100.0,0,26-35
CUST04558,37,Male,80600.0,Normal,6.0,0.49,290.0,0,36-45
CUST04501,18,Male,82800.0,Dry,4.0,0.35,180.0,0,18-25
CUST04648,24,Male,60400.0,Normal,3.0,0.23,110.0,1,18-25
CUST02039,21,Female,90400.0,Combination,4.0,0.38,230.0,1,18-25
CUST09734,32,Female,33500.0,Combination,6.0,0.53,180.0,1,26-35
CUST06970,44,Female,38900.0,Combination,2.0,0.16,100.0,0,36-45
CUST02451,26,Female,23400.0,,3.0,0.22,,0,26-35
CUST03955,32,Male,60100.0,Normal,4.0,0.37,150.0,1,26-35
CUST02330,43,Male,25800.0,Combination,4.0,0.32,130.0,1,36-45
CUST09162,44,Male,23200.0,Combination,5.0,0.41,150.0,1,36-45
CUST07106,30,Female,15000.0,Oily,3.0,0.25,130.0,1,26-35
CUST05043,36,Female,43500.0,Dry,4.0,0.27,190.0,1,36-45
CUST09402,42,Male,15000.0,Oily,3.0,0.27,130.0,0,36-45
CUST04747,40,Female,50400.0,Oily,6.0,0.41,250.0,1,36-45
CUST09405,18,Female,43200.0,Combination,3.0,0.22,100.0,0,18-25
CUST09470,18,Female,25600.0,Sensitive,1.0,0.15,100.0,1,18-25
CUST08026,39,Male,28900.0,Sensitive,4.0,0.39,170.0,0,36-45
CUST06696,20,Female,39500.0,Normal,3.0,0.28,130.0,0,18-25
CUST06411,51,Male,32400.0,Sensitive,6.0,0.56,220.0,0,46-55
CUST02402,43,Male,44700.0,Normal,3.0,0.26,130.0,1,36-45
CUST05521,39,Female,26600.0,Sensitive,6.0,0.49,230.0,1,36-45
CUST01217,18,Male,52100.0,Normal,3.0,0.26,150.0,0,18-25
CUST08733,35,Male,20200.0,Oily,3.0,0.3,120.0,1,26-35
CUST06021,31,Female,42300.0,Combination,1.0,0.08,100.0,0,26-35
CUST06926,21,Male,55400.0,Combination,8.0,0.72,310.0,0,18-25
CUST01065,25,Male,29800.0,Dry,2.0,0.13,100.0,1,18-25
CUST03787,28,Male,40700.0,Dry,3.0,0.23,100.0,0,26-35
CUST04411,48,Female,27900.0,Oily,6.0,0.51,240.0,1,46-55
CUST06920,18,Female,69300.0,Sensitive,1.0,0.0,100.0,1,18-25
CUST06819,33,Male,52200.0,Oily,2.0,0.12,100.0,1,26-35
CUST05524,41,Female,40600.0,Oily,6.0,0.42,210.0,0,36-45
CUST05997,34,Female,34700.0,Sensitive,1.0,0.05,100.0,0,26-35
CUST08871,48,Female,36000.0,Normal,4.0,0.33,150.0,0,46-55
CUST05889,42,Female,59700.0,Combination,7.0,0.53,260.0,0,36-45
CUST02162,22,Female,47400.0,Combination,3.0,0.27,100.0,1,18-25
CUST03009,29,Male,62000.0,Oily,3.0,0.35,150.0,1,26-35
CUST01106,40,Female,15000.0,Combination,4.0,0.35,140.0,1,36-45
CUST06713,34,Male,61600.0,Oily,4.0,0.31,160.0,1,26-35
CUST00693,42,Female,39800.0,Sensitive,6.0,0.53,130.0,0,36-45
CUST09459,28,Male,32600.0,Normal,3.0,0.24,150.0,0,26-35
CUST04957,33,Female,48700.0,Oily,3.0,0.24,160.0,1,26-35
CUST06655,37,Female,62700.0,Sensitive,5.0,0.45,180.0,1,36-45
CUST08517,18,Female,32800.0,Oily,3.0,0.28,100.0,0,18-25
CUST04370,40,Male,51900.0,Combination,7.0,0.62,230.0,1,36-45
CUST02766,24,Female,29200.0,Sensitive,8.0,0.65,310.0,0,18-25
CUST03930,24,Male,42000.0,Combination,4.0,0.35,100.0,1,18-25
CUST07196,46,Female,62800.0,Combination,11.0,0.9,220.0,1,46-55
CUST08773,30,Male,36100.0,Dry,5.0,0.38,190.0,0,26-35
CUST07594,27,Female,28900.0,Sensitive,3.0,0.19,140.0,0,26-35
CUST06454,36,Female,64400.0,Normal,6.0,0.47,220.0,0,36-45
CUST00629,21,Female,49000.0,Oily,5.0,0.38,140.0,1,18-25
CUST02452,28,Female,42300.0,Oily,4.0,0.31,140.0,1,26-35
CUST08409,43,Male,39700.0,Sensitive,5.0,0.43,210.0,1,36-45
CUST08609,28,Female,15000.0,Dry,2.0,0.16,100.0,0,26-35
CUST03825,28,Female,31600.0,Dry,3.0,0.22,100.0,0,26-35
CUST09015,48,Male,38800.0,Oily,4.0,0.36,100.0,0,46-55
CUST02653,46,Female,56300.0,Sensitive,2.0,0.15,110.0,0,46-55
CUST09145,44,Male,23000.0,Combination,6.0,0.51,120.0,1,36-45
CUST03744,39,Male,67600.0,Dry,7.0,0.59,220.0,0,36-45
CUST02177,37,Male,40000.0,,4.0,0.35,180.0,1,36-45
CUST09946,31,Male,18400.0,Normal,2.0,0.16,100.0,1,26-35
CUST09301,31,Male,29400.0,Oily,2.0,0.15,100.0,0,26-35
CUST03319,44,Female,31000.0,Oily,3.0,0.33,130.0,0,36-45
CUST06400,40,Female,40100.0,Normal,6.0,0.52,140.0,0,36-45
CUST02788,31,Female,66900.0,Normal,2.0,0.17,120.0,0,26-35
CUST04106,41,Female,51900.0,Sensitive,5.0,0.42,140.0,1,36-45
CUST07376,24,Female,49700.0,Dry,5.0,0.43,220.0,1,18-25
CUST01677,43,Male,29000.0,Oily,2.0,0.18,100.0,0,36-45
CUST03948,18,Male,80300.0,Combination,7.0,0.49,230.0,1,18-25
CUST04445,33,Female,15000.0,Combination,6.0,0.46,180.0,1,26-35
CUST02937,18,Male,34700.0,Normal,6.0,0.5,190.0,1,18-25
CUST06719,18,Male,49400.0,Oily,6.0,0.55,260.0,0,18-25
CUST07832,55,Male,32900.0,Oily,6.0,0.5,230.0,0,46-55
CUST05723,32,Male,35100.0,Dry,9.0,0.71,370.0,1,26-35
CUST07504,31,Male,32200.0,Dry,7.0,0.55,230.0,0,26-35
CUST02504,37,Male,83400.0,Combination,2.0,0.11,130.0,0,36-45
CUST08519,33,Male,24600.0,Sensitive,6.0,0.56,250.0,1,26-35
CUST02370,41,Female,50500.0,Oily,3.0,0.27,140.0,0,36-45
CUST04968,20,Female,49900.0,Normal,3.0,0.33,160.0,0,18-25
CUST05884,31,Male,30000.0,Oily,3.0,0.2,130.0,0,26-35
CUST02218,31,Male,20600.0,Sensitive,5.0,0.43,130.0,1,26-35
CUST05848,48,Male,68600.0,Sensitive,7.0,0.54,280.0,0,46-55
CUST02219,25,Male,52200.0,,1.0,0.08,100.0,1,18-25
CUST03327,38,Female,42300.0,Normal,2.0,0.16,100.0,1,36-45
CUST06792,28,Female,79500.0,Dry,6.0,0.49,220.0,0,26-35
CUST03584,31,Male,49000.0,Combination,2.0,0.14,100.0,0,26-35
CUST09864,38,Female,45200.0,Combination,4.0,0.26,130.0,1,36-45
CUST03620,29,Female,47800.0,Sensitive,1.0,0.11,100.0,1,26-35
CUST07771,46,Male,55800.0,Oily,6.0,0.52,260.0,0,46-55
CUST08090,28,Female,40300.0,Combination,7.0,0.55,290.0,0,26-35
CUST03116,40,Male,39100.0,Normal,1.0,0.09,100.0,1,36-45
CUST00086,37,Female,19300.0,Oily,4.0,0.33,140.0,0,36-45
CUST05974,31,Female,35400.0,Normal,1.0,0.12,100.0,0,26-35
CUST02802,43,Male,48100.0,Combination,4.0,0.33,110.0,0,36-45
CUST03672,38,Male,23500.0,Normal,3.0,0.28,120.0,1,36-45
CUST03668,20,Male,39600.0,Dry,7.0,0.6,320.0,0,18-25
CUST09834,30,Male,30800.0,Combination,1.0,0.12,100.0,0,26-35
CUST05159,25,Male,32000.0,Normal,3.0,0.19,120.0,0,18-25
CUST05726,34,Female,16400.0,Sensitive,2.0,0.19,100.0,0,26-35
CUST04591,41,Female,50400.0,Oily,4.0,0.29,120.0,1,36-45
CUST02020,37,Female,87800.0,Combination,3.0,0.2,150.0,1,36-45
CUST07897,18,Female,,Oily,4.0,0.22,200.0,1,18-25
CUST02526,40,Female,29700.0,Combination,4.0,0.34,160.0,0,36-45
CUST09814,33,Female,63100.0,Sensitive,7.0,0.68,240.0,0,26-35
CUST08302,25,Female,53000.0,Combination,3.0,0.26,130.0,1,18-25
CUST03213,40,Male,26900.0,Sensitive,3.0,0.31,100.0,1,36-45
CUST00520,50,Female,63900.0,Dry,0.0,0.06,100.0,0,46-55
CUST05367,26,Female,43000.0,Normal,6.0,0.39,200.0,1,26-35
CUST06821,31,Female,125700.0,Combination,3.0,0.23,260.0,0,26-35
CUST02896,19,Female,70200.0,Combination,4.0,0.45,170.0,1,18-25
CUST00245,55,Female,88800.0,Oily,2.0,0.11,170.0,1,46-55
CUST05931,38,Female,94500.0,Normal,5.0,0.44,170.0,0,36-45
CUST04715,26,Male,27400.0,Normal,3.0,0.3,130.0,1,26-35
CUST09245,32,Female,78100.0,Normal,3.0,0.26,130.0,0,26-35
CUST03426,36,Female,55900.0,Combination,2.0,0.13,130.0,1,36-45
CUST06992,36,Female,29400.0,Combination,4.0,0.26,140.0,0,36-45
CUST06779,18,Male,62400.0,Oily,5.0,0.42,240.0,1,18-25
CUST06692,37,Male,27600.0,Oily,6.0,0.55,220.0,1,36-45
CUST08125,47,Female,22600.0,Normal,3.0,0.24,100.0,1,46-55
CUST08470,38,Female,42100.0,Oily,1.0,0.0,100.0,1,36-45
CUST05510,37,Male,55200.0,Normal,3.0,0.27,150.0,0,36-45
CUST02002,25,Male,,Normal,4.0,0.2,190.0,0,18-25
CUST00886,35,Male,51000.0,Oily,5.0,0.37,200.0,0,26-35
CUST00870,31,Male,30000.0,Sensitive,3.0,0.33,140.0,1,26-35
CUST09728,46,Female,72400.0,Oily,1.0,0.04,110.0,0,46-55
CUST05721,34,Female,38500.0,Normal,5.0,0.51,200.0,0,26-35
CUST00357,35,Female,31100.0,Combination,5.0,0.39,150.0,1,26-35
CUST09947,18,Female,42000.0,Normal,4.0,0.26,190.0,0,18-25
CUST05452,22,Female,37800.0,Oily,4.0,0.38,110.0,0,18-25
CUST08708,38,Female,22700.0,Oily,4.0,0.31,130.0,1,36-45
CUST07853,55,Female,32000.0,Sensitive,5.0,0.47,210.0,0,46-55
CUST07768,18,Male,37400.0,Combination,5.0,0.44,170.0,1,18-25
CUST01276,32,Female,-10000.0,Combination,3.0,0.29,140.0,1,26-35
CUST01891,43,Male,43300.0,Oily,3.0,0.22,150.0,1,36-45
CUST08724,28,Female,100000.0,Dry,3.0,0.3,170.0,0,26-35
CUST06626,31,Male,20600.0,Oily,0.0,0.04,100.0,0,26-35
CUST09221,27,Female,28500.0,Dry,3.0,0.26,150.0,1,26-35
CUST03564,30,Female,110300.0,Dry,3.0,0.28,230.0,0,26-35
CUST05788,22,Male,22300.0,Combination,4.0,0.34,100.0,1,18-25
CUST04959,39,Female,57000.0,Dry,6.0,0.4,270.0,0,36-45
CUST01547,18,Female,41900.0,Combination,6.0,0.49,270.0,0,18-25
CUST06194,30,Female,35900.0,,4.0,0.34,140.0,1,26-35
CUST02381,29,Female,37300.0,Dry,2.0,0.12,100.0,0,26-35
CUST03824,30,Female,46100.0,Oily,5.0,0.36,130.0,1,26-35
CUST03233,20,Female,42700.0,Normal,1.0,0.06,100.0,0,18-25
CUST09215,18,Male,58800.0,Oily,4.0,0.37,120.0,1,18-25
CUST03307,37,Female,71300.0,Combination,4.0,0.33,140.0,1,36-45
CUST00493,29,Male,33500.0,Sensitive,3.0,0.21,140.0,0,26-35
CUST03500,39,Male,41100.0,Sensitive,4.0,0.22,170.0,0,36-45
CUST08979,18,Male,72200.0,Sensitive,1.0,0.0,100.0,0,18-25
CUST01117,44,Female,47600.0,Oily,4.0,0.3,110.0,1,36-45
CUST05638,45,Male,40700.0,Oily,4.0,0.26,150.0,0,36-45
CUST08812,53,Male,,Dry,2.0,0.16,110.0,0,46-55
CUST06147,26,Male,118800.0,Normal,5.0,0.32,200.0,0,26-35
CUST09907,31,Female,52000.0,Oily,4.0,0.35,180.0,1,26-35
CUST08813,37,Female,46100.0,Dry,1.0,0.07,100.0,1,36-45
CUST06766,25,Female,66500.0,Combination,2.0,0.14,130.0,1,18-25
CUST08262,35,Male,52900.0,Dry,3.0,0.24,180.0,1,26-35
CUST08560,27,Male,17600.0,Oily,4.0,0.32,110.0,0,26-35
CUST03646,18,Female,50200.0,Normal,2.0,0.29,100.0,0,18-25
CUST02501,38,Male,26600.0,Combination,4.0,0.32,190.0,0,36-45
CUST05678,36,Male,50300.0,Combination,4.0,0.32,140.0,0,36-45
CUST05242,24,,41500.0,Combination,4.0,0.32,150.0,1,18-25
CUST06576,31,Female,28700.0,Normal,6.0,0.36,250.0,1,26-35
CUST02784,44,Female,50000.0,Oily,6.0,0.56,180.0,1,36-45
CUST06159,21,Female,15000.0,Dry,6.0,0.54,140.0,1,18-25
CUST03810,36,Male,69000.0,Combination,10.0,0.79,330.0,0,36-45
CUST09291,24,Male,32000.0,Dry,9.0,0.72,230.0,0,18-25
CUST08684,32,Male,37800.0,Oily,8.0,0.62,220.0,0,26-35
CUST08750,18,Female,65000.0,Combination,1.0,0.11,100.0,1,18-25
CUST01697,27,Male,31900.0,Combination,6.0,0.55,250.0,1,26-35
CUST05686,18,Male,30500.0,Normal,3.0,0.3,100.0,1,18-25
CUST07237,50,Male,37000.0,Combination,6.0,0.49,230.0,0,46-55
CUST05940,39,Female,31900.0,Sensitive,2.0,0.21,100.0,0,36-45
CUST02053,45,Female,58800.0,Combination,5.0,0.47,210.0,1,36-45
CUST01777,18,Male,52000.0,Normal,5.0,0.33,220.0,1,18-25
CUST09618,35,Male,62500.0,Sensitive,3.0,0.24,120.0,0,26-35
CUST03314,34,Female,39300.0,Normal,5.0,0.47,170.0,1,26-35
CUST04782,46,Male,23700.0,Combination,2.0,0.13,100.0,0,46-55
CUST08501,32,Male,24000.0,Sensitive,,0.53,230.0,0,26-35
CUST06840,31,Female,40600.0,Normal,1.0,0.1,100.0,0,26-35
CUST01593,30,Female,76200.0,Oily,2.0,0.15,110.0,1,26-35
CUST01724,53,Female,28700.0,Dry,1.0,0.09,100.0,0,46-55
CUST00216,43,Female,,Oily,4.0,0.35,110.0,0,36-45
CUST07802,43,Female,43100.0,Normal,4.0,0.29,110.0,0,36-45
CUST08292,49,Female,32300.0,Sensitive,3.0,0.24,100.0,0,46-55
CUST00491,44,male,,Combination,6.0,0.53,200.0,0,36-45
CUST09171,20,Female,20300.0,Dry,3.0,0.24,100.0,0,18-25
CUST03484,46,Female,38500.0,Combination,3.0,0.3,140.0,0,46-55
CUST05103,43,Male,86400.0,Combination,6.0,0.56,,0,36-45
CUST05188,32,Female,65300.0,Combination,6.0,0.45,250.0,1,26-35
CUST03432,47,Female,22400.0,Oily,7.0,0.59,280.0,0,46-55
CUST06351,36,Male,38800.0,Combination,3.0,0.22,100.0,1,36-45
CUST07774,44,Female,51200.0,Normal,3.0,0.29,100.0,0,36-45
CUST05514,25,Male,24400.0,Combination,4.0,0.38,130.0,1,18-25
CUST00026,28,Male,58400.0,Sensitive,5.0,0.41,,1,26-35
CUST03513,25,Male,21400.0,Normal,4.0,0.22,100.0,1,18-25
CUST02410,26,Female,29400.0,Sensitive,3.0,0.23,100.0,0,26-35
CUST03271,44,Female,29600.0,Combination,4.0,0.37,100.0,1,36-45
CUST05210,18,Female,44900.0,Sensitive,3.0,0.24,130.0,0,18-25
CUST08749,32,Female,61500.0,,7.0,0.53,260.0,1,26-35
CUST01553,26,Male,34300.0,Oily,3.0,0.29,110.0,1,26-35
CUST09235,37,Male,25600.0,Combination,2.0,0.16,100.0,1,36-45
CUST08659,39,Male,76100.0,Oily,4.0,0.32,240.0,0,36-45
CUST03872,21,Female,103700.0,Oily,6.0,0.56,250.0,1,18-25
CUST03403,24,Female,46000.0,Normal,4.0,0.31,130.0,0,18-25
CUST04530,48,Female,35000.0,Combination,8.0,0.7,170.0,1,46-55
CUST00980,37,Female,43700.0,Oily,5.0,0.38,210.0,0,36-45
CUST02656,26,Female,52400.0,Sensitive,0.0,0.0,100.0,0,26-35
CUST01848,20,Male,51500.0,Oily,4.0,0.29,140.0,0,18-25
CUST08032,35,Male,34300.0,Sensitive,8.0,0.6,290.0,1,26-35
CUST08276,29,Male,28500.0,Oily,10.0,0.8,220.0,1,26-35
CUST08783,34,Male,28600.0,Dry,12.0,1.03,300.0,1,26-35
CUST07362,28,Female,94200.0,Oily,3.0,0.29,200.0,0,26-35
CUST05722,41,Male,34300.0,,2.0,0.16,100.0,1,36-45
CUST00516,36,Female,40100.0,Dry,,0.57,300.0,0,36-45
CUST07268,39,Male,105600.0,Sensitive,3.0,0.22,230.0,1,36-45
CUST08333,57,Male,37100.0,Combination,9.0,0.82,300.0,0,56+
CUST01103,39,Female,36300.0,Combination,6.0,0.46,240.0,0,36-45
CUST03277,43,Female,39400.0,Dry,5.0,0.37,190.0,0,36-45
CUST07279,24,Male,57000.0,Combination,5.0,0.3,220.0,1,18-25
CUST07953,32,Female,26700.0,Dry,4.0,0.34,100.0,1,26-35
CUST09115,42,Male,,Combination,5.0,0.37,180.0,1,36-45
CUST08373,33,Male,92000.0,Normal,5.0,0.37,250.0,0,26-35
CUST03997,43,Male,27700.0,Normal,6.0,0.54,170.0,1,36-45
CUST00195,20,Female,39400.0,Sensitive,4.0,0.38,190.0,1,18-25
CUST04712,26,Female,50200.0,,8.0,0.59,290.0,1,26-35
CUST00644,34,Female,77600.0,Dry,2.0,0.19,,1,26-35
CUST08425,31,Female,37400.0,Sensitive,6.0,0.58,150.0,1,26-35
CUST03286,43,Female,19900.0,Dry,5.0,0.4,140.0,1,36-45
CUST03117,25,Male,55500.0,,4.0,0.32,210.0,1,18-25
CUST06534,49,Male,25900.0,Combination,6.0,0.41,250.0,1,46-55
CUST03576,18,Male,61900.0,Sensitive,4.0,0.35,180.0,1,18-25
CUST09061,42,Female,44400.0,Combination,2.0,0.19,120.0,1,36-45
CUST04321,24,Male,27100.0,Normal,7.0,0.52,270.0,1,18-25
CUST04626,36,Female,24400.0,Combination,7.0,0.55,180.0,1,36-45
CUST02208,37,Male,37000.0,Sensitive,4.0,0.37,140.0,1,36-45
CUST04553,24,Male,27400.0,Normal,2.0,0.16,100.0,0,18-25
CUST07702,30,Female,25800.0,Combination,6.0,0.53,140.0,0,26-35
CUST03719,37,Male,41100.0,Dry,2.0,0.2,,0,36-45
CUST00973,34,Female,67900.0,Combination,4.0,0.35,190.0,1,26-35
CUST04580,40,Female,49900.0,Oily,7.0,0.61,260.0,0,36-45
CUST00720,21,Male,34100.0,Oily,0.0,0.0,100.0,1,18-25
CUST06572,46,Male,61000.0,Combination,5.0,0.51,210.0,1,46-55
CUST06156,55,Female,32900.0,Oily,6.0,0.45,150.0,1,46-55
CUST09469,24,Male,51300.0,Normal,6.0,0.56,160.0,1,18-25
CUST03897,18,Male,30300.0,Dry,5.0,0.49,130.0,1,18-25
CUST02804,21,Male,44700.0,,5.0,0.46,150.0,1,18-25
CUST02567,34,Male,33300.0,Combination,3.0,0.29,150.0,1,26-35
CUST04026,21,Male,38000.0,Dry,3.0,0.26,110.0,1,18-25
CUST06199,24,Male,,Sensitive,4.0,0.37,100.0,1,18-25
CUST00033,26,Female,48800.0,Sensitive,2.0,0.2,120.0,0,26-35
CUST08343,19,Male,16900.0,Oily,3.0,0.24,100.0,1,18-25
CUST08869,26,Male,32500.0,Sensitive,5.0,0.45,,0,26-35
CUST09858,37,Male,38600.0,Combination,4.0,0.25,170.0,0,36-45
CUST04064,25,Female,48100.0,Oily,3.0,0.24,160.0,1,18-25
CUST08986,46,Female,26900.0,Oily,4.0,0.24,130.0,0,46-55
CUST05541,33,Female,29900.0,Oily,4.0,0.38,,1,26-35
CUST01698,58,Male,41300.0,Combination,4.0,0.26,130.0,0,56+
CUST02793,23,Female,34700.0,Normal,5.0,0.45,120.0,1,18-25
CUST02223,33,Female,,Oily,4.0,0.39,110.0,0,26-35
CUST05819,37,Male,38800.0,Normal,4.0,0.32,,1,36-45
CUST09702,47,Male,59900.0,Dry,4.0,0.25,130.0,1,46-55
CUST03765,31,Female,26300.0,Normal,5.0,0.39,190.0,1,26-35
CUST03867,37,Female,15400.0,Combination,3.0,0.25,120.0,1,36-45
CUST08481,30,Male,32300.0,Dry,1.0,0.08,100.0,0,26-35
CUST08700,18,Male,34100.0,Combination,3.0,0.22,100.0,0,18-25
CUST08976,50,Male,40200.0,Sensitive,6.0,0.53,280.0,0,46-55
CUST06730,18,Male,60000.0,,5.0,0.3,130.0,0,18-25
CUST07145,30,Male,50600.0,Combination,6.0,0.51,190.0,0,26-35
CUST03759,36,Female,94300.0,Normal,5.0,0.37,270.0,0,36-45
CUST02832,43,Female,57100.0,Dry,6.0,0.38,170.0,0,36-45
CUST03228,31,Female,45900.0,Combination,4.0,0.33,210.0,1,26-35
CUST08524,27,Female,18100.0,Normal,3.0,0.27,100.0,1,26-35
CUST03924,39,Male,20000.0,Normal,3.0,0.24,100.0,1,36-45
CUST03905,18,Female,28300.0,Combination,2.0,0.12,110.0,0,18-25
CUST02278,53,Female,23600.0,Dry,,0.69,280.0,1,46-55
CUST07947,39,Female,52400.0,Oily,8.0,0.68,290.0,1,36-45
CUST01402,28,Female,27100.0,Dry,4.0,0.27,140.0,1,26-35
CUST00740,18,Female,38700.0,Dry,4.0,0.36,100.0,1,18-25
CUST04267,23,Female,25600.0,Dry,2.0,0.14,100.0,0,18-25
CUST09901,18,Male,65900.0,Combination,3.0,0.23,170.0,0,18-25
CUST07415,18,Female,78400.0,Dry,2.0,0.12,100.0,0,18-25
CUST07554,39,Female,27000.0,Sensitive,3.0,0.29,110.0,1,36-45
CUST03852,24,,68500.0,Sensitive,3.0,0.21,140.0,1,18-25
CUST08669,27,Female,33100.0,Normal,3.0,0.29,100.0,1,26-35
CUST02662,24,Male,15300.0,Dry,6.0,0.6,130.0,1,18-25
CUST06562,18,Female,50800.0,Oily,4.0,0.38,110.0,0,18-25
CUST06905,23,Male,,Oily,4.0,0.32,130.0,1,18-25
CUST00675,41,Male,26900.0,Oily,13.0,1.03,400.0,0,36-45
CUST08325,26,FEMALE,36500.0,Dry,5.0,0.37,160.0,0,26-35
CUST08556,21,Male,48700.0,Dry,1.0,0.16,100.0,0,18-25
CUST03842,31,Female,,Combination,2.0,0.2,100.0,1,26-35
CUST01816,27,Male,24000.0,Sensitive,4.0,0.33,110.0,0,26-35
CUST08371,37,Female,24100.0,Combination,5.0,0.49,130.0,1,36-45
CUST09878,18,Female,63000.0,Dry,3.0,0.11,100.0,0,18-25
CUST09239,30,Female,41100.0,Sensitive,4.0,0.36,110.0,1,26-35
CUST04654,27,Male,36500.0,Combination,5.0,0.45,150.0,1,26-35
CUST07375,30,Male,65200.0,Sensitive,6.0,0.39,210.0,0,26-35
CUST02101,35,Female,21900.0,Combination,4.0,0.26,160.0,1,26-35
CUST07775,31,Female,35600.0,Normal,3.0,0.29,110.0,0,26-35
CUST01674,37,Male,46900.0,Dry,10.0,0.82,450.0,1,36-45
CUST02102,18,Female,46100.0,Dry,6.0,0.5,280.0,0,18-25
CUST04214,31,Male,43000.0,Combination,3.0,0.25,100.0,1,26-35
CUST07020,33,Female,56700.0,Normal,,0.17,140.0,0,26-35
CUST01549,38,Female,64800.0,Combination,4.0,0.43,150.0,1,36-45
CUST08736,22,Female,89200.0,Normal,3.0,0.29,140.0,1,18-25
CUST06463,29,Female,43000.0,Sensitive,4.0,0.35,140.0,0,26-35
CUST03324,41,Male,61700.0,Combination,3.0,0.23,150.0,0,36-45
CUST08694,27,Male,44500.0,Combination,3.0,0.26,120.0,0,26-35
CUST00356,35,Female,50100.0,Combination,3.0,0.17,110.0,1,26-35
CUST05185,20,Female,,Dry,7.0,0.53,240.0,0,18-25
CUST01462,24,Male,35500.0,Oily,6.0,0.52,210.0,1,18-25
CUST09306,32,Female,100300.0,Normal,3.0,0.21,200.0,1,26-35
CUST09423,30,Male,78300.0,Dry,4.0,0.38,160.0,1,26-35
CUST03221,48,,71300.0,Combination,4.0,0.35,200.0,0,46-55
CUST00940,42,Male,27800.0,Combination,7.0,0.56,270.0,1,36-45
CUST05148,24,Female,43500.0,Sensitive,6.0,0.47,250.0,1,18-25
CUST05924,19,Male,43100.0,Dry,6.0,0.47,280.0,0,18-25
CUST07949,27,Female,36800.0,Oily,1.0,0.09,100.0,1,26-35
CUST01752,25,Female,35900.0,Dry,0.0,0.01,100.0,0,18-25
CUST08078,48,Female,35900.0,Sensitive,0.0,0.0,100.0,0,46-55
CUST07661,23,Female,38600.0,Combination,3.0,0.24,140.0,1,18-25
CUST01773,18,Female,24700.0,Combination,3.0,0.27,100.0,0,18-25
CUST01197,18,Female,53300.0,Oily,3.0,0.31,160.0,1,18-25
CUST01879,48,Male,46500.0,Oily,4.0,0.31,150.0,1,46-55
CUST02669,32,Male,22100.0,Combination,4.0,0.34,170.0,0,26-35
CUST03172,40,Female,32700.0,Dry,3.0,0.29,110.0,1,36-45
CUST02017,32,Female,46800.0,Oily,2.0,0.13,100.0,1,26-35
CUST02006,44,Male,21700.0,Oily,4.0,0.28,150.0,0,36-45
CUST08308,39,Male,67900.0,Oily,11.0,0.94,290.0,1,36-45
CUST03894,20,Male,,Oily,1.0,0.07,100.0,0,18-25
CUST02679,18,Female,43200.0,Oily,1.0,0.12,100.0,1,18-25
CUST03238,40,Male,99300.0,Normal,3.0,0.27,170.0,1,36-45
CUST04425,21,Female,28400.0,Sensitive,0.0,0.0,100.0,0,18-25
CUST04745,30,Male,47800.0,Combination,2.0,0.17,110.0,1,26-35
CUST02079,18,Female,79100.0,Combination,1.0,0.06,120.0,0,18-25
CUST05220,39,Female,,Sensitive,4.0,0.37,140.0,0,36-45
CUST00397,40,Female,28500.0,Normal,1.0,0.11,100.0,0,36-45
CUST02789,26,Male,20600.0,Oily,4.0,0.29,150.0,1,26-35
CUST07203,38,Female,57500.0,Oily,0.0,0.0,100.0,1,36-45
CUST06879,32,Female,17900.0,Combination,3.0,0.15,,1,26-35
CUST04073,30,Female,32800.0,Combination,5.0,0.39,160.0,1,26-35
CUST05575,44,Female,,Oily,5.0,0.35,170.0,0,36-45
CUST08405,34,Male,19600.0,Normal,1.0,0.08,100.0,1,26-35
CUST09547,43,Male,73900.0,Sensitive,4.0,0.31,210.0,0,36-45
CUST05356,42,Male,38200.0,Sensitive,4.0,0.43,180.0,1,36-45
CUST08526,28,Female,91200.0,Dry,3.0,0.16,,0,26-35
CUST09494,33,Female,47200.0,Dry,2.0,0.15,100.0,0,26-35
CUST06880,33,Male,61600.0,Normal,4.0,0.37,190.0,0,26-35
CUST01520,18,Female,31800.0,Combination,6.0,0.52,150.0,1,18-25
CUST08232,31,Female,33500.0,Sensitive,1.0,0.03,100.0,0,26-35
CUST01379,35,Female,76500.0,Dry,5.0,0.38,240.0,1,26-35
CUST05673,32,Female,57700.0,Dry,5.0,0.48,210.0,1,26-35
CUST01024,39,Female,64900.0,Normal,1.0,0.06,100.0,0,36-45
CUST02588,48,Female,35900.0,Normal,4.0,0.37,130.0,0,46-55
CUST07104,43,Male,104200.0,Dry,5.0,0.31,260.0,0,36-45
CUST05622,34,Male,56200.0,Oily,3.0,0.2,120.0,1,26-35
CUST07701,26,Female,21800.0,Combination,1.0,0.1,100.0,1,26-35
CUST05009,23,Female,65500.0,Dry,6.0,0.47,270.0,1,18-25
CUST02858,33,Male,50300.0,Normal,5.0,0.46,220.0,0,26-35
CUST08290,37,Female,,Sensitive,2.0,0.19,100.0,1,36-45
CUST05772,38,Male,42700.0,Combination,5.0,0.38,230.0,0,36-45
CUST05843,32,Female,96800.0,Normal,2.0,0.14,120.0,0,26-35
CUST09936,34,Female,35100.0,Oily,4.0,0.31,190.0,1,26-35
CUST05833,34,Female,88600.0,Combination,1.0,0.04,100.0,0,26-35
CUST01630,44,Male,58800.0,Oily,1.0,0.11,100.0,0,36-45
CUST04889,30,Female,30600.0,Dry,3.0,0.18,110.0,1,26-35
CUST04527,29,Female,86400.0,Oily,2.0,0.19,150.0,1,26-35
CUST03524,18,Female,49400.0,Sensitive,1.0,0.13,100.0,1,18-25
CUST05905,51,Female,27700.0,Normal,4.0,0.31,170.0,0,46-55
CUST07847,38,Male,24000.0,Normal,3.0,0.27,110.0,0,36-45
CUST03608,48,Male,,Dry,3.0,0.31,100.0,0,46-55
CUST09457,27,Male,15000.0,,1.0,0.09,100.0,0,26-35
CUST05221,42,Female,32400.0,Sensitive,6.0,0.6,160.0,1,36-45
CUST00235,24,Female,25800.0,Combination,5.0,0.37,160.0,0,18-25
CUST07821,32,Female,50100.0,Combination,6.0,0.51,270.0,1,26-35
CUST03797,18,Female,31100.0,Sensitive,8.0,0.76,320.0,1,18-25
CUST04119,24,Female,66800.0,Oily,5.0,0.41,250.0,0,18-25
CUST06319,22,Male,49300.0,Combination,0.0,0.0,100.0,0,18-25
CUST05002,29,Male,33300.0,Oily,5.0,0.52,130.0,1,26-35
CUST03801,28,Male,25700.0,Normal,6.0,0.44,250.0,0,26-35
CUST07613,45,Male,32300.0,Combination,3.0,0.14,140.0,1,36-45
CUST03900,36,Female,33900.0,Combination,1.0,-0.0,100.0,1,36-45
CUST05025,27,Female,59100.0,Dry,4.0,0.34,190.0,0,26-35
CUST01949,22,male,24200.0,Dry,4.0,0.41,150.0,1,18-25
CUST06362,52,Female,71000.0,Dry,6.0,0.55,,1,46-55
CUST00471,36,Female,25500.0,Dry,3.0,0.23,100.0,0,36-45
CUST07619,29,Female,31000.0,Sensitive,2.0,0.24,100.0,0,26-35
CUST03493,29,Female,23600.0,Dry,4.0,0.34,110.0,0,26-35
CUST06092,18,Female,37000.0,Dry,6.0,0.55,190.0,1,18-25
CUST02672,48,,32400.0,Sensitive,3.0,0.19,100.0,0,46-55
CUST09840,38,Female,24500.0,,3.0,0.2,120.0,0,36-45
CUST02225,20,Male,49800.0,Oily,4.0,0.34,150.0,0,18-25
CUST01107,18,Male,25300.0,Oily,5.0,0.44,230.0,0,18-25
CUST02189,54,Female,38700.0,Normal,2.0,0.2,100.0,0,46-55
CUST00819,35,Male,,Sensitive,4.0,0.35,110.0,0,26-35
CUST05572,28,Male,20700.0,Dry,4.0,0.38,100.0,1,26-35
CUST04524,33,Male,47100.0,Combination,4.0,0.34,110.0,1,26-35
CUST05794,44,Male,42700.0,Oily,4.0,0.34,180.0,0,36-45
CUST09419,40,Female,39200.0,Normal,5.0,0.49,220.0,1,36-45
CUST08818,18,Female,65400.0,Sensitive,2.0,0.29,100.0,1,18-25
CUST07522,36,Male,26700.0,Oily,3.0,0.33,100.0,0,36-45
CUST02625,26,Male,21200.0,Oily,2.0,0.12,100.0,1,26-35
CUST07156,41,Male,48100.0,Combination,4.0,0.33,,1,36-45
CUST09430,18,Female,,Oily,4.0,0.35,180.0,1,18-25
CUST09956,51,Female,37000.0,Combination,5.0,0.4,160.0,1,46-55
CUST09157,33,Female,45700.0,Normal,9.0,0.74,390.0,1,26-35
CUST00889,18,Male,103900.0,Combination,4.0,0.37,180.0,0,18-25
CUST09926,40,Male,58100.0,Oily,4.0,0.4,130.0,0,36-45
CUST02438,35,Male,51300.0,Sensitive,4.0,0.27,100.0,1,26-35
CUST06057,26,Female,42600.0,Oily,6.0,0.51,230.0,1,26-35
CUST09839,33,Female,42500.0,Combination,5.0,0.47,130.0,1,26-35
CUST00818,35,Female,18900.0,Normal,5.0,0.43,180.0,1,26-35
CUST08972,18,Male,40200.0,Normal,5.0,0.4,170.0,0,18-25
CUST03415,20,Female,49800.0,Oily,1.0,0.06,100.0,1,18-25
CUST06353,55,Male,111900.0,Oily,6.0,0.64,310.0,1,46-55
CUST02342,30,Female,41100.0,Oily,4.0,0.38,130.0,1,26-35
CUST09067,42,Male,24400.0,Combination,4.0,0.33,120.0,1,36-45
CUST03168,25,Female,83000.0,Normal,5.0,0.37,190.0,0,18-25
CUST01810,43,Female,26000.0,Oily,8.0,0.67,180.0,0,36-45
CUST08103,19,Female,30700.0,Sensitive,5.0,0.46,150.0,1,18-25
CUST01265,31,Female,37600.0,Sensitive,7.0,0.68,260.0,0,26-35
CUST05087,21,Male,53800.0,Sensitive,3.0,0.3,100.0,1,18-25
CUST07518,30,Female,36200.0,Normal,3.0,0.33,140.0,0,26-35
CUST05836,18,Female,50000.0,,3.0,0.18,140.0,0,18-25
CUST05195,48,Female,,Combination,8.0,0.72,350.0,1,46-55
CUST04450,32,MALE,35100.0,Combination,1.0,0.11,100.0,1,26-35
CUST04946,53,Female,103700.0,Combination,4.0,0.33,190.0,0,46-55
CUST04046,30,Female,45400.0,Sensitive,2.0,0.12,100.0,0,26-35
CUST06561,32,Male,27200.0,Dry,4.0,0.33,100.0,1,26-35
CUST03703,24,Male,47800.0,Combination,2.0,0.11,100.0,1,18-25
CUST01036,32,Female,61600.0,Combination,4.0,0.24,110.0,0,26-35
CUST09294,18,Male,,Sensitive,8.0,0.69,270.0,0,18-25
CUST05591,33,Female,29200.0,Normal,3.0,0.26,130.0,0,26-35
CUST01229,38,Male,29200.0,Oily,3.0,0.25,140.0,1,36-45
CUST07333,28,Female,20500.0,Dry,4.0,0.37,110.0,1,26-35
CUST06871,31,Female,59700.0,Normal,3.0,0.26,110.0,1,26-35
CUST05142,18,Female,25700.0,Oily,5.0,0.43,110.0,1,18-25
CUST00053,18,Male,93800.0,Combination,5.0,0.42,160.0,1,18-25
CUST07389,18,Male,31400.0,Dry,5.0,0.38,160.0,1,18-25
CUST08431,33,Female,41100.0,Oily,9.0,0.68,240.0,1,26-35
CUST00160,19,Female,50600.0,Normal,2.0,0.23,100.0,0,18-25
CUST07616,25,Female,17800.0,Normal,3.0,0.25,130.0,1,18-25
CUST01588,42,Female,33900.0,Combination,7.0,0.54,190.0,1,36-45
CUST01590,27,Male,44200.0,Dry,2.0,0.19,120.0,1,26-35
CUST09881,55,Male,,Combination,2.0,0.28,100.0,1,46-55
CUST09366,18,Female,56400.0,Normal,2.0,0.24,100.0,0,18-25
CUST06991,26,Male,49600.0,Combination,4.0,0.25,210.0,0,26-35
CUST06654,20,Male,46300.0,Sensitive,4.0,0.44,130.0,1,18-25
CUST06175,51,Male,37900.0,Oily,1.0,0.04,100.0,0,46-55
CUST07757,38,Female,45400.0,Combination,8.0,0.66,250.0,1,36-45
CUST03859,28,Male,44600.0,Sensitive,2.0,0.16,120.0,0,26-35
CUST09854,38,Female,15000.0,Sensitive,5.0,0.35,190.0,1,36-45
CUST06750,28,Female,41500.0,Oily,3.0,0.26,100.0,0,26-35
CUST02829,18,Male,104500.0,Normal,5.0,0.44,180.0,1,18-25
CUST00437,26,Female,23000.0,Dry,1.0,0.04,100.0,0,26-35
CUST09257,31,Female,44600.0,Normal,3.0,0.27,140.0,1,26-35
CUST08217,20,Female,31000.0,Combination,1.0,0.05,100.0,1,18-25
CUST03879,18,Female,35200.0,Oily,7.0,0.65,290.0,1,18-25
CUST01589,21,Male,43600.0,Normal,4.0,0.39,190.0,1,18-25
CUST02781,49,Female,50700.0,Dry,6.0,0.48,200.0,1,46-55
CUST09019,25,Female,40400.0,Combination,5.0,0.38,220.0,1,18-25
CUST08599,34,Male,45700.0,Sensitive,5.0,0.47,150.0,0,26-35
CUST05687,49,Female,59200.0,Normal,5.0,0.39,210.0,0,46-55
CUST03966,23,Male,15100.0,Oily,4.0,0.32,140.0,1,18-25
CUST04728,20,Female,40000.0,Combination,5.0,0.4,220.0,1,18-25
CUST00974,39,Male,,Oily,4.0,0.34,150.0,1,36-45
CUST01239,39,Female,30100.0,Oily,5.0,0.34,120.0,0,36-45
CUST02952,40,Female,50700.0,Normal,2.0,0.13,120.0,0,36-45
CUST02343,18,Female,39400.0,Dry,9.0,0.72,36503.72015689922,0,18-25
CUST06578,18,Male,57900.0,Oily,4.0,0.33,190.0,0,18-25
CUST07373,18,Male,31000.0,Normal,2.0,0.19,100.0,1,18-25
CUST06047,42,Male,59800.0,Oily,5.0,0.56,210.0,1,36-45
CUST02159,39,Male,53500.0,Combination,5.0,0.43,140.0,1,36-45
CUST09326,50,Female,22800.0,Combination,7.0,0.64,250.0,0,46-55
CUST06647,23,Female,106000.0,Sensitive,6.0,0.49,250.0,1,18-25
CUST01498,19,Female,47800.0,Combination,1.0,0.1,100.0,0,18-25
CUST04546,32,Female,39400.0,Normal,3.0,0.2,100.0,0,26-35
CUST06466,18,Male,23200.0,Oily,5.0,0.39,100.0,1,18-25
CUST04258,44,Male,23100.0,Normal,7.0,0.67,280.0,0,36-45
CUST02423,49,Female,33000.0,Oily,4.0,0.34,140.0,0,46-55
CUST08602,41,Male,48200.0,Sensitive,6.0,0.46,270.0,1,36-45
CUST05186,35,Female,118000.0,Dry,7.0,0.55,280.0,1,26-35
CUST05648,23,Female,20000.0,Dry,6.0,0.53,220.0,1,18-25
CUST00358,35,Male,36600.0,Oily,2.0,0.2,100.0,1,26-35
CUST05243,41,Female,30200.0,Oily,0.0,0.06,100.0,1,36-45
CUST08079,39,Male,,Dry,3.0,0.24,150.0,1,36-45
CUST09278,21,Female,19600.0,Dry,2.0,0.21,100.0,0,18-25
CUST02093,33,Male,39200.0,Dry,5.0,0.37,200.0,1,26-35
CUST05410,38,Female,17600.0,Dry,5.0,0.41,100.0,1,36-45
CUST02016,34,Female,65600.0,Sensitive,6.0,0.52,170.0,1,26-35
CUST09097,29,Male,54500.0,Dry,5.0,0.46,150.0,0,26-35
CUST04045,21,Male,15000.0,Oily,5.0,0.53,130.0,0,18-25
CUST00188,19,Female,124700.0,Oily,6.0,0.53,320.0,1,18-25
CUST06919,28,Male,19200.0,Normal,8.0,0.66,190.0,0,26-35
CUST03656,36,Female,70600.0,Dry,5.0,0.38,210.0,1,36-45
CUST03427,36,Male,45800.0,Oily,4.0,0.42,140.0,0,36-45
CUST07256,29,Male,54400.0,Combination,4.0,0.31,170.0,0,26-35
CUST01382,18,Female,65900.0,Dry,3.0,0.27,130.0,0,18-25
CUST07531,29,Female,51100.0,Sensitive,3.0,0.26,120.0,0,26-35
CUST00414,40,Male,62700.0,Combination,1.0,0.08,100.0,0,36-45
CUST05038,24,Male,57800.0,Combination,2.0,0.13,140.0,0,18-25
CUST04898,46,Female,,Dry,,0.22,100.0,1,46-55
CUST03337,29,Female,44800.0,Dry,4.0,0.39,190.0,0,26-35
CUST03607,18,Female,45000.0,Sensitive,4.0,0.3,120.0,1,18-25
CUST03176,18,Female,62100.0,Oily,3.0,0.22,150.0,1,18-25
CUST02242,23,Male,59300.0,Normal,0.0,0.0,100.0,1,18-25
CUST09748,23,Female,41900.0,Oily,2.0,0.18,100.0,0,18-25
CUST07862,21,Female,42500.0,Oily,2.0,0.05,100.0,1,18-25
CUST00257,37,Female,,Combination,4.0,0.26,120.0,0,36-45
CUST07121,39,Male,23000.0,Oily,7.0,0.56,280.0,0,36-45
CUST00201,36,Female,34100.0,,6.0,0.45,250.0,0,36-45
CUST02236,21,Female,18400.0,Normal,2.0,0.12,100.0,0,18-25
CUST04744,31,Female,99300.0,Normal,3.0,0.22,210.0,1,26-35
CUST01768,41,Female,79600.0,Dry,4.0,0.36,170.0,1,36-45
CUST04237,34,Female,26200.0,Oily,4.0,0.35,130.0,1,26-35
CUST08319,54,Female,35500.0,Oily,2.0,0.13,100.0,0,46-55
CUST08486,46,,24300.0,Combination,4.0,0.41,140.0,1,46-55
CUST07229,22,Male,69200.0,Normal,2.0,0.12,100.0,1,18-25
CUST01573,36,Male,,Oily,2.0,0.13,140.0,0,36-45
CUST00025,27,Female,,Oily,5.0,0.39,140.0,0,26-35
CUST03364,22,Male,71800.0,Normal,4.0,0.26,220.0,0,18-25
CUST01089,39,Female,20000.0,Dry,4.0,0.18,110.0,0,36-45
CUST04675,35,Female,36200.0,Normal,3.0,0.21,140.0,1,26-35
CUST02695,47,Female,47700.0,Dry,3.0,0.29,150.0,1,46-55
CUST07646,45,Female,54700.0,Combination,3.0,0.33,150.0,0,36-45
CUST03399,18,Male,21500.0,Normal,1.0,0.12,100.0,1,18-25
CUST03560,23,Male,36500.0,Dry,3.0,0.28,110.0,1,18-25
CUST09194,32,Male,61700.0,Dry,1.0,0.01,100.0,0,26-35
CUST02842,44,Male,51900.0,Oily,3.0,0.16,100.0,0,36-45
CUST02312,35,Male,37200.0,Oily,3.0,0.29,140.0,0,26-35
CUST08369,35,FEMALE,32500.0,Normal,5.0,0.44,120.0,1,26-35
CUST03235,27,Female,40100.0,Oily,5.0,0.36,200.0,1,26-35
CUST04153,36,Female,51100.0,Normal,2.0,0.16,100.0,1,36-45
CUST01310,28,Male,,Sensitive,6.0,0.47,180.0,1,26-35
CUST00696,23,Female,38400.0,Oily,6.0,0.51,,0,18-25
CUST06727,44,Male,139700.0,Sensitive,5.0,0.45,310.0,0,36-45
CUST03753,30,Female,22800.0,Combination,8.0,0.67,,1,26-35
CUST06338,18,Male,27000.0,Dry,7.0,0.51,180.0,0,18-25
CUST01228,26,Female,49500.0,Combination,0.0,0.0,100.0,0,26-35
CUST02000,56,Female,76000.0,Dry,2.0,0.14,100.0,0,56+
CUST00277,24,Female,51200.0,Dry,2.0,0.23,130.0,1,18-25
CUST06829,28,Male,44200.0,Oily,7.0,0.62,180.0,0,26-35
CUST09010,18,Male,25000.0,Dry,1.0,0.13,100.0,1,18-25
CUST05930,34,Female,78300.0,Normal,4.0,0.35,240.0,0,26-35
CUST02954,18,Female,46000.0,Combination,5.0,0.44,190.0,1,18-25
CUST03638,47,Female,69400.0,Oily,7.0,0.66,270.0,1,46-55
CUST03907,18,Female,42400.0,Combination,1.0,0.12,100.0,1,18-25
CUST04779,31,Male,51500.0,Normal,4.0,0.36,210.0,1,26-35
CUST05846,40,Female,32800.0,Dry,4.0,0.36,120.0,0,36-45
CUST09738,27,Male,138700.0,Combination,6.0,0.42,220.0,1,26-35
CUST04118,43,Male,35800.0,Oily,4.0,0.39,130.0,0,36-45
CUST07092,18,Female,55900.0,Oily,6.0,0.5,200.0,1,18-25
CUST01138,32,Female,18100.0,Oily,3.0,0.26,110.0,1,26-35
CUST02768,51,Male,69000.0,Dry,2.0,0.2,130.0,0,46-55
CUST02335,27,Male,62500.0,Combination,5.0,0.39,,1,26-35
CUST07770,31,Female,36400.0,Oily,2.0,0.2,100.0,1,26-35
CUST00943,37,Female,39600.0,Combination,5.0,0.35,150.0,1,36-45
CUST08591,24,Female,30800.0,Dry,5.0,0.4,220.0,1,18-25
CUST02491,41,Female,29900.0,Combination,1.0,0.14,100.0,0,36-45
CUST09719,37,Female,29300.0,Combination,6.0,0.44,250.0,1,36-45
CUST06291,26,Female,42600.0,Dry,5.0,0.43,210.0,0,26-35
CUST04936,25,Male,29500.0,Sensitive,4.0,0.35,180.0,0,18-25
CUST03936,34,Male,21000.0,Sensitive,1.0,0.01,100.0,1,26-35
CUST07018,37,Male,15000.0,Dry,4.0,0.3,120.0,1,36-45
CUST02385,40,Female,48700.0,Sensitive,7.0,0.48,190.0,0,36-45
CUST00116,26,Male,98700.0,Oily,5.0,0.43,260.0,1,26-35
CUST01864,43,Female,31900.0,Oily,5.0,0.42,190.0,0,36-45
CUST00583,29,Male,91000.0,Combination,5.0,0.44,210.0,1,26-35
CUST03120,18,Male,26200.0,Dry,6.0,0.51,170.0,1,18-25
CUST04259,49,Male,56700.0,Oily,2.0,0.09,110.0,0,46-55
CUST07249,42,Female,44800.0,Oily,6.0,0.44,220.0,0,36-45
CUST00903,30,Male,43000.0,Dry,7.0,0.6,230.0,1,26-35
CUST02820,41,Female,26300.0,Normal,7.0,0.59,250.0,0,36-45
CUST03823,31,Female,21700.0,Combination,2.0,0.3,100.0,1,26-35
CUST07183,27,Female,43200.0,Combination,5.0,0.35,180.0,1,26-35
CUST06951,51,Female,45700.0,Dry,3.0,0.19,170.0,1,46-55
CUST09128,32,Male,63900.0,Normal,4.0,0.29,150.0,1,26-35
CUST04700,32,Female,29500.0,Sensitive,3.0,0.3,150.0,1,26-35
CUST08956,18,Female,38700.0,Sensitive,5.0,0.49,180.0,1,18-25
CUST03803,30,Male,54700.0,Sensitive,1.0,0.12,100.0,1,26-35
CUST06069,19,Female,32400.0,Normal,5.0,0.41,180.0,1,18-25
CUST05811,53,Male,33600.0,Sensitive,4.0,0.27,100.0,0,46-55
CUST03537,42,Male,55100.0,Normal,5.0,0.42,170.0,1,36-45
CUST03826,29,Female,,Normal,3.0,0.23,100.0,1,26-35
CUST06643,26,Male,36200.0,Normal,6.0,0.48,200.0,0,26-35
CUST08680,34,Male,26200.0,Sensitive,2.0,0.17,100.0,0,26-35
CUST08646,28,Female,97800.0,Combination,4.0,0.31,210.0,0,26-35
CUST04811,33,Male,62500.0,Dry,7.0,0.65,190.0,0,26-35
CUST01947,24,Female,54000.0,Combination,2.0,0.09,100.0,1,18-25
CUST07909,20,Male,15000.0,Dry,4.0,0.4,130.0,0,18-25
CUST07198,30,Female,81800.0,Dry,7.0,0.59,290.0,1,26-35
CUST05336,20,Female,46300.0,Oily,1.0,0.05,100.0,1,18-25
CUST03489,33,Male,68600.0,Oily,4.0,0.39,130.0,1,26-35
CUST01611,35,Female,62700.0,Dry,10.0,0.91,360.0,1,26-35
CUST07524,37,Male,40900.0,Normal,1.0,0.14,100.0,1,36-45
CUST07119,28,Female,40200.0,Normal,5.0,0.46,130.0,1,26-35
CUST04678,41,Female,44100.0,Combination,8.0,0.67,280.0,1,36-45
CUST04960,22,Female,63500.0,Oily,3.0,0.22,120.0,1,18-25
CUST05868,47,Female,75400.0,Combination,4.0,0.34,160.0,0,46-55
CUST09836,18,Female,21500.0,Sensitive,6.0,0.55,260.0,0,18-25
CUST04762,63,Male,,Oily,5.0,0.41,240.0,0,56+
CUST02195,34,Male,42900.0,Dry,6.0,0.48,190.0,0,26-35
CUST09041,38,Female,,Oily,2.0,0.19,100.0,0,36-45
CUST05702,45,Female,45700.0,Dry,5.0,0.4,180.0,1,36-45
CUST05114,41,Female,60400.0,Oily,3.0,0.25,110.0,1,36-45
CUST00558,21,Male,,Dry,2.0,0.13,140.0,0,18-25
CUST08133,18,Male,21200.0,Sensitive,2.0,0.2,100.0,0,18-25
CUST05140,37,Female,40000.0,Dry,5.0,0.49,240.0,1,36-45
CUST01208,22,Female,59800.0,Combination,2.0,0.25,130.0,1,18-25
CUST07095,36,Female,48800.0,Sensitive,2.0,0.21,100.0,0,36-45
CUST07372,39,Female,63200.0,Normal,7.0,0.52,180.0,0,36-45
CUST01511,33,Female,28500.0,Oily,3.0,0.28,100.0,1,26-35
CUST06828,18,Female,33000.0,Dry,3.0,0.23,140.0,0,18-25
CUST03830,20,Female,87700.0,Oily,4.0,0.28,160.0,0,18-25
CUST03733,63,Female,75800.0,Sensitive,3.0,0.16,180.0,0,56+
CUST08025,22,Female,35200.0,Normal,4.0,0.28,100.0,1,18-25
CUST03212,31,Female,54500.0,Dry,3.0,0.22,150.0,1,26-35
CUST03631,40,Female,53400.0,Oily,8.0,0.76,250.0,1,36-45
CUST01709,43,Female,53600.0,Oily,7.0,0.54,290.0,1,36-45
CUST01846,18,Female,62400.0,Oily,7.0,0.64,320.0,1,18-25
CUST00267,34,Female,23100.0,Dry,1.0,0.18,100.0,0,26-35
CUST05986,38,Female,29000.0,Oily,2.0,0.15,100.0,0,36-45
CUST01141,51,Female,35700.0,Normal,4.0,0.31,160.0,0,46-55
CUST03163,38,Female,49600.0,Dry,5.0,0.48,140.0,1,36-45
CUST06208,23,Male,66000.0,Sensitive,5.0,0.43,200.0,1,18-25
CUST02047,39,Female,38300.0,Oily,5.0,0.53,200.0,0,36-45
CUST03731,24,Male,36600.0,Sensitive,7.0,0.67,220.0,1,18-25
CUST01910,37,Female,123400.0,Normal,3.0,0.29,280.0,1,36-45
CUST07370,39,Female,79900.0,Oily,5.0,0.38,210.0,1,36-45
CUST02661,21,Male,59000.0,Combination,4.0,0.29,170.0,1,18-25
CUST00657,22,Female,18700.0,Combination,4.0,0.25,110.0,1,18-25
CUST06661,54,Female,16300.0,Sensitive,8.0,0.8,180.0,0,46-55
CUST01308,46,Female,48200.0,Dry,5.0,0.47,200.0,1,46-55
CUST07896,24,Female,75200.0,Oily,6.0,0.52,280.0,0,18-25
CUST00999,33,Female,15000.0,,2.0,0.06,100.0,0,26-35
CUST09487,22,Female,41600.0,Normal,4.0,0.27,150.0,0,18-25
CUST02835,37,Female,31100.0,Combination,3.0,0.21,100.0,0,36-45
CUST09216,55,Male,25100.0,Oily,2.0,0.19,100.0,0,46-55
CUST05881,44,Female,55800.0,Combination,11.0,0.87,460.0,1,36-45
CUST01238,38,Female,47800.0,Oily,4.0,0.38,110.0,1,36-45
CUST02152,40,Female,45800.0,Sensitive,2.0,0.19,100.0,0,36-45
CUST09169,44,Male,69800.0,Combination,5.0,0.43,190.0,0,36-45
CUST09735,31,Male,20300.0,Dry,2.0,0.14,100.0,1,26-35
CUST07251,21,Male,65100.0,Normal,4.0,0.34,160.0,0,18-25
CUST08270,39,Female,33000.0,Oily,4.0,0.16,180.0,0,36-45
CUST06579,18,Male,58900.0,Normal,4.0,0.32,200.0,1,18-25
CUST05092,37,Female,38000.0,Sensitive,2.0,0.12,100.0,1,36-45
CUST02187,31,Female,51200.0,Normal,3.0,0.1,,0,26-35
CUST01135,30,Male,66200.0,Combination,7.0,0.62,310.0,1,26-35
CUST05005,35,Male,33400.0,Normal,5.0,0.43,200.0,0,26-35
CUST08913,18,Male,48400.0,Dry,2.0,0.15,100.0,1,18-25
CUST01304,40,Female,36300.0,Normal,,0.83,210.0,1,36-45
CUST08507,29,Male,,Oily,6.0,0.5,290.0,0,26-35
CUST01628,49,Male,83600.0,Normal,7.0,0.61,200.0,1,46-55
CUST07926,18,Female,22300.0,Normal,10.0,0.87,280.0,1,18-25
CUST01523,29,Male,32000.0,Normal,2.0,0.1,100.0,0,26-35
CUST09850,32,Female,18100.0,Combination,2.0,0.24,100.0,1,26-35
CUST00359,23,Male,48700.0,Dry,7.0,0.46,210.0,1,18-25
CUST00139,54,Female,29300.0,Dry,7.0,0.6,190.0,0,46-55
CUST00300,36,Male,40900.0,,4.0,0.24,180.0,1,36-45
CUST01557,24,Male,36200.0,Normal,,0.17,120.0,1,18-25
CUST05100,21,Female,36600.0,Combination,3.0,0.18,100.0,1,18-25
CUST00383,18,Female,48400.0,Normal,2.0,0.13,100.0,0,18-25
CUST08348,35,Male,43100.0,Normal,0.0,0.04,100.0,1,26-35
CUST07012,25,Female,59600.0,Oily,5.0,0.54,170.0,1,18-25
CUST04858,25,Male,18100.0,Normal,8.0,0.63,200.0,1,18-25
CUST03181,21,,23400.0,Normal,6.0,0.56,190.0,0,18-25
CUST01440,44,Male,15000.0,Normal,7.0,0.55,,0,36-45
CUST07195,24,Male,,Dry,7.0,0.54,250.0,1,18-25
CUST05674,29,Female,20000.0,,2.0,0.11,100.0,0,26-35
CUST00947,36,Female,43800.0,Normal,5.0,0.36,190.0,1,36-45
CUST02391,18,Male,51300.0,Oily,5.0,0.48,170.0,1,18-25
CUST05499,40,Female,73800.0,Sensitive,4.0,0.36,190.0,1,36-45
CUST07135,28,Male,42500.0,Dry,6.0,0.52,170.0,0,26-35
CUST09268,31,Female,31600.0,Combination,11.0,0.92,360.0,1,26-35
CUST02722,46,Female,25800.0,Normal,6.0,0.45,260.0,1,46-55
CUST01933,23,Female,30500.0,Oily,4.0,0.34,,1,18-25
CUST07486,36,Female,49100.0,Normal,5.0,0.47,,1,36-45
CUST03237,44,Male,22100.0,Combination,4.0,0.32,130.0,1,36-45
CUST03141,30,Male,55300.0,Combination,3.0,0.24,100.0,0,26-35
CUST04164,18,Female,54700.0,Combination,5.0,0.43,210.0,0,18-25
CUST08926,40,Female,28300.0,Normal,5.0,0.54,180.0,1,36-45
CUST03808,34,Male,25900.0,Combination,4.0,0.4,130.0,1,26-35
CUST09519,33,Female,39300.0,Dry,1.0,0.01,100.0,1,26-35
CUST07045,27,Female,,Normal,10.0,0.74,330.0,1,26-35
CUST08942,31,Female,35000.0,Normal,3.0,0.23,100.0,0,26-35
CUST06954,40,Male,50700.0,Dry,,0.29,100.0,1,36-45
CUST04155,24,Female,45000.0,Dry,2.0,0.13,,0,18-25
CUST04173,33,Female,147900.0,Dry,2.0,0.14,240.0,0,26-35
CUST00797,43,Female,71000.0,Sensitive,5.0,0.5,240.0,1,36-45
CUST02417,24,Female,35100.0,Normal,3.0,0.26,110.0,1,18-25
CUST07232,44,Female,141800.0,Combination,5.0,0.5,280.0,1,36-45
CUST06140,48,Male,44500.0,Dry,6.0,0.48,210.0,0,46-55
CUST00786,35,Male,36800.0,Oily,5.0,0.44,220.0,1,26-35
CUST09086,36,Female,49400.0,Oily,4.0,0.33,140.0,1,36-45
CUST03159,18,Male,31100.0,Normal,6.0,0.57,180.0,1,18-25
CUST00124,47,Male,26300.0,Combination,3.0,0.19,110.0,0,46-55
CUST09497,29,Male,43900.0,Combination,2.0,0.18,120.0,0,26-35
CUST06998,21,Male,25100.0,Combination,8.0,0.68,310.0,1,18-25
CUST02173,29,Female,92300.0,Sensitive,7.0,0.56,310.0,1,26-35
CUST02170,25,female,94600.0,Normal,7.0,0.55,380.0,0,18-25
CUST06941,23,Female,48600.0,Combination,6.0,0.54,,1,18-25
CUST04010,45,Female,33700.0,Combination,3.0,0.28,100.0,1,36-45
CUST09334,27,Female,43200.0,Sensitive,1.0,0.06,100.0,0,26-35
CUST04341,18,Female,50200.0,Oily,5.0,0.4,140.0,1,18-25
CUST00911,24,Female,33500.0,Combination,4.0,0.23,140.0,1,18-25
CUST06269,31,Female,20600.0,Dry,5.0,0.37,100.0,0,26-35
CUST07837,18,Male,27600.0,Dry,5.0,0.43,140.0,0,18-25
CUST02310,35,Female,35400.0,Normal,6.0,0.48,250.0,0,26-35
CUST09698,43,Female,57900.0,Normal,6.0,0.51,250.0,0,36-45
CUST03635,30,Female,30000.0,Dry,3.0,0.17,110.0,1,26-35
CUST01258,32,Female,78200.0,Normal,2.0,0.14,170.0,1,26-35
CUST06592,51,Female,49400.0,Combination,,0.2,110.0,0,46-55
CUST04459,26,Male,30300.0,Combination,5.0,0.4,200.0,0,26-35
CUST06134,18,Female,62400.0,Oily,6.0,0.56,230.0,0,18-25
CUST01179,36,Male,29100.0,Dry,0.0,0.07,100.0,0,36-45
CUST04653,37,Female,28100.0,Combination,1.0,0.14,100.0,1,36-45
CUST06219,42,Female,74000.0,Normal,3.0,0.24,170.0,1,36-45
CUST03651,48,Female,66000.0,Dry,4.0,0.36,220.0,0,46-55
CUST00443,36,Female,22700.0,Dry,1.0,-0.0,100.0,0,36-45
CUST03416,33,,33300.0,Oily,8.0,0.64,170.0,1,26-35
CUST01400,18,Female,66300.0,Oily,,-0.0,100.0,1,18-25
CUST01458,33,Male,37000.0,Normal,,0.01,100.0,1,26-35
CUST09567,18,Female,33300.0,Oily,3.0,0.19,130.0,0,18-25
CUST05745,38,Female,34200.0,Sensitive,3.0,0.17,100.0,1,36-45
CUST01055,18,Female,108300.0,Dry,3.0,0.25,190.0,0,18-25
CUST09122,18,Female,32700.0,Sensitive,4.0,0.31,170.0,0,18-25
CUST03276,20,Male,60200.0,Combination,3.0,0.23,140.0,1,18-25
CUST01464,37,Female,,Combination,5.0,0.43,,1,36-45
CUST03700,19,Female,24400.0,Oily,,0.16,100.0,0,18-25
CUST03760,18,Female,48900.0,Oily,4.0,0.23,170.0,1,18-25
CUST00930,33,Male,65000.0,Normal,3.0,0.31,150.0,1,26-35
CUST05512,32,Female,29600.0,Oily,3.0,0.22,100.0,1,26-35
CUST06469,61,Female,50700.0,Combination,3.0,0.14,180.0,0,56+
CUST08448,40,Male,61300.0,Oily,4.0,0.36,180.0,0,36-45
CUST01830,30,Male,15000.0,Normal,4.0,0.35,,0,26-35
CUST02929,18,Male,51000.0,Oily,2.0,0.17,110.0,0,18-25
CUST09347,24,Female,29400.0,Normal,4.0,0.28,110.0,1,18-25
CUST06539,29,Male,64900.0,Dry,6.0,0.44,170.0,1,26-35
CUST04222,38,Female,61400.0,Combination,4.0,0.31,110.0,1,36-45
CUST03547,50,Female,,Normal,1.0,0.07,100.0,0,46-55
CUST05599,35,Male,27300.0,,5.0,0.39,210.0,1,26-35
CUST08975,20,Female,46900.0,Combination,5.0,0.46,120.0,1,18-25
CUST08009,30,Female,67600.0,Oily,5.0,0.49,270.0,0,26-35
CUST08193,38,Male,,Sensitive,4.0,0.29,150.0,1,36-45
CUST02012,52,Female,42300.0,Normal,2.0,0.12,120.0,0,46-55
CUST00914,25,Female,46900.0,Normal,5.0,0.39,160.0,1,18-25
CUST08284,30,Male,32900.0,Oily,7.0,0.58,260.0,0,26-35
CUST08272,37,Male,30900.0,Normal,2.0,0.13,100.0,1,36-45
CUST03220,43,Female,50300.0,Normal,4.0,0.31,150.0,0,36-45
CUST02607,21,Female,67900.0,Sensitive,4.0,0.35,210.0,1,18-25
CUST03265,27,Female,117000.0,Combination,3.0,0.27,250.0,0,26-35
CUST04929,48,Male,21800.0,Normal,,0.5,210.0,1,46-55
CUST08699,45,Male,33900.0,Oily,4.0,0.32,120.0,1,36-45
CUST06565,46,Female,25200.0,Dry,5.0,0.32,110.0,0,46-55
CUST08729,36,Male,15000.0,Combination,8.0,0.67,250.0,1,36-45
CUST00007,33,Female,71800.0,Combination,3.0,0.2,160.0,1,26-35
CUST02981,31,Male,88700.0,Dry,4.0,0.38,160.0,1,26-35
CUST06584,37,Female,66300.0,Oily,3.0,0.24,110.0,1,36-45
CUST03362,18,Female,24800.0,Combination,8.0,0.66,260.0,1,18-25
CUST04775,29,Female,38900.0,Oily,3.0,0.27,140.0,1,26-35
CUST01944,18,Male,38200.0,Oily,3.0,0.23,120.0,1,18-25
CUST07515,43,Female,34700.0,Combination,3.0,0.25,,0,36-45
CUST05500,24,Male,31000.0,Oily,1.0,0.1,100.0,1,18-25
CUST01636,44,Female,52800.0,Dry,2.0,0.18,100.0,1,36-45
CUST01142,18,Female,42600.0,Dry,6.0,0.54,220.0,0,18-25
CUST02042,39,Female,,Dry,5.0,0.41,210.0,0,36-45
CUST06816,32,Female,70200.0,Oily,3.0,0.33,180.0,0,26-35
CUST06704,50,Female,85400.0,Sensitive,3.0,0.29,200.0,1,46-55
CUST07884,49,Female,61800.0,,1.0,0.06,100.0,0,46-55
CUST02071,28,Male,26600.0,Combination,4.0,0.35,100.0,1,26-35
CUST03135,26,M,35900.0,Combination,2.0,0.13,110.0,1,26-35
CUST05161,31,Female,24200.0,Normal,1.0,0.03,100.0,1,26-35
CUST07827,39,Male,38500.0,Oily,2.0,0.18,100.0,0,36-45
CUST05276,18,Female,32900.0,Normal,3.0,0.26,140.0,0,18-25
CUST02243,18,Male,38300.0,Sensitive,5.0,0.48,220.0,1,18-25
CUST01475,30,Female,40000.0,Dry,3.0,0.28,110.0,0,26-35
CUST08628,19,Female,32100.0,Combination,1.0,0.14,100.0,0,18-25
CUST01890,38,Male,-10000.0,Sensitive,4.0,0.27,110.0,0,36-45
CUST03436,38,Male,45700.0,Dry,4.0,0.34,190.0,1,36-45
CUST07657,20,Female,61400.0,Combination,2.0,0.29,100.0,0,18-25
CUST07761,33,Female,88400.0,Dry,,0.12,180.0,0,26-35
CUST03706,29,Male,90800.0,Normal,,0.08,120.0,1,26-35
CUST02022,23,Male,15000.0,Oily,3.0,0.32,100.0,1,18-25
CUST04021,34,Male,49300.0,Oily,5.0,0.36,,1,26-35
CUST09564,32,Female,27600.0,Sensitive,4.0,0.36,170.0,1,26-35
CUST08479,18,Female,34300.0,,1.0,0.12,100.0,0,18-25
CUST03501,29,Male,59800.0,Normal,,0.29,120.0,1,26-35
CUST02659,30,Female,28700.0,Combination,3.0,0.2,100.0,0,26-35
CUST08492,55,Male,41500.0,Combination,4.0,0.35,150.0,0,46-55
CUST06949,47,Male,56800.0,Dry,2.0,0.14,130.0,0,46-55
CUST01131,22,Male,57800.0,Sensitive,6.0,0.52,180.0,1,18-25
CUST05558,37,Male,32700.0,Combination,3.0,0.18,100.0,1,36-45
CUST07421,34,Female,37100.0,Combination,6.0,0.56,120.0,1,26-35
CUST01820,29,Female,28900.0,Dry,4.0,0.35,120.0,0,26-35
CUST07602,18,Male,44500.0,Oily,2.0,0.13,130.0,0,18-25
CUST07546,50,Female,41600.0,Oily,,0.39,160.0,0,46-55
CUST04319,22,Female,39700.0,Sensitive,5.0,0.45,170.0,1,18-25
CUST09644,38,Male,53100.0,Dry,3.0,0.26,160.0,1,36-45
CUST04145,48,Male,43100.0,Sensitive,5.0,0.46,150.0,0,46-55
CUST04670,23,Female,37200.0,Normal,8.0,0.75,170.0,1,18-25
CUST01237,32,Female,36000.0,Oily,3.0,0.2,120.0,1,26-35
CUST05477,22,Male,49400.0,Combination,3.0,0.26,160.0,0,18-25
CUST09876,18,Female,43300.0,Oily,1.0,0.09,100.0,0,18-25
CUST01857,30,Female,64600.0,Combination,4.0,0.33,200.0,1,26-35
CUST02283,44,Female,22900.0,Normal,6.0,0.4,130.0,0,36-45
CUST08731,39,Female,44400.0,Dry,4.0,0.43,100.0,0,36-45
CUST09358,18,Male,59100.0,,4.0,0.37,130.0,0,18-25
CUST04094,19,Female,40600.0,Oily,5.0,0.36,220.0,1,18-25
CUST07123,18,Male,29100.0,Normal,4.0,0.39,100.0,1,18-25
CUST05201,35,Female,27000.0,Combination,2.0,0.15,100.0,0,26-35
CUST06402,21,Female,45500.0,Dry,1.0,0.09,100.0,0,18-25
CUST09969,28,Male,83900.0,Dry,2.0,0.21,140.0,0,26-35
CUST03422,31,Female,30000.0,,6.0,0.44,190.0,1,26-35
CUST09307,31,Female,44400.0,Sensitive,1.0,0.1,100.0,1,26-35
CUST00387,37,Female,62600.0,Sensitive,6.0,0.51,260.0,0,36-45
CUST08586,46,Male,43800.0,Dry,3.0,0.27,,0,46-55
CUST01629,36,Male,33500.0,Sensitive,7.0,0.63,220.0,0,36-45
CUST03586,54,Male,38600.0,Dry,3.0,0.22,150.0,0,46-55
CUST07475,45,Male,39500.0,Sensitive,3.0,0.27,120.0,0,36-45
CUST02715,30,Female,,Dry,2.0,0.18,100.0,0,26-35
CUST09579,28,Male,56500.0,Dry,3.0,0.25,140.0,1,26-35
CUST08471,36,Female,60100.0,Sensitive,2.0,0.07,120.0,0,36-45
CUST09684,45,Male,25800.0,Oily,7.0,0.52,210.0,1,36-45
CUST05660,34,Male,41000.0,Oily,3.0,0.24,120.0,1,26-35
CUST06857,21,Female,53500.0,Combination,4.0,0.32,190.0,1,18-25
CUST03190,18,Female,53000.0,Dry,2.0,0.18,130.0,0,18-25
CUST05203,22,Female,26000.0,Oily,8.0,0.75,250.0,0,18-25
CUST04306,32,Male,20300.0,Dry,4.0,0.32,130.0,1,26-35
CUST00910,20,Female,39700.0,Combination,1.0,0.1,100.0,1,18-25
CUST05386,45,Female,23200.0,Dry,5.0,0.39,170.0,1,36-45
CUST01997,35,Female,23200.0,Sensitive,4.0,0.34,,1,26-35
CUST01867,30,Female,20500.0,Oily,5.0,0.42,200.0,1,26-35
CUST01843,42,Female,32100.0,Oily,9.0,0.78,270.0,1,36-45
CUST02498,18,Female,96200.0,Combination,3.0,0.28,170.0,1,18-25
CUST00202,47,Male,59500.0,Dry,8.0,0.69,260.0,0,46-55
CUST08860,19,Male,111000.0,Combination,3.0,0.29,170.0,1,18-25
CUST07925,28,Male,43600.0,Dry,7.0,0.56,210.0,1,26-35
CUST05055,32,Male,69900.0,Oily,4.0,0.32,140.0,1,26-35
CUST05890,29,Female,53500.0,Combination,4.0,0.38,140.0,1,26-35
CUST04007,29,Female,39400.0,,7.0,0.57,250.0,1,26-35
CUST09941,38,Female,65300.0,Normal,2.0,0.18,120.0,1,36-45
CUST02703,41,Female,27800.0,Normal,1.0,0.06,100.0,1,36-45
CUST03450,32,Male,30400.0,Normal,5.0,0.39,150.0,0,26-35
CUST00332,39,Female,52500.0,Normal,4.0,0.32,120.0,1,36-45
CUST07201,41,Female,72200.0,Normal,7.0,0.52,270.0,1,36-45
CUST08998,18,Male,29900.0,Sensitive,6.0,0.42,220.0,1,18-25
CUST08306,38,Female,129500.0,Oily,1.0,0.14,160.0,1,36-45
CUST07238,32,Female,32100.0,Normal,2.0,0.13,100.0,1,26-35
CUST02460,18,Female,69100.0,Dry,5.0,0.4,160.0,1,18-25
CUST01775,44,Male,38300.0,Normal,4.0,0.38,160.0,1,36-45
CUST06629,26,Female,58400.0,Normal,4.0,0.41,190.0,0,26-35
CUST07660,35,Female,31000.0,Dry,3.0,0.19,100.0,1,26-35
CUST09440,34,Female,64600.0,Oily,1.0,0.07,100.0,0,26-35
CUST02687,18,Female,30900.0,Normal,3.0,0.24,160.0,1,18-25
CUST09185,23,Female,54500.0,Dry,5.0,0.35,220.0,0,18-25
CUST00990,27,Female,36600.0,Oily,4.0,0.31,140.0,0,26-35
CUST07255,33,Female,62000.0,Combination,3.0,0.17,110.0,1,26-35
CUST08384,23,Male,16000.0,Sensitive,4.0,0.37,100.0,1,18-25
CUST08109,18,Female,60000.0,Dry,2.0,0.1,130.0,0,18-25
CUST08588,24,Male,41300.0,Dry,3.0,0.19,120.0,1,18-25
CUST05807,21,Male,39800.0,Normal,4.0,0.3,150.0,0,18-25
CUST08771,27,Female,26700.0,Combination,3.0,0.29,110.0,1,26-35
CUST08735,29,Female,20100.0,Normal,5.0,0.41,100.0,1,26-35
CUST06575,27,Male,62700.0,Sensitive,3.0,0.18,170.0,1,26-35
CUST03053,22,Male,43700.0,Oily,5.0,0.41,170.0,0,18-25
CUST08675,31,Female,67000.0,Dry,4.0,0.29,150.0,1,26-35
CUST05463,20,Male,27700.0,Combination,4.0,0.33,100.0,0,18-25
CUST00174,19,Male,27300.0,Oily,1.0,0.13,100.0,1,18-25
CUST04955,44,Female,87800.0,Sensitive,5.0,0.4,200.0,1,36-45
CUST04616,50,Female,56700.0,Combination,2.0,0.19,150.0,0,46-55
CUST03322,29,Female,34500.0,Sensitive,5.0,0.43,170.0,1,26-35
CUST09073,37,Female,15000.0,Combination,2.0,0.12,100.0,0,36-45
CUST06247,23,Male,56600.0,Combination,2.0,0.22,120.0,1,18-25
CUST06746,36,Male,,Combination,4.0,0.29,130.0,0,36-45
CUST03373,18,Female,71500.0,Dry,1.0,0.03,100.0,0,18-25
CUST06049,41,Female,57900.0,Oily,1.0,0.11,100.0,0,36-45
CUST03312,39,Male,18900.0,Dry,6.0,0.47,140.0,1,36-45
CUST07479,18,Male,72100.0,Oily,9.0,0.69,300.0,1,18-25
CUST07356,21,Female,15000.0,Oily,3.0,0.24,100.0,1,18-25
CUST07648,47,Female,37500.0,Sensitive,6.0,0.57,160.0,0,46-55
CUST09415,54,Female,50800.0,Oily,5.0,0.31,230.0,0,46-55
CUST08849,36,Male,98300.0,Combination,3.0,0.25,180.0,0,36-45
CUST04552,25,Female,91300.0,Normal,1.0,0.07,110.0,1,18-25
CUST04680,20,Female,31800.0,Oily,7.0,0.66,220.0,1,18-25
CUST03404,44,Female,,Normal,3.0,0.32,110.0,0,36-45
CUST00019,42,Male,68900.0,Normal,4.0,0.31,200.0,1,36-45
CUST03692,31,Female,48100.0,Combination,3.0,0.26,140.0,1,26-35
CUST09489,36,Female,35800.0,Oily,1.0,0.08,100.0,0,36-45
CUST04097,38,Female,41700.0,Combination,3.0,0.26,140.0,1,36-45
CUST03629,45,Female,27200.0,Sensitive,5.0,0.4,,1,36-45
CUST08900,23,Female,59100.0,Normal,5.0,0.36,240.0,0,18-25
CUST02175,36,Male,73600.0,Dry,5.0,0.43,290.0,1,36-45
CUST01357,28,female,26400.0,Combination,0.0,0.0,100.0,1,26-35
CUST05003,24,Male,39000.0,Dry,4.0,0.33,150.0,0,18-25
CUST07454,18,Female,39400.0,Dry,6.0,0.52,230.0,0,18-25
CUST06923,30,Female,29900.0,Dry,2.0,0.15,100.0,0,26-35
CUST05824,30,Male,47500.0,Normal,3.0,0.32,110.0,1,26-35
CUST09542,25,Female,59200.0,Normal,3.0,0.26,150.0,1,18-25
CUST05671,26,Male,42000.0,Normal,2.0,0.08,110.0,0,26-35
CUST03113,50,Male,36700.0,Dry,2.0,0.11,100.0,0,46-55
CUST00183,27,Female,,Sensitive,3.0,0.26,160.0,0,26-35
CUST03643,31,Female,44700.0,Oily,4.0,0.29,100.0,1,26-35
CUST08895,38,Female,18700.0,Normal,6.0,0.52,170.0,0,36-45
CUST01813,35,Male,138500.0,Normal,3.0,0.18,,1,26-35
CUST07941,31,Female,52200.0,Combination,9.0,0.66,340.0,0,26-35
CUST09006,62,Male,27200.0,Normal,6.0,0.46,150.0,0,56+
CUST04913,36,Male,21100.0,Normal,4.0,0.25,100.0,0,36-45
CUST05669,25,Male,25900.0,Dry,3.0,0.23,120.0,1,18-25
CUST08580,50,Female,24400.0,Combination,3.0,0.3,100.0,0,46-55
CUST01801,32,Female,62400.0,Dry,4.0,0.31,190.0,0,26-35
CUST09289,40,Female,43400.0,Dry,9.0,0.73,230.0,1,36-45
CUST02430,52,Male,58500.0,Combination,5.0,0.47,230.0,1,46-55
CUST05483,32,Female,31900.0,Combination,1.0,0.01,100.0,0,26-35
CUST06762,28,Female,52700.0,Dry,5.0,0.39,180.0,0,26-35
CUST09879,22,Female,26500.0,Dry,4.0,0.3,180.0,1,18-25
CUST07573,26,Female,54300.0,,3.0,0.39,130.0,1,26-35
CUST01969,27,Male,45600.0,Dry,5.0,0.5,210.0,1,26-35
CUST08375,30,Male,41100.0,Sensitive,2.0,0.19,100.0,0,26-35
CUST08202,18,Male,,Normal,6.0,0.55,180.0,1,18-25
CUST07760,18,Female,42000.0,Sensitive,3.0,0.25,120.0,1,18-25
CUST07711,26,Male,38900.0,Combination,2.0,0.21,100.0,1,26-35
CUST07009,28,Female,28000.0,Sensitive,2.0,0.16,100.0,0,26-35
CUST04988,35,Male,70300.0,Sensitive,7.0,0.58,210.0,1,26-35
CUST09796,30,Female,42500.0,,4.0,0.28,150.0,0,26-35
CUST04651,22,Male,47700.0,Normal,2.0,0.16,110.0,0,18-25
CUST01160,18,Female,65400.0,Normal,4.0,0.25,160.0,1,18-25
CUST01214,24,Female,35300.0,Normal,3.0,0.22,110.0,0,18-25
CUST07399,24,Female,41100.0,Sensitive,0.0,0.0,100.0,0,18-25
CUST01326,43,Male,34800.0,Combination,4.0,0.35,140.0,1,36-45
CUST09431,22,Female,44800.0,Dry,3.0,0.3,160.0,0,18-25
CUST09882,35,Female,31100.0,Oily,4.0,0.35,140.0,0,26-35
CUST04797,36,Male,,Oily,3.0,0.27,100.0,1,36-45
CUST06797,28,Male,39000.0,Oily,7.0,0.58,190.0,1,26-35
CUST05809,26,Female,66100.0,Sensitive,3.0,0.32,140.0,0,26-35
CUST05944,18,Male,74300.0,Dry,3.0,0.32,180.0,0,18-25
CUST09321,41,Female,46500.0,Dry,4.0,0.31,130.0,0,36-45
CUST09904,36,Female,37900.0,Oily,4.0,0.4,140.0,1,36-45
CUST01456,31,Male,59900.0,Sensitive,5.0,0.41,,0,26-35
CUST05411,41,Male,62000.0,Combination,5.0,0.31,170.0,0,36-45
CUST09378,30,Male,27500.0,Oily,1.0,0.18,100.0,1,26-35
CUST08464,29,Male,49100.0,Combination,7.0,0.5,300.0,1,26-35
CUST04963,35,Male,32700.0,Sensitive,,0.34,,1,26-35
CUST02801,29,Female,42300.0,Oily,2.0,0.12,120.0,1,26-35
CUST01645,18,Female,42700.0,Combination,5.0,0.42,180.0,0,18-25
CUST02141,31,Female,28000.0,Sensitive,3.0,0.25,100.0,1,26-35
CUST04537,22,,65000.0,Oily,3.0,0.23,140.0,0,18-25
CUST04458,29,Female,32100.0,Combination,6.0,0.45,270.0,1,26-35
CUST08989,21,Female,,Oily,1.0,0.07,100.0,0,18-25
CUST05587,26,Male,74900.0,Dry,6.0,0.51,250.0,0,26-35
CUST04379,27,Female,24000.0,Combination,2.0,0.26,100.0,1,26-35
CUST00730,20,Male,23500.0,Oily,4.0,0.28,,1,18-25
CUST04358,28,Male,43400.0,Oily,6.0,0.5,210.0,1,26-35
CUST07813,21,Female,82800.0,Dry,1.0,0.13,110.0,1,18-25
CUST06717,27,Male,23400.0,Oily,,0.29,140.0,1,26-35
CUST01937,32,Female,57600.0,Oily,4.0,0.44,140.0,0,26-35
CUST03794,40,Male,34100.0,Oily,3.0,0.24,100.0,0,36-45
CUST03737,27,Male,60200.0,Normal,9.0,0.78,390.0,1,26-35
CUST02262,23,Male,34300.0,Combination,2.0,0.17,100.0,1,18-25
CUST04006,29,Female,39600.0,Normal,2.0,0.1,100.0,1,26-35
CUST01111,48,Male,52800.0,Normal,6.0,0.42,240.0,1,46-55
CUST09066,42,Male,49800.0,Normal,4.0,0.29,160.0,0,36-45
CUST05481,39,Male,47200.0,Oily,2.0,0.16,120.0,1,36-45
CUST02999,41,Male,40400.0,Sensitive,6.0,0.49,,1,36-45
CUST02395,22,Female,30700.0,Dry,3.0,0.21,100.0,0,18-25
CUST01186,18,Male,22100.0,Oily,5.0,0.32,120.0,0,18-25
CUST02008,20,Female,66700.0,Sensitive,6.0,0.49,250.0,0,18-25
CUST00194,48,Male,42400.0,Oily,5.0,0.4,150.0,1,46-55
CUST05612,24,Female,42700.0,Sensitive,3.0,0.2,100.0,1,18-25
CUST02902,18,Male,,Normal,4.0,0.42,140.0,0,18-25
CUST00579,29,Female,18900.0,Combination,2.0,0.25,100.0,1,26-35
CUST06220,24,Female,16100.0,Combination,3.0,0.27,100.0,1,18-25
CUST05526,18,Female,32200.0,Dry,8.0,0.67,240.0,1,18-25
CUST00772,47,Female,47000.0,Sensitive,3.0,0.15,100.0,0,46-55
CUST08485,33,Female,40100.0,Normal,2.0,0.18,100.0,0,26-35
CUST02396,19,Male,68600.0,Oily,2.0,0.14,100.0,1,18-25
CUST01479,28,FEMALE,44200.0,Dry,2.0,0.25,120.0,1,26-35
CUST01847,32,Male,68200.0,Oily,8.0,0.68,200.0,0,26-35
CUST09146,39,Male,72000.0,Combination,5.0,0.29,,0,36-45
CUST04275,36,Male,65000.0,Combination,4.0,0.32,160.0,1,36-45
CUST03741,18,Female,60400.0,Dry,6.0,0.49,280.0,0,18-25
CUST04601,40,Male,59900.0,Normal,6.0,0.51,270.0,1,36-45
CUST09932,39,Male,47300.0,Oily,5.0,0.48,170.0,0,36-45
CUST09968,29,Female,23400.0,Combination,4.0,0.26,180.0,1,26-35
CUST06677,30,Female,22600.0,Normal,5.0,0.38,130.0,1,26-35
CUST06376,34,Male,39600.0,Sensitive,2.0,0.1,100.0,0,26-35
CUST08192,51,Female,37300.0,Dry,4.0,0.38,120.0,1,46-55
CUST09578,49,Male,76700.0,Combination,5.0,0.5,210.0,0,46-55
CUST04916,33,Male,64700.0,Oily,3.0,0.23,150.0,1,26-35
CUST02074,29,Male,-10000.0,Normal,6.0,0.5,270.0,1,26-35
CUST04755,52,Female,16400.0,Oily,5.0,0.4,190.0,1,46-55
CUST01897,18,Female,,Sensitive,4.0,0.28,150.0,0,18-25
CUST08590,18,Female,,Combination,9.0,0.79,340.0,1,18-25
CUST06703,18,Male,55000.0,Combination,4.0,0.3,110.0,1,18-25
CUST06318,26,Male,60900.0,Sensitive,4.0,0.33,130.0,1,26-35
CUST03660,32,Female,93300.0,Combination,1.0,0.03,140.0,1,26-35
CUST06582,27,Male,46600.0,Oily,5.0,0.38,120.0,1,26-35
CUST02380,31,Male,24700.0,,8.0,0.64,140.0,1,26-35
CUST01448,49,Female,53500.0,Combination,2.0,0.15,110.0,0,46-55
CUST00343,33,Male,35800.0,Combination,5.0,0.44,150.0,0,26-35
CUST05128,47,Female,61400.0,Oily,2.0,0.1,150.0,0,46-55
CUST03137,46,Female,24000.0,Normal,1.0,0.07,100.0,1,46-55
CUST02528,28,Female,30000.0,Sensitive,5.0,0.43,,0,26-35
CUST00728,40,Female,47600.0,Normal,1.0,0.11,100.0,1,36-45
CUST04578,18,Female,47100.0,Dry,2.0,0.16,100.0,1,18-25
CUST00977,44,Male,43000.0,Combination,7.0,0.58,220.0,1,36-45
CUST08427,33,Female,34800.0,Combination,4.0,0.26,160.0,1,26-35
CUST05444,31,Female,20700.0,Dry,3.0,0.35,120.0,1,26-35
CUST09072,18,Female,81300.0,Normal,1.0,0.0,100.0,1,18-25
CUST03517,37,Male,31100.0,Normal,5.0,0.48,130.0,0,36-45
CUST08043,40,Female,,Dry,5.0,0.48,140.0,0,36-45
CUST09827,18,Male,39900.0,Oily,5.0,0.38,220.0,1,18-25
CUST03941,33,Female,31300.0,Combination,,0.21,100.0,0,26-35
CUST01300,21,Male,87900.0,Dry,2.0,0.14,140.0,0,18-25
CUST09804,18,Female,54000.0,Sensitive,3.0,0.19,130.0,0,18-25
CUST01349,42,Female,19600.0,Oily,4.0,0.26,100.0,1,36-45
CUST00661,18,Male,17300.0,Combination,4.0,0.32,140.0,1,18-25
CUST05887,36,Female,59900.0,Oily,3.0,0.14,100.0,1,36-45
CUST01493,25,Female,25300.0,Combination,1.0,0.05,100.0,0,18-25
CUST09986,42,Male,67600.0,Combination,4.0,0.34,120.0,0,36-45
CUST04590,27,Male,36700.0,Dry,1.0,0.14,100.0,1,26-35
CUST08768,33,Male,33900.0,Normal,7.0,0.58,240.0,1,26-35
CUST05155,39,Male,36300.0,Oily,5.0,0.41,220.0,1,36-45
CUST02316,36,Female,29200.0,Dry,5.0,0.36,170.0,1,36-45
CUST09654,40,Male,59300.0,,,0.14,150.0,1,36-45
CUST09617,39,Male,21700.0,Dry,1.0,0.09,100.0,1,36-45
CUST07025,32,Female,48200.0,Normal,106.0,0.41,150.0,0,26-35
CUST01086,28,Female,32400.0,Normal,5.0,0.4,180.0,1,26-35
CUST02525,53,Female,45500.0,Sensitive,5.0,0.36,180.0,0,46-55
CUST08514,25,Female,79200.0,Sensitive,5.0,0.43,140.0,1,18-25
CUST05375,33,Female,32300.0,Combination,4.0,0.32,120.0,0,26-35
CUST03199,43,Female,53200.0,,6.0,0.51,200.0,1,36-45
CUST05752,36,Female,48400.0,Oily,5.0,0.51,230.0,0,36-45
CUST04009,23,Male,26900.0,Combination,5.0,0.43,140.0,1,18-25
CUST05718,27,Female,28000.0,Oily,4.0,0.26,120.0,1,26-35
CUST06658,30,Female,27200.0,Oily,6.0,0.39,220.0,1,26-35
CUST08451,44,Male,136700.0,Normal,2.0,0.25,230.0,0,36-45
CUST08274,39,Female,27500.0,Oily,4.0,0.43,170.0,0,36-45
CUST00068,27,Female,95700.0,Dry,5.0,0.36,260.0,1,26-35
CUST07989,31,Female,55800.0,Combination,4.0,0.33,140.0,1,26-35
CUST00041,40,Female,33100.0,Oily,6.0,0.51,210.0,0,36-45
CUST02270,27,Male,87400.0,Combination,4.0,0.31,250.0,1,26-35
CUST02382,41,Male,49100.0,Combination,6.0,0.49,250.0,1,36-45
CUST07404,22,Female,15200.0,Combination,6.0,0.49,180.0,1,18-25
CUST08876,21,Female,27500.0,Sensitive,4.0,0.36,190.0,0,18-25
CUST04917,18,Female,40300.0,Dry,6.0,0.47,160.0,1,18-25
CUST05323,25,Male,40900.0,Oily,5.0,0.46,130.0,1,18-25
CUST05774,44,Female,71200.0,Dry,6.0,0.55,240.0,1,36-45
CUST06233,31,Male,47800.0,Combination,4.0,0.39,130.0,0,26-35
CUST06964,37,Female,27000.0,Dry,3.0,0.3,,0,36-45
CUST03448,43,Female,15400.0,Dry,2.0,0.15,100.0,1,36-45
CUST06817,26,Female,22400.0,Combination,4.0,0.27,170.0,1,26-35
CUST02368,28,Male,49600.0,Sensitive,6.0,0.47,160.0,1,26-35
CUST08714,33,Female,23200.0,Combination,3.0,0.21,,0,26-35
CUST08216,36,Female,42100.0,Combination,4.0,0.42,140.0,1,36-45
CUST02513,34,Male,52400.0,Combination,7.0,0.56,260.0,0,26-35
CUST09659,28,Male,,Normal,,0.42,120.0,0,26-35
CUST02724,34,Female,51200.0,Normal,2.0,0.22,120.0,0,26-35
CUST05949,44,Female,31200.0,Normal,6.0,0.52,250.0,0,36-45
CUST09223,34,Female,43800.0,Oily,6.0,0.47,150.0,1,26-35
CUST08615,33,Male,43300.0,Normal,1.0,0.0,100.0,0,26-35
CUST01144,26,Female,33800.0,Sensitive,1.0,0.04,100.0,0,26-35
CUST09776,35,Female,30200.0,Normal,3.0,0.25,110.0,1,26-35
CUST07284,32,Female,23900.0,Oily,5.0,0.45,200.0,1,26-35
CUST08328,35,Male,31100.0,Sensitive,,0.18,100.0,1,26-35
CUST09258,41,Male,50100.0,Combination,2.0,0.21,100.0,1,36-45
CUST04729,36,Female,36700.0,Normal,8.0,0.67,290.0,1,36-45
CUST05495,41,Male,25200.0,Oily,3.0,0.28,130.0,1,36-45
CUST05756,35,Female,32900.0,Combination,8.0,0.66,350.0,1,26-35
CUST07626,32,Male,37900.0,Normal,2.0,0.16,100.0,0,26-35
CUST03790,27,Female,33600.0,Oily,4.0,0.31,170.0,0,26-35
CUST02221,33,Female,60000.0,Combination,3.0,0.26,180.0,1,26-35
CUST05076,32,Female,41700.0,Combination,4.0,0.34,120.0,1,26-35
CUST02332,18,Female,44900.0,Dry,2.0,0.2,,0,18-25
CUST05395,35,Male,33200.0,Normal,2.0,0.14,100.0,0,26-35
CUST07502,18,Male,56500.0,Oily,4.0,0.34,170.0,1,18-25
CUST08135,39,Female,75800.0,Sensitive,5.0,0.44,150.0,1,36-45
CUST07091,20,Female,57400.0,Sensitive,5.0,0.48,250.0,1,18-25
CUST09374,34,Male,71100.0,Sensitive,5.0,0.4,180.0,0,26-35
CUST04089,27,Male,59100.0,Sensitive,5.0,0.41,220.0,1,26-35
CUST01968,31,Male,43000.0,Oily,7.0,0.58,300.0,1,26-35
CUST09027,38,Female,27400.0,Normal,7.0,0.59,300.0,0,36-45
CUST09204,52,Male,30300.0,Combination,5.0,0.46,220.0,0,46-55
CUST06758,19,Female,38400.0,Dry,5.0,0.37,,1,18-25
CUST09626,42,Female,39300.0,Dry,2.0,0.15,100.0,1,36-45
CUST04366,43,Male,63700.0,Normal,5.0,0.42,240.0,1,36-45
CUST07000,37,Male,40600.0,Combination,5.0,0.46,140.0,0,36-45
CUST00424,18,Male,58500.0,Oily,10.0,0.8,270.0,1,18-25
CUST00281,37,Male,73700.0,Oily,7.0,0.6,330.0,0,36-45
CUST01905,39,Male,33200.0,Oily,3.0,0.18,100.0,1,36-45
CUST00596,27,Female,34400.0,Dry,1.0,0.09,100.0,0,26-35
CUST08617,31,Female,42900.0,Dry,3.0,0.33,100.0,0,26-35
CUST03918,25,Female,42700.0,Oily,3.0,0.25,110.0,1,18-25
CUST06143,54,Female,67200.0,Oily,6.0,0.5,180.0,0,46-55
CUST05662,35,Male,35900.0,Combination,6.0,0.52,250.0,1,26-35
CUST05779,46,Male,39800.0,Sensitive,2.0,0.15,100.0,0,46-55
CUST03619,36,Female,17500.0,Oily,3.0,0.27,110.0,1,36-45
CUST06846,39,Female,40700.0,Dry,9.0,0.72,370.0,1,36-45
CUST00840,28,,64500.0,Dry,2.0,0.2,120.0,1,26-35
CUST04597,28,Female,28700.0,Combination,4.0,0.31,110.0,0,26-35
CUST08127,46,Male,42200.0,Normal,2.0,0.02,110.0,0,46-55
CUST00142,21,Male,51700.0,Normal,3.0,0.27,170.0,1,18-25
CUST02598,35,Female,28000.0,Normal,1.0,0.04,100.0,0,26-35
CUST06702,51,Male,30200.0,Combination,5.0,0.31,180.0,0,46-55
CUST07822,43,Female,39400.0,Oily,5.0,0.43,120.0,0,36-45
CUST01378,34,Female,29900.0,Normal,6.0,0.45,240.0,0,26-35
CUST03675,18,Female,48900.0,Dry,2.0,0.13,110.0,0,18-25
CUST08808,29,Female,21600.0,Normal,5.0,0.46,110.0,1,26-35
CUST09935,35,Female,33400.0,Normal,10.0,0.73,270.0,1,26-35
CUST06363,29,Female,55300.0,Combination,4.0,0.41,180.0,1,26-35
CUST04742,31,Male,56800.0,Oily,3.0,0.32,150.0,0,26-35
CUST03809,31,Male,32100.0,Normal,8.0,0.59,180.0,0,26-35
CUST01139,31,Female,52200.0,Normal,8.0,0.65,210.0,1,26-35
CUST02258,35,Female,15000.0,Oily,1.0,0.07,100.0,1,26-35
CUST07931,26,F,25000.0,Combination,7.0,0.52,270.0,1,26-35
CUST01788,18,Female,,Normal,4.0,0.32,190.0,0,18-25
CUST03939,33,Male,88200.0,Combination,5.0,0.39,270.0,1,26-35
CUST07967,30,Male,28700.0,Normal,4.0,0.35,100.0,0,26-35
CUST04647,31,Female,57300.0,Dry,4.0,0.34,130.0,0,26-35
CUST00460,32,Female,22400.0,Sensitive,3.0,0.22,100.0,0,26-35
CUST06116,48,Female,28700.0,,7.0,0.55,170.0,0,46-55
CUST09582,20,Female,61600.0,Oily,4.0,0.3,170.0,0,18-25
CUST00949,36,Male,33300.0,Dry,5.0,0.36,150.0,1,36-45
CUST03701,31,Male,18700.0,Dry,2.0,0.22,100.0,1,26-35
CUST01337,37,Male,72800.0,Combination,3.0,0.24,130.0,0,36-45
CUST06371,39,Male,44100.0,Combination,3.0,0.23,120.0,1,36-45
CUST04629,24,Female,58200.0,Oily,5.0,0.33,160.0,0,18-25
CUST06287,46,Male,19400.0,Sensitive,7.0,0.57,270.0,0,46-55
CUST05926,21,Male,44600.0,Combination,2.0,0.06,120.0,1,18-25
CUST05935,18,Female,36100.0,Dry,2.0,0.11,120.0,0,18-25
CUST06041,55,FEMALE,82100.0,Oily,2.0,0.15,150.0,0,46-55
CUST00442,36,Female,51600.0,Combination,6.0,0.54,250.0,1,36-45
CUST06660,18,Female,36900.0,Sensitive,2.0,0.19,110.0,1,18-25
CUST01603,46,Female,28100.0,Normal,3.0,0.26,,1,46-55
CUST02239,22,Female,50700.0,Normal,4.0,0.36,190.0,0,18-25
CUST00640,38,Female,96800.0,Dry,2.0,0.23,140.0,1,36-45
CUST09860,34,Female,30800.0,Combination,4.0,0.33,110.0,0,26-35
CUST03831,21,Female,54100.0,Oily,5.0,0.46,240.0,1,18-25
CUST09433,27,Male,20800.0,Combination,2.0,0.17,100.0,1,26-35
CUST06145,42,Female,15000.0,Normal,4.0,0.46,100.0,1,36-45
CUST08053,34,Female,133400.0,Normal,6.0,0.55,230.0,0,26-35
CUST09090,18,Female,52300.0,Dry,8.0,0.65,370.0,1,18-25
CUST06345,21,Female,46200.0,Oily,7.0,0.63,180.0,1,18-25
CUST02502,35,Male,45200.0,Combination,1.0,0.14,100.0,1,26-35
CUST01959,29,Female,34900.0,Dry,3.0,0.27,100.0,0,26-35
CUST01071,30,Male,45300.0,Sensitive,2.0,0.17,130.0,1,26-35
CUST00156,51,Female,48600.0,Dry,3.0,0.28,130.0,0,46-55
CUST02296,42,Female,64800.0,Sensitive,6.0,0.5,290.0,0,36-45
CUST08162,49,Male,68700.0,Combination,5.0,0.43,210.0,0,46-55
CUST04579,27,Male,25000.0,Oily,2.0,0.15,100.0,0,26-35
CUST01090,29,Male,86300.0,Dry,4.0,0.3,240.0,0,26-35
CUST06050,30,Female,72200.0,Oily,9.0,0.81,250.0,1,26-35
CUST06416,21,Male,36500.0,Oily,3.0,0.24,120.0,0,18-25
CUST02941,50,Female,45100.0,Oily,2.0,0.11,100.0,0,46-55
CUST00724,18,Female,,Dry,,0.03,100.0,0,18-25
CUST04385,40,Female,20400.0,Combination,5.0,0.35,210.0,0,36-45
CUST00931,32,Male,38500.0,Dry,4.0,0.36,120.0,0,26-35
CUST02910,38,Male,50500.0,Combination,3.0,0.18,110.0,0,36-45
CUST07911,39,Male,54100.0,Combination,5.0,0.45,150.0,1,36-45
CUST06764,47,Male,63300.0,Combination,5.0,0.35,220.0,1,46-55
CUST08424,45,Female,41000.0,Combination,3.0,0.21,100.0,0,36-45
CUST06417,47,Female,,Combination,2.0,0.24,100.0,1,46-55
CUST00896,44,Male,34300.0,Dry,6.0,0.47,180.0,1,36-45
CUST03248,18,Female,60200.0,Combination,5.0,0.47,220.0,1,18-25
CUST02327,18,Female,,Combination,5.0,0.35,170.0,1,18-25
CUST07097,18,Female,32300.0,Combination,4.0,0.33,100.0,1,18-25
CUST08630,47,Male,50100.0,Dry,5.0,0.45,190.0,1,46-55
CUST07645,37,Female,73300.0,,3.0,0.27,120.0,0,36-45
CUST09782,30,Female,49400.0,Normal,6.0,0.42,140.0,0,26-35
CUST05039,18,Female,27700.0,Normal,7.0,0.5,240.0,1,18-25
CUST06451,41,Female,,Combination,1.0,0.05,100.0,0,36-45
CUST04137,47,Male,,Dry,3.0,0.17,130.0,1,46-55
CUST09286,34,Female,31800.0,Oily,6.0,0.44,240.0,1,26-35
CUST01716,33,Female,28100.0,Normal,0.0,0.0,100.0,1,26-35
CUST01699,18,Female,29700.0,Oily,4.0,0.28,100.0,0,18-25
CUST09730,58,Male,44600.0,Combination,4.0,0.34,170.0,0,56+
CUST09589,33,Female,27400.0,Dry,4.0,0.41,130.0,1,26-35
CUST02751,36,Female,,Dry,2.0,0.1,100.0,1,36-45
CUST08260,35,Male,41400.0,Combination,4.0,0.3,,0,26-35
CUST03832,56,Male,103600.0,Dry,5.0,0.45,210.0,0,56+
CUST06300,26,Male,32900.0,Sensitive,3.0,0.27,140.0,1,26-35
CUST03349,38,Male,27100.0,Normal,1.0,0.17,100.0,0,36-45
CUST09558,30,Male,31900.0,Combination,3.0,0.2,150.0,1,26-35
CUST00986,39,Male,52400.0,Oily,2.0,0.17,100.0,0,36-45
CUST01822,40,Female,28100.0,Oily,,0.08,100.0,1,36-45
CUST04572,50,Male,73500.0,Dry,4.0,0.35,130.0,0,46-55
CUST00588,23,Female,30200.0,Normal,5.0,0.42,170.0,1,18-25
CUST09797,38,Female,48300.0,Combination,4.0,0.39,110.0,1,36-45
CUST05078,33,Male,61500.0,Normal,2.0,0.14,100.0,0,26-35
CUST07848,36,Male,40500.0,Normal,8.0,0.69,260.0,0,36-45
CUST08359,55,Female,40200.0,Combination,4.0,0.27,110.0,0,46-55
CUST09649,18,Female,31900.0,Combination,2.0,0.24,100.0,1,18-25
CUST00577,47,Female,43000.0,Normal,4.0,0.29,120.0,0,46-55
CUST05484,48,Male,43700.0,Combination,1.0,0.09,100.0,1,46-55
CUST07811,37,Male,29700.0,Combination,3.0,0.27,120.0,0,36-45
CUST09318,26,Female,29700.0,Combination,2.0,0.22,100.0,0,26-35
CUST05515,28,Female,55200.0,Combination,7.0,0.54,180.0,1,26-35
CUST07922,44,Female,19000.0,Dry,6.0,0.5,220.0,1,36-45
CUST08909,27,Female,29200.0,Normal,4.0,0.37,140.0,1,26-35
CUST05554,25,Female,20900.0,,0.0,0.0,100.0,1,18-25
CUST03558,37,Male,25700.0,Combination,5.0,0.41,160.0,0,36-45
CUST01396,52,Male,17300.0,Oily,,0.59,250.0,1,46-55
CUST00265,37,Male,56100.0,Oily,3.0,0.31,110.0,1,36-45
CUST03548,44,Male,73100.0,Combination,2.0,0.11,120.0,0,36-45
CUST06845,28,Male,24300.0,Oily,3.0,0.28,100.0,1,26-35
CUST07692,27,Female,33200.0,Sensitive,0.0,0.03,100.0,0,26-35
CUST06789,18,Female,50000.0,Sensitive,6.0,0.52,160.0,1,18-25
CUST03070,23,Male,50700.0,Oily,4.0,0.3,160.0,1,18-25
CUST05026,18,Female,18800.0,Combination,1.0,0.07,100.0,0,18-25
CUST08432,34,Female,22600.0,Oily,3.0,0.17,100.0,0,26-35
CUST03865,18,Male,32900.0,Combination,8.0,0.69,190.0,1,18-25
CUST09110,31,Male,,Normal,2.0,0.23,100.0,1,26-35
CUST02401,27,Female,43000.0,Normal,5.0,0.45,180.0,0,26-35
CUST06275,31,Female,42800.0,Normal,3.0,0.25,120.0,0,26-35
CUST08521,26,Female,,Normal,4.0,0.29,100.0,1,26-35
CUST03712,39,Male,22000.0,Normal,5.0,0.4,100.0,1,36-45
CUST00247,20,Male,53600.0,Oily,5.0,0.34,150.0,1,18-25
CUST01595,36,Female,48400.0,Dry,1.0,0.09,100.0,0,36-45
CUST09890,24,Male,,Oily,6.0,0.49,210.0,1,18-25
CUST01530,39,Female,28300.0,Dry,6.0,0.52,150.0,0,36-45
CUST09236,32,Female,41300.0,Combination,3.0,0.34,35732.09236051003,1,26-35
CUST00924,26,Male,39100.0,Oily,2.0,0.16,100.0,0,26-35
CUST07617,47,Female,36000.0,Dry,7.0,0.58,270.0,0,46-55
CUST04365,18,Female,67600.0,Combination,5.0,0.44,180.0,0,18-25
CUST00670,18,Female,39100.0,Combination,3.0,0.2,130.0,1,18-25
CUST03605,33,Female,25500.0,,2.0,0.15,100.0,1,26-35
CUST05109,29,Female,70200.0,Sensitive,1.0,0.13,100.0,0,26-35
CUST01911,23,Female,52400.0,Combination,2.0,0.13,100.0,1,18-25
CUST07277,56,Male,15000.0,Normal,3.0,0.23,120.0,0,56+
CUST08380,53,Male,23400.0,Normal,8.0,0.68,240.0,0,46-55
CUST05249,36,Male,63500.0,Dry,3.0,0.32,150.0,1,36-45
CUST07184,35,Male,50700.0,Oily,3.0,0.26,110.0,1,26-35
CUST03959,25,Male,25400.0,Oily,4.0,0.31,120.0,0,18-25
CUST06958,39,Female,54100.0,,7.0,0.56,260.0,1,36-45
CUST06027,33,Female,27500.0,Dry,3.0,0.26,110.0,0,26-35
CUST05644,51,Male,41700.0,Normal,6.0,0.48,,0,46-55
CUST02697,37,Female,29400.0,Oily,4.0,0.34,160.0,0,36-45
CUST02592,56,Male,64200.0,Dry,2.0,0.11,120.0,0,56+
CUST05907,33,Female,53100.0,Combination,3.0,0.23,160.0,1,26-35
CUST01782,33,Female,21400.0,Oily,6.0,0.46,120.0,1,26-35
CUST06510,36,Male,73000.0,Normal,2.0,0.24,150.0,1,36-45
CUST03014,33,Female,27700.0,Normal,3.0,0.21,120.0,1,26-35
CUST07134,27,Female,134400.0,Dry,5.0,0.44,290.0,1,26-35
CUST02308,32,Female,24100.0,Sensitive,9.0,0.76,300.0,1,26-35
CUST07339,27,Male,80400.0,,2.0,0.13,110.0,1,26-35
CUST03691,40,Male,29000.0,Oily,4.0,0.44,,1,36-45
CUST00688,48,Male,43300.0,Oily,4.0,0.37,110.0,1,46-55
CUST06012,40,Female,53600.0,Normal,4.0,0.34,160.0,0,36-45
CUST07072,43,Male,23600.0,Combination,4.0,0.41,170.0,1,36-45
CUST00613,18,Male,50900.0,Combination,3.0,0.34,140.0,0,18-25
CUST07168,34,Male,,Oily,2.0,0.09,110.0,0,26-35
CUST07705,33,Female,35500.0,Sensitive,4.0,0.31,180.0,1,26-35
CUST03201,26,Male,41600.0,Combination,3.0,0.27,110.0,0,26-35
CUST02268,30,Female,30300.0,Combination,3.0,0.23,110.0,1,26-35
CUST09821,27,Male,44800.0,Oily,1.0,0.13,100.0,0,26-35
CUST06630,25,Female,67500.0,Dry,3.0,0.22,190.0,1,18-25
CUST04136,25,Male,20700.0,Oily,4.0,0.3,130.0,1,18-25
CUST01899,27,Female,84900.0,Dry,2.0,0.13,100.0,1,26-35
CUST09570,29,Male,18700.0,Dry,5.0,0.49,120.0,1,26-35
CUST07782,30,Male,51100.0,,4.0,0.43,180.0,0,26-35
CUST00259,31,Male,24800.0,Oily,3.0,0.33,130.0,1,26-35
CUST02925,25,Male,35500.0,Normal,3.0,0.33,130.0,1,18-25
CUST09463,33,Male,40400.0,Normal,6.0,0.47,160.0,0,26-35
CUST04944,24,Female,16700.0,Oily,3.0,0.25,100.0,0,18-25
CUST02823,39,Female,40200.0,Normal,3.0,0.16,150.0,1,36-45
CUST06530,18,Female,42400.0,Sensitive,5.0,0.39,140.0,1,18-25
CUST03340,18,Male,39100.0,Combination,5.0,0.39,,0,18-25
CUST03526,49,Female,53900.0,Oily,,0.3,150.0,1,46-55
CUST04564,29,Female,35700.0,Combination,5.0,0.41,220.0,1,26-35
CUST09696,36,Male,70500.0,Combination,4.0,0.35,230.0,1,36-45
CUST09043,19,Female,42600.0,Oily,5.0,0.45,200.0,0,18-25
CUST05330,38,Male,45600.0,Dry,6.0,0.5,230.0,0,36-45
CUST05224,36,Female,40800.0,Normal,0.0,0.0,,0,36-45
CUST02286,36,Female,67300.0,Dry,5.0,0.39,140.0,0,36-45
CUST06064,37,Male,31600.0,Sensitive,5.0,0.43,,1,36-45
CUST04655,34,Male,38600.0,Dry,4.0,0.32,170.0,0,26-35
CUST05001,200,Female,49900.0,Dry,4.0,0.4,180.0,1,26-35
CUST06711,45,Male,39900.0,Dry,2.0,0.21,110.0,0,36-45
CUST09362,26,Male,55500.0,Oily,3.0,0.33,160.0,1,26-35
CUST00485,31,Female,28400.0,Oily,2.0,0.16,100.0,1,26-35
CUST02212,43,Female,19800.0,Combination,2.0,0.15,100.0,1,36-45
CUST05417,39,Male,20300.0,Sensitive,2.0,0.2,100.0,1,36-45
CUST07627,35,Male,31400.0,Oily,3.0,0.35,130.0,0,26-35
CUST02556,28,Female,54500.0,Oily,8.0,0.68,200.0,0,26-35
CUST00008,29,Female,30300.0,Dry,2.0,0.14,100.0,1,26-35
CUST03658,53,Male,26600.0,Normal,2.0,0.13,100.0,0,46-55
CUST06412,33,Female,55700.0,Oily,3.0,0.33,140.0,1,26-35
CUST09202,21,male,20100.0,Sensitive,1.0,0.03,100.0,1,18-25
CUST04875,21,Female,47700.0,Combination,,0.54,180.0,0,18-25
CUST04403,24,Male,79500.0,Dry,7.0,0.54,290.0,1,18-25
CUST08954,41,Male,34300.0,Normal,3.0,0.32,140.0,0,36-45
CUST05547,51,Female,35900.0,Dry,4.0,0.32,100.0,0,46-55
CUST05298,32,Male,26500.0,Dry,1.0,0.06,100.0,1,26-35
CUST02427,55,Male,33200.0,Oily,2.0,0.15,100.0,0,46-55
CUST06745,38,Male,70000.0,,3.0,0.27,120.0,0,36-45
CUST01815,34,Female,,Combination,3.0,0.26,120.0,1,26-35
CUST06823,58,Male,36600.0,Dry,7.0,0.6,270.0,0,56+
CUST09665,26,Female,47100.0,Sensitive,3.0,0.23,140.0,0,26-35
CUST02275,33,Male,,Combination,3.0,0.23,100.0,1,26-35
CUST01012,48,Female,50300.0,Oily,6.0,0.54,170.0,0,46-55
CUST01578,43,Female,50700.0,Normal,5.0,0.44,160.0,0,36-45
CUST07265,38,Female,,Dry,3.0,0.2,100.0,0,36-45
CUST01068,37,Male,42800.0,Sensitive,2.0,0.12,100.0,0,36-45
CUST01992,38,Female,,Normal,6.0,0.54,260.0,0,36-45
CUST03971,18,Male,60000.0,Combination,3.0,0.21,150.0,1,18-25
CUST09111,38,Male,81300.0,Sensitive,5.0,0.5,210.0,1,36-45
CUST05880,45,Male,24200.0,Normal,9.0,0.74,380.0,1,36-45
CUST08576,37,Female,42600.0,Combination,3.0,0.24,160.0,0,36-45
CUST04543,18,Male,39300.0,Combination,1.0,0.07,100.0,1,18-25
CUST09364,25,Female,79100.0,Normal,6.0,0.56,220.0,1,18-25
CUST07194,21,Female,44600.0,Oily,,0.24,150.0,1,18-25
CUST03868,50,Female,37800.0,Combination,4.0,0.3,150.0,1,46-55
CUST09454,46,Female,60900.0,Combination,4.0,0.44,160.0,1,46-55
CUST06824,44,Male,52600.0,Normal,4.0,0.27,160.0,1,36-45
CUST03049,42,Male,25700.0,Dry,4.0,0.38,130.0,0,36-45
CUST00782,31,Female,20600.0,Combination,5.0,0.51,180.0,0,26-35
CUST06748,39,Female,18300.0,Dry,3.0,0.25,100.0,0,36-45
CUST02676,36,Female,30200.0,Combination,4.0,0.34,100.0,1,36-45
CUST01750,42,Female,46600.0,Dry,6.0,0.62,250.0,1,36-45
CUST06223,32,Male,17800.0,Combination,7.0,0.59,130.0,1,26-35
CUST08013,34,Male,86800.0,,4.0,0.32,230.0,1,26-35
CUST02792,31,Female,39100.0,Dry,3.0,0.27,160.0,1,26-35
CUST06520,34,Male,38900.0,Oily,2.0,0.16,100.0,0,26-35
CUST05775,60,Female,91800.0,Sensitive,4.0,0.3,230.0,0,56+
CUST06358,40,Male,70800.0,Normal,6.0,0.54,290.0,0,36-45
CUST04980,24,Male,43100.0,Normal,3.0,0.31,140.0,0,18-25
CUST09523,37,Female,39700.0,Oily,4.0,0.39,200.0,1,36-45
CUST01092,32,Female,61500.0,Dry,3.0,0.19,150.0,0,26-35
CUST06527,42,Male,58200.0,Oily,7.0,0.62,180.0,1,36-45
CUST08344,26,Female,86200.0,Normal,2.0,0.13,160.0,0,26-35
CUST04628,41,Male,25600.0,Dry,2.0,0.18,100.0,1,36-45
CUST02325,18,Male,32300.0,Normal,5.0,0.45,160.0,1,18-25
CUST06535,18,Female,37500.0,Oily,2.0,0.16,100.0,1,18-25
CUST09009,18,Male,36200.0,,6.0,0.51,270.0,0,18-25
CUST05056,32,Female,65500.0,Dry,2.0,0.16,110.0,0,26-35
CUST02609,41,Male,67800.0,Oily,0.0,0.0,100.0,1,36-45
CUST09058,24,Male,21300.0,Dry,7.0,0.59,130.0,0,18-25
CUST02291,37,Male,41800.0,Oily,3.0,0.22,120.0,1,36-45
CUST01728,26,Female,80900.0,Sensitive,4.0,0.42,180.0,0,26-35
CUST00611,21,Female,19700.0,Sensitive,3.0,0.19,100.0,0,18-25
CUST04667,46,Male,37900.0,Combination,272.0,0.48,240.0,0,46-55
CUST08119,18,Female,52000.0,Sensitive,1.0,0.06,100.0,0,18-25
CUST05414,42,Male,68900.0,Dry,1.0,0.13,110.0,0,36-45
CUST00344,37,Female,51100.0,Oily,3.0,0.21,110.0,1,36-45
CUST04684,25,Female,51000.0,Dry,1.0,0.06,100.0,0,18-25
CUST08822,37,Female,55200.0,Dry,3.0,0.24,130.0,1,36-45
CUST03751,29,Male,37300.0,Oily,3.0,0.31,140.0,0,26-35
CUST08489,25,Male,40800.0,Dry,2.0,0.18,100.0,0,18-25
CUST09345,27,Female,75500.0,Combination,2.0,0.22,140.0,1,26-35
CUST06000,18,Female,25200.0,Sensitive,4.0,0.35,100.0,1,18-25
CUST03216,37,Female,42900.0,Dry,2.0,0.16,100.0,0,36-45
CUST00098,21,Male,40000.0,Normal,5.0,0.41,160.0,0,18-25
CUST09394,43,Male,49100.0,Oily,3.0,0.22,160.0,1,36-45
CUST07729,39,Female,31600.0,Dry,3.0,0.25,130.0,0,36-45
CUST05177,55,Male,58400.0,Combination,3.0,0.21,170.0,0,46-55
CUST07280,45,Female,15000.0,Dry,,0.62,180.0,0,36-45
CUST06166,38,Female,36300.0,Dry,4.0,0.36,130.0,0,36-45
CUST01538,18,Female,57900.0,Normal,3.0,0.25,170.0,1,18-25
CUST03589,23,Female,28200.0,Oily,8.0,0.7,290.0,1,18-25
CUST07482,31,Male,33100.0,Combination,4.0,0.33,180.0,1,26-35
CUST06986,36,Female,95700.0,Combination,5.0,0.41,240.0,1,36-45
CUST03649,47,Female,26100.0,Normal,1.0,0.1,100.0,0,46-55
CUST02658,22,Male,91400.0,Dry,3.0,0.24,220.0,0,18-25
CUST08870,26,Male,77600.0,Oily,1.0,0.07,100.0,1,26-35
CUST01518,46,Female,21200.0,Combination,7.0,0.63,270.0,0,46-55
CUST05062,41,Female,17400.0,Combination,4.0,0.33,140.0,0,36-45
CUST09387,35,Male,57800.0,Sensitive,1.0,0.04,100.0,1,26-35
CUST04625,52,Female,41000.0,Dry,1.0,0.1,100.0,0,46-55
CUST04273,36,Male,57000.0,Normal,5.0,0.51,160.0,1,36-45
CUST03670,34,Female,28000.0,Combination,3.0,0.28,100.0,0,26-35
CUST06567,45,Female,58800.0,Combination,6.0,0.55,200.0,0,36-45
CUST05801,27,Female,41500.0,Oily,3.0,0.36,120.0,0,26-35
CUST02091,34,Female,41500.0,Oily,7.0,0.59,270.0,1,26-35
CUST07098,32,Female,,Oily,6.0,0.55,190.0,1,26-35
CUST06172,18,Female,15000.0,Normal,3.0,0.28,110.0,1,18-25
CUST00573,35,Female,15000.0,Oily,2.0,0.22,100.0,0,26-35
CUST09598,27,Male,70600.0,Dry,5.0,0.44,160.0,1,26-35
CUST04689,30,Female,37800.0,Normal,2.0,0.3,110.0,0,26-35
CUST09211,31,Female,28100.0,Combination,0.0,0.04,,0,26-35
CUST03063,59,Female,30100.0,Oily,2.0,0.18,100.0,0,56+
CUST07795,45,Female,66900.0,Normal,1.0,0.05,110.0,0,36-45
CUST06471,40,Female,34700.0,Dry,6.0,0.47,180.0,0,36-45
CUST07161,31,Female,18900.0,Sensitive,6.0,0.51,140.0,1,26-35
CUST06634,18,Female,,Oily,5.0,0.4,140.0,1,18-25
CUST09603,41,M,65300.0,Dry,4.0,0.26,180.0,0,36-45
CUST07992,25,Male,78200.0,Combination,1.0,0.09,110.0,0,18-25
CUST07346,18,Female,38100.0,Combination,8.0,0.68,220.0,0,18-25
CUST06305,43,Female,33900.0,Combination,3.0,0.3,100.0,0,36-45
CUST07966,22,Female,,Oily,3.0,0.23,100.0,0,18-25
CUST09479,60,Male,19200.0,Dry,5.0,0.3,200.0,0,56+
CUST09642,28,MALE,42900.0,Normal,5.0,0.39,180.0,1,26-35
CUST04480,36,Female,32200.0,Normal,9.0,0.74,370.0,1,36-45
CUST04949,32,Male,47600.0,Dry,4.0,0.34,180.0,1,26-35
CUST05977,28,Male,25100.0,Dry,6.0,0.48,150.0,0,26-35
CUST00371,32,Female,37700.0,Combination,4.0,0.36,160.0,1,26-35
CUST01939,25,Female,31300.0,Sensitive,5.0,0.45,110.0,1,18-25
CUST02353,32,Female,18400.0,Normal,5.0,0.52,100.0,1,26-35
CUST07128,23,Female,44700.0,,4.0,0.22,110.0,1,18-25
CUST01754,26,Female,33600.0,Combination,6.0,0.47,190.0,0,26-35
CUST03671,37,Female,42700.0,Combination,5.0,0.46,210.0,0,36-45
CUST07299,33,Female,48400.0,Oily,,0.25,130.0,1,26-35
CUST03653,41,Male,34100.0,Sensitive,5.0,0.35,180.0,1,36-45
CUST05202,27,Female,34300.0,Sensitive,1.0,0.05,100.0,0,26-35
CUST07975,49,Female,28800.0,Combination,2.0,0.2,100.0,1,46-55
CUST02362,21,Male,,Sensitive,1.0,0.06,100.0,0,18-25
CUST04261,35,Female,,Oily,1.0,0.08,120.0,1,26-35
CUST05433,20,Male,35800.0,Normal,5.0,0.39,220.0,1,18-25
CUST06286,18,Male,42800.0,Dry,9.0,0.8,300.0,1,18-25
CUST04992,31,Female,34500.0,Combination,0.0,0.0,100.0,0,26-35
CUST07664,22,Female,89700.0,Combination,3.0,0.27,220.0,1,18-25
CUST09502,24,Male,,Combination,4.0,0.34,110.0,1,18-25
CUST03738,49,Female,40300.0,Dry,8.0,0.65,290.0,0,46-55
CUST07584,18,Female,101600.0,Combination,8.0,0.71,360.0,0,18-25
CUST08597,32,Male,31600.0,Dry,5.0,0.37,220.0,0,26-35
CUST08964,18,Male,37300.0,Sensitive,8.0,0.66,280.0,1,18-25
CUST08574,21,Female,39300.0,,5.0,0.41,110.0,1,18-25
CUST05592,34,Male,,Normal,2.0,0.18,110.0,1,26-35
CUST01172,18,Female,18400.0,Sensitive,2.0,0.25,100.0,1,18-25
CUST07371,40,Female,20900.0,Dry,3.0,0.26,,1,36-45
CUST08004,27,Male,17000.0,Oily,,0.56,110.0,0,26-35
CUST08154,44,Female,48100.0,Combination,3.0,0.14,140.0,1,36-45
CUST01423,36,Female,44400.0,Dry,6.0,0.59,250.0,1,36-45
CUST06783,19,Male,81900.0,Dry,,0.86,360.0,0,18-25
CUST09483,32,Male,19500.0,Oily,5.0,0.49,150.0,1,26-35
CUST06107,29,Female,91300.0,Oily,3.0,0.26,140.0,1,26-35
CUST09388,24,Male,67100.0,Sensitive,5.0,0.38,220.0,1,18-25
CUST08086,31,Female,20600.0,Dry,3.0,0.17,100.0,0,26-35
CUST06340,32,Female,38400.0,Oily,13.0,1.07,440.0,1,26-35
CUST09201,35,Male,51900.0,Dry,4.0,0.35,170.0,0,26-35
CUST00875,18,Female,15000.0,Oily,4.0,0.32,130.0,1,18-25
CUST02298,24,Female,25300.0,Sensitive,5.0,0.52,200.0,0,18-25
CUST02644,21,Female,45200.0,Oily,7.0,0.56,320.0,0,18-25
CUST07595,32,Female,23000.0,Dry,6.0,0.5,160.0,0,26-35
CUST01720,18,Male,36900.0,Normal,1.0,0.04,100.0,0,18-25
CUST05348,48,Female,57200.0,Normal,6.0,0.45,170.0,0,46-55
CUST05933,29,Male,34300.0,Oily,1.0,0.07,,0,26-35
CUST00841,53,Male,21900.0,Normal,0.0,0.0,100.0,0,46-55
CUST09977,31,Male,31600.0,Sensitive,2.0,0.2,100.0,1,26-35
CUST00582,19,Female,59200.0,Normal,2.0,0.12,100.0,1,18-25
CUST00205,18,Male,50100.0,Oily,3.0,0.23,170.0,0,18-25
CUST01642,38,Female,44000.0,Oily,5.0,0.3,230.0,1,36-45
CUST02015,49,Female,40300.0,Oily,,0.44,180.0,0,46-55
CUST03254,43,Female,49900.0,Normal,2.0,0.14,120.0,0,36-45
CUST09124,37,Female,19000.0,Oily,2.0,0.17,100.0,1,36-45
CUST00906,55,Female,35300.0,Sensitive,4.0,0.4,120.0,0,46-55
CUST00632,60,Female,41700.0,Dry,8.0,0.65,170.0,0,56+
CUST08456,36,Female,44800.0,Sensitive,5.0,0.38,180.0,0,36-45
CUST07889,18,Female,34300.0,Dry,5.0,0.47,230.0,1,18-25
CUST01975,18,Female,29500.0,Combination,4.0,0.34,160.0,1,18-25
CUST00163,55,Female,25900.0,Sensitive,3.0,0.32,110.0,0,46-55
CUST04999,33,Female,71400.0,Combination,4.0,0.38,250.0,1,26-35
CUST01244,26,Male,41300.0,Dry,8.0,0.67,160.0,0,26-35
CUST09490,19,Female,50800.0,Dry,4.0,0.31,140.0,1,18-25
CUST07830,27,Female,34400.0,Dry,5.0,0.37,150.0,0,26-35
CUST04714,22,Female,59300.0,Dry,3.0,0.33,110.0,0,18-25
CUST00876,18,Female,41200.0,Combination,6.0,0.55,140.0,1,18-25
CUST01432,22,Male,55100.0,Combination,0.0,0.0,100.0,0,18-25
CUST08776,18,Male,21600.0,Normal,4.0,0.28,,0,18-25
CUST06869,18,Male,23200.0,Sensitive,3.0,0.28,100.0,0,18-25
CUST04644,32,Female,55600.0,Combination,7.0,0.7,230.0,0,26-35
CUST05081,21,Female,37500.0,Oily,1.0,0.12,100.0,0,18-25
CUST05784,26,Male,25800.0,Oily,4.0,0.3,160.0,1,26-35
CUST09176,35,Male,43300.0,Sensitive,6.0,0.42,240.0,0,26-35
CUST08888,26,Female,18300.0,Normal,8.0,0.6,220.0,1,26-35
CUST07532,25,Female,25400.0,Dry,8.0,0.59,350.0,1,18-25
CUST08774,18,Male,71000.0,Oily,2.0,0.21,160.0,0,18-25
CUST07824,49,Female,41200.0,Oily,4.0,0.43,150.0,1,46-55
CUST09477,18,Female,70300.0,Oily,,0.37,250.0,1,18-25
CUST02857,31,Female,39500.0,Combination,4.0,0.28,120.0,1,26-35
CUST01862,20,Female,32200.0,Dry,2.0,0.24,100.0,0,18-25
CUST02660,37,Female,21300.0,Oily,2.0,0.13,100.0,1,36-45
CUST03385,31,Female,24200.0,Dry,3.0,0.26,100.0,1,26-35
CUST09604,33,Female,44400.0,Oily,4.0,0.39,,1,26-35
CUST09816,37,Male,18200.0,,3.0,0.28,130.0,0,36-45
CUST08158,18,Female,26000.0,Combination,6.0,0.53,250.0,1,18-25
CUST08383,48,Female,23600.0,Oily,7.0,0.6,280.0,1,46-55
CUST07463,44,Female,29500.0,Combination,6.0,0.48,220.0,0,36-45
CUST06887,31,Female,19300.0,Combination,2.0,0.17,100.0,0,26-35
CUST04734,18,Female,41600.0,Combination,5.0,0.46,200.0,0,18-25
CUST03332,32,Male,,Sensitive,2.0,0.18,100.0,0,26-35
CUST09044,26,Female,46700.0,Sensitive,6.0,0.53,240.0,1,26-35
CUST08673,49,Female,32200.0,Dry,5.0,0.38,150.0,1,46-55
CUST06405,30,Female,30500.0,Combination,2.0,0.16,100.0,1,26-35
CUST08382,31,Female,19100.0,Combination,5.0,0.44,140.0,1,26-35
CUST09504,52,Male,126300.0,Combination,2.0,0.12,180.0,0,46-55
CUST07061,44,Female,36500.0,Normal,6.0,0.49,140.0,1,36-45
CUST02097,42,Female,38400.0,Normal,3.0,0.28,120.0,0,36-45
CUST02004,35,Female,35000.0,Oily,4.0,0.28,190.0,1,26-35
CUST09018,33,Female,59800.0,Oily,5.0,0.4,170.0,1,26-35
CUST08792,49,Female,21900.0,Sensitive,4.0,0.35,,0,46-55
CUST04677,36,Female,42400.0,Dry,4.0,0.3,110.0,1,36-45
CUST05018,26,Female,49200.0,Combination,5.0,0.42,250.0,0,26-35
CUST07470,41,Female,56400.0,Dry,6.0,0.45,240.0,0,36-45
CUST00547,34,Female,38700.0,,2.0,0.16,,0,26-35
CUST01450,25,Male,50000.0,Dry,4.0,0.4,160.0,0,18-25
CUST03987,20,Female,27100.0,Combination,3.0,0.24,100.0,0,18-25
CUST06901,20,Female,61700.0,Normal,2.0,0.18,130.0,1,18-25
CUST02611,18,Female,38300.0,Combination,3.0,0.21,160.0,0,18-25
CUST01901,26,Male,31700.0,Normal,7.0,0.59,270.0,0,26-35
CUST03921,36,Female,34700.0,Dry,4.0,0.43,180.0,1,36-45
CUST02758,36,FEMALE,24600.0,Oily,3.0,0.26,100.0,1,36-45
CUST06125,29,Female,26900.0,Combination,2.0,0.18,100.0,1,26-35
CUST06398,18,Female,25100.0,Dry,2.0,0.13,100.0,0,18-25
CUST01886,35,Female,78800.0,Oily,5.0,0.41,220.0,1,26-35
CUST09863,33,Male,28100.0,Oily,2.0,0.23,100.0,1,26-35
CUST05739,18,Male,47700.0,Sensitive,7.0,0.49,270.0,1,18-25
CUST08705,25,Female,53200.0,Normal,4.0,0.36,120.0,1,18-25
CUST05891,41,Male,70100.0,Sensitive,2.0,0.17,120.0,0,36-45
CUST02098,23,Male,54800.0,Sensitive,5.0,0.49,150.0,1,18-25
CUST09327,40,Female,47800.0,Sensitive,3.0,0.23,100.0,0,36-45
CUST05693,29,Male,35600.0,Normal,3.0,0.18,100.0,0,26-35
CUST00500,18,MALE,20800.0,Oily,3.0,0.2,120.0,0,18-25
CUST05625,27,Male,29800.0,Normal,6.0,0.52,150.0,1,26-35
CUST00837,28,Male,41900.0,Dry,6.0,0.47,260.0,0,26-35
CUST03472,29,Male,40600.0,Sensitive,4.0,0.28,100.0,0,26-35
CUST04698,31,Female,24100.0,Oily,2.0,0.25,100.0,0,26-35
CUST06281,38,Female,42200.0,Sensitive,5.0,0.47,230.0,1,36-45
CUST08921,38,Male,76900.0,Sensitive,3.0,0.28,140.0,0,36-45
CUST02172,20,Male,39700.0,Combination,1.0,0.19,100.0,0,18-25
CUST09963,39,Female,57100.0,Oily,5.0,0.31,230.0,1,36-45
CUST05679,35,Female,16800.0,Combination,2.0,0.18,100.0,1,26-35
CUST09222,32,Male,40900.0,Combination,4.0,0.36,190.0,1,26-35
CUST00399,38,Male,97000.0,Sensitive,5.0,0.42,170.0,1,36-45
CUST02011,18,Male,35600.0,Normal,0.0,0.0,100.0,0,18-25
CUST05167,18,Female,45800.0,Sensitive,2.0,0.17,100.0,0,18-25
CUST05872,59,Female,32900.0,Normal,1.0,0.07,100.0,0,56+
CUST09832,41,Male,38500.0,Combination,5.0,0.37,220.0,1,36-45
CUST01284,41,Female,55200.0,Dry,5.0,0.33,270.0,0,36-45
CUST08426,38,Female,37500.0,Dry,2.0,0.17,120.0,1,36-45
CUST02449,40,Female,42500.0,Combination,5.0,0.31,220.0,1,36-45
CUST04257,18,Male,32800.0,Oily,3.0,0.26,110.0,0,18-25
CUST01837,34,Male,45500.0,Normal,2.0,0.16,120.0,0,26-35
CUST09636,32,Female,49700.0,Normal,3.0,0.22,110.0,0,26-35
CUST01020,39,Female,27000.0,Sensitive,3.0,0.27,100.0,0,36-45
CUST05067,18,Female,28200.0,Oily,5.0,0.36,180.0,1,18-25
CUST01327,35,Male,52900.0,Combination,5.0,0.32,,1,26-35
CUST07628,18,Male,31200.0,Oily,4.0,0.37,190.0,0,18-25
CUST00476,28,Male,19000.0,Dry,4.0,0.25,120.0,0,26-35
CUST02811,25,Male,50700.0,Sensitive,2.0,0.1,110.0,0,18-25
CUST09118,18,Female,31800.0,Combination,1.0,0.03,100.0,0,18-25
CUST01652,46,Female,39300.0,Oily,4.0,0.41,130.0,0,46-55
CUST09651,50,Female,79500.0,Sensitive,3.0,0.23,170.0,1,46-55
CUST01170,28,Female,18000.0,Oily,7.0,0.53,280.0,0,26-35
CUST02529,44,,23300.0,Oily,3.0,0.25,100.0,1,36-45
CUST01207,24,Female,21800.0,Oily,6.0,0.58,230.0,0,18-25
CUST06257,19,Female,50600.0,Combination,3.0,0.17,120.0,1,18-25
CUST08910,18,Male,37700.0,Oily,4.0,0.3,,0,18-25
CUST05470,42,Male,,Combination,7.0,0.57,140.0,1,36-45
CUST09421,23,Female,68600.0,Sensitive,2.0,0.15,100.0,0,18-25
CUST00432,37,Male,34300.0,Normal,3.0,0.28,140.0,1,36-45
CUST07764,37,Male,45300.0,Dry,6.0,0.52,150.0,0,36-45
CUST00868,28,Female,40600.0,Sensitive,3.0,0.28,100.0,0,26-35
CUST02975,33,Female,44100.0,Combination,4.0,0.27,180.0,1,26-35
CUST05237,22,Female,20800.0,Sensitive,5.0,0.41,160.0,1,18-25
CUST05094,32,Female,51700.0,Normal,8.0,0.68,310.0,1,26-35
CUST05434,43,Male,38700.0,Oily,2.0,0.14,110.0,0,36-45
CUST00542,23,Female,18100.0,,5.0,0.38,190.0,1,18-25
CUST05196,42,Male,76300.0,Oily,5.0,0.42,220.0,0,36-45
CUST01133,24,Female,37700.0,Normal,5.0,0.46,210.0,0,18-25
CUST09877,21,Male,40600.0,Oily,0.0,0.02,100.0,0,18-25
CUST04502,44,Female,88700.0,Dry,4.0,0.42,240.0,0,36-45
CUST06355,49,Male,23500.0,Sensitive,6.0,0.42,140.0,0,46-55
CUST09371,40,Female,76400.0,Dry,4.0,0.32,170.0,0,36-45
CUST03391,20,Female,46800.0,Sensitive,3.0,0.25,150.0,0,18-25
CUST03889,29,Female,59200.0,Normal,3.0,0.33,100.0,0,26-35
CUST02963,35,Male,34400.0,Normal,2.0,0.11,100.0,0,26-35
CUST04156,26,Female,66600.0,Dry,3.0,0.26,110.0,1,26-35
CUST03260,28,Female,40600.0,Oily,5.0,0.4,190.0,0,26-35
CUST06303,29,Female,,Sensitive,,0.17,100.0,1,26-35
CUST06035,29,Male,36600.0,Normal,5.0,0.46,,1,26-35
CUST07984,23,Female,45500.0,Combination,3.0,0.3,100.0,1,18-25
CUST09976,24,Male,26500.0,Normal,7.0,0.58,240.0,1,18-25
CUST02584,36,Male,53900.0,Oily,6.0,0.43,270.0,1,36-45
CUST02814,26,Male,28000.0,Normal,2.0,0.17,100.0,1,26-35
CUST03960,23,Male,37200.0,Sensitive,5.0,0.39,160.0,0,18-25
CUST02948,37,M,33400.0,Oily,4.0,0.4,190.0,0,36-45
CUST06644,21,Female,40500.0,Sensitive,2.0,0.08,110.0,0,18-25
CUST05175,55,Female,53800.0,Combination,3.0,0.23,180.0,0,46-55
CUST06842,23,Female,18700.0,Oily,7.0,0.51,170.0,1,18-25
CUST08334,50,Female,94900.0,Oily,3.0,0.3,170.0,0,46-55
CUST03587,21,Male,53700.0,Dry,3.0,0.25,130.0,0,18-25
CUST09266,18,Male,28500.0,Dry,3.0,0.3,130.0,0,18-25
CUST08056,33,Male,71600.0,Oily,2.0,0.22,130.0,0,26-35
CUST02564,51,Female,21400.0,Dry,5.0,0.46,,0,46-55
CUST02631,33,Male,45200.0,Dry,6.0,0.5,280.0,1,26-35
CUST03191,18,Female,47200.0,Combination,2.0,0.16,100.0,0,18-25
CUST08256,34,Female,65900.0,Normal,4.0,0.28,120.0,1,26-35
CUST07709,26,Female,22900.0,Normal,5.0,0.3,200.0,1,26-35
CUST05037,40,Female,67700.0,Dry,7.0,0.51,,0,36-45
CUST01081,35,Female,57900.0,Normal,3.0,0.24,130.0,1,26-35
CUST04284,27,Female,18000.0,Normal,4.0,0.3,100.0,0,26-35
CUST08064,38,Female,25400.0,Oily,,0.38,190.0,0,36-45
CUST07086,31,Male,121800.0,Dry,8.0,0.75,240.0,0,26-35
CUST02086,41,Male,28000.0,Combination,3.0,0.29,,1,36-45
CUST06346,45,Female,23900.0,Combination,4.0,0.25,140.0,0,36-45
CUST02453,38,Male,40300.0,Oily,4.0,0.26,160.0,1,36-45
CUST04967,27,Female,31600.0,Oily,5.0,0.47,160.0,1,26-35
CUST02024,31,Female,40200.0,Oily,4.0,0.3,180.0,1,26-35
CUST08139,37,Male,61700.0,Sensitive,1.0,0.03,100.0,0,36-45
CUST09025,45,Male,35300.0,Dry,0.0,0.0,100.0,0,36-45
CUST09910,29,Male,69500.0,Dry,4.0,0.25,150.0,1,26-35
CUST07322,20,Female,83200.0,Normal,5.0,0.47,130.0,0,18-25
CUST00227,60,Male,76500.0,,2.0,0.18,170.0,0,56+
CUST01014,18,Female,28000.0,Combination,6.0,0.57,110.0,1,18-25
CUST06680,52,Male,86400.0,Combination,1.0,0.02,120.0,0,46-55
CUST01930,40,Male,78600.0,Normal,2.0,0.23,130.0,0,36-45
CUST01044,33,Female,25500.0,Combination,8.0,0.64,260.0,1,26-35
CUST05252,48,Male,40300.0,Oily,3.0,0.11,150.0,0,46-55
CUST01405,26,Male,15600.0,Oily,1.0,0.1,100.0,1,26-35
CUST02180,28,Male,34800.0,Dry,5.0,0.39,220.0,0,26-35
CUST00698,21,Male,,Normal,4.0,0.36,200.0,1,18-25
CUST01125,30,Female,60000.0,Dry,5.0,0.42,260.0,1,26-35
CUST07379,18,Female,45700.0,Sensitive,5.0,0.43,190.0,1,18-25
CUST03896,18,,105400.0,Oily,3.0,0.25,190.0,1,18-25
CUST08253,26,Male,39900.0,Combination,7.0,0.6,190.0,1,26-35
CUST05111,30,Female,15000.0,Sensitive,1.0,0.07,100.0,0,26-35
CUST01779,20,Male,40000.0,Combination,3.0,0.18,140.0,1,18-25
CUST07852,46,Female,45500.0,Sensitive,4.0,0.34,190.0,0,46-55
CUST02635,45,Female,36900.0,Sensitive,3.0,0.25,100.0,1,36-45
CUST07188,40,Male,24500.0,Dry,5.0,0.39,130.0,1,36-45
CUST07545,18,Female,61900.0,Sensitive,7.0,0.5,190.0,1,18-25
CUST07605,26,Female,62500.0,Sensitive,4.0,0.27,180.0,1,26-35
CUST03490,29,Male,54200.0,Normal,6.0,0.36,160.0,1,26-35
CUST08295,39,Male,15000.0,Oily,4.0,0.26,160.0,1,36-45
CUST01038,26,Female,32600.0,Normal,5.0,0.49,130.0,1,26-35
CUST06094,26,Male,39700.0,Combination,4.0,0.28,130.0,1,26-35
CUST02257,36,Female,,Oily,4.0,0.33,160.0,1,36-45
CUST08226,27,Female,24800.0,Dry,5.0,0.39,190.0,1,26-35
CUST02614,28,Male,48500.0,Normal,3.0,0.3,140.0,0,26-35
CUST00314,37,Female,32300.0,Normal,7.0,0.65,240.0,0,36-45
CUST02650,58,Male,27600.0,Oily,6.0,0.49,160.0,0,56+
CUST02282,32,Male,41000.0,Combination,,0.28,150.0,1,26-35
CUST06742,48,Female,22200.0,Combination,439.0,0.22,130.0,0,46-55
CUST02980,57,Female,17300.0,Combination,7.0,0.54,270.0,0,56+
CUST02548,54,Male,48000.0,Combination,5.0,0.41,190.0,0,46-55
CUST05513,18,Female,,Combination,1.0,0.05,100.0,1,18-25
CUST05133,32,Male,46300.0,Sensitive,1.0,0.09,,0,26-35
CUST02160,24,Female,31100.0,Normal,3.0,0.2,150.0,1,18-25
CUST07081,46,Female,35800.0,Dry,4.0,0.31,120.0,1,46-55
CUST03138,44,Female,27700.0,Combination,2.0,0.16,100.0,1,36-45
CUST09117,18,Female,28900.0,Oily,3.0,0.23,110.0,0,18-25
CUST05851,43,Male,18500.0,Sensitive,2.0,0.16,100.0,1,36-45
CUST09905,31,Male,,Normal,2.0,0.19,100.0,1,26-35
CUST06446,51,Female,26700.0,Oily,1.0,0.11,100.0,0,46-55
CUST03968,21,Male,68900.0,Normal,2.0,0.12,130.0,1,18-25
CUST01429,39,Female,15000.0,Oily,10.0,0.73,320.0,1,36-45
CUST08458,26,Female,28100.0,Oily,6.0,0.45,240.0,1,26-35
CUST02521,30,Male,29700.0,Dry,3.0,0.19,100.0,1,26-35
CUST07903,44,Female,53900.0,Dry,3.0,0.24,110.0,0,36-45
CUST04970,36,Male,42600.0,Oily,6.0,0.41,260.0,1,36-45
CUST01856,24,Male,25400.0,Combination,3.0,0.22,100.0,0,18-25
CUST08671,40,Female,36400.0,Oily,5.0,0.41,130.0,1,36-45
CUST05603,39,Female,,Dry,1.0,0.08,100.0,1,36-45
CUST07272,39,Male,64500.0,Combination,4.0,0.34,160.0,1,36-45
CUST09908,46,Female,47800.0,Dry,8.0,0.65,350.0,1,46-55
CUST00449,44,Male,49700.0,Dry,3.0,0.3,170.0,0,36-45
CUST07767,38,Female,,Oily,0.0,0.07,100.0,0,36-45
CUST01285,33,Female,34300.0,Normal,2.0,0.24,100.0,1,26-35
CUST05996,18,Male,71800.0,Combination,4.0,0.39,150.0,0,18-25
CUST07965,48,M,44200.0,Dry,2.0,0.11,120.0,0,46-55
CUST03728,39,Female,53500.0,Combination,2.0,0.24,130.0,1,36-45
CUST07354,33,Female,29800.0,Oily,2.0,0.14,100.0,0,26-35
CUST00362,36,Female,89200.0,Combination,3.0,0.25,,0,36-45
CUST06280,18,Male,15000.0,Dry,4.0,0.32,120.0,0,18-25
CUST05231,42,Male,57500.0,Dry,6.0,0.49,,0,36-45
CUST08980,25,Female,57300.0,Sensitive,2.0,0.14,100.0,0,18-25
CUST07296,35,Female,33400.0,Combination,8.0,0.65,,1,26-35
CUST08929,29,Female,29400.0,Dry,4.0,0.3,110.0,0,26-35
CUST07535,37,Female,60700.0,,4.0,0.35,120.0,1,36-45
CUST06252,40,Male,34400.0,Sensitive,,0.24,120.0,0,36-45
CUST05927,31,Female,22200.0,Sensitive,2.0,0.22,100.0,1,26-35
CUST05150,18,Male,70700.0,Combination,6.0,0.44,240.0,1,18-25
CUST02461,18,Female,23400.0,Normal,6.0,0.5,170.0,1,18-25
CUST00023,45,Male,40400.0,Sensitive,8.0,0.76,250.0,1,36-45
CUST02067,43,Female,47600.0,Oily,4.0,0.27,130.0,1,36-45
CUST01654,28,Female,30300.0,,2.0,0.26,100.0,1,26-35
CUST00703,21,Male,46300.0,Normal,1.0,0.1,100.0,0,18-25
CUST08527,31,Female,53300.0,Normal,5.0,0.36,140.0,0,26-35
CUST02744,18,Female,56100.0,Oily,5.0,0.34,260.0,0,18-25
CUST01377,38,Female,21900.0,Combination,5.0,0.45,160.0,1,36-45
CUST01725,44,Male,43800.0,Combination,5.0,0.4,210.0,1,36-45
CUST02469,39,Male,31100.0,Oily,8.0,0.61,260.0,1,36-45
CUST03755,29,Male,67900.0,Normal,3.0,0.24,170.0,0,26-35
CUST02326,38,Female,42500.0,Normal,4.0,0.33,160.0,1,36-45
CUST00461,35,Male,46500.0,Oily,0.0,0.0,100.0,0,26-35
CUST05164,34,Female,28700.0,Sensitive,2.0,0.22,100.0,1,26-35
CUST04184,58,Male,140700.0,Oily,5.0,0.43,310.0,0,56+
CUST05527,37,Female,46900.0,Oily,2.0,0.18,100.0,1,36-45
CUST04083,33,Male,40300.0,Combination,3.0,0.27,100.0,1,26-35
CUST01487,42,Female,44500.0,Dry,4.0,0.38,,0,36-45
CUST03679,24,Male,,Dry,1.0,0.01,150.0,0,18-25
CUST07730,20,Male,54200.0,Dry,6.0,0.46,220.0,1,18-25
CUST00283,42,Female,34000.0,Oily,,0.47,230.0,0,36-45
CUST06580,37,Female,,Combination,3.0,0.28,200.0,1,36-45
CUST04559,41,Male,18000.0,Dry,5.0,0.3,110.0,1,36-45
CUST04309,36,Male,25600.0,Oily,1.0,0.11,100.0,1,36-45
CUST06685,29,Female,18900.0,Dry,4.0,0.23,100.0,0,26-35
CUST04866,33,Female,46200.0,Sensitive,5.0,0.41,180.0,1,26-35
CUST03538,28,Female,44500.0,Normal,6.0,0.49,200.0,1,26-35
CUST03869,35,Male,59700.0,Dry,7.0,0.51,180.0,1,26-35
CUST07004,30,Female,38800.0,Oily,2.0,0.15,100.0,1,26-35
CUST02582,43,Female,29300.0,Normal,,0.29,100.0,0,36-45
CUST01369,46,Female,24900.0,Combination,4.0,0.26,140.0,0,46-55
CUST09509,32,Female,23600.0,Dry,4.0,0.29,150.0,1,26-35
CUST08918,38,Male,61700.0,,1.0,0.07,100.0,0,36-45
CUST00598,41,Female,45600.0,Oily,2.0,0.24,100.0,0,36-45
CUST04352,19,Female,35400.0,Combination,4.0,0.3,190.0,0,18-25
CUST06347,36,Male,65700.0,Dry,7.0,0.57,170.0,0,36-45
CUST09014,39,Female,32300.0,Normal,5.0,0.32,110.0,0,36-45
CUST06380,31,Male,33800.0,Oily,4.0,0.32,110.0,0,26-35
CUST04759,21,Female,38400.0,Dry,2.0,0.13,100.0,1,18-25
CUST00647,39,Female,40000.0,Dry,1.0,0.05,100.0,0,36-45
CUST06382,22,Male,33100.0,Normal,7.0,0.57,200.0,1,18-25
CUST07528,37,Female,49300.0,Sensitive,3.0,0.36,130.0,1,36-45
CUST09737,63,Male,47300.0,Normal,6.0,0.44,190.0,0,56+
CUST06024,39,Female,69300.0,Normal,4.0,0.32,160.0,0,36-45
CUST08022,18,Female,32800.0,Oily,4.0,0.3,100.0,1,18-25
CUST07166,41,Female,15900.0,Sensitive,2.0,0.17,100.0,1,36-45
CUST03469,48,Female,38400.0,Oily,3.0,0.23,100.0,1,46-55
CUST07863,21,Female,37600.0,Sensitive,6.0,0.53,270.0,0,18-25
CUST07698,45,Female,41100.0,Combination,3.0,0.2,,1,36-45
CUST02991,39,Male,25200.0,Normal,7.0,0.64,190.0,1,36-45
CUST09445,46,Male,50200.0,Sensitive,6.0,0.56,250.0,0,46-55
CUST04876,27,Male,41800.0,Dry,10.0,0.88,230.0,0,26-35
CUST02545,31,Female,30400.0,Dry,3.0,0.17,130.0,1,26-35
CUST08633,24,Female,64500.0,Combination,3.0,0.24,110.0,1,18-25
CUST07799,48,Female,92500.0,Sensitive,2.0,0.16,170.0,0,46-55
CUST05342,34,Female,30000.0,Oily,7.0,0.6,250.0,1,26-35
CUST01568,34,Female,60000.0,Dry,8.0,0.6,290.0,1,26-35
CUST08329,23,Female,32200.0,Oily,1.0,0.15,100.0,0,18-25
CUST04067,23,Male,32900.0,Dry,3.0,0.16,110.0,0,18-25
CUST03989,45,Male,31400.0,Dry,8.0,0.72,300.0,1,36-45
CUST07032,50,Female,21000.0,Normal,3.0,0.27,100.0,0,46-55
CUST02161,26,Female,38200.0,Sensitive,3.0,0.25,120.0,1,26-35
CUST00686,27,Female,124300.0,Oily,3.0,0.17,190.0,0,26-35
CUST07603,41,Female,59600.0,Combination,2.0,0.15,100.0,0,36-45
CUST06034,36,Female,,Combination,8.0,0.67,290.0,0,36-45
CUST03244,35,Male,37300.0,Combination,4.0,0.43,200.0,1,26-35
CUST05845,48,Female,38100.0,Combination,4.0,0.25,120.0,1,46-55
CUST08218,20,Male,125500.0,Oily,6.0,0.59,310.0,0,18-25
CUST02462,18,Male,17800.0,Dry,2.0,0.18,100.0,0,18-25
CUST04084,28,Male,66800.0,Normal,0.0,0.04,100.0,1,26-35
CUST02838,35,Female,19800.0,Normal,5.0,0.46,150.0,1,26-35
CUST03698,30,Female,34300.0,Dry,5.0,0.41,200.0,1,26-35
CUST07129,24,Female,88500.0,Oily,2.0,0.21,,0,18-25
CUST06268,44,Female,56000.0,Oily,3.0,0.34,160.0,1,36-45
CUST04942,26,Male,16800.0,Normal,6.0,0.48,130.0,1,26-35
CUST05947,41,Male,27000.0,Sensitive,5.0,0.41,200.0,0,36-45
CUST04584,46,Male,54400.0,Combination,4.0,0.32,140.0,1,46-55
CUST05785,31,Male,96900.0,Combination,6.0,0.53,250.0,1,26-35
CUST04041,33,Female,45400.0,Sensitive,5.0,0.49,120.0,1,26-35
CUST02231,37,Male,34200.0,Dry,2.0,0.23,100.0,0,36-45
CUST07570,38,Male,16400.0,Dry,4.0,0.37,120.0,1,36-45
CUST00936,38,Male,17600.0,Dry,3.0,0.28,,1,36-45
CUST02321,37,Male,41000.0,Dry,2.0,0.19,100.0,0,36-45
CUST04879,38,Male,44700.0,Combination,6.0,0.51,180.0,0,36-45
CUST00522,22,Female,95300.0,Oily,7.0,0.52,270.0,0,18-25
CUST00523,47,Male,53000.0,Normal,3.0,0.24,140.0,1,46-55
CUST05346,25,Female,76100.0,Oily,6.0,0.53,260.0,0,18-25
CUST09916,21,Male,53800.0,Combination,5.0,0.37,210.0,0,18-25
CUST03360,34,Female,50500.0,Dry,5.0,0.4,150.0,0,26-35
CUST01312,41,Male,65200.0,Normal,5.0,0.5,230.0,0,36-45
CUST03984,18,Male,39200.0,Combination,3.0,0.28,100.0,1,18-25
CUST06495,33,Male,101400.0,Normal,5.0,0.39,220.0,1,26-35
CUST09600,18,Female,68500.0,Sensitive,2.0,0.24,120.0,0,18-25
CUST01717,26,Male,54400.0,Combination,6.0,0.46,160.0,1,26-35
CUST00781,31,Male,63100.0,Sensitive,2.0,0.05,110.0,0,26-35
CUST08836,18,Female,21800.0,,6.0,0.44,230.0,0,18-25
CUST08267,47,Female,52900.0,Oily,8.0,0.57,260.0,1,46-55
CUST05608,33,,90700.0,Dry,0.0,0.0,100.0,0,26-35
CUST05979,26,Female,137500.0,Normal,0.0,0.09,180.0,1,26-35
CUST00652,30,Female,,Dry,2.0,0.21,100.0,1,26-35
CUST03748,42,Female,,Normal,5.0,0.52,150.0,0,36-45
CUST02197,30,Female,36300.0,Combination,3.0,0.32,120.0,1,26-35
CUST08454,38,Male,81600.0,Oily,1.0,0.15,100.0,1,36-45
CUST00370,41,Male,44400.0,Dry,8.0,0.72,240.0,1,36-45
CUST09924,38,Male,26600.0,Oily,6.0,0.53,230.0,0,36-45
CUST08073,18,Male,49300.0,Oily,4.0,0.45,200.0,1,18-25
CUST04215,31,Male,61900.0,Oily,0.0,0.0,100.0,0,26-35
CUST00378,18,Female,63600.0,Combination,3.0,0.34,210.0,0,18-25
CUST09486,38,Female,73700.0,Dry,5.0,0.47,220.0,1,36-45
CUST02217,32,Female,19700.0,Dry,2.0,0.15,100.0,0,26-35
CUST08720,33,Female,,Normal,3.0,0.27,100.0,1,26-35
CUST01614,33,Female,100100.0,Dry,4.0,0.34,230.0,1,26-35
CUST06980,18,Male,36500.0,Combination,1.0,0.0,100.0,0,18-25
CUST07550,37,Male,20100.0,Dry,6.0,0.45,110.0,0,36-45
CUST01828,49,Male,30800.0,Combination,3.0,0.27,120.0,0,46-55
CUST03633,25,Male,36400.0,Oily,5.0,0.47,200.0,1,18-25
CUST00963,21,Female,36000.0,Dry,4.0,0.22,130.0,0,18-25
CUST02994,58,Female,49900.0,Normal,7.0,0.61,270.0,0,56+
CUST06607,30,Female,53900.0,Combination,3.0,0.22,150.0,1,26-35
CUST09712,41,Male,70800.0,Combination,3.0,0.2,100.0,1,36-45
CUST02377,38,Male,67300.0,Combination,2.0,0.14,140.0,0,36-45
CUST08268,19,Male,52200.0,Dry,3.0,0.27,130.0,0,18-25
CUST00360,30,Female,40000.0,Normal,3.0,0.3,130.0,0,26-35
CUST03840,30,Female,,Sensitive,2.0,0.17,100.0,0,26-35
CUST08225,42,Male,36400.0,Combination,2.0,0.23,100.0,1,36-45
CUST01247,27,Male,27700.0,Combination,1.0,0.13,100.0,1,26-35
CUST07505,35,Female,84200.0,Dry,2.0,0.22,150.0,0,26-35
CUST08385,30,Female,26900.0,Dry,3.0,0.28,130.0,1,26-35
CUST06512,24,Male,19800.0,Combination,1.0,0.05,100.0,0,18-25
CUST05088,24,Male,40500.0,Normal,0.0,0.0,100.0,0,18-25
CUST03695,46,Male,37500.0,Oily,7.0,0.61,210.0,0,46-55
CUST01574,32,Female,46800.0,Normal,8.0,0.69,330.0,1,26-35
CUST06282,60,Male,52500.0,Combination,1.0,0.1,100.0,0,56+
CUST05440,37,Female,34700.0,Normal,5.0,0.39,190.0,1,36-45
CUST02568,37,Male,59800.0,Normal,4.0,0.2,190.0,0,36-45
CUST03424,21,Female,32700.0,Normal,4.0,0.38,120.0,0,18-25
CUST02038,43,Female,25400.0,Normal,4.0,0.3,100.0,0,36-45
CUST09281,18,Female,24000.0,Dry,3.0,0.32,100.0,0,18-25
CUST00773,35,Male,46100.0,Dry,2.0,0.09,100.0,0,26-35
CUST05381,45,Male,27600.0,Sensitive,1.0,0.08,100.0,0,36-45
CUST09608,43,Male,67600.0,Combination,3.0,0.28,150.0,1,36-45
CUST03563,18,Female,41100.0,Combination,0.0,0.09,100.0,1,18-25
CUST00563,33,Female,25800.0,Combination,4.0,0.38,110.0,1,26-35
CUST06684,28,Female,46800.0,Dry,6.0,0.48,190.0,1,26-35
CUST02547,29,Female,,Oily,3.0,0.2,100.0,1,26-35
CUST05511,36,Female,78500.0,Sensitive,4.0,0.4,,1,36-45
CUST05331,36,Female,41500.0,Combination,3.0,0.24,140.0,1,36-45
CUST08164,40,Female,36000.0,Normal,4.0,0.36,130.0,0,36-45
CUST04532,35,Male,67600.0,Oily,3.0,0.26,160.0,1,26-35
CUST01675,29,Female,35300.0,Dry,2.0,0.17,110.0,1,26-35
CUST07396,32,Male,68600.0,Oily,3.0,0.19,160.0,1,26-35
CUST00366,48,Male,32100.0,Combination,3.0,0.24,110.0,0,46-55
CUST08084,19,Male,31900.0,Combination,4.0,0.32,100.0,0,18-25
CUST09296,36,Male,15000.0,Normal,4.0,0.28,120.0,0,36-45
CUST04328,37,Male,72200.0,Dry,5.0,0.51,260.0,1,36-45
CUST09486,38,Female,73700.0,Dry,5.0,0.47,220.0,1,36-45
CUST00148,30,Male,33000.0,Dry,1.0,0.1,100.0,1,26-35
CUST01669,35,Female,37400.0,Sensitive,3.0,0.2,140.0,0,26-35
CUST03089,34,Male,21200.0,,2.0,0.17,100.0,0,26-35
CUST08882,31,Female,70800.0,Dry,5.0,0.36,260.0,1,26-35
CUST07651,18,Female,40200.0,Dry,1.0,0.1,100.0,0,18-25
CUST00408,41,Male,15000.0,Sensitive,5.0,0.44,130.0,0,36-45
CUST09624,37,Male,51000.0,Oily,7.0,0.61,320.0,1,36-45
CUST07789,28,Female,34000.0,Oily,13.0,1.0,360.0,1,26-35
CUST03457,35,Female,103700.0,Oily,2.0,0.13,130.0,0,26-35
CUST06187,35,Male,22900.0,Sensitive,6.0,0.55,160.0,1,26-35
CUST04183,18,Male,38000.0,Oily,6.0,0.51,230.0,0,18-25
CUST03577,36,Female,19600.0,Sensitive,4.0,0.24,110.0,0,36-45
CUST03272,28,Male,32700.0,Combination,5.0,0.37,220.0,1,26-35
CUST04941,36,Female,36600.0,Dry,3.0,0.15,130.0,1,36-45
CUST01032,34,Female,19700.0,Sensitive,4.0,0.29,110.0,1,26-35
CUST08060,47,Female,21800.0,Combination,3.0,0.23,100.0,1,46-55
CUST06231,32,Female,20300.0,Dry,4.0,0.23,160.0,0,26-35
CUST06593,41,Male,18700.0,Normal,3.0,0.23,,0,36-45
CUST08944,50,Female,39800.0,Combination,2.0,0.14,100.0,0,46-55
CUST09851,36,Male,53500.0,Combination,6.0,0.56,180.0,1,36-45
CUST06725,37,Male,28300.0,Sensitive,4.0,0.34,170.0,1,36-45
CUST09707,36,Male,20400.0,Oily,2.0,0.18,,0,36-45
CUST08120,40,Female,33800.0,Combination,3.0,0.25,110.0,0,36-45
CUST00856,32,Male,31900.0,Combination,3.0,0.16,100.0,1,26-35
CUST03927,41,Female,39400.0,Oily,8.0,0.7,240.0,0,36-45
CUST08585,31,Male,28700.0,Combination,4.0,0.4,100.0,0,26-35
CUST00079,39,Female,24700.0,Normal,1.0,0.12,100.0,1,36-45
CUST07089,41,Male,69800.0,Combination,,0.36,150.0,0,36-45
CUST02248,24,Male,,Dry,8.0,0.7,320.0,1,18-25
CUST08299,26,Female,33200.0,Sensitive,3.0,0.3,,0,26-35
CUST04027,25,Female,,Normal,6.0,0.55,180.0,1,18-25
CUST09989,40,Female,55100.0,Dry,10.0,0.81,450.0,1,36-45
CUST09611,18,Male,30000.0,Combination,4.0,0.29,100.0,1,18-25
CUST09333,34,Male,38300.0,Combination,5.0,0.4,190.0,1,26-35
CUST00715,30,Female,23400.0,Oily,8.0,0.57,150.0,0,26-35
CUST07452,20,Female,38600.0,Dry,1.0,0.0,100.0,1,18-25
CUST00789,20,Male,54400.0,Sensitive,0.0,0.02,100.0,0,18-25
CUST02280,18,Male,26600.0,Normal,4.0,0.35,160.0,1,18-25
CUST04096,18,Female,41800.0,Combination,3.0,0.35,100.0,0,18-25
CUST03898,52,Male,23500.0,,4.0,0.28,120.0,1,46-55
CUST09508,30,Male,26200.0,Combination,3.0,0.26,100.0,1,26-35
CUST07178,31,Male,49200.0,Dry,3.0,0.29,120.0,1,26-35
CUST09114,29,Female,61900.0,Normal,4.0,0.28,160.0,0,26-35
CUST09492,32,Female,39400.0,Sensitive,0.0,0.02,100.0,1,26-35
CUST03632,45,Female,24400.0,Sensitive,3.0,0.28,100.0,0,36-45
CUST08662,35,Female,15000.0,Dry,6.0,0.51,170.0,1,26-35
CUST07298,29,Male,56800.0,Combination,6.0,0.53,270.0,1,26-35
CUST06273,38,Female,30800.0,Dry,2.0,0.1,110.0,1,36-45
CUST00425,22,Female,24500.0,Oily,6.0,0.54,190.0,1,18-25
CUST00393,27,Female,25100.0,Sensitive,7.0,0.72,130.0,1,26-35
CUST03192,23,Female,22600.0,Sensitive,3.0,0.19,100.0,1,18-25
CUST00017,36,Male,54300.0,Combination,6.0,0.55,210.0,0,36-45
CUST06336,18,Female,51800.0,Normal,5.0,0.41,150.0,1,18-25
CUST04201,23,Female,62300.0,Dry,9.0,0.82,230.0,1,18-25
CUST02673,27,Male,50500.0,Oily,2.0,0.15,100.0,1,26-35
CUST02445,41,Female,40000.0,Normal,5.0,0.38,150.0,0,36-45
CUST06698,27,Female,65600.0,Combination,4.0,0.3,170.0,1,26-35
CUST06165,50,Female,,Oily,3.0,0.17,110.0,1,46-55
CUST02602,48,Female,32400.0,Combination,2.0,0.1,100.0,0,46-55
CUST03494,35,Male,,Combination,1.0,0.08,100.0,1,26-35
CUST06045,41,Male,86200.0,Normal,1.0,0.06,140.0,1,36-45
CUST01460,36,Female,51700.0,Normal,4.0,0.29,160.0,0,36-45
CUST03805,43,Male,77100.0,Combination,6.0,0.49,200.0,0,36-45
CUST09885,37,Female,32900.0,Combination,7.0,0.61,250.0,0,36-45
CUST07395,18,Male,22400.0,Oily,4.0,0.29,160.0,1,18-25
CUST04840,36,Male,24400.0,,5.0,0.44,170.0,0,36-45
CUST08179,30,Male,47100.0,Dry,3.0,0.27,110.0,1,26-35
CUST03836,35,Male,31200.0,Oily,4.0,0.32,130.0,1,26-35
CUST09351,49,Female,64600.0,Combination,4.0,0.29,210.0,1,46-55
CUST05684,22,Female,22600.0,Normal,6.0,0.49,180.0,1,18-25
CUST08786,37,Female,58000.0,,3.0,0.31,160.0,0,36-45
CUST05828,60,Female,41900.0,Combination,5.0,0.45,180.0,0,56+
CUST09788,34,Male,53200.0,Dry,9.0,0.8,340.0,1,26-35
CUST07962,18,Female,35000.0,Dry,3.0,0.27,130.0,0,18-25
CUST04725,35,Male,68200.0,Oily,6.0,0.58,170.0,1,26-35
CUST08797,45,Male,23600.0,Oily,5.0,0.43,110.0,0,36-45
CUST05888,54,Male,27700.0,Dry,3.0,0.28,100.0,0,46-55
CUST02356,18,Male,41700.0,Normal,3.0,0.16,100.0,0,18-25
CUST06037,29,Male,27300.0,Oily,6.0,0.4,140.0,1,26-35
CUST04799,27,Female,26400.0,Normal,0.0,0.0,100.0,0,26-35
CUST02443,21,Female,26000.0,Combination,4.0,0.37,180.0,1,18-25
CUST08683,47,Female,25500.0,Sensitive,7.0,0.64,200.0,1,46-55
CUST04593,35,Male,58500.0,Combination,6.0,0.48,240.0,1,26-35
CUST08810,37,Female,42600.0,Sensitive,5.0,0.4,240.0,0,36-45
CUST00465,20,Male,68900.0,Sensitive,7.0,0.62,300.0,0,18-25
CUST00164,23,Female,37000.0,Oily,5.0,0.42,230.0,1,18-25
CUST09299,22,F,26300.0,Normal,5.0,0.4,180.0,1,18-25
CUST09473,34,Male,35300.0,Sensitive,4.0,0.37,190.0,1,26-35
CUST08441,21,Male,50200.0,Combination,2.0,0.2,100.0,0,18-25
CUST09817,39,Female,71800.0,Combination,3.0,0.33,110.0,1,36-45
CUST09518,33,Male,32400.0,Oily,4.0,0.37,130.0,1,26-35
CUST07381,31,Female,18600.0,Normal,3.0,0.37,100.0,0,26-35
CUST06637,28,Male,51700.0,Normal,1.0,0.08,100.0,0,26-35
CUST00242,31,Female,50900.0,Normal,5.0,0.36,240.0,0,26-35
CUST02010,39,Male,35300.0,Oily,7.0,0.44,150.0,1,36-45
CUST06357,41,Male,31600.0,Combination,3.0,0.33,100.0,1,36-45
CUST03085,27,Male,41700.0,Combination,6.0,0.54,210.0,1,26-35
CUST06209,43,Female,18100.0,Sensitive,3.0,0.34,100.0,1,36-45
CUST00901,36,Male,,Dry,6.0,0.53,190.0,1,36-45
CUST05543,39,Female,32700.0,Oily,3.0,0.24,100.0,1,36-45
CUST06008,18,male,43100.0,Oily,5.0,0.47,130.0,1,18-25
CUST07994,18,Female,38100.0,Normal,2.0,0.18,100.0,0,18-25
CUST07639,27,Female,34800.0,Combination,3.0,0.27,160.0,0,26-35
CUST06794,24,Female,108900.0,Normal,7.0,0.58,,1,18-25
CUST06253,43,Male,38000.0,Normal,3.0,0.21,,1,36-45
CUST07759,26,Male,43900.0,Oily,6.0,0.54,200.0,1,26-35
CUST04838,21,Male,42600.0,Oily,5.0,0.44,160.0,1,18-25
CUST02294,27,Female,86800.0,Normal,6.0,0.55,260.0,1,26-35
CUST06549,18,Female,39100.0,Dry,6.0,0.51,190.0,1,18-25
CUST07899,30,Female,37100.0,Combination,1.0,0.1,100.0,1,26-35
CUST08829,18,Female,18800.0,Combination,8.0,0.66,230.0,1,18-25
CUST04482,32,Female,35600.0,Dry,4.0,0.27,150.0,1,26-35
CUST05303,43,Female,43500.0,Dry,2.0,0.16,100.0,0,36-45
CUST04606,34,Female,112300.0,Sensitive,5.0,0.43,260.0,0,26-35
CUST03717,40,Male,52900.0,Normal,5.0,0.43,220.0,1,36-45
CUST09109,34,Female,55800.0,Combination,8.0,0.68,180.0,1,26-35
CUST06141,50,Male,25300.0,Combination,4.0,0.42,170.0,0,46-55
CUST01765,20,Male,59200.0,Normal,3.0,0.19,190.0,0,18-25
CUST06599,21,Female,75500.0,Oily,4.0,0.43,220.0,0,18-25
CUST01550,36,Male,31700.0,Combination,5.0,0.45,120.0,1,36-45
CUST03030,35,Female,34100.0,Oily,5.0,0.33,130.0,1,26-35
CUST08691,22,Female,58300.0,,3.0,0.23,110.0,1,18-25
CUST06299,43,Male,28400.0,Normal,3.0,0.23,100.0,0,36-45
CUST06663,18,Male,66800.0,Combination,2.0,0.16,140.0,1,18-25
CUST06627,38,Male,32500.0,Oily,4.0,0.33,170.0,1,36-45
CUST02045,18,Female,23100.0,Combination,2.0,0.13,100.0,0,18-25
CUST00768,26,Female,24700.0,Combination,5.0,0.4,100.0,1,26-35
CUST05694,48,Male,43500.0,Combination,3.0,0.23,100.0,0,46-55
CUST07871,44,Female,39100.0,Dry,6.0,0.55,220.0,0,36-45
CUST07796,19,Male,59600.0,Dry,2.0,0.12,100.0,0,18-25
CUST01509,54,Male,40000.0,Oily,5.0,0.38,120.0,0,46-55
CUST07231,28,Male,33400.0,Combination,3.0,0.26,140.0,1,26-35
CUST07858,32,Male,61000.0,Dry,4.0,0.28,130.0,0,26-35
CUST03303,42,Male,62900.0,Normal,0.0,0.08,100.0,0,36-45
CUST04518,30,Female,42800.0,Normal,3.0,0.27,100.0,0,26-35
CUST04220,28,Female,56000.0,Combination,4.0,0.32,150.0,0,26-35
CUST09116,22,Male,41500.0,Dry,5.0,0.42,220.0,0,18-25
CUST08758,45,Female,80800.0,Normal,1.0,0.1,110.0,0,36-45
CUST03293,27,Male,65700.0,Normal,8.0,0.65,400.0,0,26-35
CUST00820,19,Female,24600.0,Oily,5.0,0.4,140.0,1,18-25
CUST01404,27,Male,58100.0,Dry,2.0,0.09,140.0,0,26-35
CUST01383,29,Female,17600.0,Normal,2.0,0.24,100.0,0,26-35
CUST02149,28,Male,22500.0,Dry,2.0,0.28,100.0,0,26-35
CUST06929,24,Female,30700.0,Dry,4.0,0.34,170.0,0,18-25
CUST05672,36,Female,56000.0,Sensitive,4.0,0.41,140.0,0,36-45
CUST01639,32,Male,16300.0,Normal,2.0,0.15,100.0,1,26-35
CUST05892,51,Male,64800.0,Combination,3.0,0.3,,0,46-55
CUST07428,28,Female,45000.0,,4.0,0.44,130.0,0,26-35
CUST00609,18,Female,,Combination,4.0,0.36,180.0,1,18-25
CUST06908,32,Female,17900.0,Dry,2.0,0.25,100.0,1,26-35
CUST00400,24,Male,32000.0,Sensitive,8.0,0.66,300.0,0,18-25
CUST07248,37,Female,20300.0,Normal,5.0,0.36,190.0,0,36-45
CUST06407,27,Female,41200.0,Sensitive,8.0,0.78,240.0,1,26-35
CUST00883,20,Female,30300.0,Sensitive,3.0,0.27,140.0,0,18-25
CUST03566,50,Male,29900.0,Dry,5.0,0.41,230.0,0,46-55
CUST04286,51,Male,17000.0,Dry,3.0,0.23,120.0,1,46-55
CUST01180,37,Female,38800.0,Oily,2.0,0.21,100.0,0,36-45
CUST05449,46,Female,76400.0,Sensitive,4.0,0.27,160.0,0,46-55
CUST04245,34,Female,33600.0,Oily,8.0,0.62,210.0,1,26-35
CUST05219,42,Male,62300.0,Sensitive,2.0,0.18,100.0,1,36-45
CUST03977,35,Male,43900.0,Combination,3.0,0.21,140.0,1,26-35
CUST02131,33,Male,24400.0,Dry,3.0,0.31,130.0,1,26-35
CUST05079,41,Female,23800.0,Combination,3.0,0.33,120.0,1,36-45
CUST00457,44,Male,35200.0,Dry,4.0,0.33,150.0,1,36-45
CUST05583,49,Female,33300.0,Dry,6.0,0.53,250.0,1,46-55
CUST05176,30,Female,17000.0,Sensitive,3.0,0.27,120.0,0,26-35
CUST01951,33,Male,,Dry,3.0,0.2,100.0,1,26-35
CUST05373,31,Female,124800.0,Combination,,0.63,270.0,1,26-35
CUST00690,27,Female,70100.0,Oily,3.0,0.18,180.0,0,26-35
CUST08890,26,Female,28700.0,Oily,3.0,0.25,120.0,0,26-35
CUST06526,44,Male,32000.0,Oily,4.0,0.4,160.0,0,36-45
CUST09861,34,Female,46500.0,Oily,4.0,0.34,160.0,0,26-35
CUST06489,24,Female,32300.0,,7.0,0.57,,1,18-25
CUST06922,18,Female,53400.0,Dry,2.0,0.2,120.0,1,18-25
CUST01954,25,Female,28200.0,Oily,2.0,0.06,100.0,0,18-25
CUST07635,43,Male,75500.0,Normal,3.0,0.26,210.0,0,36-45
CUST05637,37,Female,37300.0,Combination,3.0,0.3,140.0,0,36-45
CUST07155,52,Male,,Combination,3.0,0.32,110.0,0,46-55
CUST08460,36,Female,32800.0,Sensitive,2.0,0.15,100.0,1,36-45
CUST06611,18,Male,84300.0,Dry,5.0,0.4,190.0,0,18-25
CUST02711,31,Female,52100.0,Oily,2.0,0.15,110.0,1,26-35
CUST08605,45,Female,48700.0,Normal,4.0,0.4,190.0,0,36-45
CUST03202,45,Female,38600.0,Oily,6.0,0.45,280.0,0,36-45
CUST04350,38,Male,64700.0,Normal,2.0,0.19,110.0,0,36-45
CUST04139,21,Male,54500.0,Combination,7.0,0.5,310.0,1,18-25
CUST01885,18,Female,50700.0,Sensitive,3.0,0.3,,0,18-25
CUST08677,18,Female,144800.0,Sensitive,5.0,0.37,250.0,0,18-25
CUST04486,25,Female,39500.0,Combination,2.0,0.18,120.0,1,18-25
CUST02495,44,Female,32400.0,Combination,4.0,0.29,110.0,0,36-45
CUST05948,22,Male,70600.0,,4.0,0.3,150.0,1,18-25
CUST03037,34,Female,70300.0,Oily,8.0,0.7,200.0,1,26-35
CUST05778,34,Female,53700.0,Combination,6.0,0.51,160.0,1,26-35
CUST03604,48,Female,,Dry,8.0,0.72,290.0,1,46-55
CUST00846,36,Male,29300.0,Sensitive,4.0,0.27,110.0,1,36-45
CUST00543,35,Male,37200.0,Combination,7.0,0.58,160.0,1,26-35
CUST03725,31,Male,50400.0,Combination,4.0,0.37,160.0,0,26-35
CUST04188,28,Female,15500.0,Oily,2.0,0.13,100.0,0,26-35
CUST03680,33,Female,39900.0,Oily,3.0,0.36,100.0,0,26-35
CUST08937,18,Male,56600.0,Oily,7.0,0.55,220.0,0,18-25
CUST07968,39,Female,40000.0,Dry,8.0,0.67,250.0,1,36-45
CUST08522,22,Male,46900.0,Combination,10.0,0.8,290.0,1,18-25
CUST06076,18,male,39300.0,Combination,1.0,0.0,100.0,1,18-25
CUST07341,18,Male,20400.0,Oily,5.0,0.42,210.0,0,18-25
CUST08261,18,Female,32200.0,Combination,8.0,0.61,210.0,1,18-25
CUST07247,18,Female,41700.0,Combination,5.0,0.43,240.0,1,18-25
CUST09045,33,Female,25900.0,Normal,,0.32,130.0,1,26-35
CUST08326,38,Male,34000.0,Oily,6.0,0.45,130.0,1,36-45
CUST07138,26,Female,108400.0,Oily,3.0,0.27,160.0,0,26-35
CUST02965,32,Female,60400.0,Dry,3.0,0.28,140.0,0,26-35
CUST07560,36,Female,135200.0,Normal,4.0,0.23,220.0,0,36-45
CUST02530,26,Male,56600.0,Normal,5.0,0.43,200.0,0,26-35
CUST07285,18,,27200.0,Dry,4.0,0.44,180.0,0,18-25
CUST05773,31,Male,48400.0,Dry,5.0,0.36,,1,26-35
CUST01049,21,Female,26100.0,Oily,1.0,0.09,100.0,1,18-25
CUST07046,34,Female,63800.0,Normal,,0.46,170.0,1,26-35
CUST01961,34,Female,42700.0,Normal,3.0,0.21,160.0,0,26-35
CUST02531,45,Female,86600.0,Combination,2.0,0.15,130.0,0,36-45
CUST08592,23,Female,60000.0,Oily,7.0,0.51,190.0,1,18-25
CUST07604,32,Female,45000.0,Oily,3.0,0.2,,1,26-35
CUST06525,34,Female,29700.0,Normal,2.0,0.25,100.0,1,26-35
CUST00238,30,Female,57900.0,Oily,5.0,0.45,150.0,0,26-35
CUST04918,31,Male,52000.0,Oily,5.0,0.33,140.0,1,26-35
CUST06480,29,Female,23400.0,Oily,3.0,0.24,110.0,0,26-35
CUST01134,47,Male,58400.0,Combination,4.0,0.22,230.0,0,46-55
CUST06977,38,Male,34600.0,Combination,5.0,0.37,,0,36-45
CUST05902,28,Male,33400.0,Combination,5.0,0.38,160.0,1,26-35
CUST09095,26,Female,18500.0,Oily,7.0,0.58,190.0,1,26-35
CUST04260,28,Male,,Normal,3.0,0.19,220.0,0,26-35
CUST08878,18,Female,,Dry,7.0,0.57,140.0,0,18-25
CUST06966,35,Male,17400.0,Normal,5.0,0.42,130.0,1,26-35
CUST08159,32,Female,56800.0,Sensitive,3.0,0.34,160.0,0,26-35
CUST00793,38,Female,44900.0,Normal,7.0,0.57,200.0,1,36-45
CUST01986,29,Male,20500.0,Combination,3.0,0.25,100.0,1,26-35
CUST05657,18,Female,45400.0,Oily,3.0,0.23,160.0,1,18-25
CUST08777,39,Female,45600.0,Sensitive,1.0,0.1,100.0,1,36-45
CUST07936,24,Male,49500.0,Sensitive,2.0,0.19,100.0,0,18-25
CUST06098,23,Male,48100.0,Combination,8.0,0.67,,0,18-25
CUST05908,22,Female,25400.0,Dry,4.0,0.26,140.0,0,18-25
CUST07374,22,Female,48000.0,Sensitive,3.0,0.25,130.0,0,18-25
CUST07634,27,Female,43400.0,Dry,2.0,0.1,100.0,1,26-35
CUST02979,25,Female,70900.0,Oily,6.0,0.51,170.0,0,18-25
CUST08899,31,Male,50900.0,Dry,1.0,0.09,100.0,0,26-35
CUST09339,27,Male,71900.0,Combination,1.0,0.09,110.0,1,26-35
CUST06722,44,Female,45700.0,Normal,2.0,0.22,110.0,0,36-45
CUST07843,30,Female,104200.0,Combination,3.0,0.25,110.0,1,26-35
CUST05525,30,Male,32400.0,Oily,2.0,0.2,100.0,1,26-35
CUST08759,28,Male,41200.0,Dry,1.0,0.12,100.0,0,26-35
CUST08255,30,Female,24800.0,Dry,1.0,0.1,100.0,0,26-35
CUST08804,28,Female,66000.0,Combination,4.0,0.33,150.0,1,26-35
CUST08641,42,Female,85200.0,Normal,4.0,0.3,200.0,1,36-45
CUST07175,49,Male,129400.0,Sensitive,6.0,0.52,280.0,0,46-55
CUST03920,36,Female,39800.0,Dry,3.0,0.17,140.0,0,36-45
CUST03139,38,Female,35700.0,Combination,,0.46,230.0,1,36-45
CUST09455,46,Female,41400.0,Normal,7.0,0.67,180.0,1,46-55
CUST09973,30,Male,99700.0,Normal,3.0,0.31,120.0,1,26-35
CUST05790,47,,55200.0,Sensitive,3.0,0.29,180.0,0,46-55
CUST04074,48,Male,59700.0,Combination,4.0,0.3,160.0,0,46-55
CUST03288,44,Male,69400.0,Normal,2.0,0.2,130.0,0,36-45
CUST03230,18,Female,50600.0,Sensitive,2.0,0.11,140.0,0,18-25
CUST01827,41,Female,33600.0,Combination,5.0,0.44,210.0,1,36-45
CUST05549,36,Female,75600.0,Sensitive,6.0,0.53,240.0,0,36-45
CUST00594,18,Female,16400.0,Oily,3.0,0.32,110.0,1,18-25
CUST02726,28,Male,34400.0,Dry,4.0,0.34,190.0,1,26-35
CUST04138,34,Female,54400.0,Sensitive,2.0,0.14,110.0,0,26-35
CUST00561,31,Female,21300.0,Combination,5.0,0.47,120.0,1,26-35
CUST07407,18,Male,36300.0,Normal,2.0,0.14,100.0,0,18-25
CUST08844,41,Male,54000.0,Combination,3.0,0.28,120.0,1,36-45
CUST08422,28,Male,78800.0,Oily,6.0,0.44,,1,26-35
CUST00244,18,Female,26000.0,Combination,4.0,0.35,130.0,1,18-25
CUST07269,52,Female,54200.0,Oily,4.0,0.39,100.0,0,46-55
CUST05436,25,Female,48600.0,Combination,2.0,0.08,100.0,1,18-25
CUST04438,41,Female,38700.0,Oily,2.0,0.22,100.0,1,36-45
CUST08355,24,Female,69000.0,Dry,4.0,0.38,150.0,1,18-25
CUST08107,40,Female,52800.0,Dry,2.0,0.19,150.0,0,36-45
CUST00406,29,Female,33000.0,Combination,2.0,0.19,100.0,1,26-35
CUST01443,18,Female,33900.0,Oily,5.0,0.46,200.0,0,18-25
CUST04407,26,Male,41000.0,Oily,2.0,0.24,100.0,0,26-35
CUST09573,29,Female,44400.0,Oily,3.0,0.26,100.0,1,26-35
CUST01690,42,Male,45600.0,Sensitive,6.0,0.48,200.0,1,36-45
CUST09906,18,Female,35800.0,Combination,1.0,0.14,100.0,0,18-25
CUST09032,58,Male,27200.0,Combination,4.0,0.41,,0,56+
CUST05963,50,Female,111500.0,Combination,6.0,0.45,230.0,1,46-55
CUST02497,31,Male,44700.0,Combination,6.0,0.51,,1,26-35
CUST08236,29,Female,94200.0,Oily,7.0,0.53,300.0,1,26-35
CUST00341,18,Male,83100.0,Dry,2.0,0.21,160.0,0,18-25
CUST02409,18,Female,52700.0,Normal,4.0,0.32,130.0,1,18-25
CUST08395,37,Female,58200.0,Combination,4.0,0.29,140.0,0,36-45
CUST05783,19,Female,47800.0,Combination,5.0,0.43,190.0,1,18-25
CUST04577,22,Male,20600.0,Dry,3.0,0.31,100.0,0,18-25
CUST03726,47,Female,,Sensitive,3.0,0.21,120.0,0,46-55
CUST02786,33,Female,23700.0,Oily,5.0,0.32,190.0,1,26-35
CUST01013,26,Female,25200.0,Normal,2.0,0.13,,0,26-35
CUST05281,18,Female,26800.0,Dry,3.0,0.26,120.0,0,18-25
CUST04896,31,Female,50800.0,Normal,4.0,0.31,120.0,0,26-35
CUST07122,34,Male,96900.0,Combination,3.0,0.31,200.0,0,26-35
CUST06550,21,Female,,Combination,5.0,0.42,160.0,1,18-25
CUST04038,32,Male,,Combination,0.0,0.0,100.0,1,26-35
CUST00149,44,Female,142900.0,Sensitive,1.0,0.12,140.0,0,36-45
CUST00286,27,Male,45600.0,Combination,6.0,0.47,190.0,0,26-35
CUST09691,38,Female,64900.0,Normal,4.0,0.35,170.0,0,36-45
CUST09789,43,Female,23900.0,Dry,4.0,0.29,110.0,1,36-45
CUST06771,38,Female,74200.0,Oily,7.0,0.58,240.0,0,36-45
CUST04444,21,Male,38200.0,Oily,4.0,0.3,160.0,1,18-25
CUST07447,34,M,37500.0,Dry,7.0,0.52,180.0,0,26-35
CUST00237,18,Female,52100.0,Normal,3.0,0.29,100.0,0,18-25
CUST09625,31,Male,81300.0,Combination,4.0,0.37,160.0,0,26-35
CUST07124,36,Female,45300.0,Combination,1.0,0.07,100.0,1,36-45
CUST09938,41,Male,34200.0,Oily,4.0,0.32,190.0,0,36-45
CUST03084,26,Female,30900.0,Dry,5.0,0.39,130.0,1,26-35
CUST00633,28,Female,35200.0,Combination,5.0,0.4,220.0,1,26-35
CUST06814,20,Male,39300.0,Dry,4.0,0.4,210.0,1,18-25
CUST02494,24,,16000.0,Normal,4.0,0.35,120.0,1,18-25
CUST02666,33,Female,26200.0,Sensitive,2.0,0.14,100.0,0,26-35
CUST08531,39,Female,,Normal,3.0,0.19,140.0,0,36-45
CUST08461,26,Female,17200.0,Oily,2.0,0.22,100.0,1,26-35
CUST08545,48,Female,53200.0,Dry,4.0,0.29,180.0,1,46-55
CUST04212,35,Female,44000.0,Combination,8.0,0.67,360.0,0,26-35
CUST03875,18,Female,21300.0,Dry,2.0,0.16,,1,18-25
CUST02818,41,Male,,Dry,7.0,0.54,280.0,1,36-45
CUST08304,35,Male,24500.0,Combination,5.0,0.39,160.0,1,26-35
CUST09855,37,Female,35100.0,Sensitive,2.0,0.17,100.0,0,36-45
CUST07427,37,Female,69200.0,Combination,5.0,0.39,230.0,1,36-45
CUST08640,24,Female,40600.0,Normal,4.0,0.26,100.0,0,18-25
CUST08512,28,Male,60700.0,Oily,3.0,0.32,150.0,1,26-35
CUST01736,42,Female,59500.0,Oily,7.0,0.56,310.0,1,36-45
CUST07398,42,Male,58600.0,Dry,1.0,0.1,100.0,0,36-45
CUST04256,43,Female,41900.0,Normal,3.0,0.27,150.0,1,36-45
CUST08324,39,Female,30200.0,Combination,5.0,0.5,140.0,1,36-45
CUST02476,32,Female,15500.0,Dry,2.0,0.17,100.0,0,26-35
CUST04948,36,Male,45800.0,Sensitive,2.0,0.18,100.0,1,36-45
CUST03714,33,Female,47900.0,Normal,4.0,0.23,140.0,1,26-35
CUST09016,30,Female,48500.0,Normal,2.0,0.27,100.0,1,26-35
CUST01805,33,Male,74200.0,Combination,1.0,0.05,120.0,1,26-35
CUST00708,38,Male,38900.0,Normal,6.0,0.55,140.0,1,36-45
CUST09229,19,Female,57800.0,Combination,1.0,0.02,100.0,1,18-25
CUST05190,21,Female,,Combination,5.0,0.45,200.0,1,18-25
CUST05473,37,Male,42900.0,,4.0,0.26,200.0,0,36-45
CUST00073,22,Female,34600.0,Normal,4.0,0.29,160.0,1,18-25
CUST07844,24,Female,45300.0,Oily,9.0,0.73,190.0,1,18-25
CUST05102,50,Female,43300.0,Oily,4.0,0.35,190.0,0,46-55
CUST06765,28,Female,39800.0,Dry,4.0,0.4,120.0,1,26-35
CUST01126,29,Female,66700.0,Normal,3.0,0.28,180.0,1,26-35
CUST01242,21,Female,18300.0,Dry,5.0,0.39,130.0,0,18-25
CUST08289,25,Male,26600.0,Normal,5.0,0.44,,1,18-25
CUST02350,40,Male,34500.0,Oily,6.0,0.53,200.0,0,36-45
CUST06603,39,Female,63500.0,Normal,9.0,0.69,370.0,1,36-45
CUST06781,45,Male,66500.0,Normal,7.0,0.61,350.0,1,36-45
CUST04359,27,Male,33100.0,Combination,4.0,0.26,100.0,1,26-35
CUST01344,26,Female,16300.0,Combination,2.0,0.17,100.0,1,26-35
CUST06591,36,Female,64500.0,Dry,8.0,0.72,320.0,1,36-45
CUST09697,27,Male,16300.0,Normal,6.0,0.46,,1,26-35
CUST09615,46,Male,30500.0,Dry,8.0,0.66,280.0,0,46-55
CUST06653,23,Male,,Combination,4.0,0.41,120.0,1,18-25
CUST01101,44,Female,53900.0,Sensitive,5.0,0.41,160.0,1,36-45
CUST07328,27,Male,20200.0,Combination,2.0,0.1,100.0,1,26-35
CUST07623,30,Male,35200.0,Oily,6.0,0.43,170.0,1,26-35
CUST00988,36,Male,47600.0,Dry,3.0,0.25,100.0,1,36-45
CUST02853,47,Female,27000.0,Normal,4.0,0.32,,0,46-55
CUST00631,50,Female,32800.0,Combination,5.0,0.39,140.0,0,46-55
CUST01250,18,Male,36700.0,,4.0,0.29,190.0,1,18-25
CUST03180,36,Female,41200.0,Sensitive,4.0,0.34,120.0,0,36-45
CUST00483,33,Female,63400.0,Normal,2.0,0.19,150.0,0,26-35
CUST03041,46,Male,50800.0,Oily,4.0,0.33,140.0,1,46-55
CUST05011,41,Male,36300.0,Dry,4.0,0.27,110.0,0,36-45
CUST08765,47,Male,49100.0,,4.0,0.28,,1,46-55
CUST07001,18,Female,34700.0,Dry,6.0,0.51,,0,18-25
CUST03274,28,Male,57300.0,Normal,5.0,0.43,150.0,0,26-35
CUST07228,38,Female,54700.0,Normal,407.0,0.29,150.0,1,36-45
CUST03684,27,Female,37300.0,Combination,2.0,0.21,100.0,0,26-35
CUST06675,54,Female,51900.0,Oily,3.0,0.18,110.0,0,46-55
CUST06808,24,Male,47800.0,Combination,3.0,0.28,160.0,0,18-25
CUST09778,39,Male,62900.0,Normal,5.0,0.41,160.0,0,36-45
CUST01317,30,Female,24700.0,Sensitive,2.0,0.24,100.0,0,26-35
CUST03226,25,Female,128800.0,Normal,2.0,0.11,160.0,0,18-25
CUST01073,29,Female,53300.0,Normal,1.0,0.04,100.0,0,26-35
CUST04816,18,Male,29000.0,Combination,,0.38,140.0,1,18-25
CUST08495,27,Female,22900.0,Oily,10.0,0.84,370.0,1,26-35
CUST05753,44,Male,41800.0,Combination,4.0,0.23,100.0,1,36-45
CUST09183,44,Female,,Dry,9.0,0.74,320.0,1,36-45
CUST04617,18,Male,54400.0,Dry,3.0,0.26,100.0,0,18-25
CUST03098,25,Female,,Combination,6.0,0.52,150.0,1,18-25
CUST06870,44,Male,46100.0,Combination,2.0,0.17,110.0,0,36-45
CUST01301,33,Female,29700.0,Sensitive,7.0,0.58,150.0,1,26-35
CUST07286,38,Male,15000.0,Dry,3.0,0.2,110.0,0,36-45
CUST06285,35,Female,24600.0,Dry,3.0,0.3,120.0,1,26-35
CUST05496,36,Male,33900.0,Combination,2.0,0.11,100.0,0,36-45
CUST05292,22,Male,93800.0,Dry,3.0,0.18,170.0,0,18-25
CUST01799,26,Male,39400.0,Combination,12.0,0.92,47321.05458290053,1,26-35
CUST05204,19,Female,50500.0,Combination,1.0,0.05,100.0,1,18-25
CUST08228,18,Female,37600.0,Sensitive,4.0,0.35,150.0,0,18-25
CUST05048,20,Female,29300.0,Normal,5.0,0.4,180.0,1,18-25
CUST06442,34,Male,133600.0,Oily,3.0,0.25,190.0,1,26-35
CUST08106,18,Female,75100.0,Dry,3.0,0.17,120.0,0,18-25
CUST02360,49,Female,30700.0,,8.0,0.59,300.0,1,46-55
CUST09418,30,Female,61600.0,Oily,2.0,0.23,140.0,0,26-35
CUST03655,39,Male,23100.0,Dry,5.0,0.37,130.0,0,36-45
CUST07053,38,Female,51800.0,Normal,3.0,0.28,150.0,0,36-45
CUST01287,18,Female,,Oily,3.0,0.28,100.0,1,18-25
CUST09687,36,Female,47200.0,Combination,2.0,0.14,100.0,0,36-45
CUST04446,20,Male,,Combination,2.0,0.16,160.0,0,18-25
CUST02138,41,Female,53000.0,Normal,6.0,0.48,270.0,0,36-45
CUST06788,25,Female,33700.0,Dry,0.0,0.0,100.0,0,18-25
CUST09792,40,Female,61300.0,Sensitive,4.0,0.36,140.0,0,36-45
CUST08548,56,Male,26600.0,Combination,0.0,0.0,100.0,1,56+
CUST09005,45,Female,26600.0,Normal,2.0,0.1,100.0,1,36-45
CUST06895,31,Female,48000.0,Combination,4.0,0.35,140.0,1,26-35
CUST08607,52,Male,44900.0,Sensitive,2.0,0.16,120.0,0,46-55
CUST07152,39,Female,33600.0,Combination,7.0,0.59,310.0,1,36-45
CUST00964,31,Female,34600.0,Combination,3.0,0.21,130.0,0,26-35
CUST06013,40,Female,23600.0,Sensitive,3.0,0.29,130.0,1,36-45
CUST04883,25,Female,30700.0,Oily,1.0,0.01,100.0,1,18-25
CUST00141,37,Male,38200.0,Combination,3.0,0.18,100.0,1,36-45
CUST09070,22,Male,21900.0,Combination,4.0,0.32,120.0,1,18-25
CUST06937,24,M,39800.0,Oily,5.0,0.46,190.0,0,18-25
CUST06543,39,Male,87200.0,Normal,7.0,0.61,290.0,1,36-45
CUST05244,41,Male,36500.0,Combination,7.0,0.59,160.0,1,36-45
CUST04432,18,Female,46900.0,Dry,2.0,0.13,110.0,0,18-25
CUST00407,31,Male,59400.0,Oily,5.0,0.3,150.0,1,26-35
CUST08213,39,Female,59400.0,Normal,5.0,0.46,200.0,0,36-45
CUST08412,40,Female,34800.0,Normal,3.0,0.27,100.0,1,36-45
CUST08665,39,Male,49700.0,Combination,2.0,0.1,120.0,1,36-45
CUST08235,30,Male,31500.0,Sensitive,1.0,0.03,100.0,1,26-35
CUST04400,18,Male,27900.0,Combination,4.0,0.28,170.0,1,18-25
CUST05253,51,Female,36000.0,Sensitive,7.0,0.71,210.0,0,46-55
CUST00012,41,Male,27300.0,Normal,1.0,0.06,100.0,1,36-45
CUST04761,34,Male,38200.0,Combination,3.0,0.13,120.0,1,26-35
CUST01178,34,Female,17300.0,Sensitive,0.0,0.0,100.0,0,26-35
CUST02864,66,Female,37700.0,Normal,6.0,0.42,220.0,0,56+
CUST06472,35,Female,44100.0,Dry,4.0,0.4,160.0,0,26-35
CUST06229,25,Female,29700.0,,4.0,0.38,160.0,1,18-25
CUST02990,47,Female,22300.0,Dry,7.0,0.55,240.0,0,46-55
CUST07118,19,Female,138200.0,Dry,3.0,0.2,160.0,0,18-25
CUST07011,18,Male,70000.0,Dry,5.0,0.57,260.0,0,18-25
CUST08595,30,Male,37900.0,Normal,4.0,0.39,150.0,0,26-35
CUST01441,25,Female,33300.0,Dry,1.0,0.06,100.0,0,18-25
CUST09787,35,Male,26500.0,Dry,5.0,0.49,100.0,1,26-35
CUST02876,18,Female,43900.0,Dry,2.0,0.14,100.0,1,18-25
CUST09136,30,Male,71100.0,Normal,7.0,0.64,370.0,0,26-35
CUST08826,20,,55300.0,Normal,5.0,0.33,250.0,0,18-25
CUST07233,20,Female,16200.0,Oily,3.0,0.25,100.0,1,18-25
CUST03727,35,Male,58000.0,Oily,7.0,0.7,180.0,1,26-35
CUST02773,29,Male,19800.0,Sensitive,2.0,0.13,100.0,0,26-35
CUST00455,33,Female,31700.0,Combination,5.0,0.38,,1,26-35
CUST08190,34,Female,32300.0,Normal,4.0,0.31,140.0,1,26-35
CUST01368,47,Female,19300.0,Oily,5.0,0.33,110.0,0,46-55
CUST03713,30,Male,121300.0,Normal,2.0,0.12,130.0,0,26-35
CUST09892,35,Male,37300.0,Combination,4.0,0.21,160.0,1,26-35
CUST01389,36,Female,47600.0,Dry,2.0,0.14,110.0,1,36-45
CUST01001,31,Male,30900.0,Combination,3.0,0.28,100.0,1,26-35
CUST07762,22,Female,37800.0,Oily,4.0,0.26,110.0,1,18-25
CUST03554,18,Female,23400.0,Combination,5.0,0.45,130.0,0,18-25
CUST04115,23,Male,57600.0,,5.0,0.37,250.0,1,18-25
CUST01668,32,Female,53500.0,Oily,3.0,0.28,110.0,0,26-35
CUST03174,32,Male,74400.0,Combination,3.0,0.37,150.0,0,26-35
CUST09435,40,Male,35200.0,Combination,3.0,0.19,130.0,0,36-45
CUST00489,23,Female,42900.0,,4.0,0.31,180.0,0,18-25
CUST03231,27,Male,38500.0,Oily,4.0,0.32,170.0,1,26-35
CUST03829,35,Male,40300.0,Dry,2.0,0.19,120.0,1,26-35
CUST08689,28,Male,39400.0,Dry,6.0,0.43,240.0,1,26-35
CUST05209,28,Male,32300.0,Sensitive,5.0,0.41,150.0,1,26-35
CUST07849,18,Male,54600.0,Combination,2.0,0.14,140.0,0,18-25
CUST05705,21,Male,60800.0,Oily,6.0,0.5,170.0,1,18-25
CUST09679,18,Female,22400.0,Combination,2.0,0.12,100.0,0,18-25
CUST08134,21,Female,21900.0,Dry,1.0,0.08,100.0,1,18-25
CUST00704,31,Male,,Normal,5.0,0.37,130.0,0,26-35
CUST05106,23,Female,32700.0,Oily,2.0,0.06,100.0,1,18-25
CUST08931,42,Male,28700.0,Oily,5.0,0.44,110.0,1,36-45
CUST03292,35,Female,55500.0,Oily,2.0,0.15,31063.550865455116,0,26-35
CUST08126,18,Female,71800.0,Sensitive,7.0,0.6,320.0,1,18-25
CUST09990,47,Male,51400.0,,3.0,0.2,100.0,0,46-55
CUST09059,31,Male,19600.0,,1.0,0.02,100.0,1,26-35
CUST04910,31,Female,,,2.0,0.11,100.0,0,26-35
CUST04441,36,Male,32900.0,Oily,3.0,0.23,110.0,1,36-45
CUST00987,18,Female,37900.0,Combination,8.0,0.66,340.0,1,18-25
CUST09972,44,Male,69400.0,Dry,10.0,0.78,300.0,0,36-45
CUST09100,31,Female,66900.0,Normal,3.0,0.25,150.0,0,26-35
CUST07706,27,Male,,Normal,5.0,0.36,210.0,1,26-35
CUST06258,32,Female,93400.0,Dry,5.0,0.44,280.0,0,26-35
CUST06090,24,Male,42000.0,Dry,1.0,0.16,100.0,1,18-25
CUST05239,24,Male,24300.0,Normal,6.0,0.47,,1,18-25
CUST01199,48,Male,94900.0,Oily,7.0,0.65,330.0,1,46-55
CUST09108,18,Female,35200.0,Oily,5.0,0.48,120.0,1,18-25
CUST07520,18,Female,36000.0,Normal,5.0,0.39,,1,18-25
CUST06813,33,Female,66500.0,Sensitive,3.0,0.31,120.0,1,26-35
CUST08321,40,Male,24000.0,Sensitive,0.0,0.02,100.0,0,36-45
CUST07176,47,Male,35900.0,Combination,8.0,0.7,350.0,1,46-55
CUST04471,35,Female,39000.0,Dry,2.0,0.24,100.0,1,26-35
CUST00892,26,Female,43400.0,Normal,4.0,0.29,160.0,1,26-35
CUST01970,41,Male,29500.0,Normal,1.0,0.1,100.0,0,36-45
CUST05758,30,Male,24700.0,Dry,4.0,0.36,170.0,1,26-35
CUST06528,36,Male,35800.0,Normal,4.0,0.35,200.0,1,36-45
CUST06295,19,Female,30100.0,Normal,6.0,0.45,230.0,1,18-25
CUST07596,18,Female,23000.0,Combination,4.0,0.34,100.0,0,18-25
CUST03250,34,Female,49500.0,Sensitive,6.0,0.43,250.0,1,26-35
CUST06571,24,Female,52200.0,Dry,5.0,0.39,110.0,0,18-25
CUST06639,40,Female,51400.0,Combination,4.0,0.36,200.0,1,36-45
CUST07352,31,Male,60100.0,Dry,3.0,0.31,180.0,0,26-35
CUST09210,27,Female,62600.0,Normal,6.0,0.62,240.0,1,26-35
CUST07474,25,Female,26100.0,Oily,2.0,0.07,100.0,1,18-25
CUST09242,39,Male,24100.0,Oily,3.0,0.21,100.0,1,36-45
CUST08711,18,Female,53100.0,Oily,4.0,0.31,160.0,0,18-25
CUST01240,49,Female,37100.0,Sensitive,2.0,0.19,100.0,0,46-55
CUST02290,18,Female,40000.0,Combination,8.0,0.66,280.0,0,18-25
CUST02741,23,Female,57600.0,Dry,3.0,0.29,170.0,1,18-25
CUST04586,37,Female,32200.0,Oily,,0.28,140.0,0,36-45
CUST01230,38,Female,32600.0,Combination,2.0,0.2,,0,36-45
CUST06981,50,Female,49100.0,Dry,5.0,0.43,180.0,0,46-55
CUST05179,18,Male,40200.0,Normal,,0.2,120.0,1,18-25
CUST04294,46,Male,38500.0,Normal,3.0,0.2,150.0,0,46-55
CUST01059,33,Female,37500.0,Combination,12.0,1.06,360.0,0,26-35
CUST06263,28,Male,51500.0,Sensitive,3.0,0.16,,1,26-35
CUST00282,18,Female,22200.0,Dry,4.0,0.31,,0,18-25
CUST00969,42,Male,45400.0,Normal,6.0,0.56,250.0,1,36-45
CUST03954,28,Female,48600.0,Normal,4.0,0.28,130.0,1,26-35
CUST01940,23,Female,47100.0,Combination,4.0,0.24,150.0,1,18-25
CUST08500,41,Male,27700.0,Oily,1.0,0.11,100.0,0,36-45
CUST01275,25,Male,73700.0,Oily,5.0,0.36,190.0,0,18-25
CUST00620,48,Male,24600.0,Combination,5.0,0.38,110.0,1,46-55
CUST08542,22,Female,102400.0,Oily,4.0,0.29,200.0,1,18-25
CUST01743,38,Female,25100.0,Combination,6.0,0.57,190.0,1,36-45
CUST01391,25,Male,39700.0,Combination,6.0,0.43,270.0,1,18-25
CUST02204,39,Female,59600.0,Oily,3.0,0.25,170.0,1,36-45
CUST03569,37,Female,48400.0,Normal,3.0,0.26,160.0,1,36-45
CUST06117,18,Female,67800.0,Normal,2.0,0.14,110.0,0,18-25
CUST00440,37,Male,,,3.0,0.34,,0,36-45
CUST06053,19,Female,24400.0,Sensitive,3.0,0.25,100.0,1,18-25
CUST03179,39,Male,,Combination,4.0,0.36,140.0,1,36-45
CUST03193,33,Male,24500.0,Combination,3.0,0.22,100.0,1,26-35
CUST06100,32,Male,,Normal,5.0,0.41,190.0,1,26-35
CUST07030,38,Female,57400.0,,4.0,0.39,150.0,1,36-45
CUST00576,18,Male,66600.0,Normal,2.0,0.17,110.0,0,18-25
CUST06657,28,Female,46500.0,Combination,6.0,0.5,150.0,0,26-35
CUST07116,31,Female,35900.0,Oily,5.0,0.49,190.0,0,26-35
CUST08840,38,Male,63400.0,Oily,3.0,0.18,180.0,1,36-45
CUST06277,40,Female,68800.0,,6.0,0.47,280.0,0,36-45
CUST09022,34,Female,38400.0,Combination,7.0,0.57,150.0,1,26-35
CUST05898,50,Male,74100.0,Oily,7.0,0.43,250.0,0,46-55
CUST05725,34,Female,32300.0,Combination,5.0,0.43,130.0,0,26-35
CUST00270,32,Male,68100.0,Combination,4.0,0.28,220.0,0,26-35
CUST00630,18,Female,61400.0,Combination,4.0,0.34,170.0,1,18-25
CUST03082,20,Female,34400.0,Combination,1.0,0.05,100.0,0,18-25
CUST03467,0,Male,64800.0,Combination,6.0,0.52,290.0,1,46-55
CUST06431,22,Male,,Combination,4.0,0.28,130.0,0,18-25
CUST09513,50,Male,71300.0,Normal,5.0,0.38,150.0,1,46-55
CUST07063,39,Female,28100.0,Dry,5.0,0.44,150.0,0,36-45
CUST09767,29,M,67700.0,Normal,9.0,0.69,380.0,0,26-35
CUST05544,19,Male,27900.0,Normal,4.0,0.35,160.0,0,18-25
CUST04357,41,Male,43200.0,Dry,2.0,0.23,100.0,0,36-45
CUST02114,34,Female,23700.0,Combination,5.0,0.42,170.0,1,26-35
CUST08220,38,Male,39400.0,Oily,1.0,0.1,100.0,0,36-45
CUST03217,18,Female,24700.0,Oily,2.0,0.17,100.0,1,18-25
CUST03815,45,Female,62600.0,Combination,5.0,0.37,170.0,1,36-45
CUST08322,30,Male,22700.0,Oily,8.0,0.68,200.0,0,26-35
CUST08627,200,Male,36900.0,Sensitive,4.0,0.26,120.0,0,26-35
CUST02279,26,Female,42200.0,Dry,6.0,0.53,210.0,1,26-35
CUST04600,53,Female,23700.0,Dry,8.0,0.69,,0,46-55
CUST00014,44,Female,44600.0,Normal,7.0,0.67,260.0,0,36-45
CUST09263,48,Female,46400.0,Sensitive,5.0,0.48,230.0,1,46-55
CUST01526,44,Male,24900.0,Normal,1.0,0.1,100.0,0,36-45
CUST02366,48,Female,15000.0,Normal,2.0,0.2,100.0,1,46-55
CUST04649,34,Female,48100.0,,4.0,0.29,200.0,1,26-35
CUST00375,38,Male,49400.0,,2.0,0.23,100.0,1,36-45
CUST08559,31,Male,43400.0,Normal,2.0,0.14,100.0,0,26-35
CUST06478,18,Female,22800.0,Sensitive,3.0,0.23,100.0,0,18-25
CUST00526,27,Male,61800.0,Dry,4.0,0.33,130.0,1,26-35
CUST06896,23,Female,26800.0,Normal,3.0,0.27,100.0,0,18-25
CUST03592,47,Male,30100.0,Oily,3.0,0.3,140.0,0,46-55
CUST07905,24,Female,24300.0,Normal,6.0,0.48,220.0,0,18-25
CUST02959,34,Female,103300.0,,,0.27,190.0,0,26-35
CUST00530,49,Male,24500.0,Combination,4.0,0.31,110.0,1,46-55
CUST03715,23,Male,57500.0,Combination,2.0,0.18,110.0,1,18-25
CUST04733,57,Male,41600.0,Dry,7.0,0.5,280.0,0,56+
CUST01395,18,Female,30400.0,Oily,1.0,0.08,100.0,0,18-25
CUST05632,49,Female,,Normal,2.0,0.1,100.0,0,46-55
CUST06564,27,Female,80000.0,Combination,2.0,0.28,140.0,1,26-35
CUST04704,35,Female,55400.0,Normal,7.0,0.55,320.0,1,26-35
CUST01713,39,Female,48400.0,Dry,1.0,0.03,100.0,0,36-45
CUST09795,31,Male,31600.0,Sensitive,3.0,0.37,130.0,1,26-35
CUST00956,47,Female,39700.0,Combination,5.0,0.34,140.0,0,46-55
CUST06676,25,Male,44800.0,Combination,3.0,0.19,140.0,1,18-25
CUST03454,40,Female,53500.0,Combination,6.0,0.43,240.0,1,36-45
CUST02072,18,Female,,Oily,4.0,0.32,150.0,0,18-25
CUST09780,18,Female,90400.0,Dry,4.0,0.31,230.0,0,18-25
CUST00159,27,Female,65000.0,Combination,4.0,0.4,160.0,1,26-35
CUST07006,40,Female,27300.0,Sensitive,7.0,0.66,180.0,0,36-45
CUST00353,26,Male,28600.0,Dry,8.0,0.72,230.0,1,26-35
CUST06079,55,Male,29900.0,Normal,6.0,0.52,200.0,0,46-55
CUST06237,30,Female,50700.0,Normal,2.0,0.07,100.0,1,26-35
CUST02921,24,Male,37900.0,Oily,7.0,0.56,320.0,1,18-25
CUST08504,18,Male,56200.0,Combination,2.0,0.16,110.0,0,18-25
CUST04645,32,Female,37100.0,Combination,5.0,0.46,160.0,1,26-35
CUST00662,32,Male,48800.0,Oily,4.0,0.36,160.0,1,26-35
CUST07058,26,Female,33800.0,Combination,2.0,0.1,100.0,1,26-35
CUST03666,18,Female,68500.0,Sensitive,4.0,0.38,200.0,0,18-25
CUST07980,37,Female,40700.0,Oily,1.0,0.03,100.0,0,36-45
CUST00307,28,Male,20100.0,Dry,5.0,0.44,170.0,0,26-35
CUST04791,18,Male,72600.0,Normal,8.0,0.64,330.0,1,18-25
CUST02357,34,Male,25000.0,Sensitive,,0.34,160.0,0,26-35
CUST01928,21,Male,44800.0,Dry,3.0,0.17,160.0,1,18-25
CUST09369,25,Male,52900.0,Oily,3.0,0.23,140.0,1,18-25
CUST03428,38,Female,35100.0,Oily,3.0,0.2,100.0,1,36-45
CUST03639,35,Male,43500.0,Sensitive,4.0,0.3,,1,26-35
CUST01267,23,Female,95900.0,Combination,1.0,0.0,150.0,0,18-25
CUST01561,28,Male,85700.0,Normal,4.0,0.39,190.0,0,26-35
CUST07180,33,Female,50700.0,Oily,9.0,0.84,270.0,1,26-35
CUST04110,32,Female,36600.0,Dry,3.0,0.2,110.0,0,26-35
CUST07868,23,Male,16900.0,Sensitive,6.0,0.51,110.0,1,18-25
CUST04905,55,Male,35000.0,Normal,5.0,0.38,160.0,1,46-55
CUST07295,23,Female,71700.0,Dry,4.0,0.29,160.0,0,18-25
CUST00515,41,Female,34700.0,Dry,5.0,0.44,130.0,1,36-45
CUST00895,29,Female,15700.0,Combination,5.0,0.43,100.0,1,26-35
CUST00022,25,Female,87600.0,Combination,5.0,0.43,200.0,1,18-25
CUST00900,18,Male,17900.0,Combination,4.0,0.33,100.0,1,18-25
CUST00208,19,Female,16500.0,Combination,3.0,0.24,,1,18-25
CUST00459,36,Female,48900.0,Normal,6.0,0.51,220.0,1,36-45
CUST02431,18,Female,23200.0,Normal,1.0,0.11,100.0,1,18-25
CUST08443,48,Male,67900.0,Dry,2.0,0.17,120.0,0,46-55
CUST03390,26,Male,27000.0,Combination,6.0,0.46,120.0,1,26-35
CUST03912,59,Male,32000.0,Normal,2.0,0.25,100.0,0,56+
CUST05384,36,Female,16800.0,Sensitive,4.0,0.35,100.0,1,36-45
CUST00553,35,Male,35800.0,Dry,4.0,0.36,160.0,1,26-35
CUST03145,28,Male,42000.0,Oily,2.0,0.12,100.0,1,26-35
CUST06918,27,Female,49400.0,Dry,2.0,0.15,120.0,1,26-35
CUST02057,27,Male,59400.0,Oily,5.0,0.43,,0,26-35
CUST01926,19,Male,47400.0,Normal,1.0,0.08,100.0,0,18-25
CUST00635,29,Male,103300.0,Oily,5.0,0.39,270.0,1,26-35
CUST06083,36,Male,30600.0,Normal,5.0,0.36,100.0,1,36-45
CUST08509,32,Female,46400.0,Normal,4.0,0.33,200.0,1,26-35
CUST09308,30,Male,52100.0,Combination,4.0,0.37,140.0,1,26-35
CUST09718,31,Female,61900.0,Combination,3.0,0.26,190.0,1,26-35
CUST00106,30,Male,26500.0,Combination,4.0,0.36,110.0,1,26-35
CUST03042,31,Male,68400.0,Dry,2.0,0.15,130.0,1,26-35
CUST01710,30,Female,36200.0,Dry,1.0,0.12,100.0,1,26-35
CUST00090,37,Male,35200.0,Dry,2.0,0.17,100.0,0,36-45
CUST07015,34,Female,68900.0,,6.0,0.47,310.0,1,26-35
CUST03175,41,Female,61700.0,Sensitive,7.0,0.53,260.0,1,36-45
CUST00918,38,Female,36700.0,Combination,8.0,0.69,350.0,1,36-45
CUST07834,38,Female,45700.0,Normal,1.0,0.03,100.0,1,36-45
CUST06733,28,Female,25400.0,Combination,1.0,0.07,100.0,0,26-35
CUST01950,54,Male,30100.0,Dry,3.0,0.28,110.0,0,46-55
CUST06369,22,Female,18600.0,Dry,3.0,0.22,130.0,0,18-25
CUST00002,21,Female,74500.0,Oily,7.0,0.6,290.0,1,18-25
CUST08033,38,Female,35900.0,Oily,5.0,0.47,190.0,1,36-45
CUST06048,26,Male,41200.0,Sensitive,7.0,0.52,290.0,1,26-35
CUST02721,34,Male,49000.0,Normal,2.0,0.09,120.0,1,26-35
CUST09852,29,Female,59100.0,Combination,5.0,0.39,190.0,1,26-35
CUST03118,30,Male,34400.0,Oily,4.0,0.31,140.0,1,26-35
CUST09505,32,Female,35700.0,Combination,3.0,0.24,120.0,0,26-35
CUST03763,35,Female,27600.0,Normal,3.0,0.28,100.0,1,26-35
CUST00214,27,Female,47300.0,,2.0,0.15,120.0,1,26-35
CUST00779,33,Male,35500.0,Combination,1.0,0.14,100.0,1,26-35
CUST03497,43,MALE,62300.0,Combination,3.0,0.22,180.0,1,36-45
CUST08855,53,Female,16000.0,Normal,,0.31,170.0,0,46-55
CUST02044,24,Male,15000.0,Normal,4.0,0.41,100.0,0,18-25
CUST05421,42,Female,33200.0,Sensitive,3.0,0.23,110.0,1,36-45
CUST06155,51,Male,82300.0,,1.0,0.13,120.0,0,46-55
CUST08358,52,Female,53300.0,Sensitive,3.0,0.35,170.0,0,46-55
CUST08745,23,Female,32900.0,Dry,3.0,0.24,100.0,1,18-25
CUST08466,39,Female,80900.0,Oily,5.0,0.42,240.0,0,36-45
CUST04168,21,Female,28000.0,Oily,1.0,0.13,100.0,1,18-25
CUST03789,52,Male,32000.0,Dry,4.0,0.35,130.0,0,46-55
CUST00584,20,Male,44400.0,Combination,3.0,0.2,140.0,1,18-25
CUST09951,30,Female,44000.0,Sensitive,2.0,0.21,130.0,0,26-35
CUST01964,29,Female,25900.0,Dry,7.0,0.65,230.0,0,26-35
CUST00117,35,Female,18200.0,Normal,1.0,0.05,100.0,0,26-35
CUST06645,25,Female,25900.0,Combination,4.0,0.29,140.0,1,18-25
CUST09071,41,Male,21300.0,Oily,5.0,0.45,230.0,1,36-45
CUST09991,37,Male,25700.0,Combination,4.0,0.35,34287.188280946,0,36-45
CUST09934,37,Female,51600.0,Dry,3.0,0.17,170.0,1,36-45
CUST01764,20,Female,59800.0,Sensitive,3.0,0.24,190.0,0,18-25
CUST01876,18,Female,40800.0,Dry,3.0,0.23,150.0,0,18-25
CUST03225,35,Male,21800.0,Normal,4.0,0.44,120.0,1,26-35
CUST00527,48,Female,30700.0,Sensitive,3.0,0.18,100.0,0,46-55
CUST07726,50,Male,36600.0,Combination,2.0,0.24,100.0,1,46-55
CUST02947,50,Female,54600.0,Dry,3.0,0.21,100.0,0,46-55
CUST04474,42,Female,21200.0,Combination,5.0,0.37,150.0,0,36-45
CUST05656,30,Female,84500.0,Combination,5.0,0.36,200.0,0,26-35
CUST06060,44,Male,42000.0,Normal,5.0,0.42,120.0,1,36-45
CUST00960,36,Male,45500.0,Sensitive,7.0,0.49,250.0,1,36-45
CUST06343,39,Female,66000.0,Normal,3.0,0.27,130.0,0,36-45
CUST03634,31,Male,66700.0,Combination,5.0,0.35,140.0,1,26-35
CUST01051,18,Male,53800.0,Oily,3.0,0.25,160.0,1,18-25
CUST03381,34,Male,54800.0,Normal,4.0,0.28,170.0,0,26-35
CUST03677,20,Male,31600.0,Oily,3.0,0.23,100.0,1,18-25
CUST05777,33,Female,66500.0,Normal,8.0,0.67,390.0,1,26-35
CUST09083,29,Female,27200.0,Combination,3.0,0.25,100.0,1,26-35
CUST06574,19,Female,73000.0,Oily,3.0,0.23,160.0,0,18-25
CUST05180,25,Male,31700.0,Oily,4.0,0.29,130.0,1,18-25
CUST01608,34,Male,52700.0,Dry,7.0,0.52,200.0,0,26-35
CUST03611,39,Male,68700.0,Dry,4.0,0.28,240.0,0,36-45
CUST09798,32,Female,19400.0,Dry,0.0,0.0,100.0,1,26-35
CUST06636,30,Male,34300.0,Sensitive,7.0,0.52,150.0,1,26-35
CUST00252,36,Male,39100.0,Oily,3.0,0.32,140.0,1,36-45
CUST00792,18,Male,23700.0,Normal,4.0,0.24,100.0,0,18-25
CUST03057,27,Male,33100.0,Dry,3.0,0.19,110.0,0,26-35
CUST01981,34,Female,71500.0,Sensitive,4.0,0.34,250.0,0,26-35
CUST03599,18,Female,40500.0,Dry,2.0,0.3,,1,18-25
CUST00934,50,Male,25200.0,Dry,6.0,0.52,140.0,1,46-55
CUST07425,34,Female,37400.0,Sensitive,1.0,0.0,100.0,0,26-35
CUST05627,36,Female,58300.0,Oily,4.0,0.31,220.0,1,36-45
CUST01683,26,Male,62500.0,Combination,3.0,0.25,130.0,1,26-35
CUST04180,23,Male,,Sensitive,0.0,0.12,100.0,0,18-25
CUST06447,50,Female,28300.0,Combination,4.0,0.34,100.0,0,46-55
CUST04117,44,Female,37900.0,Normal,4.0,0.34,180.0,1,36-45
CUST00989,29,Female,,Normal,2.0,0.16,120.0,0,26-35
CUST02897,43,Male,58400.0,Normal,6.0,0.56,300.0,0,36-45
CUST03779,31,Male,34300.0,Oily,2.0,0.12,100.0,1,26-35
CUST05659,32,Female,51700.0,Combination,3.0,0.18,120.0,1,26-35
CUST03094,23,Female,39200.0,Normal,4.0,0.23,190.0,0,18-25
CUST03156,23,Male,31600.0,Normal,2.0,0.23,100.0,1,18-25
CUST01824,39,Male,,Sensitive,6.0,0.46,200.0,0,36-45
CUST09662,33,Male,19200.0,Dry,4.0,0.28,110.0,1,26-35
CUST01099,43,Female,,Normal,5.0,0.47,140.0,1,36-45
CUST02845,25,Male,40400.0,Oily,4.0,0.33,120.0,0,18-25
CUST03343,51,Female,,Combination,3.0,0.29,130.0,1,46-55
CUST00039,23,Male,40500.0,Combination,8.0,0.66,300.0,1,18-25
CUST06541,18,Female,32900.0,Combination,10.0,0.79,240.0,1,18-25
CUST09386,40,Male,42100.0,Combination,8.0,0.67,220.0,1,36-45
CUST03357,25,female,54500.0,Combination,8.0,0.63,310.0,1,18-25
CUST07814,40,Female,48000.0,Combination,1.0,0.1,100.0,1,36-45
CUST08221,18,Male,30600.0,Dry,4.0,0.25,160.0,1,18-25
CUST09265,58,Female,29300.0,Combination,9.0,0.82,210.0,0,56+
CUST02429,32,Female,42300.0,Normal,2.0,0.1,100.0,1,26-35
CUST05044,18,Male,39100.0,Oily,6.0,0.53,160.0,1,18-25
CUST05347,19,Female,24600.0,Oily,5.0,0.33,200.0,0,18-25
CUST04812,28,Male,100600.0,Oily,5.0,0.46,280.0,1,26-35
CUST08477,34,Female,24900.0,Oily,5.0,0.43,110.0,0,26-35
CUST00687,41,Female,63500.0,Oily,3.0,0.21,140.0,1,36-45
CUST04800,27,Female,50400.0,Combination,6.0,0.53,150.0,0,26-35
CUST07438,33,Female,19900.0,Oily,3.0,0.28,100.0,0,26-35
CUST02354,34,Female,87800.0,Combination,5.0,0.44,200.0,1,26-35
CUST06354,26,Male,31400.0,Oily,4.0,0.36,130.0,1,26-35
CUST04570,37,Female,81700.0,Normal,3.0,0.19,180.0,0,36-45
CUST08214,21,Female,22200.0,Oily,3.0,0.23,130.0,1,18-25
CUST02753,18,Male,26200.0,Dry,4.0,0.35,130.0,1,18-25
CUST08074,34,Female,47300.0,Dry,2.0,0.17,110.0,1,26-35
CUST01041,21,Female,97200.0,Normal,4.0,0.35,240.0,0,18-25
CUST07492,30,Male,41200.0,Combination,2.0,0.14,120.0,1,26-35
CUST01266,31,Female,22700.0,Combination,10.0,0.92,,1,26-35
CUST09303,36,Male,28000.0,Combination,4.0,0.33,180.0,1,36-45
CUST07060,32,Female,24300.0,Oily,3.0,0.25,100.0,1,26-35
CUST00278,20,Male,27200.0,Normal,4.0,0.3,170.0,0,18-25
CUST05085,40,Female,23200.0,Dry,4.0,0.28,120.0,0,36-45
CUST02383,18,Female,15000.0,Normal,11.0,0.89,340.0,0,18-25
CUST00572,31,Male,42500.0,Dry,9.0,0.77,320.0,0,26-35
CUST01436,31,Male,38600.0,Dry,6.0,0.58,250.0,1,26-35
CUST05353,43,Female,69200.0,Oily,5.0,0.36,170.0,0,36-45
CUST05446,24,Male,50500.0,Sensitive,3.0,0.41,150.0,0,18-25
CUST01008,28,,58700.0,Combination,2.0,0.11,100.0,0,26-35
CUST04544,21,Female,60200.0,Normal,3.0,0.25,150.0,0,18-25
CUST08854,26,Female,29400.0,Dry,2.0,0.12,110.0,0,26-35
CUST02065,29,Female,25800.0,Combination,5.0,0.35,180.0,0,26-35
CUST01137,33,Female,40100.0,Normal,6.0,0.5,180.0,1,26-35
CUST05344,18,Female,44100.0,Oily,8.0,0.71,,0,18-25
CUST00295,29,Female,69800.0,Combination,4.0,0.3,220.0,1,26-35
CUST02404,24,Male,24100.0,Combination,5.0,0.44,220.0,1,18-25
CUST03999,25,Male,120100.0,Normal,5.0,0.5,330.0,1,18-25
CUST03742,24,Male,22500.0,Normal,5.0,0.43,170.0,1,18-25
CUST09260,24,Female,40500.0,Dry,8.0,0.66,210.0,1,18-25
CUST02720,20,Female,49700.0,Combination,2.0,0.13,100.0,0,18-25
CUST09237,41,FEMALE,29300.0,Combination,3.0,0.21,100.0,1,36-45
CUST05151,50,Female,36700.0,Sensitive,2.0,0.22,100.0,0,46-55
CUST02809,35,Female,38600.0,Oily,5.0,0.3,190.0,1,26-35
CUST00557,24,Male,26100.0,Normal,4.0,0.45,100.0,0,18-25
CUST08963,31,Female,65400.0,Dry,3.0,0.18,140.0,1,26-35
CUST04796,22,Male,90000.0,Dry,6.0,0.46,230.0,0,18-25
CUST02470,32,Male,53800.0,Sensitive,1.0,0.11,100.0,0,26-35
CUST03739,25,Female,39200.0,Dry,4.0,0.29,140.0,0,18-25
CUST04287,24,Female,63500.0,Normal,4.0,0.38,220.0,0,18-25
CUST02605,45,Female,66000.0,Combination,4.0,0.36,140.0,0,36-45
CUST00363,43,Female,24200.0,Dry,2.0,0.06,100.0,0,36-45
CUST06925,32,Male,28000.0,Dry,3.0,0.31,110.0,1,26-35
CUST01705,35,Female,29700.0,Combination,6.0,0.5,160.0,0,26-35
CUST02140,46,Female,60000.0,Oily,4.0,0.35,200.0,1,46-55
CUST03240,19,Female,,Dry,2.0,0.13,100.0,0,18-25
CUST02384,26,Female,,,5.0,0.5,120.0,0,26-35
CUST07315,27,Female,28000.0,Sensitive,5.0,0.37,180.0,1,26-35
CUST04312,32,Female,35300.0,Normal,1.0,0.0,100.0,0,26-35
CUST01313,25,Male,80100.0,Oily,3.0,0.3,190.0,0,18-25
CUST03931,20,Female,75100.0,Normal,5.0,0.37,280.0,1,18-25
CUST06184,28,Male,32400.0,Oily,5.0,0.38,180.0,1,26-35
CUST01592,18,Female,51100.0,Dry,5.0,0.45,140.0,1,18-25
CUST09425,19,Female,29600.0,Sensitive,2.0,0.17,100.0,0,18-25
CUST02163,46,Female,27700.0,Oily,4.0,0.29,110.0,0,46-55
CUST02397,27,Female,72700.0,Dry,2.0,0.13,100.0,0,26-35
CUST00318,24,Female,20800.0,Dry,2.0,0.2,100.0,1,18-25
CUST05234,54,Female,45000.0,Sensitive,1.0,0.1,100.0,1,46-55
CUST05069,25,Male,80500.0,Normal,7.0,0.55,290.0,1,18-25
CUST04037,56,Male,44800.0,Oily,8.0,0.7,190.0,0,56+
CUST03021,19,Male,31500.0,Normal,5.0,0.41,220.0,0,18-25
CUST08229,25,Female,36900.0,Oily,8.0,0.69,330.0,1,18-25
CUST05296,48,Female,57700.0,Combination,5.0,0.46,230.0,0,46-55
CUST03973,35,Male,35000.0,Combination,,0.18,100.0,1,26-35
CUST05371,40,Female,27700.0,Normal,3.0,0.34,140.0,1,36-45
CUST04134,31,Male,36400.0,Oily,,0.4,120.0,0,26-35
CUST00975,21,Male,,Combination,2.0,0.29,110.0,0,18-25
CUST07292,23,Female,45100.0,,6.0,0.54,190.0,1,18-25
CUST00955,24,Female,42400.0,Sensitive,5.0,0.33,180.0,1,18-25
CUST09344,25,Male,28100.0,Dry,4.0,0.32,160.0,1,18-25
CUST05017,22,Male,16300.0,Sensitive,6.0,0.55,190.0,0,18-25
CUST09770,18,Female,53400.0,Combination,1.0,0.03,100.0,1,18-25
CUST07491,18,Female,50800.0,Oily,4.0,0.35,110.0,1,18-25
CUST01641,18,Female,45900.0,Combination,5.0,0.39,250.0,1,18-25
CUST01291,34,Male,31500.0,Combination,6.0,0.52,150.0,1,26-35
CUST01381,45,Male,58600.0,Combination,4.0,0.35,210.0,1,36-45
CUST01934,46,Male,,Sensitive,6.0,0.54,210.0,1,46-55
CUST04676,47,Male,27900.0,Combination,1.0,0.04,100.0,1,46-55
CUST00893,28,Female,53100.0,Normal,2.0,0.13,100.0,0,26-35
CUST07288,49,Female,44300.0,Combination,5.0,0.5,200.0,0,46-55
CUST04877,42,Female,50300.0,Sensitive,2.0,0.17,100.0,1,36-45
CUST07907,38,Male,62000.0,Oily,4.0,0.31,160.0,1,36-45
CUST08195,44,Female,22800.0,Sensitive,3.0,0.2,100.0,0,36-45
CUST09417,30,Female,63500.0,Combination,2.0,0.2,130.0,0,26-35
CUST02467,27,Female,30200.0,Oily,1.0,0.1,100.0,1,26-35
CUST07658,27,Female,40600.0,Combination,3.0,0.25,140.0,0,26-35
CUST01914,18,Male,48000.0,Combination,4.0,0.35,140.0,1,18-25
CUST02737,22,Female,28700.0,Oily,3.0,0.28,130.0,1,18-25
CUST00727,35,Female,65800.0,Normal,3.0,0.27,130.0,0,26-35
CUST07215,22,Female,29600.0,Sensitive,6.0,0.48,230.0,0,18-25
CUST08246,27,Female,48300.0,Sensitive,6.0,0.62,220.0,1,26-35
CUST01797,28,Female,18800.0,Combination,5.0,0.43,,1,26-35
CUST03846,18,F,68700.0,Combination,1.0,0.04,100.0,0,18-25
CUST06403,32,Male,26400.0,Oily,3.0,0.28,100.0,1,26-35
CUST00937,19,Female,72400.0,Oily,3.0,0.25,100.0,1,18-25
CUST02266,41,Female,,,8.0,0.7,230.0,0,36-45
CUST00825,18,Male,39400.0,Normal,3.0,0.17,140.0,0,18-25
CUST07275,21,Male,32200.0,Normal,2.0,0.2,100.0,0,18-25
CUST01390,22,Male,47100.0,Combination,5.0,0.43,190.0,1,18-25
CUST03565,47,Female,26100.0,Combination,9.0,0.73,300.0,1,46-55
CUST05430,57,Male,49900.0,Combination,4.0,0.43,170.0,0,56+
CUST07828,30,Female,72200.0,Oily,2.0,0.18,110.0,1,26-35
CUST05691,52,Male,30500.0,Normal,1.0,0.05,,0,46-55
CUST07879,23,Male,31800.0,Dry,6.0,0.51,180.0,1,18-25
CUST01869,28,Female,41300.0,Oily,,0.37,150.0,1,26-35
CUST08203,37,Female,31900.0,Oily,6.0,0.51,250.0,1,36-45
CUST07487,37,M,50800.0,,4.0,0.32,200.0,1,36-45
CUST00807,31,Male,29400.0,Oily,4.0,0.33,130.0,1,26-35
CUST04806,18,Male,22000.0,Dry,3.0,0.21,140.0,0,18-25
CUST09190,42,Male,67900.0,Dry,6.0,0.5,280.0,1,36-45
CUST07512,19,Male,51000.0,Oily,5.0,0.38,240.0,1,18-25
CUST08057,25,Female,22800.0,Sensitive,3.0,0.26,100.0,0,18-25
CUST04495,36,Male,45300.0,Oily,4.0,0.29,140.0,1,36-45
CUST02633,31,Female,54200.0,Combination,1.0,0.12,100.0,1,26-35
CUST08938,47,Male,70400.0,Sensitive,5.0,0.46,130.0,0,46-55
CUST08624,41,Male,52200.0,Dry,,0.37,160.0,0,36-45
CUST07833,35,Female,32900.0,Sensitive,6.0,0.57,160.0,1,26-35
CUST04389,18,Male,45600.0,Oily,5.0,0.5,120.0,1,18-25
CUST00146,27,Female,62700.0,Sensitive,4.0,0.35,160.0,1,26-35
CUST06468,34,Female,54600.0,Combination,2.0,0.16,100.0,0,26-35
CUST02034,28,Female,45300.0,Normal,3.0,0.29,100.0,1,26-35
CUST09165,50,Male,30800.0,Combination,4.0,0.32,140.0,0,46-55
CUST01166,23,Male,30600.0,Dry,4.0,0.35,100.0,1,18-25
CUST02051,40,Male,24700.0,Sensitive,4.0,0.32,140.0,0,36-45
CUST03761,27,Female,20800.0,Sensitive,3.0,0.26,100.0,0,26-35
CUST04436,41,Female,57200.0,Oily,6.0,0.5,220.0,0,36-45
CUST03431,18,Male,31200.0,Oily,4.0,0.31,120.0,0,18-25
CUST08191,39,Male,33200.0,Combination,3.0,0.17,160.0,0,36-45
CUST08791,18,Male,51400.0,Combination,6.0,0.5,,1,18-25
CUST07070,37,,44600.0,Normal,4.0,0.28,110.0,1,36-45
CUST04362,36,Male,25400.0,Sensitive,3.0,0.28,100.0,0,36-45
CUST01772,33,Female,35500.0,Oily,4.0,0.35,130.0,1,26-35
CUST03512,18,Male,56500.0,Oily,6.0,0.53,210.0,1,18-25
CUST00272,35,Male,198900.0,Oily,3.0,0.35,350.0,1,26-35
CUST08437,40,Male,33400.0,Combination,3.0,0.28,100.0,1,36-45
CUST02033,39,Female,,Combination,2.0,0.2,110.0,1,36-45
CUST09704,32,Female,62400.0,Combination,5.0,0.33,210.0,1,26-35
CUST03811,35,Male,54600.0,Combination,2.0,0.18,100.0,1,26-35
CUST04347,22,Male,19300.0,Combination,5.0,0.43,110.0,1,18-25
CUST00546,30,Female,35600.0,Oily,4.0,0.34,,1,26-35
CUST03242,23,Male,,Oily,3.0,0.26,120.0,1,18-25
CUST08503,24,Female,50800.0,Combination,3.0,0.25,150.0,1,18-25
CUST09958,59,Male,25900.0,Oily,5.0,0.27,220.0,0,56+
CUST07565,27,Female,58800.0,Combination,1.0,0.08,100.0,0,26-35
CUST00921,29,Female,58100.0,Dry,4.0,0.32,150.0,1,26-35
CUST09156,34,Female,,Oily,2.0,0.21,100.0,1,26-35
CUST06641,38,Male,36200.0,Combination,4.0,0.33,110.0,0,36-45
CUST07695,41,Male,39500.0,Sensitive,2.0,0.23,100.0,0,36-45
CUST08231,37,Male,37900.0,Oily,2.0,0.21,100.0,0,36-45
CUST07127,28,Male,33000.0,Dry,5.0,0.44,130.0,0,26-35
CUST04279,28,Male,45700.0,Sensitive,3.0,0.26,150.0,0,26-35
CUST02984,35,Male,41600.0,Combination,6.0,0.46,220.0,1,26-35
CUST00131,28,Female,27500.0,Sensitive,4.0,0.38,130.0,1,26-35
CUST07981,20,Male,35900.0,Oily,3.0,0.16,140.0,1,18-25
CUST02668,29,Male,47700.0,Normal,6.0,0.54,210.0,1,26-35
CUST07139,68,MALE,35900.0,Oily,5.0,0.42,170.0,0,56+
CUST03224,18,Male,33200.0,Combination,2.0,0.21,100.0,0,18-25
CUST07694,40,Male,46500.0,Oily,3.0,0.22,130.0,0,36-45
CUST05393,18,Female,48700.0,Combination,7.0,0.63,220.0,0,18-25
CUST00615,23,Male,24300.0,Oily,4.0,0.33,120.0,1,18-25
CUST09942,23,Male,66800.0,Sensitive,5.0,0.33,210.0,1,18-25
CUST01467,18,Female,89100.0,Combination,4.0,0.38,170.0,0,18-25
CUST04498,18,Female,93000.0,Oily,2.0,0.19,130.0,0,18-25
CUST03043,22,Female,28600.0,,,0.34,100.0,1,18-25
CUST02420,18,Male,92600.0,Combination,3.0,0.29,160.0,1,18-25
CUST05086,46,Female,64700.0,Dry,3.0,0.23,180.0,0,46-55
CUST03295,26,Male,,Sensitive,5.0,0.44,150.0,1,26-35
CUST06738,43,Male,,Sensitive,5.0,0.39,120.0,0,36-45
CUST01501,26,Male,100800.0,Sensitive,4.0,0.29,260.0,0,26-35
CUST01522,18,Male,48200.0,Oily,7.0,0.53,220.0,1,18-25
CUST09155,37,Female,58300.0,Oily,4.0,0.35,170.0,0,36-45
CUST04233,21,Female,46300.0,Normal,2.0,0.14,100.0,0,18-25
CUST07687,35,Female,30100.0,Combination,6.0,0.45,150.0,1,26-35
CUST04431,31,Female,39600.0,Normal,2.0,0.16,120.0,1,26-35
CUST00391,18,Female,28300.0,Combination,1.0,0.0,100.0,1,18-25
CUST09898,32,Male,23100.0,Oily,1.0,0.0,100.0,1,26-35
CUST07125,31,M,44700.0,Combination,0.0,-0.0,100.0,1,26-35
CUST05914,30,Female,41400.0,Dry,7.0,0.54,150.0,1,26-35
CUST08593,33,Male,27200.0,Oily,5.0,0.37,140.0,1,26-35
CUST04807,54,Female,76200.0,Sensitive,3.0,0.32,170.0,0,46-55
CUST08992,18,Female,79700.0,Sensitive,1.0,0.12,120.0,0,18-25
CUST08239,37,Male,74300.0,Oily,6.0,0.52,250.0,1,36-45
CUST08045,26,Female,67000.0,Oily,3.0,0.33,150.0,1,26-35
CUST09822,18,Female,37400.0,Oily,5.0,0.5,110.0,0,18-25
CUST03994,24,Female,26500.0,Combination,5.0,0.39,160.0,1,18-25
CUST09591,25,Female,29700.0,Combination,2.0,0.26,100.0,0,18-25
CUST06610,25,Male,34500.0,Sensitive,3.0,0.3,100.0,0,18-25
CUST05320,35,Male,21700.0,Normal,3.0,0.23,100.0,0,26-35
CUST07120,18,Female,49500.0,Sensitive,7.0,0.62,260.0,1,18-25
CUST02422,29,Female,44300.0,Normal,5.0,0.44,130.0,1,26-35
CUST05605,31,Male,66100.0,Dry,3.0,0.34,130.0,1,26-35
CUST01751,23,Female,140000.0,Dry,2.0,0.1,230.0,1,18-25
CUST09053,22,Male,41700.0,Normal,4.0,0.27,130.0,0,18-25
CUST09758,51,Female,63500.0,Combination,8.0,0.75,310.0,0,46-55
CUST00339,45,Female,30000.0,Dry,2.0,0.17,100.0,1,36-45
CUST08408,18,Female,56600.0,Combination,2.0,0.12,110.0,0,18-25
CUST01342,37,Female,67600.0,Combination,2.0,0.19,130.0,1,36-45
CUST09584,18,Female,27100.0,Combination,6.0,0.45,130.0,1,18-25
CUST07983,32,Male,40200.0,Combination,5.0,0.48,120.0,1,26-35
CUST03641,18,Female,31700.0,Sensitive,4.0,0.35,150.0,1,18-25
CUST00330,26,Female,17200.0,Normal,4.0,0.36,100.0,1,26-35
CUST09360,26,Female,39400.0,Normal,4.0,0.29,170.0,1,26-35
CUST03005,29,Female,68300.0,Oily,3.0,0.23,100.0,1,26-35
CUST06961,18,Female,,Dry,4.0,0.32,190.0,1,18-25
CUST04091,57,Female,30200.0,Dry,7.0,0.54,200.0,0,56+
CUST02323,45,Female,28200.0,Combination,6.0,0.45,180.0,1,36-45
CUST06668,41,Female,65600.0,Combination,7.0,0.59,250.0,0,36-45
CUST07010,30,Male,17000.0,Dry,3.0,0.31,130.0,0,26-35
CUST04198,18,Male,,Oily,7.0,0.52,280.0,1,18-25
CUST03550,38,Female,26500.0,Dry,3.0,0.34,100.0,0,36-45
CUST08364,26,Female,24200.0,Oily,4.0,0.37,150.0,1,26-35
CUST04204,55,Male,84100.0,Normal,3.0,0.13,150.0,0,46-55
CUST09484,33,Male,,Dry,4.0,0.28,210.0,1,26-35
CUST08974,19,Male,,Sensitive,7.0,0.6,230.0,0,18-25
CUST06186,18,Female,43500.0,Dry,2.0,0.21,100.0,0,18-25
CUST01640,30,Female,36600.0,,6.0,0.44,280.0,0,26-35
CUST00061,18,Female,58500.0,Dry,3.0,0.3,130.0,1,18-25
CUST01241,46,Female,20700.0,Oily,4.0,0.33,160.0,1,46-55
CUST05761,59,Female,41700.0,Oily,6.0,0.47,260.0,0,56+
CUST05137,37,Male,,Normal,3.0,0.23,140.0,1,36-45
CUST02344,30,Male,47700.0,Combination,7.0,0.57,200.0,0,26-35
CUST02121,38,Female,44400.0,Oily,3.0,0.29,110.0,1,36-45
CUST01525,27,Female,36100.0,Normal,6.0,0.55,210.0,1,26-35
CUST07618,41,Male,57300.0,Combination,8.0,0.72,190.0,0,36-45
CUST00154,27,Male,,Combination,5.0,0.4,200.0,0,26-35
CUST00482,48,Female,22200.0,Combination,4.0,0.25,100.0,0,46-55
CUST06123,42,Male,39200.0,Dry,3.0,0.28,100.0,1,36-45
CUST07675,32,Male,47800.0,Dry,4.0,0.34,160.0,0,26-35
CUST07102,18,Male,37400.0,Combination,4.0,0.25,110.0,1,18-25
CUST01763,25,Female,25500.0,Normal,3.0,0.21,150.0,1,18-25
CUST07716,19,Male,33600.0,Sensitive,7.0,0.49,320.0,1,18-25
CUST09119,31,Male,,Combination,5.0,0.45,160.0,1,26-35
CUST07480,26,Female,41700.0,Combination,3.0,0.28,110.0,0,26-35
CUST06213,43,Female,86700.0,Oily,1.0,0.11,100.0,0,36-45
CUST04854,18,Male,49500.0,Dry,7.0,0.65,190.0,0,18-25
CUST02712,40,Female,42500.0,Combination,3.0,0.28,170.0,1,36-45
CUST06767,53,Male,25400.0,Combination,4.0,0.49,160.0,0,46-55
CUST04151,28,Female,28000.0,Oily,7.0,0.6,200.0,1,26-35
CUST01334,35,Male,41900.0,Combination,3.0,0.28,100.0,0,26-35
CUST08379,32,Female,28300.0,Combination,1.0,0.05,100.0,1,26-35
CUST09427,24,Female,26300.0,Oily,0.0,0.03,100.0,0,18-25
CUST09747,18,Female,57300.0,Sensitive,4.0,0.39,220.0,1,18-25
CUST09159,25,Female,67700.0,Normal,2.0,0.17,100.0,0,18-25
CUST03851,39,Male,47000.0,Sensitive,4.0,0.39,210.0,0,36-45
CUST08341,44,Female,48700.0,Dry,4.0,0.32,160.0,0,36-45
CUST04125,40,Female,45400.0,Combination,4.0,0.29,180.0,1,36-45
CUST09001,33,Male,24400.0,Sensitive,5.0,0.44,170.0,1,26-35
CUST04789,54,Male,20600.0,Combination,5.0,0.45,,0,46-55
CUST02867,38,Female,42100.0,Normal,3.0,0.22,140.0,1,36-45
CUST01387,46,Male,34900.0,Normal,1.0,0.11,100.0,0,46-55
CUST05942,18,Male,40300.0,Combination,2.0,0.21,100.0,0,18-25
CUST03068,37,Male,92200.0,Combination,4.0,0.34,170.0,1,36-45
CUST09096,18,Male,44300.0,Combination,6.0,0.51,120.0,1,18-25
CUST03630,39,Female,77700.0,Combination,3.0,0.23,170.0,0,36-45
CUST09495,18,Female,17700.0,Sensitive,4.0,0.4,130.0,0,18-25
CUST08987,25,Female,,Normal,7.0,0.61,260.0,0,18-25
CUST03029,23,Female,21600.0,Combination,5.0,0.48,120.0,1,18-25
CUST02970,32,Female,70200.0,Normal,4.0,0.37,110.0,0,26-35
CUST08647,31,Female,25800.0,Combination,4.0,0.34,170.0,1,26-35
CUST06137,20,Female,31200.0,Oily,6.0,0.53,120.0,0,18-25
CUST08802,41,Male,,Combination,4.0,0.35,220.0,1,36-45
CUST04264,42,Female,31300.0,Oily,8.0,0.63,300.0,1,36-45
CUST00646,30,Male,22500.0,Sensitive,4.0,0.39,150.0,0,26-35
CUST09979,32,Female,31800.0,Oily,4.0,0.37,110.0,1,26-35
CUST02075,33,Male,43200.0,Combination,4.0,0.3,180.0,1,26-35
CUST00342,35,Male,67000.0,Oily,4.0,0.36,150.0,0,26-35
CUST08042,33,Female,49300.0,Sensitive,4.0,0.36,150.0,1,26-35
CUST01623,40,Female,66600.0,Combination,3.0,0.18,150.0,0,36-45
CUST07142,41,Male,60300.0,Sensitive,5.0,0.41,190.0,0,36-45
CUST05797,57,Male,58500.0,Normal,4.0,0.25,210.0,0,56+
CUST07185,34,Female,95000.0,Dry,3.0,0.16,160.0,0,26-35
CUST08233,35,Female,17600.0,Combination,3.0,0.27,100.0,0,26-35
CUST05476,20,Female,51600.0,Combination,3.0,0.29,110.0,0,18-25
CUST09290,32,Female,41400.0,Combination,4.0,0.32,150.0,0,26-35
CUST00075,34,Male,34600.0,Dry,3.0,0.24,140.0,0,26-35
CUST08634,44,Male,37100.0,Combination,1.0,0.0,100.0,0,36-45
CUST09267,18,Male,32500.0,Normal,5.0,0.45,200.0,0,18-25
CUST02052,19,Female,29000.0,Combination,8.0,0.72,200.0,1,18-25
CUST02542,36,Female,47600.0,Combination,10.0,0.84,370.0,1,36-45
CUST01302,18,Female,19600.0,Dry,2.0,0.18,,0,18-25
CUST05878,25,Female,46100.0,Combination,3.0,0.17,130.0,0,18-25
CUST07369,47,Female,24900.0,Normal,5.0,0.41,150.0,1,46-55
CUST01305,29,Male,77400.0,Dry,2.0,0.2,110.0,0,26-35
CUST08429,51,Female,40800.0,Normal,4.0,0.28,150.0,1,46-55
CUST09132,23,Male,56600.0,Combination,4.0,0.32,170.0,0,18-25
CUST02600,43,Female,24100.0,Oily,8.0,0.64,270.0,1,36-45
CUST02574,34,Male,45000.0,Normal,4.0,0.32,120.0,1,26-35
CUST03187,21,Female,73100.0,Sensitive,4.0,0.32,240.0,1,18-25
CUST02769,41,Male,,,4.0,0.35,160.0,1,36-45
CUST04832,18,Male,44300.0,Dry,6.0,0.5,150.0,1,18-25
CUST04224,19,Female,31500.0,Combination,2.0,0.16,120.0,0,18-25
CUST09689,29,Male,,,7.0,0.57,260.0,1,26-35
CUST02107,47,Female,56200.0,Oily,1.0,0.16,100.0,0,46-55
CUST02680,37,Male,28300.0,Combination,1.0,0.02,100.0,1,36-45
CUST01388,20,Female,56100.0,Sensitive,5.0,0.45,150.0,0,18-25
CUST08969,36,Female,15000.0,Normal,7.0,0.63,150.0,0,36-45
CUST09699,31,Female,16500.0,Normal,3.0,0.29,100.0,0,26-35
CUST07084,42,Female,,Sensitive,4.0,0.25,120.0,0,36-45
CUST01280,30,Female,,Normal,3.0,0.29,100.0,1,26-35
CUST00805,46,Female,24200.0,Dry,3.0,0.23,130.0,1,46-55
CUST01556,25,Female,34500.0,,3.0,0.19,100.0,1,18-25
CUST09526,42,Female,72000.0,Combination,4.0,0.27,160.0,0,36-45
CUST04567,18,Female,35400.0,Dry,1.0,0.11,100.0,1,18-25
CUST09709,24,Female,61500.0,Dry,4.0,0.27,190.0,1,18-25
CUST04842,21,Male,55000.0,Normal,4.0,0.44,130.0,0,18-25
CUST03595,28,Female,31900.0,Sensitive,4.0,0.34,170.0,1,26-35
CUST06036,25,Male,40700.0,Combination,2.0,0.12,100.0,0,18-25
CUST06853,32,Female,42900.0,Dry,8.0,0.68,340.0,0,26-35
CUST08706,27,Male,38100.0,Dry,4.0,0.25,130.0,1,26-35
CUST04178,36,Female,41900.0,Dry,5.0,0.39,210.0,1,36-45
CUST01309,18,Female,42000.0,Normal,3.0,0.22,130.0,0,18-25
CUST03453,53,Female,,Dry,5.0,0.4,140.0,0,46-55
CUST03696,23,Male,65600.0,Oily,1.0,0.01,100.0,0,18-25
CUST04243,20,Female,,Dry,6.0,0.56,,0,18-25
CUST02199,30,Female,,Normal,0.0,0.0,100.0,0,26-35
CUST04426,40,Female,33400.0,Normal,4.0,0.32,100.0,0,36-45
CUST06151,25,Female,54500.0,Combination,1.0,0.05,100.0,0,18-25
CUST00944,45,Male,38100.0,Combination,5.0,0.33,230.0,0,36-45
CUST00823,19,Female,32800.0,Oily,4.0,0.36,130.0,1,18-25
CUST05006,18,Female,47700.0,Normal,5.0,0.44,,1,18-25
CUST06613,31,Female,55200.0,Normal,3.0,0.33,150.0,0,26-35
CUST08357,18,Female,39500.0,Sensitive,6.0,0.49,160.0,0,18-25
CUST05620,37,Female,56400.0,Dry,5.0,0.43,160.0,1,36-45
CUST04548,46,Male,86900.0,Oily,4.0,0.28,180.0,0,46-55
CUST02539,39,Male,55800.0,Oily,5.0,0.43,140.0,0,36-45
CUST05208,21,Male,31000.0,Combination,1.0,0.05,100.0,0,18-25
CUST09554,27,Male,59300.0,Oily,2.0,0.16,100.0,0,26-35
CUST09047,41,Female,30600.0,Oily,4.0,0.35,100.0,1,36-45
CUST03055,27,Female,35100.0,Dry,4.0,0.43,180.0,0,26-35
CUST03676,54,Female,25200.0,Sensitive,4.0,0.37,140.0,1,46-55
CUST07777,60,Male,44900.0,Combination,3.0,0.24,120.0,0,56+
CUST07219,31,Male,20000.0,Sensitive,3.0,0.3,140.0,1,26-35
CUST06723,26,Female,56300.0,Combination,7.0,0.6,160.0,1,26-35
CUST03301,38,Female,32000.0,Sensitive,4.0,0.5,110.0,0,36-45
CUST03311,26,Female,64800.0,Dry,7.0,0.61,230.0,1,26-35
CUST07222,31,Male,56300.0,Oily,6.0,0.56,240.0,1,26-35
CUST08520,36,Female,30500.0,Dry,5.0,0.34,180.0,1,36-45
CUST05955,30,Male,49900.0,Combination,9.0,0.63,320.0,0,26-35
CUST00833,20,Male,,Combination,3.0,0.27,140.0,0,18-25
CUST03463,18,Female,25900.0,Normal,5.0,0.41,110.0,0,18-25
CUST07644,23,Male,32200.0,Combination,4.0,0.25,120.0,0,18-25
CUST00055,27,Female,49100.0,Dry,4.0,0.34,210.0,1,26-35
CUST03452,40,Female,45100.0,Oily,4.0,0.39,130.0,1,36-45
CUST06306,55,Female,38900.0,Combination,3.0,0.29,110.0,0,46-55
CUST01482,38,Male,44800.0,Normal,1.0,0.0,100.0,0,36-45
CUST04874,19,Female,54000.0,Oily,3.0,0.28,120.0,0,18-25
CUST08039,35,Female,19900.0,Normal,3.0,0.27,130.0,1,26-35
CUST03336,29,Male,82900.0,Normal,3.0,0.17,170.0,0,26-35
CUST06017,43,Female,64400.0,Oily,8.0,0.62,350.0,0,36-45
CUST04927,45,Female,47600.0,Oily,10.0,0.88,210.0,1,36-45
CUST05798,34,Male,51800.0,Combination,7.0,0.52,220.0,1,26-35
CUST09871,23,Male,38900.0,Oily,3.0,0.19,120.0,1,18-25
CUST05084,30,Female,43600.0,Oily,3.0,0.33,150.0,1,26-35
CUST06646,32,Male,35500.0,Combination,6.0,0.56,130.0,1,26-35
CUST05491,29,,40900.0,Normal,2.0,0.13,110.0,1,26-35
CUST00769,18,Male,30500.0,Normal,1.0,0.09,100.0,0,18-25
CUST02066,30,Female,21300.0,Sensitive,0.0,0.0,100.0,1,26-35
CUST09540,36,Male,17000.0,Normal,2.0,0.2,100.0,0,36-45
CUST07312,50,Female,49600.0,Dry,3.0,0.23,150.0,1,46-55
CUST08478,54,Female,38300.0,Normal,5.0,0.41,120.0,0,46-55
CUST04525,43,Female,74200.0,Normal,5.0,0.46,180.0,0,36-45
CUST02718,34,Female,27300.0,Dry,4.0,0.45,130.0,1,26-35
CUST02080,22,Female,,Sensitive,8.0,0.65,190.0,1,18-25
CUST08915,44,Female,43900.0,Normal,4.0,0.28,120.0,1,36-45
CUST00952,37,Female,31000.0,Oily,5.0,0.48,,1,36-45
CUST08059,49,Male,26400.0,Combination,7.0,0.52,260.0,0,46-55
CUST02483,34,Female,88000.0,Oily,4.0,0.28,210.0,1,26-35
CUST01760,33,Female,49700.0,Dry,1.0,0.04,100.0,0,26-35
CUST04423,18,Male,50900.0,Combination,5.0,0.46,160.0,1,18-25
CUST06705,21,Male,20800.0,Oily,2.0,0.16,100.0,1,18-25
CUST05183,31,Female,34700.0,Normal,2.0,0.13,,0,26-35
CUST08534,34,Male,32500.0,,5.0,0.39,160.0,0,26-35
CUST03702,22,Female,27200.0,Oily,3.0,0.25,120.0,1,18-25
CUST04244,24,Male,39200.0,Normal,1.0,0.06,100.0,0,18-25
CUST00689,27,Male,74200.0,Combination,4.0,0.31,220.0,0,26-35
CUST03433,28,Female,73900.0,Combination,4.0,0.32,150.0,0,26-35
CUST04945,30,,52200.0,Dry,7.0,0.54,,1,26-35
CUST00967,29,Male,31300.0,Normal,1.0,0.15,100.0,0,26-35
CUST09524,39,Female,30500.0,Oily,3.0,0.24,100.0,1,36-45
CUST02714,19,Female,24900.0,Oily,5.0,0.42,150.0,0,18-25
CUST04758,41,Female,69100.0,Oily,4.0,0.27,160.0,1,36-45
CUST09585,38,Male,107000.0,Dry,0.0,0.02,120.0,0,36-45
CUST06321,18,Male,47400.0,Combination,5.0,0.36,190.0,1,18-25
CUST05976,32,Female,65000.0,,5.0,0.38,150.0,0,26-35
CUST03573,36,Female,41900.0,Oily,6.0,0.56,260.0,1,36-45
CUST05300,36,Male,47100.0,Dry,2.0,0.24,100.0,1,36-45
CUST01991,36,Female,38700.0,Combination,7.0,0.57,200.0,1,36-45
CUST01206,25,Male,15000.0,Dry,4.0,0.3,160.0,1,18-25
CUST04972,18,Male,54400.0,Combination,,0.24,120.0,1,18-25
CUST06784,49,Female,32600.0,Oily,2.0,0.19,110.0,0,46-55
CUST03601,43,Male,49900.0,Combination,4.0,0.42,160.0,0,36-45
CUST06491,43,Male,48200.0,Normal,5.0,0.46,160.0,1,36-45
CUST08610,22,Female,23400.0,Oily,3.0,0.26,100.0,1,18-25
CUST07052,51,Female,24400.0,Dry,5.0,0.42,100.0,0,46-55
CUST08071,50,Male,32300.0,Combination,5.0,0.42,110.0,0,46-55
CUST08578,32,Male,52600.0,Oily,5.0,0.46,190.0,0,26-35
CUST07974,39,Male,,Combination,0.0,0.0,100.0,0,36-45
CUST01626,44,Female,24100.0,Oily,4.0,0.25,100.0,0,36-45
CUST00537,26,Female,24100.0,Normal,2.0,0.18,,0,26-35
CUST08767,37,Female,48800.0,Normal,5.0,0.45,190.0,0,36-45
CUST07971,33,Female,20800.0,Oily,4.0,0.35,130.0,1,26-35
CUST04213,38,Male,34500.0,Dry,5.0,0.42,120.0,0,36-45
CUST06457,33,Female,15000.0,Dry,6.0,0.52,140.0,1,26-35
CUST03508,37,Male,31400.0,Oily,6.0,0.49,120.0,1,36-45
CUST08394,19,Female,48300.0,Combination,2.0,0.22,100.0,0,18-25
CUST07113,45,Male,35100.0,Combination,2.0,0.08,110.0,0,36-45
CUST02709,35,Male,100200.0,Dry,3.0,0.29,,0,26-35
CUST05032,41,Female,26100.0,Sensitive,7.0,0.66,130.0,1,36-45
CUST06515,18,Male,56500.0,Oily,5.0,0.42,240.0,0,18-25
CUST04663,38,Female,37900.0,Oily,4.0,0.3,130.0,0,36-45
CUST04022,36,Male,34400.0,Combination,4.0,0.31,200.0,0,36-45
CUST01855,37,Female,54600.0,Normal,5.0,0.46,130.0,0,36-45
CUST09464,51,Female,116800.0,Combination,3.0,0.25,140.0,0,46-55
CUST02873,20,Male,90600.0,Combination,5.0,0.41,230.0,1,18-25
CUST03031,31,Female,40300.0,Dry,7.0,0.62,170.0,0,26-35
CUST01646,33,Male,38300.0,Combination,6.0,0.52,150.0,0,26-35
CUST03418,42,Female,,Oily,3.0,0.16,140.0,1,36-45
CUST03477,18,Female,54100.0,Oily,5.0,0.38,190.0,1,18-25
CUST09592,24,Male,45900.0,Oily,1.0,0.09,100.0,1,18-25
CUST01793,35,Male,50100.0,Combination,4.0,0.38,150.0,1,26-35
CUST03798,20,Male,45800.0,Oily,3.0,0.28,150.0,1,18-25
CUST03369,35,Female,49900.0,Dry,5.0,0.27,230.0,0,26-35
CUST07197,26,Female,51000.0,Combination,3.0,0.2,110.0,0,26-35
CUST09681,30,Female,29500.0,Oily,5.0,0.4,140.0,1,26-35
CUST05110,39,Female,87200.0,Normal,2.0,0.15,140.0,0,36-45
CUST06025,18,Male,59200.0,Oily,2.0,0.15,150.0,1,18-25
CUST08796,47,Male,33500.0,Combination,5.0,0.37,190.0,0,46-55
CUST09732,33,Male,62600.0,Combination,5.0,0.42,170.0,1,26-35
CUST00127,48,Male,47800.0,Combination,3.0,0.33,100.0,1,46-55
CUST05960,46,Male,64000.0,Oily,4.0,0.31,210.0,1,46-55
CUST03877,20,Male,,Oily,,0.14,100.0,1,18-25
CUST04452,29,Male,23200.0,Dry,6.0,0.43,210.0,1,26-35
CUST07148,38,Female,60200.0,Oily,3.0,0.27,140.0,0,36-45
CUST03532,30,Male,39700.0,Combination,6.0,0.46,150.0,1,26-35
CUST00828,31,Female,29700.0,Normal,7.0,0.66,150.0,1,26-35
CUST07791,27,Male,45900.0,,7.0,0.59,220.0,1,26-35
CUST00985,36,Female,40300.0,Normal,1.0,0.0,100.0,0,36-45
CUST07784,29,,34600.0,Oily,6.0,0.5,140.0,1,26-35
CUST02444,40,Male,103100.0,Combination,4.0,0.45,270.0,0,36-45
CUST08555,47,Male,,,6.0,0.5,140.0,0,46-55
CUST00346,18,Female,55700.0,Sensitive,4.0,0.32,130.0,1,18-25
CUST00815,25,Female,42700.0,Normal,7.0,0.59,290.0,1,18-25
CUST06167,39,Male,32600.0,Normal,9.0,0.74,210.0,1,36-45
CUST05780,25,Female,18700.0,Oily,4.0,0.33,160.0,1,18-25
CUST02117,33,Male,29800.0,Combination,0.0,0.04,100.0,0,26-35
CUST00794,36,Male,42000.0,Sensitive,3.0,0.25,110.0,1,36-45
CUST06899,21,Male,21100.0,Sensitive,0.0,0.0,100.0,1,18-25
CUST02675,29,Female,67200.0,Dry,1.0,0.05,100.0,0,26-35
CUST00095,18,Female,35500.0,Combination,3.0,0.2,130.0,0,18-25
CUST04226,37,Female,20600.0,Dry,3.0,0.27,,1,36-45
CUST03757,30,Male,37600.0,Sensitive,4.0,0.26,130.0,0,26-35
CUST02892,37,Female,35300.0,Dry,5.0,0.45,160.0,0,36-45
CUST02372,29,Male,25400.0,Dry,2.0,0.2,100.0,0,26-35
CUST09426,54,Female,34600.0,Oily,1.0,0.08,100.0,1,46-55
CUST03229,39,Female,45600.0,Normal,5.0,0.35,130.0,1,36-45
CUST07864,28,Female,18200.0,Combination,3.0,0.3,100.0,1,26-35
CUST06360,23,Female,31200.0,Combination,6.0,0.62,260.0,1,18-25
CUST09234,18,Male,16300.0,Dry,4.0,0.26,170.0,0,18-25
CUST07327,39,Female,32100.0,Combination,2.0,0.14,100.0,1,36-45
CUST06029,41,Male,76100.0,Normal,7.0,0.56,340.0,0,36-45
CUST01866,34,Male,71300.0,Combination,1.0,0.07,100.0,0,26-35
CUST04613,27,Female,32900.0,Sensitive,4.0,0.34,,0,26-35
CUST02646,30,Female,70700.0,Oily,5.0,0.36,,1,26-35
CUST02244,42,Female,35000.0,Combination,5.0,0.39,240.0,1,36-45
CUST05374,25,Female,57900.0,Oily,5.0,0.34,170.0,0,18-25
CUST02337,62,Male,82700.0,Combination,0.0,0.0,100.0,0,56+
CUST00951,18,Female,33500.0,Combination,4.0,0.38,110.0,1,18-25
CUST01121,37,Female,100300.0,Combination,3.0,0.31,190.0,1,36-45
CUST02205,44,Female,107700.0,Combination,6.0,0.46,350.0,0,36-45
CUST00420,47,Female,84100.0,Oily,10.0,0.83,470.0,1,46-55
CUST00923,33,Male,44100.0,Oily,5.0,0.36,140.0,1,26-35
CUST08670,32,Male,55600.0,Combination,7.0,0.47,200.0,1,26-35
CUST05409,20,Female,30600.0,Sensitive,2.0,0.16,100.0,1,18-25
CUST05789,24,Male,54400.0,Oily,0.0,0.01,100.0,0,18-25
CUST05743,38,FEMALE,,Sensitive,5.0,0.4,230.0,0,36-45
CUST07668,24,Female,47800.0,Combination,1.0,0.15,100.0,0,18-25
CUST05568,19,Female,32200.0,Oily,6.0,0.53,240.0,0,18-25
CUST08136,39,Female,47800.0,Combination,5.0,0.47,150.0,1,36-45
CUST01203,37,Female,107300.0,,6.0,0.53,300.0,0,36-45
CUST05766,33,Female,26400.0,Normal,3.0,0.23,100.0,0,26-35
CUST08390,47,Male,45900.0,Normal,,0.31,110.0,0,46-55
CUST01971,29,Female,54800.0,Combination,2.0,0.19,110.0,1,26-35
CUST04019,28,Male,44500.0,Combination,3.0,0.25,,1,26-35
CUST03688,37,Female,26600.0,Oily,4.0,0.38,100.0,1,36-45
CUST01998,31,Male,42600.0,Sensitive,1.0,0.11,100.0,0,26-35
CUST04034,39,Male,29600.0,Oily,3.0,0.18,100.0,0,36-45
CUST01249,30,Female,41800.0,Combination,3.0,0.25,110.0,0,26-35
CUST02193,21,Male,,Dry,4.0,0.37,220.0,1,18-25
CUST02713,31,Female,18500.0,Combination,2.0,0.14,100.0,0,26-35
CUST02191,40,Female,49000.0,Oily,2.0,0.1,100.0,1,36-45
CUST04671,18,Female,51200.0,Dry,6.0,0.47,160.0,0,18-25
CUST05143,27,Male,57000.0,Oily,2.0,0.26,120.0,0,26-35
CUST05985,18,Male,72800.0,Combination,,0.27,170.0,1,18-25
CUST06566,39,Female,37700.0,Sensitive,6.0,0.53,260.0,0,36-45
CUST07805,18,Male,49400.0,Normal,2.0,0.19,100.0,0,18-25
CUST06944,36,Male,41400.0,Combination,5.0,0.45,200.0,1,36-45
CUST02137,35,Male,45900.0,Dry,6.0,0.48,140.0,0,26-35
CUST01066,31,Male,53100.0,Dry,,0.44,,0,26-35
CUST00601,38,Female,31300.0,Combination,5.0,0.43,110.0,1,36-45
CUST04228,53,Male,19300.0,Dry,2.0,0.1,,0,46-55
CUST07578,32,Male,24700.0,Sensitive,3.0,0.28,100.0,0,26-35
CUST00078,34,Female,41000.0,Dry,5.0,0.44,210.0,0,26-35
CUST07547,35,Female,44600.0,Oily,1.0,0.02,100.0,1,26-35
CUST02899,23,Female,60400.0,Sensitive,6.0,0.44,210.0,0,18-25
CUST04821,27,Male,26900.0,Dry,5.0,0.34,110.0,1,26-35
CUST09835,27,Female,31500.0,Combination,7.0,0.59,240.0,0,26-35
CUST06414,29,Female,68900.0,Combination,1.0,0.0,110.0,1,26-35
CUST09065,25,Female,44100.0,Dry,6.0,0.43,160.0,1,18-25
CUST08008,23,Female,,Dry,4.0,0.35,180.0,1,18-25
CUST05469,36,Female,46000.0,Sensitive,2.0,0.17,100.0,0,36-45
CUST05952,40,Female,72800.0,Oily,7.0,0.56,260.0,0,36-45
CUST03392,18,Male,113100.0,Oily,0.0,0.0,140.0,1,18-25
CUST05416,18,Female,36400.0,Dry,3.0,0.28,100.0,1,18-25
CUST02561,36,Female,19500.0,Dry,6.0,0.44,130.0,1,36-45
CUST08163,19,Female,23300.0,Sensitive,6.0,0.5,250.0,1,18-25
CUST02636,45,Female,98000.0,Normal,8.0,0.66,290.0,0,36-45
CUST05257,37,Male,50200.0,Combination,5.0,0.35,260.0,1,36-45
CUST03531,49,Male,29600.0,Sensitive,6.0,0.46,120.0,0,46-55
CUST08568,32,Female,28600.0,Oily,2.0,0.18,100.0,1,26-35
CUST01909,27,Male,35600.0,Oily,3.0,0.34,130.0,1,26-35
CUST00236,25,Female,56600.0,Oily,1.0,0.07,100.0,1,18-25
CUST01605,29,Male,52400.0,Oily,4.0,0.27,190.0,1,26-35
CUST07985,36,Female,162700.0,Dry,4.0,0.29,300.0,1,36-45
CUST03491,19,Male,51000.0,Combination,5.0,0.39,,1,18-25
CUST01995,33,Male,32200.0,Dry,6.0,0.42,230.0,0,26-35
CUST02825,32,Female,47800.0,Normal,5.0,0.42,220.0,0,26-35
CUST09323,18,Female,64700.0,Oily,5.0,0.48,170.0,1,18-25
CUST01343,37,Female,59900.0,Sensitive,4.0,0.38,230.0,1,36-45
CUST08513,28,Female,50700.0,Oily,8.0,0.58,210.0,1,26-35
CUST01620,24,Male,34800.0,Combination,3.0,0.21,100.0,1,18-25
CUST05288,24,Male,32800.0,Dry,3.0,0.13,100.0,0,18-25
CUST02061,18,Male,20900.0,Combination,4.0,0.31,100.0,1,18-25
CUST09995,25,Female,,Dry,6.0,0.46,210.0,1,18-25
CUST02220,18,Male,28700.0,Sensitive,5.0,0.42,180.0,1,18-25
CUST06039,23,Female,41200.0,Sensitive,2.0,0.12,100.0,0,18-25
CUST00261,29,Male,22600.0,Sensitive,7.0,0.61,160.0,1,26-35
CUST09403,26,Male,68800.0,Sensitive,3.0,0.26,130.0,0,26-35
CUST09094,18,Female,37100.0,Combination,3.0,0.19,100.0,1,18-25
CUST03745,63,Male,89800.0,Combination,3.0,0.18,170.0,1,56+
CUST02027,38,Female,,Normal,5.0,0.49,180.0,1,36-45
CUST06989,25,Female,71400.0,Combination,2.0,0.28,100.0,1,18-25
CUST04235,46,Female,45900.0,Dry,3.0,0.18,130.0,0,46-55
CUST01918,43,Male,16400.0,Oily,7.0,0.58,130.0,1,36-45
CUST01829,22,Male,60100.0,Oily,4.0,0.4,130.0,1,18-25
CUST06234,52,Male,59500.0,Dry,3.0,0.24,120.0,0,46-55
CUST09370,46,Female,72000.0,Combination,4.0,0.3,140.0,0,46-55
CUST06284,19,Female,,Dry,3.0,0.17,100.0,0,18-25
CUST04209,44,Female,38100.0,Combination,9.0,0.68,330.0,0,36-45
CUST00225,33,Female,98200.0,Sensitive,3.0,0.21,220.0,1,26-35
CUST08916,30,Female,29800.0,Combination,3.0,0.29,100.0,1,26-35
CUST06470,48,Male,42600.0,Oily,6.0,0.49,200.0,1,46-55
CUST09452,29,Female,28300.0,Dry,1.0,0.05,100.0,1,26-35
CUST00847,67,Male,75100.0,Oily,6.0,0.51,190.0,0,56+
CUST04290,37,Male,41300.0,Sensitive,5.0,0.43,190.0,1,36-45
CUST05561,50,Female,58900.0,Combination,4.0,0.27,140.0,1,46-55
CUST02552,31,Female,39600.0,Normal,4.0,0.33,170.0,1,26-35
CUST00118,32,Female,77700.0,Sensitive,1.0,0.02,100.0,1,26-35
CUST08838,27,Male,25100.0,Sensitive,4.0,0.31,110.0,0,26-35
CUST05967,23,Female,41200.0,Sensitive,4.0,0.26,140.0,0,18-25
CUST08196,25,Female,39500.0,Dry,2.0,0.17,100.0,0,18-25
CUST08660,40,Female,30600.0,Oily,4.0,0.27,170.0,1,36-45
CUST07490,30,Female,27400.0,Combination,4.0,0.4,,0,26-35
CUST00006,18,Female,48900.0,Normal,437.0,0.32,160.0,0,18-25
CUST05343,33,Male,20700.0,Dry,6.0,0.45,140.0,1,26-35
CUST09112,41,Female,,Sensitive,4.0,0.38,160.0,0,36-45
CUST04325,22,Female,39900.0,Normal,10.0,0.8,360.0,1,18-25
CUST01064,44,Male,27100.0,Combination,5.0,0.41,140.0,1,36-45
CUST02591,23,Male,72000.0,Dry,2.0,0.12,140.0,0,18-25
CUST08435,35,Male,30300.0,Combination,8.0,0.73,200.0,1,26-35
CUST03736,27,Male,28300.0,Normal,6.0,0.57,210.0,1,26-35
CUST03518,31,Female,48400.0,Sensitive,4.0,0.39,140.0,1,26-35
CUST06987,20,Male,29600.0,Oily,5.0,0.41,220.0,1,18-25
CUST06768,31,Female,89500.0,Combination,2.0,0.24,140.0,0,26-35
CUST05623,39,Male,,Combination,1.0,0.07,100.0,1,36-45
CUST01606,47,Female,54900.0,Normal,1.0,0.03,100.0,0,46-55
CUST01734,18,Female,70400.0,Normal,3.0,0.3,110.0,0,18-25
CUST09379,54,Female,32700.0,Normal,4.0,0.41,140.0,0,46-55
CUST03813,26,Male,88900.0,Oily,2.0,0.13,110.0,1,26-35
CUST09664,26,Female,60800.0,Oily,1.0,0.13,100.0,1,26-35
CUST01762,23,Male,43700.0,Dry,8.0,0.62,340.0,1,18-25
CUST05402,40,Male,91500.0,Dry,3.0,0.23,180.0,0,36-45
CUST02740,47,Male,18900.0,Dry,3.0,0.15,100.0,0,46-55
CUST02473,36,Female,32100.0,Normal,7.0,0.52,300.0,0,36-45
CUST06739,25,Male,59800.0,Normal,9.0,0.73,300.0,0,18-25
CUST06892,28,Male,48900.0,Combination,5.0,0.52,160.0,0,26-35
CUST07944,34,Female,31300.0,Combination,7.0,0.6,270.0,1,26-35
CUST04207,32,Female,63100.0,Dry,4.0,0.32,210.0,0,26-35
CUST06372,55,Female,,Combination,2.0,0.18,110.0,0,46-55
CUST00233,35,Female,34500.0,Combination,2.0,0.07,100.0,1,26-35
CUST08259,34,Female,44700.0,Dry,3.0,0.2,130.0,1,26-35
CUST07562,25,Female,35900.0,,8.0,0.56,280.0,1,18-25
CUST06169,31,Male,17800.0,Combination,7.0,0.57,260.0,0,26-35
CUST03597,27,Female,41500.0,Combination,3.0,0.29,110.0,1,26-35
CUST06289,33,Male,53100.0,Oily,6.0,0.5,230.0,1,26-35
CUST04633,22,Female,25300.0,Oily,0.0,0.08,100.0,1,18-25
CUST00126,36,Male,73200.0,Combination,4.0,0.31,150.0,0,36-45
CUST07642,41,Female,25800.0,Dry,2.0,0.11,100.0,1,36-45
CUST06230,31,Female,67600.0,Sensitive,2.0,0.15,150.0,1,26-35
CUST01297,18,Female,50500.0,Combination,1.0,0.07,100.0,0,18-25
CUST01977,18,Male,31700.0,Sensitive,4.0,0.33,160.0,0,18-25
CUST09520,28,Male,37600.0,Combination,3.0,0.26,150.0,0,26-35
CUST09884,30,Female,17900.0,Oily,0.0,0.0,100.0,1,26-35
CUST05751,36,Female,74600.0,Sensitive,5.0,0.41,210.0,1,36-45
CUST08153,24,Male,51400.0,Sensitive,1.0,0.14,100.0,0,18-25
CUST03087,19,Female,45900.0,Combination,6.0,0.46,210.0,1,18-25
CUST09314,29,Female,47000.0,Normal,3.0,0.3,160.0,0,26-35
CUST06883,41,Female,26800.0,Normal,6.0,0.43,230.0,0,36-45
CUST09343,30,Male,39500.0,Dry,6.0,0.45,180.0,1,26-35
CUST07674,25,Male,38800.0,Oily,4.0,0.3,110.0,1,18-25
CUST03346,29,Female,43200.0,Normal,4.0,0.41,150.0,0,26-35
CUST08173,28,Female,55300.0,Normal,6.0,0.52,270.0,1,26-35
CUST09460,50,Female,23900.0,Oily,5.0,0.44,120.0,1,46-55
CUST05871,34,Male,53700.0,Sensitive,9.0,0.75,240.0,1,26-35
CUST06507,26,Male,65500.0,Normal,3.0,0.19,100.0,1,26-35
CUST02798,29,Female,34400.0,Combination,2.0,0.14,100.0,1,26-35
CUST00919,47,Female,26600.0,Combination,4.0,0.3,130.0,0,46-55
CUST01647,31,Male,28300.0,Oily,8.0,0.71,270.0,0,26-35
CUST05123,28,Female,37300.0,Normal,5.0,0.5,200.0,0,26-35
CUST05127,37,Male,29200.0,Normal,5.0,0.43,210.0,0,36-45
CUST04622,32,Male,27500.0,Oily,1.0,0.04,100.0,1,26-35
CUST06810,28,Female,58200.0,Normal,3.0,0.23,110.0,1,26-35
CUST00365,31,Female,38800.0,Oily,3.0,0.35,120.0,1,26-35
CUST02126,34,Male,43500.0,,6.0,0.53,210.0,0,26-35
CUST08151,36,Male,60000.0,Combination,7.0,0.57,260.0,1,36-45
CUST08718,48,Female,23200.0,Combination,5.0,0.37,190.0,0,46-55
CUST00056,25,Female,56000.0,Oily,7.0,0.52,180.0,1,18-25
CUST00639,38,Male,65000.0,Combination,5.0,0.41,180.0,0,36-45
CUST00303,42,Male,77800.0,Combination,4.0,0.35,170.0,1,36-45
CUST05812,37,Male,101200.0,Normal,5.0,0.39,160.0,1,36-45
CUST01277,25,Female,19500.0,Dry,6.0,0.51,200.0,0,18-25
CUST04433,38,Female,16500.0,Combination,6.0,0.56,240.0,1,36-45
CUST03645,29,Male,34100.0,Dry,3.0,0.19,130.0,1,26-35
CUST04144,28,Male,71500.0,Combination,7.0,0.52,180.0,0,26-35
CUST02879,23,Female,,Sensitive,1.0,0.03,100.0,1,18-25
CUST06494,32,Female,68500.0,Dry,3.0,0.33,150.0,1,26-35
CUST05241,41,Female,46300.0,Combination,3.0,0.3,150.0,0,36-45
CUST09446,38,,37100.0,Normal,1.0,0.07,100.0,1,36-45
CUST06938,26,Male,52300.0,Normal,3.0,0.3,110.0,1,26-35
CUST07241,44,Female,25400.0,Dry,0.0,0.04,100.0,0,36-45
CUST02594,40,Female,20900.0,Combination,1.0,0.0,100.0,1,36-45
CUST02394,35,Female,65000.0,Normal,6.0,0.51,190.0,1,26-35
CUST00524,30,Female,26300.0,Oily,4.0,0.4,120.0,1,26-35
CUST06377,18,female,,Dry,7.0,0.54,210.0,1,18-25
CUST06982,26,Female,26800.0,Dry,2.0,0.04,,0,26-35
CUST06678,28,Female,46800.0,Normal,4.0,0.39,190.0,1,26-35
CUST03901,39,Male,15000.0,Dry,2.0,0.25,100.0,1,36-45
CUST09674,64,Female,28600.0,Combination,6.0,0.41,240.0,0,56+
CUST05586,34,Male,57600.0,Normal,3.0,0.25,160.0,0,26-35
CUST09398,21,Male,32800.0,Combination,3.0,0.34,140.0,1,18-25
CUST07957,30,Male,67600.0,Oily,2.0,0.13,120.0,1,26-35
CUST07571,18,Female,78300.0,Sensitive,3.0,0.29,130.0,1,18-25
CUST06778,31,FEMALE,41800.0,Sensitive,3.0,0.25,100.0,0,26-35
CUST00672,35,Female,40900.0,Combination,5.0,0.34,150.0,1,26-35
CUST04189,24,Female,40800.0,Combination,2.0,0.22,100.0,0,18-25
CUST00667,18,Female,49600.0,Normal,5.0,0.34,,0,18-25
CUST03267,18,Male,60900.0,Combination,2.0,0.13,100.0,1,18-25
CUST01888,34,Male,20200.0,Combination,5.0,0.39,160.0,1,26-35
CUST08473,35,Female,55200.0,Normal,2.0,0.07,110.0,1,26-35
CUST09092,34,Female,25100.0,Dry,3.0,0.25,100.0,1,26-35
CUST07688,38,Male,28000.0,Dry,6.0,0.53,120.0,1,36-45
CUST06032,50,Female,16900.0,Dry,4.0,0.27,120.0,0,46-55
CUST06091,34,Female,54700.0,Normal,2.0,0.2,100.0,0,26-35
CUST06239,21,Female,21600.0,Oily,5.0,0.42,160.0,1,18-25
CUST07351,47,Female,79900.0,Combination,3.0,0.2,160.0,1,46-55
CUST07831,55,Male,34000.0,Normal,5.0,0.41,110.0,0,46-55
CUST00761,46,Male,25600.0,Combination,5.0,0.44,170.0,1,46-55
CUST06255,34,Female,,Oily,6.0,0.49,190.0,0,26-35
CUST01907,32,Female,25500.0,Combination,0.0,0.0,100.0,0,26-35
CUST03819,49,Male,41000.0,Sensitive,4.0,0.37,,0,46-55
CUST06270,30,Male,45200.0,Sensitive,5.0,0.44,150.0,0,26-35
CUST04301,27,Male,33400.0,Dry,4.0,0.39,140.0,0,26-35
CUST05570,34,Male,94800.0,Dry,4.0,0.29,210.0,1,26-35
CUST07942,38,Female,52600.0,Combination,4.0,0.2,180.0,1,36-45
CUST04165,30,Female,30800.0,Combination,7.0,0.58,150.0,1,26-35
CUST05972,34,Female,65300.0,Dry,6.0,0.51,260.0,0,26-35
CUST03580,18,Male,,Combination,7.0,0.6,200.0,1,18-25
CUST02833,43,Male,49200.0,Normal,8.0,0.64,350.0,1,36-45
CUST05450,34,Male,53900.0,Combination,3.0,0.23,100.0,1,26-35
CUST03473,44,Female,59900.0,Combination,8.0,0.77,380.0,1,36-45
CUST06328,27,Female,52100.0,Dry,7.0,0.57,230.0,1,26-35
CUST00138,41,Female,78400.0,Oily,7.0,0.62,200.0,1,36-45
CUST07044,54,Female,101700.0,Oily,4.0,0.28,210.0,0,46-55
CUST04893,20,Male,15700.0,Normal,4.0,0.42,130.0,1,18-25
CUST02181,55,Male,,Combination,2.0,0.1,100.0,0,46-55
CUST07731,29,Female,36700.0,Combination,7.0,0.52,200.0,1,26-35
CUST03178,34,Female,23900.0,Normal,5.0,0.42,,1,26-35
CUST04855,29,Female,81700.0,Oily,3.0,0.27,180.0,0,26-35
CUST04638,21,Male,42800.0,Oily,4.0,0.29,160.0,0,18-25
CUST05116,38,Female,36100.0,Dry,4.0,0.33,110.0,1,36-45
CUST07649,0,Female,35900.0,Normal,3.0,0.32,100.0,1,26-35
CUST04262,44,Male,31300.0,,5.0,0.44,210.0,1,36-45
CUST01332,20,Female,35900.0,Combination,5.0,0.4,130.0,1,18-25
CUST07003,24,Male,20600.0,Dry,4.0,0.3,,1,18-25
CUST06942,18,Female,32100.0,Oily,4.0,0.36,100.0,0,18-25
CUST08018,45,Female,,Oily,6.0,0.44,160.0,0,36-45
CUST06242,32,Male,85400.0,Combination,2.0,0.16,110.0,0,26-35
CUST08244,48,Female,47600.0,Dry,4.0,0.17,180.0,1,46-55
CUST06882,29,Male,35900.0,Oily,5.0,0.37,210.0,0,26-35
CUST04531,42,Female,27800.0,Normal,4.0,0.31,100.0,1,36-45
CUST04674,34,Female,42400.0,Oily,7.0,0.52,240.0,0,26-35
CUST06997,29,Female,46400.0,Combination,3.0,0.24,160.0,0,26-35
CUST01253,23,Male,43700.0,Dry,6.0,0.51,270.0,1,18-25
CUST03375,32,Female,40600.0,Normal,4.0,0.44,180.0,1,26-35
CUST02815,32,Male,30500.0,Oily,2.0,0.14,100.0,1,26-35
CUST04720,34,Female,41200.0,Normal,6.0,0.46,270.0,1,26-35
CUST06545,27,Female,30300.0,Combination,1.0,0.1,100.0,1,26-35
CUST04859,26,Female,52500.0,Dry,3.0,0.25,110.0,1,26-35
CUST07902,41,Female,18800.0,Dry,4.0,0.31,170.0,0,36-45
CUST08581,18,Female,38400.0,Dry,5.0,0.37,200.0,0,18-25
CUST08428,33,Female,57200.0,Combination,2.0,0.18,100.0,0,26-35
CUST01078,63,Male,28100.0,Combination,4.0,0.49,190.0,0,56+
CUST04364,25,Female,32300.0,Combination,6.0,0.45,270.0,1,18-25
CUST00771,51,Male,63600.0,Normal,4.0,0.35,180.0,0,46-55
CUST08866,32,Female,89500.0,Combination,5.0,0.4,140.0,0,26-35
CUST00250,19,Male,19000.0,Dry,3.0,0.26,100.0,0,18-25
CUST07240,29,Male,31400.0,Combination,5.0,0.36,210.0,0,26-35
CUST03420,46,Female,34500.0,Normal,4.0,0.37,100.0,0,46-55
CUST04977,34,Male,26200.0,Oily,5.0,0.41,160.0,1,26-35
CUST04545,38,Male,68400.0,Sensitive,5.0,0.41,200.0,1,36-45
CUST05566,38,Male,21300.0,Oily,8.0,0.54,220.0,1,36-45
CUST07940,40,Male,42300.0,Normal,2.0,0.2,100.0,1,36-45
CUST00717,18,Female,48500.0,Oily,3.0,0.25,140.0,1,18-25
CUST09692,43,Male,27300.0,Combination,2.0,0.06,100.0,1,36-45
CUST02049,33,Male,15000.0,Combination,,0.54,250.0,1,26-35
CUST05998,50,Male,24800.0,Sensitive,5.0,0.34,210.0,0,46-55
CUST06601,42,Male,57000.0,Oily,2.0,0.22,130.0,0,36-45
CUST07246,37,Male,21600.0,Normal,4.0,0.31,100.0,0,36-45
CUST04179,18,Female,55700.0,Dry,2.0,0.1,100.0,0,18-25
CUST04810,31,Female,29400.0,Sensitive,3.0,0.35,100.0,0,26-35
CUST09522,28,Male,26000.0,Oily,6.0,0.48,,1,26-35
CUST07141,18,Female,92700.0,Dry,4.0,0.28,180.0,0,18-25
CUST07191,26,Male,27400.0,Dry,4.0,0.38,150.0,1,26-35
CUST01461,43,Female,55700.0,Combination,2.0,0.15,100.0,1,36-45
CUST05990,27,Male,53100.0,Sensitive,4.0,0.4,200.0,1,26-35
CUST02001,27,Male,46200.0,Combination,0.0,0.0,100.0,1,26-35
CUST08176,18,Male,38600.0,Normal,3.0,0.19,160.0,1,18-25
CUST00405,38,Female,32900.0,Dry,6.0,0.54,,1,36-45
CUST00385,18,Male,19300.0,Normal,3.0,0.22,100.0,0,18-25
CUST09488,21,Male,55300.0,Combination,1.0,0.11,100.0,1,18-25
CUST09527,31,Male,24200.0,,3.0,0.23,,1,26-35
CUST01634,32,Male,40300.0,Oily,2.0,0.12,,1,26-35
CUST09595,28,Female,28100.0,Normal,6.0,0.5,180.0,1,26-35
CUST04785,33,Female,58500.0,Oily,4.0,0.28,180.0,1,26-35
CUST09496,40,Male,61000.0,Combination,3.0,0.25,150.0,0,36-45
CUST06971,34,Female,55600.0,Dry,3.0,0.27,150.0,0,26-35
CUST03926,42,Male,57700.0,Combination,4.0,0.31,170.0,1,36-45
CUST04159,44,Female,-10000.0,Dry,6.0,0.56,200.0,0,36-45
CUST07450,32,Male,70200.0,Combination,6.0,0.39,190.0,1,26-35
CUST08416,29,Female,20000.0,Dry,3.0,0.26,100.0,0,26-35
CUST02194,32,Male,25500.0,Dry,5.0,0.34,180.0,0,26-35
CUST01016,21,Female,27800.0,Dry,6.0,0.52,250.0,0,18-25
CUST05125,26,Male,54900.0,Combination,3.0,0.21,160.0,0,26-35
CUST07419,29,Female,58600.0,Combination,4.0,0.35,200.0,0,26-35
CUST07410,35,Male,35800.0,Combination,2.0,0.14,100.0,1,26-35
CUST08990,20,Male,37400.0,Dry,6.0,0.55,200.0,0,18-25
CUST02872,25,Male,40200.0,Dry,2.0,0.18,120.0,0,18-25
CUST00010,23,Female,39000.0,Normal,3.0,0.32,110.0,1,18-25
CUST01839,48,Female,35900.0,Normal,4.0,0.25,140.0,0,46-55
CUST04805,27,Female,37300.0,Dry,3.0,0.28,100.0,1,26-35
CUST00256,41,Male,55800.0,Sensitive,2.0,0.16,110.0,1,36-45
CUST07027,46,MALE,38000.0,Sensitive,2.0,0.24,100.0,0,46-55
CUST05714,60,Female,28600.0,Dry,4.0,0.39,160.0,0,56+
CUST03325,42,Male,79400.0,,1.0,0.07,100.0,0,36-45
CUST07715,24,Female,38200.0,Combination,4.0,0.25,170.0,1,18-25
CUST01582,30,Male,53700.0,Sensitive,8.0,0.68,240.0,1,26-35
CUST00925,30,Female,28500.0,Combination,5.0,0.51,200.0,1,26-35
CUST02780,21,Female,35500.0,Normal,3.0,0.15,130.0,1,18-25
CUST07892,27,Female,50800.0,Oily,4.0,0.33,180.0,1,26-35
CUST06133,42,Female,86300.0,Dry,3.0,0.27,180.0,0,36-45
CUST05321,40,Male,31800.0,Normal,9.0,0.76,260.0,0,36-45
CUST07313,32,Female,48500.0,Normal,4.0,0.21,120.0,1,26-35
CUST07103,38,,17700.0,Dry,4.0,0.34,100.0,0,36-45
CUST06043,18,Female,27800.0,Oily,4.0,0.28,170.0,1,18-25
CUST03776,22,Male,,Oily,3.0,0.21,130.0,0,18-25
CUST04836,24,Female,74500.0,Dry,4.0,0.31,160.0,1,18-25
CUST04965,25,Female,34500.0,Normal,3.0,0.28,100.0,1,18-25
CUST00540,23,Male,,Oily,4.0,0.37,120.0,1,18-25
CUST07484,18,Female,34700.0,Dry,1.0,0.12,100.0,1,18-25
CUST02746,45,Male,70700.0,Normal,4.0,0.28,160.0,1,36-45
CUST03720,35,Male,55800.0,Oily,2.0,0.11,140.0,0,26-35
CUST06820,25,Female,42400.0,Oily,3.0,0.26,110.0,1,18-25
CUST09338,22,Male,39500.0,,5.0,0.43,190.0,1,18-25
CUST04469,59,Male,47800.0,Oily,2.0,0.07,130.0,0,56+
CUST00668,37,Female,34600.0,Dry,5.0,0.5,150.0,0,36-45
CUST07576,30,Male,28600.0,Normal,3.0,0.31,100.0,0,26-35
CUST08550,52,Female,53300.0,Sensitive,6.0,0.44,190.0,0,46-55
CUST05064,30,Female,52500.0,Oily,4.0,0.32,190.0,1,26-35
CUST01354,36,Female,24900.0,Sensitive,5.0,0.42,160.0,1,36-45
CUST07115,18,Female,110000.0,Dry,6.0,0.46,250.0,1,18-25
CUST09813,18,Male,,Combination,4.0,0.34,160.0,1,18-25
CUST08663,34,Male,38100.0,Oily,4.0,0.32,,0,26-35
CUST02704,45,Female,38100.0,Normal,3.0,0.33,120.0,0,36-45
CUST03331,32,Male,42700.0,Combination,8.0,0.73,230.0,1,26-35
CUST08054,38,Male,46200.0,Oily,4.0,0.42,170.0,1,36-45
CUST03585,35,Female,65600.0,Oily,2.0,0.15,130.0,0,26-35
CUST09481,29,Female,37400.0,Normal,3.0,0.26,140.0,0,26-35
CUST05646,18,Male,32100.0,Oily,6.0,0.51,190.0,0,18-25
CUST03377,39,Male,47500.0,Oily,6.0,0.44,150.0,0,36-45
CUST01257,41,Female,37200.0,,5.0,0.4,140.0,0,36-45
CUST06191,30,Male,49900.0,Oily,9.0,0.81,320.0,1,26-35
CUST09443,19,Male,38000.0,Dry,1.0,0.0,100.0,1,18-25
CUST05349,38,Male,41700.0,Normal,4.0,0.26,100.0,1,36-45
CUST04176,26,Male,24700.0,Oily,2.0,0.23,100.0,1,26-35
CUST04911,23,Female,37800.0,Oily,,0.3,100.0,1,18-25
CUST01853,29,Male,97800.0,Combination,1.0,0.08,110.0,1,26-35
CUST06317,31,Female,29600.0,Sensitive,3.0,0.28,150.0,1,26-35
CUST09894,33,Female,34900.0,Combination,2.0,0.12,110.0,1,26-35
CUST02106,26,Male,20200.0,Dry,2.0,0.21,100.0,1,26-35
CUST00134,30,Female,48200.0,Normal,3.0,0.32,100.0,1,26-35
CUST05030,18,Female,27500.0,Combination,4.0,0.32,140.0,0,18-25
CUST00929,29,Female,21700.0,Combination,3.0,0.1,110.0,0,26-35
CUST00824,18,Female,37100.0,Sensitive,4.0,0.35,110.0,1,18-25
CUST07577,31,Male,35800.0,Combination,8.0,0.59,230.0,1,26-35
CUST01532,35,Female,21300.0,Oily,4.0,0.3,130.0,1,26-35
CUST01215,18,Male,20200.0,Oily,3.0,0.24,110.0,0,18-25
CUST00505,18,Male,20900.0,Combination,3.0,0.28,100.0,0,18-25
CUST06531,29,Male,40200.0,Normal,7.0,0.63,290.0,0,26-35
CUST03073,18,Male,70000.0,Normal,4.0,0.29,160.0,1,18-25
CUST09087,26,Female,17100.0,Combination,4.0,0.39,100.0,1,26-35
CUST08648,38,Male,132600.0,Oily,4.0,0.34,240.0,0,36-45
CUST06620,26,Male,48100.0,Dry,6.0,0.44,190.0,1,26-35
CUST09274,37,Male,45100.0,Oily,2.0,0.18,100.0,1,36-45
CUST03710,29,Female,96600.0,Combination,3.0,0.18,150.0,1,26-35
CUST09621,26,Female,37400.0,Normal,3.0,0.28,160.0,0,26-35
CUST04850,32,Male,25100.0,Combination,4.0,0.29,100.0,1,26-35
CUST04749,20,Male,27100.0,,2.0,0.13,100.0,1,18-25
CUST04269,45,Female,41000.0,Combination,3.0,0.23,100.0,0,36-45
CUST09918,35,Female,33000.0,Oily,1.0,0.0,100.0,1,26-35
CUST08906,34,Male,31400.0,Combination,2.0,0.13,100.0,0,26-35
CUST04187,36,Male,23100.0,Oily,9.0,0.66,280.0,1,36-45
CUST05302,23,Female,28300.0,Sensitive,5.0,0.44,140.0,1,18-25
CUST02924,25,Female,32600.0,Dry,2.0,0.14,100.0,0,18-25
CUST06589,25,Male,63500.0,Oily,7.0,0.57,350.0,1,18-25
CUST01811,18,Female,26300.0,Normal,5.0,0.45,160.0,1,18-25
CUST03487,40,Female,31800.0,Normal,6.0,0.42,260.0,0,36-45
CUST07420,18,Male,35700.0,Oily,6.0,0.49,220.0,0,18-25
CUST03142,65,Male,35000.0,Normal,6.0,0.55,170.0,0,56+
CUST09348,32,Female,52100.0,Normal,4.0,0.3,130.0,0,26-35
CUST01325,35,,29600.0,Dry,3.0,0.25,100.0,1,26-35
CUST04313,32,Female,20900.0,Sensitive,2.0,0.17,100.0,1,26-35
CUST07495,20,Male,28900.0,Sensitive,4.0,0.38,100.0,1,18-25
CUST08703,32,Female,36100.0,Combination,2.0,0.17,100.0,1,26-35
CUST08692,29,Female,,Dry,3.0,0.23,130.0,0,26-35
CUST09543,32,Female,28200.0,Dry,3.0,0.23,130.0,1,26-35
CUST05542,36,Male,52300.0,Combination,7.0,0.57,,0,36-45
CUST06173,29,Female,16300.0,Combination,7.0,0.58,170.0,1,26-35
CUST01541,29,Female,36800.0,Dry,8.0,0.78,300.0,1,26-35
CUST09410,18,Female,36800.0,Dry,4.0,0.21,100.0,1,18-25
CUST02682,30,Male,33200.0,Dry,1.0,0.04,100.0,0,26-35
CUST09922,54,Male,67600.0,Normal,6.0,0.49,240.0,0,46-55
CUST06314,38,Female,34200.0,Normal,,0.25,120.0,1,36-45
CUST01192,43,Male,,Dry,6.0,0.44,180.0,0,36-45
CUST05294,59,Male,19700.0,Oily,3.0,0.29,100.0,1,56+
CUST01543,35,Female,,Sensitive,5.0,0.38,220.0,1,26-35
CUST07057,61,Male,41200.0,Normal,4.0,0.42,180.0,0,56+
CUST02540,39,Female,24000.0,Oily,7.0,0.56,290.0,0,36-45
CUST00954,19,Female,39100.0,Combination,1.0,0.07,100.0,0,18-25
CUST07242,22,Male,85900.0,Combination,4.0,0.31,190.0,1,18-25
CUST06732,31,Male,30000.0,Dry,5.0,0.41,220.0,1,26-35
CUST04847,42,Female,18700.0,Combination,5.0,0.43,150.0,1,36-45
CUST06802,44,Male,15000.0,Normal,8.0,0.63,320.0,1,36-45
CUST08011,36,,34600.0,Normal,3.0,0.21,100.0,0,36-45
CUST04331,52,Male,29100.0,Oily,3.0,0.24,130.0,0,46-55
CUST08925,19,Female,22300.0,Combination,6.0,0.53,200.0,1,18-25
CUST05335,44,Female,45500.0,Sensitive,3.0,0.24,,1,36-45
CUST07331,33,Male,42800.0,Dry,6.0,0.52,240.0,1,26-35
CUST09349,29,Female,68400.0,,5.0,0.41,160.0,0,26-35
CUST04730,28,Male,50100.0,Oily,2.0,0.17,130.0,0,26-35
CUST06542,39,Male,35900.0,Combination,3.0,0.28,100.0,1,36-45
CUST05306,52,Male,22700.0,Dry,7.0,0.66,150.0,1,46-55
CUST05162,18,Male,16300.0,Combination,3.0,0.23,100.0,1,18-25
CUST07861,20,Female,31700.0,Combination,3.0,0.32,120.0,0,18-25
CUST02157,36,Female,41800.0,Oily,4.0,0.34,160.0,0,36-45
CUST01063,27,Male,46500.0,Sensitive,1.0,0.06,100.0,0,26-35
CUST01168,52,Female,64700.0,Dry,4.0,0.39,180.0,0,46-55
CUST03637,29,Female,74800.0,Combination,7.0,0.63,320.0,0,26-35
CUST07652,18,Female,36900.0,Sensitive,6.0,0.44,260.0,1,18-25
CUST05589,30,Female,118400.0,Combination,2.0,0.17,120.0,1,26-35
CUST07193,43,Female,44900.0,Normal,2.0,0.11,100.0,0,36-45
CUST04492,22,Male,53600.0,Combination,5.0,0.45,160.0,1,18-25
CUST07267,26,Female,58100.0,Oily,2.0,0.21,,1,26-35
CUST04981,38,Female,45100.0,Combination,5.0,0.39,150.0,1,36-45
CUST08336,31,Female,37400.0,Sensitive,5.0,0.46,180.0,1,26-35
CUST09992,18,Male,,Sensitive,2.0,0.11,100.0,0,18-25
CUST04947,47,Female,42900.0,Dry,4.0,0.31,130.0,0,46-55
CUST02783,38,Male,20500.0,Oily,3.0,0.23,120.0,1,36-45
CUST00718,40,Male,34500.0,Normal,6.0,0.5,170.0,0,36-45
CUST02503,43,Female,41900.0,Sensitive,1.0,0.12,100.0,0,36-45
CUST04361,36,Female,34000.0,Combination,4.0,0.34,160.0,1,36-45
CUST04172,39,Male,28600.0,Combination,7.0,0.6,290.0,1,36-45
CUST08083,45,Female,19800.0,Oily,6.0,0.48,210.0,1,36-45
CUST09800,18,Female,47000.0,Oily,6.0,0.55,130.0,0,18-25
CUST00396,34,Male,32200.0,Dry,3.0,0.27,100.0,1,26-35
CUST07187,25,Female,17400.0,Oily,3.0,0.28,110.0,1,18-25
CUST09862,18,Female,41200.0,Dry,8.0,0.65,,1,18-25
CUST04493,24,Female,17200.0,Oily,2.0,0.19,100.0,0,18-25
CUST01366,36,Female,40700.0,Oily,4.0,0.31,180.0,0,36-45
CUST09566,29,Female,21700.0,Oily,5.0,0.46,160.0,1,26-35
CUST08788,51,Female,31800.0,Sensitive,6.0,0.49,,0,46-55
CUST05918,34,Female,31400.0,Normal,4.0,0.4,130.0,1,26-35
CUST04969,28,Male,20400.0,Oily,2.0,0.17,100.0,1,26-35
CUST02915,36,Female,55600.0,Sensitive,6.0,0.48,260.0,1,36-45
CUST05645,44,Male,28800.0,Normal,3.0,0.2,100.0,0,36-45
CUST03767,42,Female,15000.0,Combination,6.0,0.55,140.0,1,36-45
CUST03441,54,Female,48300.0,Oily,3.0,0.24,140.0,0,46-55
CUST07358,28,Female,33700.0,Normal,3.0,0.3,130.0,1,26-35
CUST06807,44,Female,28300.0,Combination,1.0,0.01,100.0,0,36-45
CUST02144,36,Male,31500.0,Oily,6.0,0.41,130.0,1,36-45
CUST05105,32,Male,,Combination,5.0,0.39,140.0,1,26-35
CUST05074,29,Male,42800.0,,4.0,0.26,160.0,1,26-35
CUST01572,30,Male,101800.0,Normal,4.0,0.35,240.0,1,26-35
CUST04080,26,Female,51000.0,Sensitive,6.0,0.42,270.0,0,26-35
CUST01123,24,Female,50200.0,Oily,1.0,0.07,100.0,1,18-25
CUST02787,32,Male,63000.0,Sensitive,6.0,0.48,310.0,0,26-35
CUST02968,25,Female,35300.0,Sensitive,4.0,0.37,160.0,1,18-25
CUST02505,45,Female,61800.0,Dry,1.0,0.11,100.0,0,36-45
CUST05989,34,Female,34100.0,Dry,2.0,0.27,100.0,0,26-35
CUST08868,42,Female,39000.0,Combination,6.0,0.45,270.0,1,36-45
CUST07165,32,Male,29100.0,Dry,5.0,0.4,140.0,1,26-35
CUST00729,19,Male,53700.0,Dry,4.0,0.38,220.0,1,18-25
CUST07588,21,Female,19700.0,Dry,6.0,0.44,150.0,0,18-25
CUST07544,26,Female,76900.0,Oily,9.0,0.78,370.0,1,26-35
CUST00413,25,Female,34500.0,Combination,1.0,0.1,100.0,1,18-25
CUST05746,42,Male,29000.0,Dry,2.0,0.06,100.0,1,36-45
CUST07669,42,Male,58300.0,Oily,6.0,0.5,160.0,0,36-45
CUST00826,32,Female,48000.0,Dry,2.0,0.24,100.0,1,26-35
CUST03268,32,Female,136500.0,Combination,2.0,0.16,140.0,0,26-35
CUST03975,25,Female,34300.0,Combination,6.0,0.56,210.0,1,18-25
CUST08809,36,Male,56600.0,Sensitive,4.0,0.33,49848.247848752355,1,36-45
CUST08307,18,Male,27200.0,Dry,10.0,0.76,310.0,1,18-25
CUST00418,47,Female,22500.0,Sensitive,2.0,0.19,100.0,0,46-55
CUST06749,32,Female,30600.0,Combination,5.0,0.44,,1,26-35
CUST08968,29,Female,59300.0,Normal,1.0,0.07,100.0,0,26-35
CUST02083,19,Male,38800.0,Normal,2.0,0.21,100.0,0,18-25
CUST08946,51,Female,50600.0,Oily,3.0,0.25,140.0,0,46-55
CUST03374,26,Male,56000.0,Combination,5.0,0.52,160.0,0,26-35
CUST05727,18,Male,,,1.0,0.07,100.0,0,18-25
CUST04108,46,Female,74800.0,Dry,2.0,0.21,140.0,0,46-55
CUST04381,53,Male,44000.0,Combination,4.0,0.28,170.0,0,46-55
CUST07724,18,Male,21800.0,Combination,8.0,0.56,260.0,1,18-25
CUST01067,20,Female,55500.0,Combination,3.0,0.25,100.0,1,18-25
CUST03914,18,Male,25300.0,Combination,10.0,0.79,320.0,0,18-25
CUST05537,22,Male,107600.0,Oily,3.0,0.26,130.0,1,18-25
CUST08003,45,Male,31800.0,Dry,6.0,0.43,260.0,0,36-45
CUST05388,29,Female,23000.0,Oily,3.0,0.28,100.0,0,26-35
CUST05733,47,Female,53100.0,Normal,3.0,0.19,130.0,0,46-55
CUST02739,59,Male,44100.0,Normal,6.0,0.47,130.0,0,56+
CUST05053,44,Male,50400.0,Dry,2.0,0.04,,0,36-45
CUST04001,35,Female,,Normal,4.0,0.39,120.0,0,26-35
CUST02428,26,Female,79800.0,Normal,4.0,0.38,180.0,0,26-35
CUST06834,19,Female,42800.0,Oily,4.0,0.36,100.0,1,18-25
CUST01688,35,Male,62400.0,Dry,5.0,0.48,160.0,0,26-35
CUST00852,27,Male,61500.0,Dry,5.0,0.43,220.0,0,26-35
CUST06304,20,Male,71600.0,Oily,4.0,0.31,150.0,0,18-25
CUST09088,26,Female,76600.0,Normal,2.0,0.17,130.0,1,26-35
CUST05879,46,Male,26900.0,Oily,7.0,0.71,270.0,1,46-55
CUST08528,59,Female,49200.0,Dry,7.0,0.57,210.0,0,56+
CUST02840,33,Female,44300.0,Combination,3.0,0.18,120.0,1,26-35
CUST04612,54,Female,16700.0,Combination,3.0,0.21,110.0,1,46-55
CUST09541,24,Female,34200.0,Dry,2.0,0.3,100.0,0,18-25
CUST09208,45,Female,39800.0,Combination,0.0,0.03,100.0,0,36-45
CUST02490,32,Male,45500.0,Normal,6.0,0.5,250.0,0,26-35
CUST06906,40,Female,54700.0,Normal,5.0,0.45,270.0,1,36-45
CUST07391,18,Male,21700.0,Combination,5.0,0.36,160.0,1,18-25
CUST02850,43,Male,38800.0,Combination,6.0,0.47,240.0,1,36-45
CUST06666,29,Female,56800.0,,2.0,0.13,100.0,0,26-35
CUST05882,28,Female,66100.0,Combination,3.0,0.17,130.0,1,26-35
CUST04453,18,Female,37700.0,Normal,6.0,0.52,180.0,0,18-25
CUST07422,30,Male,24200.0,Oily,5.0,0.45,230.0,0,26-35
CUST06485,39,Male,33200.0,Combination,2.0,0.17,100.0,1,36-45
CUST02480,29,Female,68800.0,Combination,5.0,0.37,240.0,0,26-35
CUST06618,32,Female,47700.0,Sensitive,7.0,0.58,170.0,0,26-35
CUST02142,28,Female,33500.0,Dry,3.0,0.27,160.0,1,26-35
CUST05189,33,Female,51800.0,Oily,6.0,0.49,220.0,0,26-35
CUST09744,34,Female,38800.0,Normal,5.0,0.4,170.0,0,26-35
CUST02745,43,Female,28400.0,Dry,0.0,0.11,100.0,0,36-45
CUST07254,31,,,Combination,7.0,0.47,240.0,1,26-35
CUST03507,30,Female,37400.0,Dry,7.0,0.61,190.0,1,26-35
CUST01680,29,,20100.0,Oily,6.0,0.48,150.0,1,26-35
CUST04250,48,Female,33200.0,Combination,3.0,0.34,140.0,0,46-55
CUST03148,31,Female,52000.0,Combination,6.0,0.56,270.0,1,26-35
CUST08131,23,Female,15000.0,Normal,2.0,0.21,100.0,1,18-25
CUST07005,24,Female,80600.0,Oily,3.0,0.22,140.0,1,18-25
CUST00581,18,Female,57600.0,Sensitive,1.0,0.08,100.0,1,18-25
CUST04071,30,Male,24600.0,Combination,4.0,0.35,130.0,1,26-35
CUST03344,41,Male,28300.0,Combination,2.0,0.2,100.0,1,36-45
CUST07405,63,Male,55300.0,Normal,4.0,0.33,180.0,0,56+
CUST03673,38,Female,,Normal,3.0,0.21,190.0,0,36-45
CUST00560,22,Male,39200.0,Combination,9.0,0.75,320.0,0,18-25
CUST05238,36,Female,50400.0,Normal,5.0,0.43,240.0,0,36-45
CUST07806,41,Female,44900.0,Normal,6.0,0.58,240.0,0,36-45
CUST00513,33,Female,49300.0,Sensitive,377.0,0.41,210.0,1,26-35
CUST01082,30,Female,39200.0,Normal,8.0,0.69,190.0,1,26-35
CUST01665,45,Female,74200.0,Oily,3.0,0.28,170.0,0,36-45
CUST09205,27,Female,39900.0,Dry,6.0,0.54,140.0,0,26-35
CUST01932,28,Female,56800.0,Combination,2.0,0.23,,1,26-35
CUST09706,35,Female,36800.0,Combination,3.0,0.32,130.0,0,26-35
CUST01151,34,Female,33100.0,Normal,3.0,0.33,100.0,0,26-35
CUST02839,45,Female,69900.0,Combination,4.0,0.35,170.0,1,36-45
CUST05950,67,Female,34400.0,Combination,4.0,0.37,150.0,0,56+
CUST08309,26,Male,31600.0,Dry,2.0,0.21,,0,26-35
CUST08933,21,Male,27300.0,Sensitive,1.0,0.03,100.0,1,18-25
CUST09828,31,Female,39400.0,Oily,2.0,0.14,100.0,1,26-35
CUST05178,47,Male,33600.0,Combination,3.0,0.24,130.0,0,46-55
CUST00831,36,Female,76000.0,Dry,4.0,0.32,210.0,1,36-45
CUST08312,33,Male,34600.0,Combination,4.0,0.4,,1,26-35
CUST04753,38,Male,36600.0,Combination,3.0,0.17,120.0,1,36-45
CUST09761,43,Male,66700.0,Sensitive,1.0,0.08,100.0,0,36-45
CUST00636,29,Male,23500.0,Sensitive,3.0,0.26,24347.632523052493,1,26-35
CUST04466,38,Female,15000.0,Sensitive,2.0,0.17,100.0,0,36-45
CUST06800,49,Female,30600.0,Dry,1.0,0.12,100.0,0,46-55
CUST07988,31,Male,49800.0,Combination,5.0,0.46,150.0,0,26-35
CUST07080,36,Male,48100.0,Normal,5.0,0.53,210.0,1,36-45
CUST06967,48,Male,79000.0,Oily,6.0,0.5,260.0,0,46-55
CUST04143,35,Female,22200.0,Dry,1.0,0.0,100.0,1,26-35
CUST07028,34,Female,62900.0,Combination,4.0,0.35,,1,26-35
CUST09184,49,Female,40500.0,Sensitive,2.0,0.2,100.0,0,46-55
CUST00877,32,Female,35400.0,Dry,1.0,0.12,100.0,0,26-35
CUST04870,33,Female,57600.0,Combination,7.0,0.52,290.0,0,26-35
CUST05316,44,Male,23600.0,Dry,2.0,0.15,100.0,0,36-45
CUST05223,47,Male,43300.0,Combination,2.0,0.12,120.0,1,46-55
CUST00005,18,Female,,Combination,1.0,0.07,100.0,0,18-25
CUST03052,22,Male,25900.0,Combination,4.0,0.29,140.0,1,18-25
CUST05692,28,Male,57600.0,Combination,5.0,0.42,270.0,1,26-35
CUST03125,35,Female,,Normal,3.0,0.16,140.0,1,26-35
CUST02492,24,Female,30900.0,Sensitive,3.0,0.21,130.0,1,18-25
CUST03855,33,Female,48300.0,Combination,4.0,0.31,150.0,1,26-35
CUST04778,18,Female,35200.0,Combination,3.0,0.38,100.0,1,18-25
CUST07510,23,Male,36000.0,Sensitive,4.0,0.21,170.0,1,18-25
CUST06458,35,male,32200.0,Oily,1.0,0.06,100.0,0,26-35
CUST06294,26,Female,44000.0,Normal,6.0,0.54,190.0,0,26-35
CUST01149,43,Female,52300.0,Normal,3.0,0.25,130.0,1,36-45
CUST00575,34,Female,29500.0,Oily,2.0,0.16,100.0,1,26-35
CUST03770,40,Female,34700.0,Combination,7.0,0.58,,1,36-45
CUST04147,33,Female,25000.0,Dry,5.0,0.49,110.0,0,26-35
CUST00854,32,Male,30500.0,Normal,3.0,0.24,110.0,0,26-35
CUST05920,29,Female,26400.0,Combination,2.0,0.2,100.0,0,26-35
CUST09359,36,Female,23300.0,Combination,9.0,0.81,190.0,0,36-45
CUST06615,51,Female,52100.0,Oily,9.0,0.75,250.0,1,46-55
CUST06003,42,Male,48600.0,Dry,5.0,0.4,170.0,1,36-45
CUST09164,29,Female,24000.0,Combination,8.0,0.65,270.0,0,26-35
CUST04496,18,Female,47500.0,Dry,5.0,0.45,220.0,1,18-25
CUST08174,31,Female,18800.0,Oily,1.0,0.0,100.0,1,26-35
CUST06656,47,Male,44600.0,Oily,7.0,0.58,230.0,1,46-55
CUST02369,22,Male,24900.0,Oily,2.0,0.24,100.0,1,18-25
CUST04781,28,Female,73400.0,Combination,7.0,0.51,230.0,0,26-35
CUST07993,61,Female,73900.0,,3.0,0.24,210.0,0,56+
CUST02951,19,Male,26200.0,Sensitive,6.0,0.48,190.0,1,18-25
CUST05626,46,Male,49400.0,Sensitive,2.0,0.21,140.0,0,46-55
CUST06972,48,Male,117400.0,Combination,2.0,0.1,170.0,0,46-55
CUST08717,26,Male,68100.0,Sensitive,4.0,0.3,140.0,0,26-35
CUST01842,32,Male,61000.0,Combination,5.0,0.39,230.0,1,26-35
CUST05987,30,Female,50000.0,Sensitive,2.0,0.16,100.0,0,26-35
CUST00538,45,Female,23600.0,Combination,0.0,0.0,100.0,0,36-45
CUST02807,51,Male,45800.0,Combination,3.0,0.28,140.0,0,46-55
CUST05802,18,Male,61000.0,Sensitive,5.0,0.38,200.0,0,18-25
CUST05597,30,Male,101700.0,Normal,7.0,0.55,230.0,1,26-35
CUST07207,46,Female,5000000.0,Sensitive,8.0,0.67,190.0,1,46-55
CUST07344,33,Female,35500.0,Combination,6.0,0.5,250.0,0,26-35
CUST07561,37,Male,32300.0,Combination,7.0,0.54,280.0,1,36-45
CUST08097,30,Female,49200.0,Sensitive,5.0,0.38,180.0,1,26-35
CUST00785,32,Female,26500.0,Oily,4.0,0.32,140.0,1,26-35
CUST01410,38,Male,64800.0,Sensitive,2.0,0.14,150.0,1,36-45
CUST00155,31,Female,31900.0,Normal,2.0,0.19,100.0,1,26-35
CUST07807,18,Female,19400.0,Combination,4.0,0.32,170.0,0,18-25
CUST03010,40,Female,29200.0,Dry,7.0,0.58,230.0,1,36-45
CUST01687,26,Male,51000.0,Combination,3.0,0.27,140.0,1,26-35
CUST04015,34,Female,73100.0,Oily,6.0,0.44,160.0,1,26-35
CUST07456,36,Female,43000.0,Dry,6.0,0.46,190.0,1,36-45
CUST03864,50,Female,34100.0,Sensitive,4.0,0.39,180.0,0,46-55
CUST02734,27,Female,16700.0,Oily,1.0,0.1,100.0,1,26-35
CUST01896,26,Male,29600.0,Oily,3.0,0.2,150.0,1,26-35
CUST05443,40,Male,95500.0,Oily,4.0,0.3,190.0,0,36-45
CUST00570,34,Female,,Oily,6.0,0.57,270.0,1,26-35
CUST06710,48,Male,32200.0,Dry,3.0,0.17,130.0,1,46-55
CUST05855,23,Male,,Normal,2.0,0.12,100.0,0,18-25
CUST01817,39,Female,61800.0,Oily,2.0,0.14,130.0,1,36-45
CUST08320,38,Male,39900.0,Normal,3.0,0.32,120.0,1,36-45
CUST03395,38,Male,50600.0,Sensitive,1.0,0.11,100.0,1,36-45
CUST03328,33,Female,24400.0,Combination,7.0,0.71,270.0,1,26-35
CUST04641,49,Female,44200.0,Oily,7.0,0.62,170.0,0,46-55
CUST06103,26,Female,35300.0,Combination,6.0,0.5,190.0,1,26-35
CUST02976,35,Male,,Combination,3.0,0.33,130.0,1,26-35
CUST00981,37,Female,52700.0,Normal,5.0,0.43,,1,36-45
CUST00191,51,Male,50700.0,Sensitive,1.0,0.0,100.0,0,46-55
CUST09332,23,Male,,Oily,3.0,0.28,140.0,1,18-25
CUST05089,18,Female,43300.0,Normal,3.0,0.24,150.0,1,18-25
CUST00700,30,Female,33100.0,Sensitive,4.0,0.31,200.0,1,26-35
CUST09799,38,Male,44000.0,Normal,1.0,0.05,100.0,1,36-45
CUST00607,40,Male,,Oily,3.0,0.27,100.0,1,36-45
CUST00302,18,Female,75200.0,Combination,3.0,0.3,180.0,0,18-25
CUST03421,32,Female,,Oily,4.0,0.27,150.0,1,26-35
CUST09844,38,Male,48500.0,Dry,5.0,0.39,240.0,0,36-45
CUST01061,30,Female,51300.0,Sensitive,3.0,0.24,140.0,0,26-35
CUST03445,44,Female,48800.0,Oily,3.0,0.25,100.0,0,36-45
CUST01070,31,Male,41100.0,Combination,5.0,0.44,140.0,1,26-35
CUST02206,29,Female,49800.0,Normal,3.0,0.19,120.0,0,26-35
CUST09436,23,Female,41000.0,Combination,5.0,0.48,190.0,1,18-25
CUST07340,21,Male,48600.0,Oily,7.0,0.62,180.0,0,18-25
CUST08209,22,Female,48900.0,Oily,4.0,0.39,200.0,1,18-25
CUST07680,24,Male,42700.0,Dry,5.0,0.37,130.0,1,18-25
CUST04643,42,Male,42400.0,Combination,2.0,0.11,100.0,0,36-45
CUST07684,18,Female,50300.0,Sensitive,2.0,0.12,100.0,0,18-25
CUST09008,25,Male,57500.0,Oily,4.0,0.38,210.0,1,18-25
CUST07997,54,Female,30000.0,Normal,3.0,0.19,,0,46-55
CUST05601,51,Female,49600.0,Normal,2.0,0.15,100.0,0,46-55
CUST09152,30,Male,61000.0,Oily,4.0,0.36,190.0,1,26-35
CUST07023,25,Female,30500.0,Combination,5.0,0.38,130.0,1,18-25
CUST04894,23,Female,26600.0,Oily,7.0,0.69,170.0,0,18-25
CUST00226,35,Male,62400.0,Combination,7.0,0.61,250.0,1,26-35
CUST03355,28,Male,93700.0,Dry,5.0,0.41,210.0,1,26-35
CUST05896,30,Female,42300.0,Dry,2.0,0.16,100.0,1,26-35
CUST08755,42,Female,45100.0,Oily,2.0,0.12,100.0,0,36-45
CUST03437,25,Male,45400.0,Dry,5.0,0.4,210.0,1,18-25
CUST01694,26,Male,155500.0,Sensitive,5.0,0.31,260.0,0,26-35
CUST06894,42,Male,24900.0,Normal,3.0,0.14,130.0,0,36-45
CUST01046,23,Female,27600.0,,3.0,0.22,100.0,1,18-25
CUST03447,27,Female,64500.0,Combination,4.0,0.36,200.0,1,26-35
CUST08051,36,Male,61700.0,Normal,3.0,0.35,150.0,0,36-45
CUST09147,27,Female,41000.0,,9.0,0.75,290.0,1,26-35
CUST02250,45,Male,39500.0,Dry,8.0,0.66,180.0,0,36-45
CUST04736,32,Male,49100.0,Oily,4.0,0.42,160.0,1,26-35
CUST04497,27,Male,39300.0,Normal,4.0,0.41,190.0,0,26-35
CUST01219,19,Female,42300.0,Oily,4.0,0.38,130.0,0,18-25
CUST06016,21,Male,24100.0,Oily,4.0,0.33,120.0,1,18-25
CUST09720,33,Male,,Dry,6.0,0.59,250.0,0,26-35
CUST03988,37,Female,51100.0,Dry,2.0,0.15,100.0,0,36-45
CUST04912,38,Female,16400.0,Sensitive,8.0,0.71,190.0,1,36-45
CUST09493,18,Male,24800.0,Oily,1.0,0.05,100.0,0,18-25
CUST04494,21,Female,28800.0,Dry,4.0,0.35,110.0,0,18-25
CUST06945,33,Male,21600.0,Combination,3.0,0.23,100.0,0,26-35
CUST05700,18,Male,41100.0,Combination,6.0,0.45,220.0,0,18-25
CUST08353,41,Female,21300.0,Oily,6.0,0.51,140.0,0,36-45
CUST00957,27,Female,15400.0,Normal,5.0,0.48,200.0,0,26-35
CUST02870,38,Male,20200.0,Combination,3.0,0.24,100.0,1,36-45
CUST04434,36,Male,24800.0,Sensitive,3.0,0.23,100.0,1,36-45
CUST04974,130,Male,75900.0,Dry,5.0,0.44,170.0,1,18-25
CUST02962,32,Female,47600.0,Oily,6.0,0.54,170.0,0,26-35
CUST02201,26,Male,42300.0,Normal,5.0,0.53,170.0,1,26-35
CUST00099,36,Female,75100.0,Oily,6.0,0.5,210.0,0,36-45
CUST09889,20,Male,20400.0,Dry,5.0,0.39,210.0,1,18-25
CUST02558,41,Female,34600.0,Oily,4.0,0.31,140.0,0,36-45
CUST08446,40,Male,27200.0,Oily,1.0,0.05,100.0,1,36-45
CUST04200,36,Male,27400.0,Normal,4.0,0.4,130.0,1,36-45
CUST09638,26,Male,38000.0,Oily,6.0,0.5,240.0,1,26-35
CUST05540,19,Female,37300.0,Dry,4.0,0.38,110.0,1,18-25
CUST01649,30,Male,46500.0,Normal,2.0,0.17,100.0,0,26-35
CUST06198,38,Female,30800.0,Sensitive,5.0,0.36,220.0,0,36-45
CUST06296,18,Female,,Sensitive,5.0,0.44,170.0,0,18-25
CUST04500,26,Male,29500.0,Combination,2.0,0.25,100.0,1,26-35
CUST01155,40,Female,-10000.0,Combination,5.0,0.4,140.0,0,36-45
CUST02256,19,Female,34700.0,Oily,7.0,0.66,170.0,1,18-25
CUST03171,44,Female,29800.0,Oily,5.0,0.53,160.0,1,36-45
CUST07401,34,Male,,Normal,3.0,0.25,210.0,0,26-35
CUST07159,34,Female,31100.0,Oily,2.0,0.08,100.0,0,26-35
CUST03109,18,Female,37600.0,Oily,7.0,0.52,180.0,1,18-25
CUST04549,34,Female,35500.0,Sensitive,,0.27,200.0,1,26-35
CUST05424,32,Male,29000.0,,3.0,0.26,100.0,1,26-35
CUST02050,20,Female,39900.0,Dry,3.0,0.24,140.0,0,18-25
CUST09209,18,Female,76700.0,Dry,4.0,0.33,150.0,1,18-25
CUST08816,27,Female,62300.0,Normal,7.0,0.6,190.0,1,26-35
CUST09837,25,Female,15000.0,Combination,3.0,0.28,130.0,1,18-25
CUST00263,35,Female,134100.0,Dry,4.0,0.36,310.0,0,26-35
CUST04062,44,Male,58900.0,Sensitive,6.0,0.49,210.0,1,36-45
CUST05535,36,Female,37600.0,Combination,5.0,0.51,130.0,1,36-45
CUST06617,33,Male,61200.0,Combination,6.0,0.6,260.0,1,26-35
CUST08121,35,Female,23600.0,Combination,5.0,0.4,,0,26-35
CUST08156,21,Male,42700.0,Oily,4.0,0.39,190.0,0,18-25
CUST01803,29,Female,95500.0,Oily,3.0,0.22,230.0,1,26-35
CUST04737,23,Male,64700.0,Combination,4.0,0.27,230.0,0,18-25
CUST02386,25,Male,44400.0,Combination,2.0,0.21,100.0,1,18-25
CUST06695,27,Female,87700.0,Combination,2.0,0.29,110.0,0,26-35
CUST05760,18,Male,53300.0,Sensitive,5.0,0.4,150.0,0,18-25
CUST01960,26,Female,61500.0,Dry,6.0,0.49,230.0,1,26-35
CUST02977,23,Male,25400.0,Oily,3.0,0.22,100.0,0,18-25
CUST08681,34,Male,56800.0,Normal,7.0,0.61,220.0,0,26-35
CUST01844,18,Male,25100.0,Dry,5.0,0.44,230.0,1,18-25
CUST01735,26,Female,34200.0,Oily,1.0,0.01,100.0,1,26-35
CUST02912,53,Female,32100.0,Combination,3.0,0.29,100.0,0,46-55
CUST08339,18,Female,45000.0,Combination,2.0,0.1,100.0,0,18-25
CUST01987,34,Male,20200.0,Dry,4.0,0.31,160.0,0,26-35
CUST09562,30,Female,59400.0,Normal,5.0,0.38,190.0,0,26-35
CUST06547,32,Male,30100.0,Normal,4.0,0.33,100.0,1,26-35
CUST07099,30,Female,33800.0,Dry,3.0,0.24,120.0,0,26-35
CUST02812,28,Male,45300.0,Dry,2.0,0.12,100.0,1,26-35
CUST00660,28,Female,27700.0,Normal,3.0,0.26,160.0,1,26-35
CUST02512,51,Female,20900.0,Sensitive,4.0,0.22,100.0,0,46-55
CUST04283,41,Male,50300.0,Combination,4.0,0.38,200.0,1,36-45
CUST09340,35,Male,36100.0,Dry,1.0,0.06,100.0,0,26-35
CUST08801,40,Male,,Normal,2.0,0.08,100.0,1,36-45
CUST06288,21,Female,43400.0,Sensitive,1.0,0.05,100.0,0,18-25
CUST01931,18,Female,37000.0,Sensitive,3.0,0.2,140.0,1,18-25
CUST07126,38,Male,41700.0,Combination,4.0,0.32,140.0,1,36-45
CUST00198,28,Male,39400.0,Oily,4.0,0.43,190.0,0,26-35
CUST07778,20,Male,23000.0,Sensitive,3.0,0.27,130.0,1,18-25
CUST02932,42,Male,62700.0,Combination,6.0,0.57,170.0,0,36-45
CUST08005,34,Female,15300.0,Sensitive,1.0,0.01,100.0,1,26-35
CUST02328,48,Female,36400.0,Combination,3.0,0.23,100.0,0,46-55
CUST04390,50,Male,86500.0,Combination,2.0,0.2,150.0,0,46-55
CUST08959,30,Female,67000.0,Combination,2.0,0.15,130.0,1,26-35
CUST04219,51,Female,24700.0,Normal,4.0,0.23,160.0,0,46-55
CUST00203,33,Female,,Sensitive,8.0,0.6,320.0,1,26-35
CUST03511,38,Female,50600.0,Combination,3.0,0.24,130.0,1,36-45
CUST04932,22,Female,43800.0,Sensitive,3.0,0.22,100.0,1,18-25
CUST05536,19,Male,29700.0,Combination,6.0,0.53,260.0,1,18-25
CUST05792,32,Male,49400.0,Normal,4.0,0.24,120.0,1,26-35
CUST01708,35,Female,29200.0,Normal,3.0,0.28,120.0,1,26-35
CUST05173,27,Female,33400.0,Dry,5.0,0.35,200.0,1,26-35
CUST05250,22,Female,41600.0,Normal,5.0,0.47,180.0,1,18-25
CUST06529,46,Female,46200.0,Oily,6.0,0.46,200.0,0,46-55
CUST09888,48,Female,41500.0,Combination,3.0,0.19,150.0,0,46-55
CUST05856,29,Female,43900.0,Dry,0.0,0.04,100.0,0,26-35
CUST08165,56,Male,116100.0,Normal,5.0,0.41,260.0,0,56+
CUST00855,35,Male,26600.0,Normal,5.0,0.46,110.0,1,26-35
CUST04738,42,Male,,Sensitive,3.0,0.24,180.0,0,36-45
CUST00699,22,Male,21000.0,Oily,6.0,0.52,120.0,1,18-25
CUST03697,24,Male,35700.0,Oily,4.0,0.35,150.0,1,18-25
CUST01637,18,Female,89300.0,Normal,0.0,0.1,100.0,1,18-25
CUST07281,22,Male,56200.0,Dry,5.0,0.47,160.0,1,18-25
CUST07555,40,Male,41300.0,Normal,3.0,0.25,130.0,1,36-45
CUST03582,55,Male,75100.0,Combination,3.0,0.24,160.0,1,46-55
CUST01292,27,Male,39400.0,Oily,4.0,0.32,140.0,0,26-35
CUST06586,28,Male,73900.0,Normal,4.0,0.41,160.0,1,26-35
CUST01854,39,Female,22100.0,Normal,7.0,0.63,190.0,0,36-45
CUST05233,26,Male,33400.0,Combination,1.0,0.06,100.0,0,26-35
CUST03764,38,Female,41800.0,Combination,4.0,0.28,100.0,0,36-45
CUST03305,66,Female,26700.0,Combination,4.0,0.34,100.0,0,56+
CUST01496,20,Female,45400.0,Sensitive,5.0,0.4,160.0,0,18-25
CUST07995,26,Female,30000.0,Oily,6.0,0.52,250.0,1,26-35
CUST01999,26,Female,53800.0,Dry,4.0,0.3,120.0,0,26-35
CUST00664,28,Male,29100.0,Dry,3.0,0.2,100.0,0,26-35
CUST03749,24,Male,38500.0,Normal,1.0,0.05,100.0,0,18-25
CUST04414,24,Male,54900.0,Normal,5.0,0.36,150.0,0,18-25
CUST05531,24,Female,30700.0,Sensitive,1.0,0.17,100.0,1,18-25
CUST05576,31,Female,33800.0,Oily,3.0,0.28,140.0,1,26-35
CUST08902,18,Male,52800.0,Sensitive,3.0,0.14,100.0,0,18-25
CUST07527,27,Male,103000.0,Oily,5.0,0.44,180.0,1,26-35
CUST09475,25,Female,53000.0,Combination,4.0,0.28,140.0,0,18-25
CUST05865,25,Female,29100.0,Normal,2.0,0.03,100.0,0,18-25
CUST06777,24,Female,80500.0,Combination,4.0,0.36,200.0,0,18-25
CUST01307,21,Male,38700.0,Oily,2.0,0.22,120.0,1,18-25
CUST07393,24,Female,76900.0,Sensitive,2.0,0.13,140.0,0,18-25
CUST05593,42,Female,49000.0,Dry,5.0,0.41,220.0,1,36-45
CUST09722,23,Male,48700.0,Normal,2.0,0.23,120.0,0,18-25
CUST01664,52,Female,46100.0,Dry,3.0,0.26,,0,46-55
CUST05451,30,Female,32500.0,Oily,7.0,0.41,300.0,1,26-35
CUST09994,40,Male,36700.0,,3.0,0.19,130.0,1,36-45
CUST03628,22,Male,33600.0,Oily,7.0,0.62,210.0,0,18-25
CUST02694,28,Female,82500.0,Normal,4.0,0.36,120.0,0,26-35
CUST09790,38,Female,26400.0,Combination,2.0,0.11,100.0,0,36-45
CUST05916,35,Female,38900.0,Sensitive,4.0,0.35,120.0,0,26-35
CUST03158,29,,30600.0,Oily,3.0,0.31,130.0,1,26-35
CUST06669,31,Female,-10000.0,Oily,5.0,0.42,210.0,1,26-35
CUST01060,37,Female,30000.0,Dry,2.0,0.2,100.0,1,36-45
CUST04637,18,Female,25100.0,Normal,7.0,0.5,300.0,1,18-25
CUST03243,35,Female,59100.0,Oily,1.0,0.04,100.0,0,26-35
CUST01679,24,Male,29300.0,Oily,6.0,0.44,200.0,1,18-25
CUST06893,18,Female,72500.0,Oily,6.0,0.46,330.0,0,18-25
CUST06375,25,Female,54300.0,Combination,5.0,0.39,200.0,0,18-25
CUST07575,32,Female,,Oily,3.0,0.31,130.0,1,26-35
CUST01758,57,Female,117700.0,Sensitive,7.0,0.52,350.0,0,56+
CUST06020,30,Female,20500.0,Dry,1.0,0.05,100.0,0,26-35
CUST05117,41,Female,58100.0,Normal,4.0,0.28,130.0,1,36-45
CUST08756,27,Female,49400.0,Normal,2.0,0.19,100.0,1,26-35
CUST07409,18,Female,94300.0,Normal,5.0,0.33,260.0,0,18-25
CUST02791,48,Female,35500.0,Combination,5.0,0.44,200.0,1,46-55
CUST00864,33,Male,35300.0,Combination,5.0,0.41,150.0,1,26-35
CUST07859,29,Female,61600.0,Combination,6.0,0.57,270.0,1,26-35
CUST01485,41,Female,39100.0,Oily,4.0,0.42,170.0,1,36-45
CUST07036,19,Male,53500.0,Oily,4.0,0.36,150.0,0,18-25
CUST07722,34,Female,19000.0,Normal,0.0,0.0,100.0,0,26-35
CUST05978,26,Female,38200.0,Oily,3.0,0.24,100.0,0,26-35
CUST05135,26,Female,17300.0,Sensitive,5.0,0.52,110.0,0,26-35
CUST00207,23,Female,53000.0,Dry,1.0,0.0,100.0,0,18-25
CUST04489,37,Male,15000.0,Dry,2.0,0.15,100.0,0,36-45
CUST06939,30,Female,33400.0,Oily,3.0,0.24,150.0,1,26-35
CUST09063,37,Female,30800.0,Dry,3.0,0.27,110.0,1,36-45
CUST06911,39,Male,22000.0,Oily,3.0,0.34,130.0,1,36-45
CUST00503,24,Female,38200.0,Combination,2.0,0.16,100.0,1,18-25
CUST07386,30,Female,24500.0,Oily,7.0,0.52,290.0,0,26-35
CUST01029,32,Female,36800.0,Combination,6.0,0.49,130.0,1,26-35
CUST03841,18,Female,16300.0,Normal,3.0,0.3,130.0,0,18-25
CUST08111,31,Male,49600.0,Combination,4.0,0.36,130.0,0,26-35
CUST05057,29,Male,41600.0,Combination,,0.41,180.0,1,26-35
CUST09763,30,Female,51100.0,Oily,3.0,0.22,,1,26-35
CUST08155,36,Male,40300.0,Oily,5.0,0.44,130.0,1,36-45
CUST02732,18,Male,60900.0,Combination,2.0,0.12,110.0,1,18-25
CUST08997,18,Male,23400.0,Combination,3.0,0.34,100.0,1,18-25
CUST02455,27,Female,33800.0,Combination,4.0,0.32,170.0,1,26-35
CUST07216,18,Female,37000.0,Oily,4.0,0.32,100.0,1,18-25
CUST03105,31,Male,49500.0,Dry,3.0,0.27,100.0,0,26-35
CUST08393,30,Female,30800.0,Sensitive,4.0,0.37,150.0,0,26-35
CUST06279,43,Female,36900.0,Sensitive,7.0,0.57,160.0,0,36-45
CUST03100,39,Female,39100.0,Dry,6.0,0.53,240.0,0,36-45
CUST06185,43,Female,31400.0,Oily,6.0,0.39,250.0,0,36-45
CUST03562,33,Male,34700.0,Combination,7.0,0.48,230.0,1,26-35
CUST05893,54,Male,51200.0,Oily,4.0,0.34,170.0,0,46-55
CUST00392,33,Male,35200.0,Normal,6.0,0.59,160.0,1,26-35
CUST06737,52,Male,34900.0,Oily,8.0,0.67,330.0,0,46-55
CUST05619,32,Male,43900.0,Combination,4.0,0.33,130.0,1,26-35
CUST05259,18,Male,68800.0,Oily,4.0,0.33,200.0,1,18-25
CUST09688,18,Male,40200.0,Normal,2.0,0.2,120.0,0,18-25
CUST02696,42,Male,41500.0,Combination,9.0,0.76,200.0,1,36-45
CUST02028,18,Female,26900.0,Oily,2.0,0.21,100.0,0,18-25
CUST05464,30,Female,32300.0,Dry,3.0,0.24,100.0,0,26-35
CUST02569,18,Female,41200.0,Oily,1.0,0.12,100.0,0,18-25
CUST08007,33,,23500.0,Combination,3.0,0.2,140.0,1,26-35
CUST00065,40,Male,30300.0,Dry,1.0,0.02,100.0,0,36-45
CUST02063,35,Male,19100.0,Normal,8.0,0.57,340.0,1,26-35
CUST05277,33,Female,37000.0,Combination,5.0,0.42,180.0,1,26-35
CUST07209,24,Male,15300.0,Sensitive,3.0,0.25,110.0,1,18-25
CUST08685,57,Female,93000.0,Dry,4.0,0.27,150.0,0,56+
CUST08572,37,Female,15500.0,Normal,4.0,0.36,100.0,1,36-45
CUST06332,34,Male,56100.0,,1.0,0.16,100.0,0,26-35
CUST04860,30,,50700.0,Oily,2.0,0.04,110.0,1,26-35
CUST04888,50,Female,32700.0,Combination,3.0,0.2,130.0,0,46-55
CUST09269,20,Male,17700.0,Sensitive,6.0,0.49,120.0,0,18-25
CUST00879,31,Female,60500.0,Oily,4.0,0.35,140.0,1,26-35
CUST08530,38,Female,45700.0,Dry,2.0,0.24,,0,36-45
CUST07917,25,Male,29300.0,Combination,1.0,0.01,100.0,0,18-25
CUST06864,33,Female,37400.0,Combination,3.0,0.16,100.0,1,26-35
CUST07893,28,Female,63900.0,Combination,4.0,0.35,210.0,0,26-35
CUST06440,48,Female,50400.0,Normal,3.0,0.26,100.0,1,46-55
CUST07870,31,Female,30800.0,Normal,5.0,0.35,150.0,1,26-35
CUST01017,33,Female,64500.0,Combination,,0.25,150.0,1,26-35
CUST09468,18,Male,54200.0,Oily,2.0,0.1,110.0,1,18-25
CUST07630,29,Female,38100.0,Dry,6.0,0.5,280.0,0,26-35
CUST00996,36,Male,76500.0,Dry,5.0,0.39,,0,36-45
CUST04298,25,Female,85500.0,Oily,3.0,0.22,190.0,0,18-25
CUST00162,24,Female,91800.0,Normal,4.0,0.41,270.0,0,18-25
CUST05676,26,Female,55700.0,Normal,3.0,0.18,160.0,1,26-35
CUST06874,31,Female,26200.0,Combination,2.0,0.12,100.0,0,26-35
CUST09693,39,Male,18100.0,Dry,3.0,0.18,110.0,0,36-45
CUST07990,28,Male,46000.0,Dry,,0.63,130.0,0,26-35
CUST03844,52,Female,40800.0,Combination,7.0,0.57,250.0,1,46-55
CUST01022,35,,29700.0,Dry,3.0,0.35,130.0,1,26-35
CUST03074,40,Female,24600.0,Oily,6.0,0.54,230.0,1,36-45
CUST07556,34,Female,,Dry,6.0,0.4,170.0,1,26-35
CUST03944,40,Male,,Sensitive,2.0,0.2,100.0,0,36-45
CUST01586,18,Female,66400.0,Combination,4.0,0.4,230.0,0,18-25
CUST03153,37,Female,35600.0,Normal,4.0,0.44,140.0,0,36-45
CUST08227,38,Female,69100.0,Dry,1.0,0.11,100.0,0,36-45
CUST00776,34,Male,25800.0,Normal,,0.0,100.0,0,26-35
CUST09671,20,Female,38100.0,Sensitive,4.0,0.37,160.0,0,18-25
CUST07100,36,Male,86500.0,Combination,5.0,0.47,280.0,1,36-45
CUST05487,53,Male,29100.0,Sensitive,5.0,0.52,210.0,1,46-55
CUST06236,29,Female,27800.0,Combination,0.0,0.04,100.0,1,26-35
CUST09556,38,Female,51500.0,Dry,1.0,0.07,100.0,1,36-45
CUST07042,45,Male,66900.0,Sensitive,6.0,0.5,240.0,0,36-45
CUST02613,25,Female,54900.0,Oily,1.0,0.15,100.0,1,18-25
CUST07514,34,Male,34500.0,Normal,6.0,0.51,190.0,0,26-35
CUST08434,30,Male,29500.0,Combination,2.0,0.14,110.0,0,26-35
CUST08793,43,Female,71500.0,Combination,1.0,0.27,130.0,0,36-45
CUST05394,23,Male,62100.0,Dry,4.0,0.33,200.0,1,18-25
CUST08839,18,Male,43900.0,Combination,4.0,0.3,120.0,0,18-25
CUST03891,19,Male,44700.0,Normal,3.0,0.28,120.0,0,18-25
CUST03557,30,Female,23100.0,Combination,1.0,0.1,100.0,1,26-35
CUST01529,18,Female,15100.0,Oily,1.0,0.09,100.0,0,18-25
CUST01268,39,Female,19400.0,Combination,3.0,0.33,100.0,1,36-45
CUST07735,49,Female,65200.0,Combination,,0.15,110.0,0,46-55
CUST01900,20,Male,60000.0,Oily,5.0,0.5,160.0,1,18-25
CUST04659,25,Female,38300.0,Combination,5.0,0.47,,1,18-25
CUST03006,27,Female,34700.0,Combination,2.0,0.1,100.0,0,26-35
CUST02735,32,Female,29400.0,Dry,4.0,0.36,140.0,0,26-35
CUST00190,50,Female,38200.0,Combination,3.0,0.17,100.0,0,46-55
CUST09999,44,Male,55900.0,,6.0,0.54,190.0,1,36-45
CUST09168,28,Male,61800.0,Combination,3.0,0.31,,0,26-35
CUST02748,27,Female,79300.0,Sensitive,2.0,0.21,140.0,1,26-35
CUST02048,37,Male,33200.0,Normal,0.0,0.0,100.0,0,36-45
CUST07850,38,Male,29400.0,Combination,7.0,0.52,290.0,1,36-45
CUST02559,48,Female,31300.0,Oily,5.0,0.29,170.0,0,46-55
CUST09275,29,Female,22200.0,Normal,9.0,0.7,370.0,0,26-35
CUST08667,29,Male,33700.0,Dry,6.0,0.58,270.0,1,26-35
CUST06397,45,Female,48900.0,Normal,3.0,0.26,,1,36-45
CUST03386,37,Male,38800.0,Normal,4.0,0.26,140.0,0,36-45
CUST04556,50,Female,24100.0,Oily,5.0,0.32,,1,46-55
CUST01185,32,Male,34900.0,Oily,3.0,0.25,120.0,1,26-35
CUST06421,32,Female,15000.0,Oily,3.0,0.2,100.0,1,26-35
CUST05052,34,Female,,Normal,4.0,0.41,100.0,1,26-35
CUST05312,21,Female,88900.0,Oily,3.0,0.31,170.0,1,18-25
CUST02434,33,Male,45100.0,Sensitive,2.0,0.07,100.0,0,26-35
CUST06950,40,Female,39000.0,Normal,3.0,0.31,100.0,0,36-45
CUST00770,50,Male,15000.0,Dry,1.0,0.02,100.0,0,46-55
CUST01686,39,Female,27900.0,Normal,4.0,0.28,160.0,1,36-45
CUST08323,18,Male,-10000.0,,5.0,0.5,210.0,1,18-25
CUST05579,23,Female,43900.0,Combination,4.0,0.36,,1,18-25
CUST04427,34,Male,60900.0,Oily,2.0,0.18,100.0,1,26-35
CUST00467,29,Male,24700.0,Sensitive,1.0,0.04,100.0,1,26-35
CUST06266,19,Female,28800.0,Normal,3.0,0.3,100.0,0,18-25
CUST05735,28,Female,149600.0,Oily,4.0,0.34,240.0,0,26-35
CUST05192,38,Female,40200.0,Combination,5.0,0.42,130.0,1,36-45
CUST05391,50,Female,37300.0,Normal,4.0,0.29,170.0,1,46-55
CUST00861,21,Female,36500.0,Normal,12.0,1.08,380.0,1,18-25
CUST07271,38,Female,100500.0,Dry,2.0,0.19,140.0,0,36-45
