Id,sex,age_group,status,tenure,total,region,income,purchased,quantity
7363,Female,18-25,Inactive,74.0,2860.0,South,49100.0,1,8
2185,Female,36-45,Inactive,98.0,3050.0,North,62600.0,1,6
6157,Female,26-35,Active,65.0,770.0,West,30600.0,1,6
6163,Male,36-45,New,16.0,260.0,South,17600.0,1,3
4599,Male,36-45,Active,2.0,40.0,South,50300.0,1,1
7591,Male,36-45,Active,27.0,650.0,North,24800.0,0,3
8819,Female,36-45,Active,36.0,800.0,South,46400.0,1,4
762,Male,36-45,Inactive,26.0,1730.0,,85400.0,0,4
6799,Female,26-35,New,39.0,2210.0,South,72900.0,1,1
8172,Female,36-45,Active,46.0,730.0,North,35600.0,1,5
8970,Female,18-25,Active,33.0,,East,54000.0,1,5
9035,Female,56+,Active,21.0,,North,56500.0,1,3
6786,Female,36-45,Active,50.0,1410.0,South,30300.0,1,4
1661,Male,46-55,Active,103.0,2660.0,North,39200.0,1,7
2886,Male,46-55,Active,12.0,280.0,South,55900.0,0,0
2890,Male,26-35,Active,10.0,160.0,East,30000.0,1,2
1471,Female,26-35,Active,84.0,4500.0,North,56000.0,0,7
5690,Female,56+,Inactive,18.0,300.0,East,38900.0,0,2
9900,Female,26-35,Active,76.0,2180.0,West,29100.0,0,6
1088,Female,36-45,Active,66.0,2110.0,East,37700.0,1,7
2958,Male,26-35,New,108.0,5120.0,West,63500.0,1,10
705,Male,18-25,Active,93.0,2700.0,West,31600.0,1,11
3529,Female,36-45,Active,104.0,5140.0,South,60900.0,1,12
6139,Male,18-25,Active,92.0,4360.0,East,56200.0,1,12
5771,Female,56+,Active,2.0,40.0,North,20900.0,0,1
1796,Male,36-45,New,33.0,930.0,West,38700.0,0,1
3657,Male,56+,Active,21.0,570.0,West,36600.0,0,5
4454,Female,36-45,New,92.0,1230.0,East,17800.0,1,6
3081,Male,26-35,Active,51.0,1570.0,South,52200.0,1,5
1898,Male,26-35,Inactive,109.0,2230.0,East,51400.0,1,5
7147,Male,46-55,Inactive,104.0,7990.0,North,88000.0,1,7
6034,Male,26-35,Active,110.0,1450.0,South,21900.0,1,9
9750,Male,36-45,Inactive,65.0,3470.0,East,58000.0,0,7
2139,Female,46-55,Active,5.0,430.0,North,90700.0,1,2
3102,Male,18-25,Active,98.0,1320.0,South,15800.0,1,10
577,Female,46-55,Active,45.0,310.0,North,,0,6
4013,Female,46-55,Inactive,8.0,490.0,South,136500.0,0,1
7857,Male,36-45,Active,41.0,840.0,North,33000.0,1,4
81,Female,26-35,Active,72.0,2040.0,East,,1,7
714,Female,18-25,Active,33.0,1340.0,North,54200.0,1,2
9441,Female,18-25,Active,39.0,2070.0,North,65300.0,0,3
4767,Female,18-25,Active,43.0,,West,37100.0,0,2
1685,Male,46-55,New,73.0,2660.0,,51500.0,1,4
4915,Male,18-25,Active,9.0,280.0,North,64700.0,1,5
5304,Male,26-35,New,60.0,700.0,North,28700.0,0,6
5769,Male,26-35,Inactive,87.0,1470.0,West,22300.0,0,6
6974,Female,18-25,Active,19.0,690.0,North,,0,3
1191,Male,26-35,Inactive,90.0,1980.0,North,37000.0,0,7
5212,Male,26-35,Inactive,9.0,160.0,East,28200.0,0,0
9629,Female,26-35,Active,65.0,1710.0,South,63200.0,1,4
5937,Male,46-55,Active,53.0,1400.0,North,27700.0,0,4
7612,Female,36-45,New,26.0,610.0,West,41600.0,0,2
9623,Female,46-55,Active,76.0,2700.0,West,36600.0,1,3
3280,Male,36-45,New,90.0,1680.0,North,39500.0,0,4
36,Male,56+,Active,6.0,60.0,North,22100.0,0,2
8608,Female,36-45,Active,46.0,1030.0,West,45100.0,1,5
1218,Female,26-35,Active,34.0,1950.0,South,59700.0,1,2
6433,Male,46-55,Active,71.0,2020.0,,64600.0,1,3
4437,Female,18-25,Active,114.0,1910.0,North,44300.0,1,13
4933,Female,46-55,New,80.0,2330.0,North,29300.0,1,7
322,Female,36-45,Inactive,43.0,1860.0,West,68100.0,1,3
2363,Female,18-25,New,99.0,1120.0,East,24800.0,1,3
252,Female,56+,Inactive,23.0,170.0,South,15000.0,0,0
9472,Male,46-55,New,59.0,1900.0,East,45400.0,0,7
1027,Female,18-25,Active,49.0,2090.0,South,44200.0,1,5
5706,Male,18-25,Inactive,74.0,3050.0,West,52400.0,1,9
6551,Female,26-35,Active,42.0,1470.0,South,46400.0,1,5
4077,Female,26-35,Active,57.0,2360.0,East,51900.0,1,5
6960,Female,18-25,Inactive,87.0,1280.0,North,32100.0,1,5
6890,Female,46-55,Active,95.0,7860.0,East,105500.0,0,7
108,Male,56+,Active,93.0,2120.0,East,49600.0,0,10
4672,Male,18-25,Inactive,98.0,2280.0,West,27100.0,0,4
1209,Male,46-55,Active,50.0,1130.0,South,56800.0,0,4
9376,Male,26-35,Active,30.0,2080.0,North,128700.0,1,3
4075,Male,26-35,New,61.0,2690.0,East,70200.0,1,5
3777,Female,26-35,New,28.0,700.0,,52000.0,0,3
4994,Male,26-35,New,92.0,2070.0,West,40900.0,0,5
1200,Female,18-25,Active,112.0,2800.0,East,47500.0,1,3
1670,Female,36-45,Active,94.0,2160.0,South,23500.0,1,4
8124,Male,18-25,Active,17.0,440.0,North,39800.0,1,1
7323,Male,56+,Active,106.0,3310.0,West,34300.0,0,9
8817,Female,36-45,Active,100.0,3320.0,South,35700.0,0,3
417,Male,26-35,Inactive,83.0,1480.0,North,19500.0,1,6
5712,Female,26-35,New,108.0,1500.0,North,35400.0,1,10
8075,Female,26-35,Active,42.0,1840.0,North,58900.0,0,4
4327,Male,26-35,New,65.0,2760.0,West,46100.0,1,3
8472,Female,46-55,Active,48.0,420.0,South,22500.0,1,4
3144,Male,36-45,Active,15.0,390.0,East,58900.0,1,1
260,Female,46-55,Inactive,86.0,5160.0,North,70900.0,0,5
4827,Male,46-55,New,59.0,2560.0,West,56000.0,0,3
8475,Male,36-45,Active,84.0,3340.0,,46400.0,1,5
40,Female,36-45,Active,62.0,690.0,South,24700.0,1,4
2927,Female,36-45,New,23.0,230.0,South,18400.0,0,3
669,Male,18-25,Active,19.0,750.0,East,54400.0,0,2
1517,Male,56+,Active,100.0,1680.0,South,31300.0,0,8
6498,Female,46-55,Inactive,14.0,120.0,North,17100.0,0,1
4824,Female,46-55,New,8.0,290.0,North,68700.0,1,1
9375,Female,26-35,Active,85.0,1610.0,South,27400.0,0,10
5341,Male,18-25,Active,65.0,580.0,West,22000.0,0,1
6453,Female,18-25,New,42.0,4360.0,,106700.0,1,2
3245,Male,26-35,Active,40.0,1930.0,North,80600.0,1,5
3858,Male,26-35,Active,31.0,1240.0,North,93600.0,1,4
9530,Male,36-45,Active,39.0,1200.0,East,51200.0,0,2
6327,Female,36-45,New,8.0,190.0,South,43800.0,1,1
6903,Female,36-45,New,7.0,160.0,West,60300.0,1,1
3919,Female,26-35,Active,56.0,2100.0,South,45400.0,1,3
8068,Male,26-35,Inactive,6.0,120.0,West,36000.0,0,2
6118,Male,56+,Active,0.0,0.0,West,71900.0,0,3
7961,Male,26-35,New,108.0,,West,34100.0,1,12
1331,Female,36-45,Active,20.0,280.0,East,16000.0,0,2
8482,Male,26-35,Active,112.0,1430.0,South,29100.0,0,5
5283,Female,56+,New,69.0,2110.0,North,47500.0,0,4
389,Male,18-25,Active,0.0,0.0,North,27200.0,0,1
6033,Male,18-25,Active,90.0,3000.0,West,44300.0,1,5
9091,Female,46-55,Inactive,58.0,3240.0,South,90500.0,1,5
7792,Female,18-25,Active,85.0,1250.0,West,22100.0,1,9
3929,Male,36-45,Inactive,103.0,5870.0,North,100200.0,1,5
2808,Female,56+,Inactive,20.0,460.0,North,,0,0
2376,Male,18-25,Active,,1060.0,South,24400.0,1,7
5682,Male,26-35,New,87.0,1730.0,South,27900.0,1,6
6030,Male,26-35,New,11.0,520.0,North,59600.0,1,2
6674,Male,26-35,Active,115.0,7560.0,West,111900.0,1,9
3353,Male,36-45,New,104.0,2260.0,West,30000.0,0,12
4289,Female,26-35,Inactive,29.0,960.0,,71300.0,0,4
8356,Female,18-25,Active,27.0,640.0,South,33500.0,1,5
3126,Male,18-25,New,70.0,1470.0,,39600.0,0,3
4837,Male,36-45,New,44.0,3090.0,North,70700.0,1,5
2026,Male,36-45,New,8.0,100.0,West,19500.0,0,0
4885,Female,46-55,Inactive,91.0,2380.0,East,43300.0,1,5
5530,Female,26-35,New,40.0,1670.0,North,50300.0,1,6
2271,Female,46-55,New,83.0,2220.0,North,48400.0,0,6
304,Female,36-45,Inactive,25.0,1000.0,South,47400.0,1,3
4152,Female,26-35,New,31.0,660.0,East,29700.0,1,1
7140,Male,18-25,Active,89.0,2040.0,South,31200.0,0,7
9465,Female,18-25,Active,98.0,5590.0,West,75600.0,1,6
3182,Male,56+,New,101.0,1860.0,West,30200.0,0,3
5289,Male,46-55,New,8.0,460.0,North,70600.0,0,1
4696,Female,36-45,New,69.0,2530.0,North,43000.0,0,4
2341,Male,26-35,New,18.0,360.0,East,45600.0,0,3
2749,Female,26-35,Active,119.0,2570.0,West,54900.0,1,8
8518,Male,56+,Inactive,101.0,1930.0,North,29500.0,0,6
5269,Female,18-25,Active,89.0,2680.0,West,71200.0,1,4
3017,Female,36-45,New,2.0,100.0,North,91400.0,0,3
2499,Female,26-35,Active,2.0,60.0,North,51700.0,1,2
2767,Male,18-25,Inactive,4.0,110.0,West,30200.0,0,0
8194,Female,26-35,Active,30.0,480.0,South,39900.0,0,3
8315,Male,18-25,Inactive,60.0,1760.0,West,46000.0,0,5
6782,Male,46-55,Active,36.0,930.0,North,39900.0,1,5
3689,Female,26-35,Inactive,90.0,1100.0,North,20200.0,0,8
2246,Male,36-45,Active,0.0,0.0,East,41800.0,1,0
9826,Male,36-45,New,53.0,1650.0,South,35700.0,0,1
6838,Female,26-35,Inactive,34.0,1080.0,West,71300.0,0,3
1738,Male,46-55,New,25.0,340.0,North,20500.0,0,3
7960,Female,36-45,New,93.0,1330.0,East,33100.0,0,12
9023,Female,36-45,Active,102.0,1030.0,South,22300.0,1,6
1146,Male,36-45,New,15.0,500.0,South,41300.0,1,2
3411,Female,46-55,Inactive,106.0,7390.0,East,77600.0,0,11
2907,Female,46-55,Active,46.0,770.0,South,36700.0,1,5
3155,Male,46-55,Active,73.0,840.0,West,,1,3
8250,Male,26-35,New,82.0,890.0,South,17400.0,1,9
6608,Male,26-35,Active,120.0,5100.0,West,44100.0,1,13
8721,Female,56+,Active,7.0,200.0,East,37400.0,0,2
4682,Male,46-55,Inactive,61.0,1880.0,North,53200.0,0,2
8147,Male,46-55,Active,95.0,2940.0,North,34700.0,1,10
7441,Female,18-25,Active,114.0,,South,15000.0,1,3
9739,Female,26-35,Active,18.0,480.0,West,29900.0,1,3
4772,Male,36-45,New,32.0,1650.0,North,61800.0,0,3
959,Female,26-35,Active,21.0,700.0,North,45500.0,1,1
2628,Male,26-35,Active,69.0,1840.0,West,38200.0,1,11
4023,Male,36-45,Active,41.0,2050.0,West,58000.0,1,3
8848,Female,46-55,Inactive,98.0,3430.0,East,46300.0,0,3
1091,Male,36-45,Inactive,111.0,6280.0,South,57500.0,1,6
4935,Female,46-55,Inactive,105.0,3790.0,South,64800.0,1,9
451,Male,26-35,Inactive,85.0,1900.0,East,32200.0,1,472
312,Male,26-35,Active,70.0,900.0,South,15000.0,1,4
4240,Female,18-25,Active,91.0,1780.0,West,27900.0,1,12
8116,Female,18-25,New,62.0,1180.0,,22100.0,0,4
4181,Female,26-35,Inactive,40.0,1650.0,North,67800.0,0,6
97,Male,18-25,Inactive,61.0,2570.0,South,73500.0,1,7
3020,Male,18-25,Active,58.0,,East,50100.0,0,6
9806,Female,36-45,Active,11.0,100.0,East,20000.0,0,2
766,Male,26-35,Inactive,107.0,1980.0,North,26400.0,1,10
120,Female,26-35,New,37.0,1810.0,North,82400.0,1,4
511,Male,36-45,New,55.0,1700.0,East,54700.0,0,1
9831,Female,36-45,New,26.0,340.0,South,25700.0,1,5
1938,Female,56+,New,47.0,1070.0,West,30100.0,0,4
34,Male,18-25,Active,29.0,1740.0,East,72800.0,1,2
7991,Female,18-25,Active,9.0,170.0,North,22300.0,0,2
8144,Male,18-25,New,61.0,,North,60300.0,1,2
3845,Female,36-45,New,20.0,980.0,West,53800.0,1,2
7282,Male,56+,Active,48.0,1120.0,East,36600.0,0,3
7029,Female,36-45,Active,57.0,1080.0,South,22500.0,1,7
9546,Male,46-55,Active,53.0,810.0,East,26400.0,0,6
5805,Female,36-45,Active,17.0,240.0,East,19300.0,1,5
9225,Male,26-35,Active,82.0,1930.0,North,48100.0,1,6
6687,Female,56+,Active,65.0,1530.0,South,25000.0,1,4
966,Female,18-25,Active,32.0,860.0,South,42200.0,1,2
9940,Female,26-35,New,23.0,350.0,West,19800.0,1,1
2115,Male,36-45,Active,39.0,1160.0,West,47300.0,1,2
2928,Female,18-25,Active,25.0,260.0,South,27200.0,0,2
1513,Female,36-45,Inactive,1.0,30.0,South,33800.0,1,0
1609,Male,18-25,Active,110.0,6540.0,West,75100.0,1,10
32,Female,36-45,Active,73.0,2680.0,West,43500.0,1,6
5724,Female,36-45,Active,54.0,1400.0,South,31000.0,1,13
1618,Female,18-25,Active,115.0,4360.0,North,43200.0,1,6
30,Female,36-45,Active,70.0,2300.0,North,43300.0,1,6
8600,Male,26-35,Active,0.0,0.0,East,39900.0,1,2
9588,Female,26-35,Active,88.0,930.0,South,27200.0,1,1
6804,Male,36-45,Active,77.0,1800.0,South,33400.0,0,5
8789,Male,56+,Active,0.0,0.0,North,41700.0,1,1
6988,Male,26-35,Active,82.0,5470.0,South,70300.0,1,7
107,Male,26-35,Active,80.0,2480.0,East,33100.0,1,10
1384,Female,36-45,New,99.0,2240.0,South,27500.0,0,9
8604,Female,36-45,New,119.0,4360.0,East,38000.0,1,12
3498,Female,26-35,Active,75.0,2330.0,East,63600.0,0,6
4979,Female,46-55,Active,15.0,750.0,East,58000.0,0,3
5876,Female,36-45,Active,55.0,1780.0,East,42600.0,1,9
6735,Male,26-35,Active,60.0,2100.0,North,67200.0,0,4
622,Female,26-35,Active,37.0,1230.0,West,46300.0,1,3
5815,Female,18-25,Active,19.0,280.0,South,21100.0,0,3
2587,Male,18-25,Inactive,90.0,3390.0,South,42500.0,1,6
4798,Female,18-25,Active,108.0,1810.0,North,33100.0,0,6
5422,Female,18-25,Active,17.0,460.0,East,28400.0,0,3
6776,Male,46-55,New,116.0,6600.0,West,76200.0,1,11
5595,Female,36-45,New,12.0,460.0,North,64500.0,1,3
1340,Male,18-25,Active,70.0,1160.0,East,18900.0,0,6
3596,Female,26-35,New,20.0,750.0,North,42000.0,1,3
294,Male,26-35,New,,1940.0,South,26200.0,1,7
2329,Female,26-35,Active,43.0,1420.0,South,77600.0,1,0
9868,Female,18-25,New,81.0,2680.0,North,69400.0,0,6
7462,Female,26-35,New,20.0,610.0,West,45600.0,0,3
9535,Female,56+,Inactive,12.0,170.0,East,23900.0,0,0
6947,Female,46-55,Active,67.0,2340.0,North,52400.0,1,10
1514,Female,18-25,Active,17.0,220.0,South,29800.0,1,1
374,Male,26-35,Active,2.0,100.0,South,62400.0,1,1
4681,Female,46-55,Active,118.0,5110.0,West,74300.0,1,11
9873,Female,46-55,Active,106.0,1530.0,East,19300.0,0,9
1795,Female,36-45,Active,14.0,380.0,West,35300.0,0,2
5073,Female,18-25,New,81.0,4340.0,West,56100.0,1,8
1255,Male,26-35,Active,84.0,1870.0,West,42800.0,0,5
2849,Female,18-25,Inactive,19.0,360.0,West,21000.0,0,1
6026,Female,56+,Active,35.0,1590.0,North,45500.0,0,5
3371,Female,18-25,New,29.0,1780.0,North,,0,0
5697,Male,56+,Inactive,98.0,5780.0,South,116400.0,1,9
2305,Male,36-45,Active,101.0,1790.0,South,43900.0,1,9
4061,Female,18-25,New,39.0,2870.0,West,83800.0,0,2
4603,Female,36-45,Active,10.0,190.0,West,20100.0,1,2
8573,Female,26-35,Active,65.0,3840.0,West,64000.0,1,9
3530,Female,36-45,Active,109.0,,North,16500.0,1,10
7825,Female,36-45,Inactive,109.0,2060.0,North,31200.0,0,9
8391,Female,18-25,Inactive,12.0,260.0,South,30500.0,0,1
1627,Male,18-25,Active,7.0,240.0,North,71200.0,0,0
3061,Female,26-35,Active,1.0,10.0,West,29900.0,1,1
2466,Female,46-55,Active,66.0,4240.0,,69700.0,0,10
9051,Male,26-35,New,56.0,3570.0,South,78900.0,1,5
3132,Female,46-55,Active,118.0,1680.0,North,24400.0,1,11
1483,Female,18-25,Active,23.0,,East,48100.0,1,3
5141,Female,36-45,Active,90.0,3710.0,West,,1,4
8805,Female,26-35,New,102.0,4770.0,South,80900.0,0,7
8557,Female,36-45,Active,500.0,20.0,East,39800.0,1,2
2649,Female,18-25,New,1.0,30.0,South,33200.0,0,3
3527,Male,36-45,Inactive,2.0,30.0,North,33800.0,0,1
8508,Male,26-35,Active,31.0,1400.0,West,46200.0,1,2
971,Male,36-45,Inactive,91.0,4300.0,West,52400.0,1,8
2046,Male,36-45,New,92.0,4930.0,South,59000.0,0,5
8994,Male,46-55,Active,12.0,330.0,North,35000.0,0,1
796,Male,36-45,Active,5.0,250.0,North,,1,0
1693,Male,18-25,Inactive,119.0,1830.0,South,31400.0,1,13
1348,Male,18-25,Inactive,4.0,,West,,0,4
1447,Female,46-55,New,99.0,2000.0,North,,1,12
3033,Male,18-25,New,83.0,3510.0,East,74200.0,0,6
3654,Male,26-35,Active,9.0,570.0,West,71400.0,1,4
6477,Female,46-55,Active,58.0,1220.0,North,45000.0,1,3
501,Female,26-35,Inactive,83.0,1120.0,West,25300.0,1,6
5122,Male,36-45,Inactive,24.0,760.0,,31800.0,1,2
3913,Female,46-55,Active,29.0,1840.0,West,64100.0,0,3
6456,Female,36-45,New,104.0,3590.0,South,37500.0,1,9
7713,Male,56+,Inactive,35.0,850.0,South,,0,2
3961,Male,56+,New,80.0,2130.0,North,39300.0,0,9
7874,Male,36-45,Active,88.0,1050.0,West,18800.0,1,12
3756,Male,46-55,Inactive,117.0,2280.0,North,25700.0,0,11
2983,Male,36-45,Active,114.0,4970.0,East,51200.0,1,11
9580,Male,26-35,Active,69.0,1140.0,South,36900.0,0,3
305,Female,46-55,Active,10.0,130.0,North,20600.0,0,2
7355,Female,36-45,Active,79.0,1380.0,North,27100.0,1,5
2974,Female,46-55,New,44.0,1920.0,North,54000.0,1,5
6329,Male,18-25,Active,110.0,4160.0,East,71200.0,1,9
1651,Male,26-35,Active,24.0,480.0,South,36200.0,1,3
4395,Male,36-45,Active,63.0,3780.0,South,69700.0,1,3
6806,Female,46-55,New,,710.0,East,35000.0,1,4
674,Female,36-45,New,103.0,2030.0,North,38500.0,1,8
93,Male,18-25,Active,48.0,690.0,South,18300.0,1,4
6933,Female,26-35,Inactive,81.0,990.0,North,21300.0,0,2
8936,Female,36-45,Active,114.0,,South,37100.0,1,10
1607,Female,36-45,Active,51.0,2490.0,North,56500.0,1,6
7021,Female,36-45,Active,10.0,160.0,West,27500.0,0,0
7678,Female,36-45,Inactive,0.0,0.0,North,42600.0,1,1
4793,Male,46-55,Inactive,29.0,750.0,,31700.0,0,3
6136,Male,36-45,Active,17.0,550.0,West,43800.0,0,1
3796,Female,36-45,Active,56.0,2380.0,East,43500.0,1,4
7534,Male,26-35,New,19.0,330.0,North,42200.0,1,1
1176,Female,26-35,Inactive,45.0,3050.0,East,108800.0,1,3
9853,Male,26-35,Active,52.0,2600.0,East,53800.0,1,4
4412,Male,18-25,Active,27.0,1190.0,North,51700.0,0,2
347,Female,36-45,Active,35.0,1880.0,West,72200.0,1,4
3707,Male,18-25,New,48.0,880.0,North,30600.0,1,6
2692,Male,36-45,Active,17.0,430.0,East,32600.0,0,1
5518,Male,36-45,Inactive,80.0,3290.0,East,64200.0,1,5
656,Male,26-35,Active,64.0,2350.0,West,50300.0,0,7
7797,Male,56+,Inactive,,160.0,North,55700.0,0,3
2699,Male,46-55,New,117.0,3000.0,East,43700.0,1,9
1570,Female,36-45,Inactive,46.0,1640.0,East,54200.0,1,4
3575,Male,36-45,New,118.0,2550.0,,43300.0,1,12
4569,Female,26-35,New,43.0,3050.0,East,74400.0,1,5
3209,Male,36-45,Inactive,30.0,1010.0,South,53200.0,0,0
6204,Male,36-45,New,99.0,3260.0,North,36500.0,0,8
569,Male,26-35,Active,94.0,5690.0,West,64100.0,1,3
8317,Female,18-25,Active,28.0,630.0,South,36000.0,1,7
3541,Female,18-25,Inactive,36.0,1290.0,West,68400.0,0,3
1370,Male,46-55,Inactive,41.0,580.0,East,19100.0,0,7
5559,Female,18-25,New,99.0,2980.0,,35500.0,1,8
5642,Female,26-35,Active,71.0,7110.0,North,105800.0,1,6
89,Male,18-25,Active,92.0,1770.0,East,31900.0,1,5
8618,Female,36-45,New,107.0,4420.0,South,45200.0,1,9
1966,Male,18-25,New,77.0,2660.0,North,50600.0,1,7
3838,Male,26-35,Active,55.0,3620.0,South,76600.0,1,6
7343,Female,26-35,Active,71.0,890.0,North,25300.0,0,4
2620,Female,56+,Active,108.0,2700.0,South,32400.0,0,5
2253,Male,46-55,Active,83.0,1510.0,North,28600.0,1,4
7411,Female,36-45,Active,38.0,,West,25000.0,0,3
8695,Female,26-35,Inactive,101.0,3000.0,West,77900.0,0,4
7552,Female,18-25,Active,30.0,880.0,East,58400.0,1,7
9196,Male,26-35,Inactive,500.0,720.0,North,63600.0,0,4
3985,Male,56+,Active,97.0,1560.0,,35900.0,0,7
8884,Male,36-45,Inactive,111.0,2250.0,South,34400.0,1,15
1361,Female,46-55,New,80.0,,East,83800.0,0,5
9037,Female,26-35,Inactive,105.0,3850.0,South,48800.0,1,9
6462,Female,46-55,Active,21.0,220.0,West,27500.0,0,0
1703,Male,18-25,Active,19.0,220.0,West,15400.0,1,2
6256,Female,18-25,New,40.0,1300.0,West,42900.0,0,7
6356,Female,26-35,Active,65.0,1820.0,East,43300.0,1,7
6272,Male,56+,Active,22.0,910.0,East,,0,5
8612,Female,36-45,Active,89.0,910.0,East,19700.0,1,9
3773,Female,36-45,Active,27.0,180.0,North,17100.0,1,2
8401,Female,36-45,Active,78.0,2640.0,North,36500.0,0,6
7077,Male,18-25,Inactive,52.0,1570.0,South,30400.0,1,8
5387,Male,26-35,Active,54.0,980.0,South,22400.0,1,7
109,Male,46-55,Active,64.0,2050.0,West,38900.0,1,4
851,Male,26-35,Active,77.0,2940.0,East,57200.0,1,4
9305,Male,56+,New,96.0,6980.0,South,81600.0,0,8
8279,Female,18-25,Inactive,92.0,2600.0,South,47900.0,0,5
2076,Female,56+,Active,18.0,630.0,West,59000.0,1,3
2148,Female,46-55,New,47.0,2520.0,South,92400.0,1,7
5866,Male,18-25,Inactive,35.0,1310.0,North,39200.0,1,0
8092,Male,36-45,Active,24.0,1530.0,West,66500.0,0,3
4985,Male,46-55,Inactive,87.0,2180.0,East,62100.0,0,10
4690,Female,46-55,Active,0.0,0.0,West,39900.0,0,0
4149,Male,36-45,New,8.0,780.0,North,174800.0,1,0
5488,Male,36-45,New,111.0,2820.0,West,39600.0,1,10
6631,Female,18-25,New,15.0,1250.0,South,136200.0,0,1
4610,Female,56+,New,54.0,3100.0,North,71400.0,0,3
719,Female,18-25,Inactive,91.0,1770.0,South,31100.0,1,2
4133,Male,46-55,Inactive,21.0,360.0,North,26900.0,0,3
9641,Female,26-35,Active,32.0,350.0,West,21700.0,1,0
4658,Male,26-35,Active,81.0,3050.0,East,42100.0,1,9
6734,Female,26-35,Active,70.0,710.0,East,15000.0,1,6
8757,Male,26-35,Inactive,43.0,790.0,South,19600.0,0,5
3602,Male,18-25,Active,38.0,290.0,North,19500.0,1,2
3502,Female,26-35,Active,110.0,2270.0,West,46000.0,1,13
9259,Male,56+,Inactive,57.0,500.0,South,22700.0,0,4
7443,Female,36-45,New,26.0,1370.0,East,55600.0,0,2
8372,Female,26-35,Active,75.0,3000.0,East,49400.0,1,2
8096,Female,18-25,Active,74.0,1690.0,North,34500.0,0,4
8935,Female,46-55,Inactive,85.0,1610.0,North,41500.0,0,5
5236,Female,46-55,Active,40.0,660.0,West,31200.0,1,1
6621,Female,36-45,Active,115.0,720.0,North,16500.0,1,9
8834,Female,36-45,New,28.0,1830.0,North,83000.0,0,3
9243,Male,36-45,New,93.0,3190.0,West,37400.0,0,7
4943,Female,36-45,Active,102.0,2110.0,North,53900.0,1,6
7477,Female,36-45,New,41.0,510.0,North,28400.0,0,2
5228,Male,36-45,Active,31.0,810.0,West,41800.0,1,3
2456,Female,46-55,Inactive,3.0,250.0,South,110500.0,1,3
7067,Female,26-35,Active,13.0,240.0,West,32000.0,1,0
1544,Male,46-55,New,110.0,7400.0,South,71100.0,0,5
4636,Male,36-45,New,,210.0,South,21600.0,1,4
2733,Female,26-35,New,51.0,790.0,East,27700.0,0,5
4424,Male,56+,Active,-5.0,1230.0,West,17600.0,0,3
5197,Male,56+,Active,27.0,540.0,North,42700.0,0,3
4048,Male,56+,New,96.0,4830.0,East,70500.0,0,5
7008,Male,26-35,Active,88.0,2230.0,,,1,3
4000,Male,26-35,Active,64.0,2260.0,North,37600.0,1,2
8296,Male,56+,Inactive,107.0,7040.0,West,99300.0,0,5
1524,Female,18-25,Inactive,,2750.0,South,29900.0,0,4
2311,Female,46-55,Active,118.0,2030.0,South,20100.0,1,14
361,Female,46-55,New,106.0,1720.0,East,34600.0,0,6
2612,Female,18-25,New,77.0,1330.0,North,44500.0,0,6
9610,Male,18-25,New,96.0,3270.0,South,44100.0,1,10
2021,Female,26-35,New,7.0,80.0,North,26200.0,1,2
7904,Female,18-25,Inactive,61.0,3750.0,North,104700.0,1,8
102,Female,46-55,Inactive,69.0,,North,34200.0,0,3
6276,Female,18-25,Inactive,59.0,2510.0,South,,1,3
4973,Male,26-35,Inactive,79.0,1270.0,South,23100.0,0,6
1077,Female,18-25,Active,101.0,2390.0,West,32300.0,1,5
2821,Male,18-25,Active,92.0,7170.0,,114800.0,1,6
8297,Female,26-35,New,86.0,3510.0,North,61500.0,0,5
8734,Female,56+,Active,97.0,5830.0,North,60900.0,1,5
1480,Female,46-55,New,41.0,,North,36800.0,0,8
2997,Female,46-55,New,6.0,290.0,North,89000.0,1,4
3945,Male,18-25,Active,31.0,630.0,North,38100.0,1,1
9283,Female,36-45,Active,94.0,2860.0,West,,1,11
591,Female,18-25,Active,66.0,1900.0,West,41000.0,1,2
7260,Male,36-45,Inactive,10.0,230.0,West,34000.0,1,1
2914,Female,56+,Inactive,115.0,2430.0,West,34700.0,1,7
7509,Female,46-55,Active,116.0,2740.0,North,28400.0,1,9
4956,Male,26-35,Active,39.0,770.0,South,28600.0,1,5
3335,Male,26-35,Active,38.0,860.0,West,,1,3
5993,Female,18-25,Active,3.0,,West,65500.0,1,2
519,Male,36-45,Inactive,57.0,1000.0,West,34600.0,0,4
440,Female,26-35,New,40.0,1270.0,East,32200.0,0,3
8112,Male,56+,Active,97.0,1810.0,North,41800.0,0,7
765,Female,36-45,New,112.0,3300.0,North,41800.0,1,5
488,Male,18-25,New,94.0,3800.0,West,69500.0,1,6
6171,Female,46-55,Active,44.0,900.0,East,47800.0,0,1
9408,Male,18-25,Active,37.0,550.0,East,27500.0,1,3
8361,Male,36-45,Active,3.0,130.0,West,51100.0,0,2
7488,Male,26-35,Active,115.0,5110.0,North,63300.0,0,11
3800,Male,36-45,Active,63.0,1840.0,North,59400.0,1,6
5339,Female,46-55,Inactive,100.0,3520.0,West,50000.0,0,6
7293,Female,56+,Active,97.0,3720.0,West,66800.0,0,7
8635,Male,46-55,Active,32.0,,South,26800.0,0,4
3383,Female,26-35,Active,56.0,1890.0,East,47000.0,1,5
3291,Male,46-55,Active,51.0,870.0,South,29700.0,0,4
4484,Male,26-35,Active,40.0,1170.0,West,38400.0,0,4
1510,Female,26-35,Inactive,2.0,40.0,West,37700.0,0,2
6467,Male,36-45,Active,42.0,750.0,South,21400.0,1,4
9138,Female,46-55,Inactive,31.0,660.0,South,43700.0,0,2
6310,Female,56+,Active,9.0,330.0,North,60800.0,0,2
2871,Female,46-55,Inactive,75.0,590.0,West,15000.0,0,5
5664,Male,36-45,Inactive,116.0,2860.0,South,36000.0,1,9
8927,Female,56+,Active,49.0,1120.0,North,38200.0,0,7
1632,Female,26-35,New,98.0,2010.0,East,21200.0,1,10
5442,Female,56+,New,35.0,1350.0,South,61400.0,0,0
4958,Male,26-35,Active,14.0,420.0,East,34100.0,0,1
3149,Female,26-35,Active,70.0,1270.0,South,,1,7
4705,Male,18-25,Inactive,75.0,1450.0,North,35900.0,0,7
9785,Female,18-25,Active,30.0,1960.0,West,65600.0,1,4
2961,Female,18-25,Active,93.0,,North,63300.0,1,4
8857,Female,36-45,Active,110.0,2500.0,West,31300.0,1,8
6052,Female,26-35,Active,43.0,1120.0,East,27900.0,1,0
2875,Male,26-35,Active,30.0,1120.0,West,69500.0,1,7
2070,Female,36-45,New,86.0,1670.0,East,33400.0,1,10
1617,Male,26-35,New,86.0,1350.0,East,33200.0,1,8
15,Male,56+,New,32.0,890.0,East,27900.0,1,2
7332,Female,26-35,Active,83.0,3280.0,East,88900.0,1,5
1156,Male,18-25,New,32.0,660.0,,22400.0,1,0
1248,Male,26-35,Active,42.0,2620.0,North,63400.0,0,3
3266,Male,26-35,New,10.0,140.0,North,35800.0,1,2
2030,Female,26-35,Active,67.0,1940.0,West,72400.0,1,8
2211,Female,46-55,New,78.0,910.0,West,,0,6
8932,Male,36-45,Inactive,32.0,1960.0,South,87100.0,0,5
2125,Male,56+,Active,44.0,700.0,East,26700.0,1,5
1459,Female,46-55,Active,113.0,5010.0,North,48300.0,1,10
1072,Female,18-25,New,9.0,210.0,South,49800.0,0,0
1579,Female,36-45,Active,64.0,2300.0,North,38200.0,1,4
1714,Female,26-35,Active,64.0,3570.0,West,56700.0,1,6
334,Female,18-25,Active,2.0,70.0,West,46100.0,0,0
1079,Female,26-35,Active,68.0,2100.0,North,31100.0,1,9
6860,Male,46-55,Active,14.0,410.0,South,34300.0,1,0
933,Male,36-45,Inactive,116.0,3230.0,West,57600.0,0,5
5380,Female,46-55,New,82.0,570.0,North,18600.0,1,6
7283,Male,56+,Active,22.0,520.0,South,44200.0,1,2
8589,Female,18-25,Active,21.0,790.0,East,54200.0,1,3
264,Male,26-35,Inactive,36.0,770.0,South,28400.0,1,5
1964,Male,26-35,New,87.0,2650.0,West,47100.0,1,9
8398,Female,26-35,Inactive,73.0,2810.0,South,69100.0,1,7
5814,Female,56+,Active,27.0,2250.0,South,89600.0,1,7
9198,Male,36-45,Active,14.0,230.0,East,31400.0,0,4
583,Male,26-35,New,14.0,480.0,South,72600.0,0,2
7403,Male,26-35,Active,101.0,4270.0,South,57800.0,1,5
1122,Male,36-45,Active,28.0,460.0,West,24400.0,1,4
7094,Female,18-25,New,65.0,2840.0,West,64200.0,1,5
484,Male,36-45,Active,1.0,30.0,East,41300.0,1,2
1576,Male,18-25,Active,103.0,1750.0,South,30700.0,1,5
2964,Female,46-55,New,35.0,880.0,South,32500.0,1,4
8676,Female,18-25,Inactive,11.0,390.0,South,38000.0,1,2
6381,Female,56+,Active,42.0,1730.0,West,50600.0,0,2
5314,Female,36-45,New,99.0,2420.0,East,34300.0,1,8
6339,Male,26-35,Active,98.0,,South,51700.0,1,7
3694,Female,18-25,New,54.0,810.0,South,22600.0,1,2
9627,Male,36-45,Active,98.0,3070.0,North,42200.0,1,9
6965,Male,36-45,Active,103.0,3390.0,,61400.0,1,7
368,Female,26-35,New,116.0,1680.0,East,18800.0,1,12
625,Female,26-35,Active,17.0,300.0,North,,1,1
8447,Male,26-35,New,107.0,3640.0,North,36800.0,1,5
9199,Male,36-45,Active,19.0,810.0,West,49900.0,0,2
9404,Female,36-45,Inactive,116.0,880.0,North,18900.0,0,4
4030,Female,36-45,Active,20.0,840.0,West,71700.0,1,3
533,Male,26-35,Active,53.0,1060.0,,31300.0,1,2
5174,Male,46-55,Inactive,72.0,1110.0,South,27400.0,1,4
3429,Female,18-25,Active,14.0,250.0,,30700.0,1,3
6693,Female,36-45,Active,19.0,200.0,South,21000.0,1,1
9867,Male,46-55,Active,48.0,990.0,East,43700.0,0,2
4377,Female,26-35,New,5.0,170.0,North,47800.0,0,2
7318,Female,18-25,Inactive,83.0,2290.0,South,53200.0,0,6
8637,Male,46-55,Inactive,116.0,6530.0,,59800.0,0,10
8785,Female,26-35,Active,63.0,1400.0,East,36400.0,1,3
8017,Female,46-55,Active,8.0,290.0,North,41700.0,0,0
9432,Male,46-55,Active,62.0,,West,47600.0,0,5
7051,Female,26-35,Active,9.0,190.0,West,23700.0,0,1
3124,Female,56+,Active,100.0,1270.0,East,25300.0,0,7
961,Female,18-25,Active,1.0,60.0,North,80600.0,0,4
1311,Male,26-35,Inactive,90.0,3420.0,East,40400.0,1,3
8015,Male,18-25,Inactive,85.0,1210.0,South,22500.0,0,6
3338,Female,46-55,New,93.0,3270.0,East,36600.0,1,5
3058,Male,36-45,Active,21.0,440.0,North,30200.0,1,2
77,Male,36-45,New,28.0,550.0,North,20000.0,0,6
9451,Female,46-55,Inactive,63.0,1330.0,West,25100.0,1,9
5447,Female,26-35,Inactive,90.0,1080.0,West,24200.0,1,6
5707,Female,36-45,New,5.0,130.0,North,40800.0,1,1
6348,Female,46-55,New,107.0,3790.0,East,36600.0,1,11
5830,Female,18-25,Active,94.0,3340.0,East,61600.0,1,8
7873,Male,26-35,Active,84.0,1650.0,East,35600.0,1,5
9802,Female,36-45,New,54.0,2330.0,South,48500.0,1,9
6868,Male,36-45,Active,43.0,1110.0,North,61100.0,1,4
8271,Female,18-25,Active,69.0,2670.0,North,65300.0,0,5
7498,Female,46-55,Active,67.0,5450.0,North,129900.0,1,7
4,Female,18-25,New,50.0,1220.0,East,62400.0,0,2
9762,Male,36-45,New,89.0,2430.0,South,67700.0,1,10
2168,Male,56+,Inactive,13.0,370.0,West,39300.0,0,2
291,Female,26-35,Inactive,14.0,160.0,East,27700.0,1,4
9218,Female,36-45,New,10.0,260.0,West,60300.0,0,1
9297,Male,26-35,Active,92.0,2720.0,North,32300.0,1,5
9683,Female,36-45,Active,6.0,120.0,North,30000.0,1,0
1124,Male,18-25,Active,86.0,1250.0,South,21600.0,1,5
1278,Male,18-25,Active,,850.0,South,59100.0,1,3
4618,Female,36-45,Active,105.0,1360.0,West,22500.0,1,8
5130,Female,26-35,Active,113.0,1850.0,South,26800.0,0,3
6216,Male,36-45,New,36.0,720.0,South,34500.0,1,4
1254,Female,18-25,Active,14.0,,North,39900.0,1,3
136,Male,18-25,New,101.0,2740.0,South,52500.0,0,10
6932,Female,18-25,Active,88.0,1480.0,South,17000.0,0,4
6217,Female,36-45,Active,119.0,2150.0,West,35900.0,0,9
3315,Male,18-25,Inactive,83.0,2080.0,East,54100.0,0,4
8908,Female,18-25,Active,30.0,,,88300.0,1,4
3054,Female,26-35,Inactive,44.0,750.0,West,18600.0,1,5
3185,Male,36-45,Active,77.0,,North,57400.0,1,6
5913,Female,26-35,Active,70.0,5800.0,West,102700.0,1,7
4818,Female,56+,Active,49.0,1280.0,North,60400.0,0,3
8177,Female,18-25,Active,118.0,2320.0,North,28100.0,1,8
9453,Female,36-45,Active,84.0,720.0,South,20700.0,1,10
2933,Female,26-35,Active,2.0,,North,33200.0,1,0
2128,Male,36-45,Active,3.0,140.0,West,50400.0,0,2
4345,Female,26-35,New,92.0,3670.0,South,44600.0,1,9
5158,Female,26-35,New,18.0,460.0,North,56000.0,0,1
1489,Female,26-35,New,85.0,1450.0,East,31000.0,1,4
9252,Male,26-35,Active,56.0,910.0,East,38500.0,1,6
5653,Female,46-55,Active,8.0,200.0,South,30300.0,1,7
331,Female,26-35,New,65.0,1650.0,North,32900.0,1,7
4268,Female,46-55,Active,10.0,290.0,East,31600.0,0,2
8378,Female,26-35,New,82.0,2020.0,East,36500.0,1,4
1414,Female,36-45,Active,48.0,,North,96900.0,1,7
9913,Female,26-35,New,72.0,1460.0,West,23500.0,0,7
6521,Female,46-55,Active,58.0,2100.0,West,52300.0,0,6
1499,Male,36-45,Active,28.0,750.0,South,27900.0,1,0
8184,Male,46-55,Inactive,83.0,3590.0,South,54700.0,0,3
7212,Female,46-55,Active,63.0,2440.0,South,57600.0,1,2
2615,Male,18-25,Active,113.0,2390.0,South,46400.0,1,7
6189,Female,56+,Active,50.0,410.0,,18500.0,1,5
624,Female,36-45,Active,92.0,4160.0,,82000.0,1,9
6487,Male,36-45,Active,12.0,120.0,North,24500.0,0,1
3318,Male,26-35,Active,1.0,30.0,North,38300.0,1,1
1598,Male,26-35,Active,70.0,590.0,West,17300.0,1,3
7133,Male,56+,Active,100.0,1920.0,West,30200.0,0,9
1189,Male,26-35,Active,115.0,2310.0,West,41600.0,1,9
6583,Female,18-25,New,16.0,400.0,North,42800.0,1,0
3884,Female,26-35,Active,87.0,2430.0,North,46000.0,0,9
7224,Male,26-35,Active,41.0,820.0,,26000.0,1,4
2336,Female,26-35,Active,22.0,380.0,North,19800.0,1,1
8872,Female,18-25,Active,63.0,930.0,East,34800.0,1,8
3699,Male,26-35,Active,16.0,520.0,North,45900.0,0,0
1394,Male,26-35,New,118.0,5220.0,South,68800.0,1,11
6759,Male,26-35,Active,60.0,1950.0,East,53400.0,1,7
3236,Male,18-25,New,70.0,2200.0,East,69900.0,1,2
4630,Male,26-35,New,58.0,1420.0,East,53900.0,1,7
4177,Female,36-45,New,88.0,1120.0,North,17600.0,0,8
2408,Male,18-25,Active,93.0,3990.0,East,47500.0,1,5
4554,Female,46-55,New,57.0,2870.0,West,99900.0,1,4
8048,Female,36-45,New,75.0,2000.0,West,30800.0,0,6
4249,Male,18-25,Active,19.0,350.0,West,26800.0,0,1
3283,Male,56+,Active,108.0,1150.0,West,25900.0,1,8
4794,Female,46-55,Inactive,86.0,2010.0,South,37400.0,1,3
7538,Female,18-25,Active,25.0,880.0,North,,1,2
6101,Female,36-45,New,104.0,1750.0,North,21900.0,1,11
4783,Female,36-45,Active,42.0,560.0,West,20900.0,1,7
3060,Male,36-45,Inactive,117.0,6490.0,South,86800.0,1,9
5716,Male,26-35,New,105.0,2090.0,South,31700.0,0,8
7445,Male,46-55,New,39.0,930.0,West,43000.0,0,3
6791,Male,36-45,Active,19.0,470.0,West,44600.0,0,2
3482,Female,18-25,Inactive,23.0,270.0,West,,1,1
3799,Male,18-25,New,46.0,470.0,North,,1,1
5435,Female,18-25,Active,62.0,1370.0,South,37400.0,1,8
145,Female,26-35,New,115.0,3540.0,South,41700.0,0,5
9587,Male,18-25,Active,104.0,1430.0,West,26200.0,0,6
2192,Female,18-25,New,89.0,,West,59800.0,0,6
1069,Male,26-35,New,64.0,2830.0,West,45900.0,1,8
9736,Female,36-45,Active,100.0,2620.0,West,28700.0,1,8
3488,Female,18-25,Active,82.0,1430.0,North,28400.0,1,7
2575,Female,36-45,Active,98.0,3150.0,South,42300.0,1,10
2359,Female,56+,Active,55.0,1000.0,North,35600.0,1,4
9048,Male,26-35,Active,105.0,2270.0,East,42200.0,1,12
1958,Male,18-25,Active,60.0,750.0,East,19200.0,0,6
7136,Female,56+,Inactive,2.0,50.0,South,37900.0,1,1
2685,Male,18-25,Active,94.0,1090.0,South,29300.0,1,10
2565,Female,26-35,Active,29.0,550.0,South,42800.0,1,1
4895,Female,26-35,Active,78.0,2830.0,West,49200.0,1,3
5523,Male,26-35,Active,112.0,5810.0,East,52300.0,0,4
1057,Female,18-25,Inactive,18.0,310.0,South,19400.0,0,0
9197,Female,18-25,Active,,80.0,South,50400.0,0,0
9902,Male,26-35,Active,75.0,2630.0,South,40200.0,0,4
7289,Female,26-35,Inactive,4.0,,West,68600.0,0,1
7382,Male,26-35,Inactive,56.0,550.0,North,15000.0,1,4
4780,Female,18-25,Active,9.0,210.0,East,29400.0,1,4
6387,Male,18-25,Active,86.0,4240.0,West,50200.0,1,10
5658,Female,46-55,Active,52.0,1350.0,West,43500.0,1,3
3486,Female,46-55,Active,31.0,720.0,North,42500.0,0,2
1733,Female,56+,Inactive,47.0,830.0,North,19800.0,0,8
1085,Female,26-35,Active,112.0,2740.0,East,60400.0,1,9
9309,Male,36-45,Active,58.0,2690.0,South,,1,4
8020,Female,36-45,Active,50.0,1250.0,South,53500.0,1,0
8188,Male,36-45,New,53.0,1690.0,West,33500.0,1,6
1,Female,36-45,Active,10.0,140.0,North,30300.0,1,2
7507,Female,36-45,Active,39.0,1430.0,West,40600.0,1,3
544,Female,46-55,Active,102.0,2140.0,South,24500.0,1,10
350,Male,46-55,New,49.0,2080.0,South,61700.0,1,4
648,Female,46-55,Active,9.0,320.0,South,49400.0,0,1
2073,Male,26-35,Active,4.0,140.0,South,45600.0,1,1
5655,Male,18-25,Active,120.0,2160.0,South,39900.0,1,6
3299,Female,26-35,Active,42.0,1020.0,West,,1,5
458,Female,18-25,Active,48.0,1120.0,North,32900.0,0,4
5643,Female,26-35,New,31.0,860.0,North,73500.0,1,2
8719,Female,18-25,Active,107.0,800.0,South,15000.0,1,8
3622,Male,36-45,New,26.0,1340.0,West,62500.0,1,3
1148,Female,18-25,Active,41.0,1160.0,West,39800.0,0,3
7164,Female,18-25,Active,31.0,550.0,South,39300.0,0,0
795,Male,18-25,New,44.0,1950.0,East,57900.0,0,3
132,Female,18-25,Active,0.0,0.0,West,26700.0,0,0
1108,Male,26-35,Active,51.0,520.0,South,15500.0,1,5
9964,Female,56+,New,98.0,2830.0,West,41500.0,1,7
4399,Male,18-25,Active,73.0,2880.0,West,67900.0,0,4
5585,Female,46-55,Active,40.0,870.0,South,32600.0,0,0
5437,Female,26-35,New,61.0,3440.0,East,56700.0,1,6
2068,Female,56+,Inactive,117.0,,East,31700.0,0,4
3906,Female,56+,New,8.0,370.0,South,76000.0,0,0
8244,Male,26-35,Active,22.0,800.0,North,49800.0,0,2
5825,Male,26-35,New,47.0,780.0,South,24500.0,0,7
4522,Male,26-35,Active,61.0,1970.0,South,39600.0,0,4
7261,Female,36-45,Active,101.0,2870.0,,40500.0,1,15
593,Male,36-45,Active,104.0,1580.0,South,25600.0,1,8
3273,Female,46-55,Inactive,6.0,210.0,South,52800.0,0,2
7353,Female,36-45,New,107.0,,North,39400.0,1,7
9793,Male,56+,Active,40.0,860.0,West,30300.0,0,5
5717,Female,18-25,Active,20.0,620.0,South,48700.0,1,5
6038,Male,26-35,Active,53.0,940.0,West,34000.0,0,2
7986,Male,26-35,Inactive,73.0,1740.0,South,31600.0,1,4
3034,Male,18-25,New,54.0,540.0,South,18200.0,0,5
3398,Male,26-35,Active,28.0,230.0,East,20900.0,1,1
7744,Female,46-55,Inactive,64.0,1930.0,West,46300.0,0,3
1624,Male,36-45,Inactive,67.0,3900.0,West,68600.0,0,4
9224,Female,36-45,Inactive,62.0,1480.0,East,32100.0,0,6
9729,Female,18-25,Active,,980.0,West,37400.0,1,4
1673,Female,26-35,New,88.0,2600.0,North,56200.0,0,13
1112,Male,26-35,Active,74.0,2240.0,West,37500.0,1,7
8148,Male,46-55,Active,78.0,1050.0,South,30100.0,1,7
3128,Male,36-45,Active,46.0,590.0,South,28200.0,0,4
9919,Male,18-25,Active,58.0,890.0,North,21400.0,1,8
266,Male,26-35,Inactive,34.0,1780.0,West,61400.0,0,7
9984,Female,26-35,Active,71.0,1070.0,West,24800.0,1,6
8656,Male,36-45,New,26.0,660.0,East,27200.0,0,3
7540,Male,46-55,New,13.0,590.0,South,53700.0,1,1
9663,Male,26-35,New,41.0,930.0,South,38200.0,1,2
1433,Male,36-45,New,83.0,1670.0,East,45800.0,1,7
8848,Female,46-55,Inactive,98.0,3430.0,East,46300.0,0,3
6399,Female,36-45,Active,66.0,2800.0,South,61300.0,1,4
7956,Female,26-35,Active,76.0,4660.0,West,66000.0,1,7
6364,Male,26-35,Active,20.0,680.0,South,59200.0,1,3
317,Male,26-35,Inactive,29.0,270.0,East,23500.0,0,2
7682,Female,26-35,New,120.0,3140.0,North,50000.0,0,10
1150,Female,36-45,New,39.0,1210.0,North,37100.0,0,6
7737,Female,18-25,Active,93.0,1310.0,North,32900.0,1,11
6181,Male,56+,Active,16.0,470.0,North,31400.0,0,0
7366,Male,18-25,Active,67.0,3400.0,West,101800.0,0,5
8948,Female,18-25,Active,66.0,1800.0,East,49600.0,0,5
1502,Female,26-35,Active,24.0,320.0,South,23800.0,1,2
2393,Male,46-55,Active,112.0,1510.0,South,24900.0,1,4
4693,Female,36-45,New,54.0,1520.0,North,28500.0,1,7
1794,Female,18-25,Inactive,27.0,,East,15700.0,1,5
104,Female,46-55,Inactive,100.0,6060.0,West,60800.0,1,8
8943,Male,26-35,New,119.0,2820.0,North,32100.0,1,8
9064,Female,56+,New,37.0,1380.0,South,60400.0,0,4
4760,Female,26-35,Active,9.0,100.0,North,24100.0,0,2
6581,Female,46-55,Inactive,89.0,3580.0,West,64400.0,1,7
736,Female,26-35,Active,90.0,1650.0,East,39500.0,1,11
994,Male,18-25,Inactive,39.0,1510.0,North,52600.0,0,3
8741,Male,46-55,Active,113.0,3480.0,West,59100.0,1,5
2996,Female,26-35,Active,96.0,2240.0,East,27600.0,0,10
8212,Female,46-55,New,101.0,2830.0,West,,1,9
4609,Male,36-45,Active,52.0,1620.0,South,45000.0,1,4
6333,Female,56+,Active,3.0,60.0,South,,1,0
6386,Female,26-35,Inactive,23.0,800.0,West,35700.0,0,3
2486,Male,36-45,New,9.0,450.0,South,59900.0,1,0
9653,Male,36-45,Inactive,2.0,30.0,South,32000.0,0,0
2120,Male,26-35,Active,101.0,2130.0,West,37600.0,1,5
9824,Male,46-55,Inactive,28.0,620.0,North,30600.0,0,4
5218,Male,46-55,Active,55.0,750.0,North,23400.0,0,5
8204,Female,18-25,New,15.0,150.0,East,18400.0,1,2
734,Male,56+,Inactive,69.0,2220.0,North,59500.0,1,4
7031,Male,36-45,Active,35.0,1440.0,North,48600.0,1,1
4255,Female,46-55,Active,33.0,1380.0,North,106700.0,1,2
9,Male,18-25,Active,46.0,960.0,East,,0,3
3768,Male,26-35,Active,26.0,630.0,West,27800.0,1,4
1748,Female,18-25,Active,45.0,610.0,North,24500.0,1,4
4986,Male,46-55,Active,95.0,7200.0,West,83700.0,1,5
4076,Male,26-35,Active,29.0,590.0,South,28000.0,1,4
2216,Male,18-25,Active,5.0,270.0,East,61700.0,0,4
568,Male,46-55,Active,6.0,200.0,East,,0,0
8960,Female,26-35,Active,28.0,640.0,South,28400.0,1,3
6709,Female,36-45,Inactive,41.0,2120.0,North,58800.0,1,5
8538,Female,46-55,Inactive,12.0,340.0,North,,1,1
9594,Female,26-35,Inactive,68.0,1330.0,South,22200.0,0,5
4190,Female,46-55,New,52.0,2430.0,South,80200.0,0,6
2345,Female,46-55,New,114.0,1770.0,South,16800.0,0,18
8856,Male,26-35,Active,67.0,1730.0,West,30400.0,1,4
7673,Female,26-35,Active,70.0,1690.0,West,36800.0,0,1
8142,Male,26-35,Active,63.0,1300.0,West,36000.0,0,5
8811,Female,36-45,New,28.0,750.0,North,65500.0,0,3
4511,Female,56+,Active,118.0,1420.0,West,28000.0,1,4
7765,Female,18-25,Active,64.0,2280.0,West,52600.0,0,2
1184,Male,46-55,New,42.0,1150.0,South,48900.0,0,3
7721,Male,36-45,Active,25.0,270.0,South,18400.0,1,1
3816,Male,56+,New,112.0,4280.0,West,74100.0,1,4
7586,Male,56+,Active,118.0,2410.0,West,39300.0,0,9
6600,Male,36-45,Active,27.0,280.0,North,26200.0,1,2
9620,Female,36-45,New,3.0,50.0,South,24400.0,1,1
2868,Female,36-45,Active,4.0,,East,26700.0,0,2
2863,Male,26-35,Inactive,108.0,3270.0,North,36900.0,1,5
2179,Male,26-35,New,87.0,1560.0,North,30900.0,1,7
6830,Female,36-45,Active,112.0,,West,51100.0,1,5
5607,Male,26-35,Active,76.0,710.0,West,15000.0,1,4
4784,Female,46-55,Active,66.0,2150.0,North,,1,6
9076,Male,18-25,Active,114.0,6260.0,North,55200.0,1,10
8095,Male,26-35,Active,67.0,1310.0,South,51400.0,0,3
37,Male,46-55,Active,76.0,2410.0,South,35300.0,0,7
4305,Male,56+,New,110.0,,North,33800.0,1,8
2674,Female,36-45,Active,26.0,340.0,West,32500.0,1,4
9529,Female,36-45,Inactive,21.0,530.0,West,54900.0,1,5
7790,Male,18-25,Active,82.0,1550.0,East,22900.0,1,9
972,Male,46-55,Active,37.0,1280.0,West,48700.0,1,6
1619,Female,26-35,Active,5.0,50.0,East,19800.0,1,2
5711,Female,56+,Inactive,14.0,480.0,South,56000.0,0,0
5458,Female,26-35,New,44.0,630.0,North,37000.0,1,3
2146,Female,18-25,Active,8.0,460.0,South,,1,3
578,Female,26-35,Active,24.0,670.0,North,39900.0,0,2
1834,Male,26-35,Active,40.0,1440.0,North,53700.0,1,4
6897,Female,46-55,Active,111.0,1980.0,North,28800.0,0,9
1881,Female,36-45,Active,86.0,3140.0,North,49100.0,1,4
2479,Male,56+,Active,63.0,780.0,South,24300.0,0,5
3461,Female,18-25,Active,10.0,120.0,South,18700.0,0,2
1663,Female,26-35,Active,87.0,680.0,South,18900.0,1,5
6648,Male,26-35,Active,58.0,1050.0,South,30800.0,0,2
1225,Male,18-25,Inactive,93.0,2370.0,South,31800.0,0,9
3520,Female,36-45,Active,107.0,2460.0,East,31200.0,1,8
4270,Female,36-45,Active,37.0,700.0,South,24900.0,1,2
211,Female,18-25,Inactive,35.0,1210.0,East,62400.0,1,3
6232,Female,46-55,New,66.0,1950.0,North,41600.0,0,9
9052,Female,18-25,Active,45.0,1450.0,North,49100.0,0,6
5049,Male,36-45,Inactive,106.0,1960.0,South,45400.0,1,8
5564,Male,46-55,Active,4.0,50.0,South,15000.0,0,0
7772,Male,26-35,New,116.0,7160.0,North,63300.0,1,9
9004,Male,26-35,New,113.0,2040.0,North,22600.0,0,9
1319,Female,36-45,Active,113.0,2170.0,South,19900.0,1,9
638,Female,46-55,New,114.0,650.0,South,15000.0,1,8
48,Male,26-35,New,118.0,1430.0,East,24400.0,1,3
3636,Male,18-25,Active,21.0,940.0,North,76400.0,0,1
8012,Female,46-55,Active,80.0,4440.0,East,56600.0,1,8
7697,Male,26-35,New,82.0,3540.0,,57200.0,1,8
3354,Male,36-45,New,4.0,80.0,West,37400.0,0,0
5971,Male,26-35,Active,116.0,2770.0,South,33200.0,1,8
1157,Male,46-55,Active,,3310.0,North,58900.0,1,11
2911,Female,26-35,Active,40.0,250.0,West,15000.0,1,2
7416,Female,26-35,Inactive,47.0,1050.0,South,23200.0,0,1
5357,Female,18-25,Active,109.0,2310.0,South,35900.0,1,4
5850,Female,56+,Inactive,110.0,2460.0,East,34300.0,0,6
3401,Male,26-35,Active,61.0,1840.0,South,40000.0,1,5
3310,Male,26-35,Active,104.0,1180.0,,22300.0,1,6
7914,Female,56+,Active,46.0,920.0,West,33800.0,1,2
7955,Female,56+,Active,22.0,,North,18400.0,1,3
2123,Male,18-25,Inactive,59.0,4200.0,South,72100.0,0,0
6483,Female,36-45,Inactive,49.0,1190.0,South,27800.0,1,2
4394,Female,46-55,Inactive,72.0,2200.0,South,44100.0,0,7
7593,Female,18-25,New,37.0,350.0,South,17700.0,0,6
3024,Female,18-25,Active,32.0,1970.0,North,62100.0,0,3
7670,Female,36-45,New,8.0,120.0,West,29300.0,0,1
7287,Female,36-45,Active,118.0,9540.0,South,95000.0,1,10
8833,Male,46-55,New,22.0,550.0,North,48000.0,0,4
8842,Male,26-35,Active,62.0,2380.0,South,49200.0,1,5
5621,Male,46-55,New,50.0,1420.0,South,43600.0,0,7
743,Female,18-25,New,115.0,5620.0,East,50800.0,0,4
3300,Male,36-45,Inactive,91.0,3590.0,North,71800.0,1,9
5139,Male,36-45,Active,19.0,970.0,North,70700.0,1,2
5211,Female,36-45,New,114.0,1650.0,South,15000.0,0,9
5493,Male,46-55,Inactive,86.0,2140.0,East,64500.0,1,6
9287,Female,36-45,Active,64.0,3110.0,West,65800.0,1,6
8166,Female,18-25,New,16.0,550.0,South,36700.0,0,2
6721,Male,26-35,Inactive,53.0,2180.0,South,73000.0,0,7
7432,Female,18-25,Active,103.0,1290.0,East,22400.0,1,3
4662,Female,26-35,Active,22.0,,West,47000.0,0,4
8122,Female,26-35,Active,109.0,2800.0,East,34700.0,0,9
7829,Female,26-35,New,74.0,3320.0,North,56000.0,0,10
3711,Female,18-25,Active,99.0,1690.0,South,27300.0,0,5
800,Female,46-55,Active,71.0,1470.0,West,23300.0,1,7
6731,Female,18-25,Active,25.0,670.0,North,41800.0,0,3
7179,Female,46-55,Active,23.0,360.0,West,30100.0,1,4
4632,Male,18-25,Inactive,80.0,3300.0,East,73800.0,1,4
4130,Female,26-35,New,54.0,2600.0,North,49000.0,1,4
4635,Female,18-25,Active,,920.0,East,30500.0,1,5
7252,Female,46-55,Inactive,45.0,,East,42100.0,0,7
3686,Male,18-25,New,77.0,1070.0,South,28000.0,0,7
8000,Female,26-35,Active,15.0,570.0,South,46200.0,1,1
5519,Male,26-35,Active,91.0,4810.0,West,64000.0,1,5
1692,Female,36-45,Active,7.0,290.0,West,58800.0,0,0
3782,Female,56+,New,46.0,1120.0,East,50300.0,1,1
7700,Female,26-35,Inactive,26.0,590.0,West,47300.0,0,3
1419,Female,46-55,Active,79.0,900.0,West,23500.0,1,7
7683,Female,26-35,Inactive,49.0,900.0,North,41300.0,0,6
7013,Male,56+,Active,29.0,480.0,East,36200.0,1,4
6569,Female,46-55,Active,106.0,2200.0,East,24600.0,1,10
587,Male,36-45,New,37.0,1190.0,North,45600.0,1,4
7303,Female,36-45,Active,98.0,3520.0,West,64700.0,1,8
7718,Female,36-45,Active,27.0,670.0,North,39300.0,1,1
3523,Male,36-45,New,44.0,2080.0,South,58800.0,1,4
6148,Male,18-25,New,119.0,3560.0,East,30500.0,1,10
336,Female,56+,Active,4.0,140.0,West,46400.0,1,0
5407,Male,26-35,Inactive,24.0,580.0,South,32900.0,0,3
6839,Female,26-35,Active,96.0,1620.0,North,37700.0,1,13
5667,Male,36-45,Active,49.0,580.0,West,21400.0,0,4
3459,Male,36-45,New,109.0,2940.0,South,27800.0,1,10
2621,Female,36-45,Active,76.0,1340.0,West,27300.0,1,6
857,Female,36-45,New,94.0,1710.0,East,31700.0,1,6
8867,Male,18-25,Inactive,99.0,3420.0,East,51300.0,0,9
2992,Female,26-35,Active,73.0,7960.0,South,122300.0,1,7
5791,Female,36-45,Inactive,39.0,930.0,South,28400.0,0,2
24,Female,56+,New,56.0,1510.0,South,27500.0,0,6
7749,Male,36-45,New,71.0,2150.0,East,35700.0,1,4
1727,Male,26-35,Inactive,12.0,340.0,East,40400.0,1,4
8403,Female,18-25,Active,65.0,3790.0,West,60800.0,0,4
3772,Female,26-35,New,91.0,1940.0,West,25100.0,0,6
9450,Male,56+,Active,102.0,2670.0,South,43400.0,0,10
382,Female,36-45,Active,89.0,1250.0,North,30300.0,1,7
3071,Male,36-45,Active,38.0,980.0,East,29800.0,1,5
8760,Male,26-35,Active,23.0,250.0,North,24400.0,1,4
9158,Male,46-55,Inactive,34.0,2170.0,West,80100.0,0,7
3873,Male,46-55,Inactive,74.0,4690.0,South,80400.0,0,7
790,Female,18-25,Active,27.0,680.0,North,,1,3
8459,Female,46-55,Inactive,2.0,30.0,North,22700.0,0,5
5297,Female,18-25,New,94.0,2380.0,South,41100.0,1,9
9648,Female,26-35,Active,73.0,3980.0,East,57100.0,1,6
4904,Female,26-35,Inactive,85.0,1810.0,East,37900.0,0,6
4975,Female,18-25,Active,74.0,3280.0,West,,0,8
1495,Male,36-45,New,100.0,,South,44400.0,1,10
3458,Female,46-55,Active,0.0,0.0,East,35900.0,1,0
1403,Female,18-25,Active,5.0,230.0,North,68300.0,0,1
4950,Female,26-35,New,94.0,,South,25500.0,1,9
5008,Female,56+,Inactive,92.0,,East,31300.0,0,7
2413,Male,46-55,Inactive,107.0,1420.0,East,17900.0,0,6
6055,Male,26-35,Active,56.0,,South,110200.0,1,4
3027,Male,26-35,New,43.0,1860.0,West,51100.0,1,6
1563,Female,26-35,New,8.0,260.0,East,43900.0,1,0
6805,Female,18-25,Active,116.0,1540.0,South,20400.0,0,6
4439,Male,26-35,Active,102.0,760.0,North,16600.0,1,10
9669,Female,36-45,Active,79.0,2820.0,West,94600.0,1,7
1113,Female,18-25,Active,,430.0,South,30500.0,0,3
3785,Female,46-55,Active,66.0,2300.0,West,37300.0,1,3
6406,Female,26-35,Active,48.0,1830.0,North,77000.0,0,443
7109,Male,26-35,Inactive,,730.0,West,36600.0,0,4
7598,Female,56+,Inactive,4.0,50.0,North,20300.0,1,2
7038,Female,18-25,Active,70.0,500.0,West,15000.0,1,4
953,Male,26-35,Inactive,65.0,2400.0,West,38500.0,1,6
6385,Male,26-35,Active,64.0,3480.0,West,64400.0,1,3
8223,Male,18-25,Active,0.0,0.0,,38600.0,0,3
2389,Female,36-45,New,106.0,3960.0,North,40700.0,1,9
6744,Male,36-45,Active,43.0,2340.0,West,74800.0,0,4
4360,Female,26-35,New,116.0,3400.0,West,43500.0,0,7
2261,Female,26-35,Active,38.0,2000.0,North,,0,2
7946,Male,46-55,Inactive,8.0,270.0,North,88400.0,0,3
1594,Male,36-45,Active,105.0,940.0,South,15000.0,1,9
7599,Male,18-25,Active,50.0,1520.0,West,44700.0,1,3
1181,Female,26-35,Active,37.0,,South,61100.0,1,3
3379,Female,46-55,Active,1.0,10.0,North,15000.0,0,1
8168,Female,36-45,Active,21.0,,North,38200.0,1,5
783,Female,26-35,Inactive,4.0,90.0,West,26800.0,1,1
4157,Female,36-45,Active,19.0,210.0,East,19600.0,0,2
3308,Male,18-25,Active,8.0,130.0,South,29800.0,1,1
2759,Female,26-35,Active,,670.0,South,41100.0,1,0
6736,Female,56+,Active,112.0,3590.0,South,39400.0,1,8
8091,Male,36-45,Active,66.0,1920.0,North,65800.0,0,7
5847,Female,26-35,Active,1.0,40.0,South,63200.0,0,2
3466,Female,18-25,Inactive,,10.0,North,15100.0,1,1
7948,Male,36-45,Active,84.0,6620.0,South,85000.0,1,8
3208,Male,46-55,Inactive,21.0,430.0,North,31400.0,1,2
2514,Male,36-45,Active,75.0,1170.0,,34600.0,0,6
7290,Male,36-45,New,53.0,1620.0,South,32400.0,1,7
8614,Male,46-55,Active,12.0,560.0,West,71700.0,0,3
9485,Female,26-35,Inactive,3.0,50.0,South,25100.0,0,0
7400,Female,18-25,Inactive,75.0,1710.0,East,28200.0,0,4
7050,Male,18-25,Active,11.0,200.0,South,29300.0,1,2
287,Male,46-55,Inactive,83.0,1150.0,North,26300.0,0,7
4024,Female,26-35,Active,48.0,850.0,West,32300.0,1,5
8575,Female,36-45,Active,85.0,2470.0,East,39800.0,1,7
1262,Male,46-55,Active,95.0,2380.0,North,57300.0,1,5
5781,Female,18-25,Active,104.0,3970.0,West,40100.0,1,7
4128,Female,36-45,New,25.0,1020.0,South,67400.0,0,4
7478,Male,36-45,Active,94.0,1220.0,West,26300.0,1,3
8549,Female,26-35,Active,62.0,1500.0,East,62400.0,1,9
3038,Male,36-45,Active,63.0,,South,22800.0,1,4
9749,Female,26-35,Inactive,87.0,1520.0,North,41100.0,1,5
8862,Male,18-25,Active,89.0,5980.0,West,76200.0,1,5
564,Female,18-25,Inactive,65.0,1400.0,North,53600.0,1,4
292,Male,36-45,Active,107.0,1490.0,West,19500.0,1,9
8674,Male,36-45,Inactive,110.0,2930.0,North,45800.0,0,11
8114,Female,26-35,Active,50.0,810.0,North,39500.0,0,7
1761,Male,26-35,Active,66.0,3310.0,South,50100.0,0,6
170,Female,18-25,Active,36.0,780.0,North,44000.0,1,4
268,Male,26-35,Active,90.0,3660.0,East,57700.0,1,6
5419,Male,26-35,Active,94.0,,West,58400.0,1,3
4355,Female,56+,Inactive,119.0,1980.0,West,32900.0,0,7
3998,Female,26-35,Active,35.0,530.0,East,37500.0,1,7
8923,Male,46-55,Active,109.0,7540.0,South,,1,9
3056,Female,26-35,Active,89.0,5430.0,South,70700.0,1,7
316,Male,46-55,Active,8.0,810.0,North,110900.0,1,2
8062,Male,18-25,Active,39.0,670.0,West,,0,1
6379,Male,18-25,Active,95.0,2050.0,North,35400.0,1,14
6770,Male,18-25,Inactive,71.0,1050.0,South,36000.0,0,4
246,Female,46-55,New,119.0,2210.0,South,33000.0,1,13
253,Female,46-55,Active,89.0,3720.0,East,74800.0,0,5
2289,Male,56+,New,116.0,6050.0,West,57700.0,1,9
6278,Female,56+,Active,63.0,2200.0,West,72500.0,1,3
2610,Male,46-55,New,113.0,3180.0,South,32800.0,1,6
51,Male,18-25,Active,36.0,950.0,North,55300.0,1,4
1878,Male,18-25,New,64.0,1060.0,North,19300.0,1,7
8523,Female,56+,New,11.0,930.0,North,103700.0,1,1
9741,Female,26-35,Active,116.0,5200.0,West,70800.0,1,6
7887,Male,46-55,Active,2.0,110.0,West,70400.0,0,0
5651,Female,36-45,Active,102.0,1610.0,North,27000.0,1,4
873,Female,46-55,Active,112.0,1000.0,North,22700.0,1,12
7747,Female,56+,Active,56.0,1370.0,North,27600.0,0,6
4333,Male,18-25,Inactive,100.0,3010.0,West,45800.0,0,7
5903,Male,46-55,Active,109.0,3350.0,South,39300.0,1,8
4421,Male,56+,Inactive,45.0,950.0,South,26400.0,0,6
8171,Female,36-45,Active,60.0,1390.0,South,,1,2
8769,Female,36-45,Active,88.0,1820.0,East,35900.0,1,4
7769,Female,26-35,New,96.0,2320.0,East,26400.0,1,5
249,Male,18-25,New,4.0,,North,39800.0,0,0
4470,Male,56+,Active,62.0,,North,61400.0,1,4
3321,Male,18-25,Active,103.0,,West,22400.0,1,7
6152,Female,18-25,New,90.0,900.0,West,24600.0,0,4
6916,Female,26-35,Active,51.0,1870.0,South,57600.0,1,3
4743,Female,46-55,Inactive,-5.0,600.0,South,46200.0,1,7
1769,Male,18-25,Inactive,,3200.0,South,37700.0,1,13
1863,Female,46-55,Active,59.0,1310.0,East,24500.0,1,1
7707,Male,36-45,Active,67.0,2080.0,South,,1,4
2390,Male,36-45,Inactive,39.0,1500.0,East,46000.0,0,3
2338,Male,26-35,Active,105.0,3820.0,North,39100.0,0,6
3996,Male,26-35,New,114.0,3830.0,East,53800.0,1,8
3544,Male,26-35,Inactive,2.0,30.0,East,31300.0,1,1
2795,Female,18-25,New,19.0,740.0,East,56700.0,0,1
9988,Female,36-45,Active,38.0,1030.0,East,51400.0,1,4
1781,Male,18-25,Active,87.0,1560.0,North,37800.0,0,7
9848,Male,36-45,Active,42.0,1490.0,East,57500.0,1,3
448,Female,18-25,New,72.0,3580.0,West,77500.0,1,3
8920,Female,26-35,Active,80.0,1700.0,North,39600.0,1,2
7640,Male,46-55,Inactive,95.0,2600.0,West,41100.0,0,6
6716,Female,18-25,New,,3240.0,West,51400.0,1,7
7838,Female,26-35,Active,95.0,2530.0,South,48700.0,0,4
6450,Female,26-35,Inactive,81.0,1700.0,South,32400.0,1,6
9187,Female,56+,Active,119.0,4590.0,East,47300.0,0,12
9292,Female,46-55,New,99.0,4140.0,South,51900.0,1,6
6331,Male,26-35,Inactive,59.0,,,62600.0,0,4
4512,Female,56+,Active,26.0,760.0,South,30300.0,0,4
684,Female,46-55,Active,71.0,,North,42300.0,1,8
7867,Male,26-35,Active,9.0,100.0,West,26600.0,1,0
4517,Male,36-45,Inactive,61.0,430.0,North,18400.0,1,3
462,Male,36-45,Active,110.0,3790.0,North,54300.0,1,6
3911,Female,36-45,Inactive,48.0,1970.0,North,57500.0,0,4
3384,Female,18-25,New,112.0,3630.0,South,32800.0,0,12
1689,Female,36-45,Inactive,36.0,940.0,West,29400.0,0,5
9250,Female,18-25,New,47.0,1760.0,South,39600.0,0,5
1316,Female,26-35,Active,15.0,380.0,East,34300.0,1,1
319,Male,56+,Active,96.0,4780.0,West,,0,12
6059,Female,46-55,Inactive,58.0,,South,22700.0,0,10
3434,Male,36-45,Active,73.0,1110.0,South,18500.0,1,4
5412,Female,36-45,Inactive,85.0,1840.0,North,24900.0,0,4
3567,Female,26-35,New,77.0,2350.0,North,49500.0,1,8
7040,Female,36-45,Active,76.0,520.0,East,18000.0,1,5
3849,Male,46-55,Active,28.0,330.0,East,,0,4
377,Female,36-45,Inactive,90.0,4800.0,West,60600.0,1,5
411,Female,26-35,New,32.0,710.0,East,24500.0,0,1
5324,Male,18-25,New,26.0,1210.0,South,51500.0,0,3
8374,Male,26-35,Active,53.0,1950.0,East,38900.0,1,4
8016,Male,36-45,Inactive,37.0,560.0,South,21400.0,1,6
2493,Male,26-35,Active,61.0,1460.0,South,56100.0,1,5
4993,Female,18-25,Active,60.0,740.0,South,27300.0,1,7
4864,Female,18-25,Active,6.0,170.0,North,38300.0,1,2
3949,Female,56+,New,100.0,2750.0,East,62000.0,1,7
5759,Male,36-45,New,109.0,3230.0,South,67400.0,1,7
2274,Female,18-25,New,2.0,,,40700.0,0,1
1732,Male,26-35,Inactive,500.0,940.0,,38600.0,1,2
5834,Female,36-45,Active,104.0,3550.0,South,41200.0,0,11
9655,Female,26-35,Inactive,52.0,1560.0,North,31600.0,0,5
4561,Female,26-35,Active,107.0,2920.0,South,31800.0,1,10
3025,Male,18-25,Active,105.0,2920.0,East,31900.0,1,8
4068,Female,36-45,New,31.0,1180.0,West,40800.0,0,1
9545,Female,18-25,Inactive,61.0,730.0,South,15000.0,0,5
275,Female,18-25,Active,21.0,900.0,East,51800.0,0,5
8198,Male,18-25,Inactive,5.0,110.0,East,42700.0,1,3
8200,Male,18-25,Active,36.0,590.0,West,24600.0,0,4
3446,Male,26-35,Active,117.0,5260.0,South,50200.0,1,12
9569,Male,56+,Inactive,116.0,3720.0,East,,0,13
1955,Female,46-55,New,92.0,1030.0,South,27900.0,1,5
6558,Male,36-45,Active,92.0,4070.0,North,79400.0,1,8
7309,Male,46-55,New,82.0,3130.0,South,44800.0,1,2
2931,Female,36-45,New,98.0,2600.0,West,42200.0,0,3
5787,Female,56+,Inactive,51.0,2010.0,West,42400.0,0,2
3246,Female,56+,Inactive,34.0,550.0,North,22200.0,0,6
1776,Female,18-25,New,,140.0,North,92400.0,1,1
3252,Female,18-25,Inactive,83.0,1570.0,South,39300.0,1,6
9246,Female,18-25,New,38.0,690.0,North,36700.0,1,4
7643,Male,26-35,Active,94.0,3450.0,North,62000.0,1,8
6146,Female,18-25,Active,75.0,2160.0,,43000.0,1,2
7987,Female,18-25,Active,66.0,4220.0,East,79000.0,0,5
514,Male,26-35,Active,113.0,3660.0,West,41200.0,1,6
4756,Female,46-55,New,55.0,2540.0,West,76700.0,0,4
2108,Female,18-25,New,32.0,770.0,South,33800.0,1,2
4788,Female,46-55,New,44.0,,South,,1,5
922,Female,36-45,New,91.0,3160.0,North,37900.0,1,8
7342,Male,26-35,Active,71.0,2040.0,North,33000.0,1,4
6590,Female,26-35,Inactive,83.0,1160.0,South,29500.0,0,448
1559,Female,36-45,Active,76.0,4140.0,North,65700.0,1,11
4803,Male,26-35,Active,92.0,2210.0,North,29800.0,1,6
475,Male,26-35,Inactive,20.0,430.0,South,48900.0,1,5
5216,Male,26-35,New,113.0,2600.0,South,35600.0,0,4
3275,Female,36-45,Active,120.0,2230.0,West,37800.0,1,7
1473,Male,18-25,Inactive,84.0,2120.0,North,25500.0,1,8
4170,Female,46-55,Active,95.0,2890.0,South,39300.0,1,6
8187,Male,26-35,Active,99.0,2360.0,North,45000.0,0,2
9491,Male,26-35,Active,119.0,1730.0,South,27500.0,1,13
9773,Female,26-35,Active,52.0,2680.0,East,71600.0,1,4
1916,Male,46-55,New,65.0,1900.0,South,44400.0,0,4
8104,Female,26-35,New,95.0,2390.0,South,37900.0,1,12
6927,Male,56+,Active,27.0,660.0,West,49000.0,0,5
4846,Male,18-25,Active,91.0,3420.0,North,40100.0,1,11
4098,Female,26-35,Active,23.0,340.0,North,30100.0,1,1
3551,Female,18-25,New,102.0,,South,35900.0,0,6
3465,Female,36-45,Active,116.0,4820.0,South,44500.0,1,7
2250,Male,26-35,Active,74.0,2080.0,South,39600.0,1,5
2778,Female,18-25,Active,51.0,3540.0,North,71400.0,0,2
5565,Female,36-45,Active,7.0,110.0,South,35500.0,0,3
6747,Female,18-25,Active,48.0,800.0,South,19500.0,1,3
7519,Male,26-35,Inactive,57.0,1920.0,North,39100.0,0,2
3264,Female,26-35,Active,8.0,140.0,North,35800.0,0,0
5107,Male,26-35,Inactive,117.0,3080.0,South,34000.0,1,8
8678,Female,18-25,New,67.0,2080.0,West,31700.0,1,3
9846,Female,26-35,Active,49.0,460.0,West,20500.0,1,3
7952,Female,36-45,Active,97.0,2190.0,South,25000.0,0,9
1836,Male,46-55,Active,48.0,,East,31300.0,0,2
7551,Female,26-35,New,97.0,3960.0,South,49600.0,0,8
1409,Female,26-35,Active,54.0,1550.0,West,36400.0,1,2
5260,Male,18-25,Active,107.0,3430.0,South,35400.0,1,13
2304,Female,26-35,Active,11.0,350.0,North,32900.0,1,2
3847,Female,46-55,Active,119.0,2070.0,West,31600.0,1,7
1021,Female,26-35,Active,69.0,1850.0,South,44900.0,1,3
706,Female,36-45,Inactive,79.0,1300.0,North,18200.0,0,4
6259,Female,46-55,Inactive,119.0,1990.0,West,30600.0,0,8
6885,Female,36-45,New,63.0,2390.0,North,55900.0,1,6
2955,Female,46-55,Active,86.0,2190.0,West,48700.0,1,6
7455,Female,26-35,Active,11.0,740.0,North,75300.0,1,2
909,Male,46-55,New,111.0,3570.0,West,75800.0,0,7
6081,Male,18-25,New,87.0,2250.0,East,26300.0,1,8
3048,Female,36-45,Active,61.0,3370.0,South,61100.0,0,2
6740,Male,46-55,New,5.0,190.0,West,44700.0,0,1
595,Male,46-55,Active,3.0,60.0,South,31200.0,0,1
4713,Female,46-55,Active,54.0,2680.0,South,64400.0,1,2
441,Female,26-35,Inactive,,1730.0,West,,1,9
5459,Male,26-35,Active,51.0,1550.0,West,53600.0,1,4
4211,Female,46-55,Active,11.0,360.0,North,45700.0,1,0
8984,Female,18-25,Active,51.0,970.0,North,34900.0,1,7
11,Male,36-45,Active,71.0,1270.0,North,33100.0,1,5
9040,Male,46-55,Active,2.0,70.0,East,64500.0,0,1
5609,Male,18-25,Inactive,108.0,1760.0,West,25800.0,0,6
5247,Female,46-55,Active,16.0,280.0,West,41100.0,0,2
9341,Male,36-45,Active,55.0,1390.0,East,37400.0,1,4
94,Male,36-45,New,15.0,820.0,East,66500.0,1,2
9676,Male,18-25,Active,34.0,320.0,South,15000.0,1,1
5837,Female,18-25,Active,49.0,1280.0,North,37700.0,0,6
7499,Female,18-25,Active,68.0,1700.0,North,34400.0,1,6
6827,Male,36-45,Inactive,111.0,,East,25200.0,0,9
4844,Male,36-45,Active,41.0,2090.0,West,59500.0,1,3
8159,Male,56+,Active,38.0,1280.0,South,38900.0,0,5
293,Female,46-55,Active,25.0,550.0,West,31900.0,0,2
7954,Male,26-35,Active,84.0,1770.0,West,51100.0,1,6
4583,Female,26-35,Active,93.0,2010.0,North,39700.0,1,6
7325,Female,26-35,Inactive,108.0,3170.0,South,31100.0,1,0
5919,Female,18-25,Inactive,45.0,570.0,North,17700.0,0,1
7131,Female,56+,Inactive,113.0,,North,31700.0,0,6
5265,Male,18-25,Active,113.0,1450.0,West,22600.0,1,9
6623,Male,36-45,Inactive,77.0,,North,43700.0,1,6
2887,Male,26-35,New,52.0,1260.0,South,37500.0,1,3
3394,Male,18-25,New,18.0,560.0,North,37600.0,0,1
5290,Female,26-35,Inactive,7.0,60.0,South,15400.0,0,1
2406,Male,36-45,Active,110.0,1470.0,South,21500.0,1,9
4588,Female,26-35,New,26.0,360.0,East,22200.0,1,1
5429,Female,18-25,New,106.0,2200.0,East,28400.0,0,8
8392,Male,26-35,Active,116.0,3050.0,North,33300.0,1,10
5282,Male,18-25,Inactive,1.0,20.0,East,29600.0,0,2
4922,Male,46-55,New,97.0,1120.0,West,20300.0,0,4
8439,Female,18-25,Inactive,91.0,1430.0,South,,0,6
2589,Female,26-35,Active,62.0,810.0,West,34300.0,1,3
8377,Female,36-45,Active,101.0,3580.0,North,38400.0,1,3
3483,Female,26-35,Inactive,96.0,850.0,North,20400.0,0,7
9553,Female,36-45,New,78.0,1790.0,West,44200.0,0,8
6886,Female,26-35,Inactive,72.0,1120.0,West,22000.0,0,2
8277,Male,26-35,Active,8.0,260.0,South,78800.0,0,1
3195,Female,26-35,Active,15.0,260.0,South,25600.0,1,5
6812,Male,56+,Active,86.0,3050.0,West,50300.0,1,0
1356,Male,18-25,New,114.0,4240.0,South,42600.0,1,10
6311,Male,36-45,Active,15.0,450.0,South,67500.0,0,0
3603,Female,26-35,Active,81.0,,North,40200.0,0,3
5688,Male,26-35,Inactive,56.0,2350.0,South,57700.0,1,2
8400,Female,26-35,Active,11.0,230.0,West,24400.0,1,1
6718,Female,26-35,New,65.0,2610.0,North,60700.0,1,6
9396,Female,36-45,Inactive,91.0,1250.0,North,17500.0,1,11
9812,Male,56+,Active,93.0,1030.0,East,28200.0,1,8
3282,Male,18-25,Active,15.0,300.0,North,33400.0,0,2
7059,Female,26-35,Active,11.0,220.0,North,40100.0,0,2
5596,Female,18-25,New,64.0,2220.0,East,44400.0,0,7
5821,Female,46-55,Active,85.0,1100.0,East,25900.0,1,9
1531,Male,36-45,Inactive,40.0,,South,15000.0,1,3
5886,Male,36-45,New,28.0,660.0,East,39300.0,0,2
3778,Male,46-55,Active,95.0,1900.0,West,25200.0,0,2
8137,Female,26-35,Active,98.0,4830.0,West,90500.0,1,7
6606,Male,18-25,Active,90.0,2530.0,South,52400.0,0,8
5842,Male,36-45,Active,68.0,1260.0,West,19200.0,0,11
7780,Female,26-35,Inactive,2.0,190.0,North,98100.0,0,0
3066,Male,18-25,Active,50.0,1000.0,West,21400.0,0,5
8197,Female,18-25,Active,73.0,3130.0,East,50500.0,1,6
701,Male,46-55,Inactive,38.0,1240.0,East,37000.0,1,5
3938,Female,26-35,Active,88.0,1330.0,South,33300.0,1,10
8300,Male,18-25,Active,87.0,3950.0,South,71300.0,1,10
7763,Male,56+,Inactive,83.0,1650.0,North,35200.0,0,6
9686,Male,18-25,New,80.0,1850.0,South,39300.0,0,12
2040,Female,36-45,Inactive,20.0,710.0,West,39100.0,0,0
7615,Male,26-35,Inactive,96.0,3800.0,North,43800.0,0,7
4218,Male,36-45,Active,75.0,2100.0,East,31300.0,1,1
9911,Male,18-25,New,54.0,3330.0,North,68100.0,0,4
3046,Female,46-55,Inactive,108.0,,East,45700.0,1,9
3861,Female,26-35,New,65.0,2220.0,,,0,3
3474,Male,18-25,Inactive,49.0,800.0,South,30300.0,0,4
5350,Male,26-35,Inactive,18.0,570.0,West,38600.0,0,3
3616,Female,18-25,Active,96.0,1900.0,West,32300.0,1,6
6410,Male,26-35,Active,13.0,460.0,West,66100.0,1,0
1747,Female,26-35,Active,67.0,840.0,North,31900.0,1,4
7815,Female,46-55,Active,119.0,2920.0,West,38300.0,1,10
5683,Male,18-25,Active,35.0,1300.0,West,49700.0,0,3
4602,Female,46-55,New,2.0,20.0,South,18300.0,1,4
7253,Female,56+,Active,21.0,730.0,West,36100.0,1,2
2710,Female,26-35,Active,119.0,2180.0,West,24100.0,0,6
3078,Female,46-55,Inactive,19.0,550.0,,69500.0,1,3
8850,Female,18-25,Active,29.0,790.0,South,30800.0,0,5
9759,Male,36-45,Inactive,119.0,940.0,North,16600.0,1,5
4085,Female,36-45,Active,18.0,690.0,North,84500.0,1,2
7803,Male,26-35,Active,71.0,1260.0,East,24500.0,1,5
604,Female,46-55,Inactive,86.0,2820.0,South,42100.0,0,5
7779,Male,18-25,New,107.0,2800.0,East,51700.0,1,5
6624,Male,36-45,Inactive,,4130.0,East,66000.0,1,7
394,Female,36-45,Active,86.0,920.0,West,26500.0,1,4
5194,Female,26-35,Inactive,43.0,520.0,East,22600.0,1,3
4008,Male,56+,Inactive,112.0,5780.0,North,59300.0,0,9
9029,Male,18-25,Active,17.0,1640.0,South,133200.0,1,3
6831,Female,26-35,Active,21.0,560.0,North,34100.0,1,0
96,Female,36-45,New,117.0,3400.0,North,67200.0,0,13
3439,Male,26-35,Active,77.0,1910.0,East,56000.0,1,7
9997,Male,36-45,Active,109.0,2890.0,West,42900.0,1,12
5453,Female,46-55,Active,25.0,840.0,East,45700.0,0,2
5962,Male,36-45,Inactive,5.0,270.0,West,61900.0,0,2
4899,Female,18-25,Active,62.0,,North,34600.0,1,3
9616,Male,26-35,Active,62.0,2990.0,East,59200.0,0,3
6999,Female,18-25,New,12.0,660.0,East,,0,0
9003,Female,56+,Active,94.0,2200.0,East,28900.0,1,6
6935,Female,36-45,New,30.0,1380.0,South,54700.0,1,2
2407,Female,36-45,Active,15.0,180.0,North,29200.0,1,0
5401,Female,26-35,Active,69.0,1670.0,North,36300.0,1,5
8093,Male,26-35,Active,102.0,2670.0,West,46300.0,1,12
7335,Male,18-25,Inactive,19.0,300.0,North,39700.0,0,3
1808,Male,26-35,Active,95.0,2800.0,South,33800.0,0,8
9779,Female,18-25,Active,50.0,1570.0,South,50300.0,1,6
4839,Male,36-45,Active,35.0,1160.0,East,36200.0,1,5
7170,Male,18-25,Active,47.0,850.0,South,41400.0,0,2
7755,Male,26-35,Active,63.0,770.0,South,32400.0,1,3
5329,Male,36-45,New,69.0,2500.0,North,48200.0,1,3
3008,Male,26-35,Active,70.0,2140.0,West,39600.0,1,3
7738,Male,36-45,Active,88.0,3040.0,South,60700.0,1,6
6508,Male,18-25,Active,35.0,910.0,North,,1,3
8996,Female,46-55,Active,2.0,60.0,West,31900.0,1,0
4687,Male,26-35,Active,32.0,480.0,West,21200.0,1,3
8664,Female,36-45,New,116.0,2870.0,North,27600.0,1,4
5027,Male,26-35,Inactive,36.0,810.0,West,32100.0,0,5
3400,Female,18-25,Active,22.0,640.0,North,32600.0,1,3
20,Female,36-45,Active,102.0,4330.0,West,53900.0,1,9
9912,Female,26-35,Active,57.0,2290.0,North,41800.0,1,3
2936,Female,26-35,Active,114.0,3850.0,East,45400.0,1,9
5456,Female,56+,Active,28.0,730.0,North,26100.0,0,2
2743,Male,18-25,Inactive,119.0,1920.0,South,34600.0,0,7
8266,Female,36-45,Active,44.0,610.0,West,30500.0,1,3
6481,Female,46-55,Active,54.0,1400.0,North,52900.0,0,6
810,Female,56+,New,85.0,1800.0,North,30700.0,0,8
5709,Male,26-35,Active,33.0,1420.0,West,47200.0,1,5
2302,Female,26-35,New,27.0,510.0,East,29100.0,0,2
3449,Male,46-55,Active,90.0,1290.0,South,17900.0,0,4
5136,Female,36-45,Active,80.0,2360.0,North,46800.0,1,11
8019,Male,36-45,New,112.0,3140.0,West,35400.0,1,9
7582,Female,56+,Active,34.0,1380.0,East,58300.0,1,3
1742,Male,26-35,Active,40.0,730.0,North,33100.0,1,4
1143,Female,36-45,Inactive,36.0,630.0,South,,1,7
5958,Male,36-45,Active,0.0,0.0,East,75500.0,0,2
4869,Male,36-45,New,33.0,1030.0,South,42500.0,0,2
2013,Male,46-55,Active,78.0,3480.0,,58100.0,1,3
8001,Female,18-25,Active,70.0,1250.0,North,27900.0,1,1
2222,Female,26-35,Active,98.0,3260.0,South,42700.0,1,10
2877,Male,46-55,New,116.0,4150.0,North,75900.0,0,5
8352,Female,46-55,Active,58.0,2210.0,West,57600.0,1,4
7525,Male,46-55,Inactive,,920.0,East,17700.0,0,4
8688,Male,36-45,Inactive,86.0,1640.0,North,37700.0,0,5
6664,Female,26-35,Active,80.0,1180.0,South,27900.0,0,5
6815,Female,46-55,Inactive,63.0,3530.0,North,68400.0,0,2
621,Female,26-35,Active,56.0,1380.0,South,49900.0,0,5
6071,Female,18-25,Inactive,33.0,370.0,South,19100.0,1,4
1902,Male,26-35,New,94.0,990.0,North,21700.0,1,11
2287,Female,36-45,Active,4.0,60.0,North,26500.0,1,0
5366,Female,46-55,Active,28.0,230.0,North,19300.0,1,5
1047,Male,46-55,Active,104.0,1730.0,South,22100.0,0,14
2885,Female,46-55,New,68.0,1280.0,East,25900.0,0,4
3207,Male,26-35,Active,40.0,1300.0,North,33100.0,1,2
6533,Female,46-55,Active,67.0,1400.0,North,26900.0,1,6
744,Male,46-55,New,11.0,330.0,East,50500.0,1,1
223,Female,36-45,Active,43.0,1000.0,West,37700.0,1,3
6180,Male,56+,Active,73.0,1220.0,North,37200.0,0,6
626,Male,36-45,New,60.0,470.0,East,15700.0,0,3
2956,Male,26-35,Active,89.0,3610.0,South,42500.0,0,9
6796,Female,36-45,Inactive,102.0,2340.0,South,25800.0,1,9
4623,Female,56+,New,19.0,200.0,South,21000.0,0,5
5229,Male,18-25,Inactive,12.0,430.0,South,41000.0,0,1
8381,Female,18-25,Active,38.0,890.0,North,36100.0,1,3
9336,Female,18-25,Inactive,59.0,2210.0,West,54900.0,0,5
3980,Female,46-55,Inactive,31.0,1500.0,East,76700.0,0,6
1569,Female,26-35,Active,8.0,190.0,South,52200.0,1,2
3456,Female,36-45,Active,94.0,1810.0,North,20000.0,1,13
354,Female,36-45,New,100.0,7990.0,West,110400.0,1,11
1786,Female,18-25,Inactive,37.0,1440.0,North,50500.0,0,3
8081,Male,46-55,New,28.0,430.0,South,35400.0,1,2
5054,Male,36-45,New,9.0,260.0,West,30400.0,0,0
8061,Female,36-45,Active,61.0,2310.0,South,44400.0,1,8
240,Male,26-35,Active,114.0,2930.0,East,49900.0,1,5
2665,Female,18-25,New,15.0,660.0,North,67200.0,0,1
8993,Male,36-45,Active,109.0,4550.0,South,,1,9
1852,Female,26-35,Active,33.0,340.0,East,18400.0,1,1
9766,Female,46-55,Active,68.0,1900.0,East,43000.0,1,9
3795,Female,26-35,Active,0.0,0.0,East,26200.0,1,0
9843,Male,56+,Inactive,61.0,710.0,East,29400.0,0,6
1442,Male,26-35,Active,41.0,1400.0,North,35800.0,1,0
3834,Female,46-55,New,38.0,750.0,South,31100.0,0,1
2689,Male,18-25,New,24.0,,North,49400.0,1,3
1019,Male,18-25,Active,57.0,2650.0,,83300.0,1,8
3147,Female,56+,Active,22.0,690.0,West,36300.0,0,2
6238,Female,26-35,Active,17.0,850.0,South,57400.0,1,3
1577,Female,26-35,Active,29.0,1390.0,South,55400.0,1,3
8529,Female,36-45,Active,85.0,1440.0,East,30500.0,1,7
1104,Female,36-45,New,67.0,1950.0,South,53400.0,0,8
8211,Male,18-25,Active,65.0,1230.0,South,34500.0,1,7
7226,Male,26-35,New,80.0,3190.0,,50500.0,1,2
2535,Female,26-35,Inactive,63.0,2880.0,East,60500.0,1,8
3382,Female,26-35,Inactive,34.0,1070.0,East,75700.0,1,4
4507,Male,46-55,Active,58.0,1180.0,East,27000.0,1,4
2109,Male,26-35,Active,96.0,4400.0,East,46900.0,0,7
8702,Female,36-45,Active,84.0,3150.0,North,56000.0,1,4
4113,Female,26-35,Inactive,36.0,1700.0,East,81700.0,0,6
8303,Male,18-25,Active,104.0,1610.0,South,33200.0,1,9
9276,Male,18-25,Active,3.0,100.0,West,46600.0,1,0
9825,Male,26-35,Active,44.0,1610.0,South,57200.0,1,2
2819,Male,26-35,Active,15.0,210.0,South,29100.0,1,1
6849,Male,18-25,Active,120.0,3600.0,East,37600.0,1,5
9384,Female,36-45,Active,105.0,1860.0,North,25800.0,1,13
9458,Male,56+,Inactive,3.0,140.0,East,45800.0,0,1
1600,Male,18-25,Inactive,103.0,2170.0,West,,1,4
218,Male,18-25,Active,86.0,4250.0,South,72400.0,1,9
2228,Male,26-35,Active,80.0,3450.0,South,68700.0,1,3
9590,Male,26-35,Active,31.0,1970.0,,97900.0,1,3
8457,Female,36-45,Inactive,60.0,1970.0,South,36600.0,0,7
1035,Male,46-55,Active,78.0,1900.0,East,34800.0,1,3
9981,Male,18-25,Active,15.0,660.0,West,60300.0,1,1
4044,Female,46-55,New,96.0,2390.0,North,,1,9
4449,Female,36-45,Inactive,36.0,680.0,East,41400.0,1,6
1684,Male,56+,Inactive,4.0,210.0,South,,0,2
2681,Female,56+,Active,91.0,5900.0,North,66900.0,1,9
907,Female,36-45,Inactive,19.0,260.0,South,15000.0,0,1
4462,Male,36-45,New,15.0,660.0,North,88600.0,1,1
7388,Male,36-45,Active,80.0,1740.0,West,22000.0,1,3
8861,Male,36-45,Active,116.0,3790.0,North,35900.0,1,7
6679,Male,46-55,New,16.0,560.0,West,39000.0,0,3
3769,Female,26-35,Active,109.0,2940.0,West,35500.0,1,3
4631,Male,18-25,Active,86.0,2820.0,South,62100.0,0,5
7973,Female,26-35,Inactive,81.0,2910.0,West,51700.0,0,6
5310,Male,26-35,Inactive,42.0,1620.0,East,65600.0,0,3
7808,Male,46-55,Active,13.0,780.0,West,63400.0,0,1
7809,Female,18-25,Active,73.0,2610.0,East,47200.0,0,8
8511,Male,36-45,Active,51.0,2460.0,South,,0,4
3750,Male,36-45,Active,17.0,,West,19800.0,0,5
7357,Female,36-45,Active,86.0,1040.0,South,18900.0,1,7
853,Female,36-45,Active,30.0,810.0,West,68300.0,1,4
6861,Male,46-55,Inactive,117.0,1440.0,,22200.0,1,4
3786,Female,36-45,Active,37.0,1310.0,North,45400.0,1,3
7629,Male,56+,Active,84.0,2740.0,East,34700.0,0,9
4376,Male,26-35,New,80.0,6170.0,South,115000.0,1,4
3150,Male,26-35,Active,7.0,400.0,East,70800.0,0,5
4976,Male,36-45,Inactive,117.0,2040.0,North,42700.0,0,9
5205,Male,18-25,Active,96.0,1850.0,West,26000.0,0,6
4937,Male,36-45,Active,,1540.0,East,35700.0,1,5
9186,Female,36-45,New,72.0,4440.0,West,85200.0,1,10
9438,Female,36-45,Active,79.0,1460.0,North,23400.0,0,4
748,Male,46-55,New,107.0,5690.0,East,66100.0,1,11
7263,Female,18-25,Active,118.0,6650.0,East,60500.0,1,6
348,Male,36-45,Inactive,40.0,1720.0,East,46700.0,1,3
9760,Male,36-45,Inactive,82.0,4320.0,North,62400.0,1,6
2909,Female,26-35,Active,62.0,2390.0,North,60600.0,1,4
9134,Female,36-45,Active,108.0,,West,31400.0,1,7
7016,Female,18-25,Active,58.0,1880.0,East,,0,5
1806,Female,36-45,Active,107.0,2720.0,North,26700.0,1,9
2771,Male,36-45,Active,54.0,2790.0,West,69300.0,1,9
9391,Female,26-35,Active,85.0,900.0,North,26100.0,1,6
4282,Male,18-25,Active,53.0,2090.0,East,,1,4
1374,Female,56+,New,13.0,390.0,North,35100.0,1,1
8754,Female,18-25,Active,72.0,1640.0,South,45900.0,1,2
3079,Female,36-45,Active,22.0,570.0,West,31800.0,0,1
7434,Male,26-35,Inactive,113.0,3970.0,East,74300.0,1,10
4873,Female,46-55,Active,43.0,1090.0,East,63300.0,1,5
2520,Male,18-25,Active,58.0,3460.0,North,60600.0,1,8
1759,Female,26-35,Active,35.0,660.0,South,26100.0,1,2
3460,Female,26-35,Inactive,27.0,630.0,North,42800.0,1,2
764,Male,46-55,Inactive,104.0,3560.0,North,37700.0,1,4
8275,Male,26-35,Active,109.0,2920.0,West,30400.0,0,11
9525,Male,46-55,Active,13.0,290.0,North,48200.0,0,3
8885,Female,26-35,Active,98.0,5520.0,South,65800.0,1,8
4229,Female,46-55,New,70.0,1040.0,South,28600.0,0,4
1223,Female,18-25,New,61.0,1910.0,North,31800.0,1,7
8865,Male,46-55,Inactive,50.0,2680.0,East,79400.0,0,5
4746,Male,46-55,Active,38.0,1580.0,North,43400.0,1,4
4280,Female,26-35,New,51.0,1390.0,West,43800.0,1,6
5551,Male,36-45,New,34.0,670.0,East,49100.0,0,2
8070,Female,26-35,Inactive,44.0,1200.0,East,51600.0,0,5
3853,Male,26-35,Active,26.0,490.0,North,26500.0,0,7
2190,Female,18-25,Active,103.0,4540.0,East,45900.0,1,11
709,Male,36-45,Inactive,38.0,,North,39000.0,0,3
510,Male,46-55,Active,3.0,70.0,South,,0,2
7359,Male,36-45,New,49.0,1340.0,South,40800.0,1,4
7601,Female,36-45,New,77.0,3310.0,East,47700.0,1,6
6395,Female,18-25,Active,61.0,1030.0,North,32200.0,1,9
4281,Male,26-35,New,106.0,2380.0,East,42400.0,1,7
9068,Female,46-55,Inactive,109.0,7670.0,North,70500.0,1,9
2361,Female,18-25,Active,19.0,400.0,North,26500.0,0,1
4246,Male,36-45,Active,99.0,4340.0,South,46900.0,0,11
6888,Male,46-55,Active,81.0,3760.0,East,55200.0,1,5
9914,Male,46-55,New,37.0,910.0,West,31400.0,0,3
4697,Male,18-25,Inactive,62.0,790.0,South,29000.0,1,9
3934,Male,26-35,Active,86.0,2570.0,North,63200.0,1,10
7839,Female,26-35,Active,67.0,1030.0,South,20400.0,0,2
712,Female,26-35,Active,64.0,2150.0,North,48700.0,1,10
6536,Male,18-25,New,30.0,,North,50000.0,1,3
9167,Female,46-55,New,48.0,1800.0,South,50100.0,1,4
3539,Male,26-35,Inactive,80.0,2940.0,East,72600.0,1,7
4673,Male,36-45,Active,6.0,150.0,North,29000.0,1,2
1373,Male,18-25,Inactive,106.0,1840.0,East,32800.0,1,7
713,Female,26-35,Active,,220.0,North,25800.0,1,1
2944,Male,46-55,Active,113.0,2610.0,North,44400.0,1,13
1246,Male,26-35,Active,59.0,1590.0,East,,0,2
5317,Male,36-45,New,,2300.0,,36600.0,0,7
3888,Female,46-55,Active,16.0,1450.0,North,,1,2
9650,Female,18-25,Active,26.0,340.0,South,30400.0,0,1
716,Male,26-35,New,2.0,20.0,North,24200.0,0,1
5808,Female,18-25,Active,50.0,760.0,South,21500.0,0,2
8697,Male,26-35,Active,75.0,2020.0,East,43700.0,1,6
5820,Male,36-45,Active,118.0,3440.0,North,47100.0,1,10
8841,Male,36-45,Inactive,69.0,1010.0,West,19800.0,0,6
3072,Female,18-25,Inactive,31.0,860.0,East,68500.0,0,6
7114,Female,46-55,Active,97.0,3100.0,North,45000.0,1,8
213,Male,18-25,New,21.0,340.0,South,22300.0,0,5
5095,Female,36-45,Active,45.0,850.0,West,19500.0,1,2
7189,Male,18-25,Active,18.0,320.0,South,20300.0,0,0
1011,Female,36-45,Active,38.0,630.0,East,30900.0,1,3
324,Female,36-45,Active,111.0,4150.0,South,51300.0,1,5
7431,Female,18-25,Active,2.0,100.0,North,56100.0,0,0
3904,Female,26-35,Inactive,43.0,1460.0,East,54300.0,0,2
9103,Female,36-45,Active,79.0,2790.0,South,74500.0,0,3
335,Male,18-25,New,63.0,720.0,South,19500.0,1,1
2546,Male,36-45,Active,114.0,2390.0,West,50900.0,1,10
2237,Male,36-45,Active,86.0,4680.0,North,133800.0,1,2
6537,Male,26-35,Inactive,41.0,760.0,North,21800.0,0,5
1884,Female,56+,Inactive,47.0,,North,27800.0,0,3
234,Female,26-35,Active,23.0,680.0,North,35600.0,1,1
2471,Male,36-45,New,96.0,,North,76100.0,1,5
3239,Male,26-35,Inactive,41.0,1110.0,South,30900.0,1,3
9154,Female,36-45,Active,41.0,1050.0,North,27600.0,1,3
2378,Female,46-55,Inactive,72.0,2740.0,,39200.0,1,6
7202,Male,18-25,Active,92.0,3690.0,South,48900.0,1,8
2824,Female,36-45,Inactive,20.0,360.0,West,26200.0,1,2
2089,Female,18-25,New,71.0,1680.0,North,53500.0,0,7
2099,Male,46-55,Inactive,57.0,1260.0,East,30500.0,0,5
1596,Female,26-35,Active,115.0,2830.0,East,26300.0,1,8
4598,Male,26-35,Active,67.0,640.0,West,19400.0,1,374
3329,Female,18-25,New,43.0,800.0,North,26000.0,1,6
4122,Female,26-35,New,70.0,1240.0,West,20600.0,0,4
2817,Male,56+,New,10.0,190.0,North,24500.0,0,1
775,Male,18-25,Active,63.0,490.0,North,15000.0,1,12
6940,Male,18-25,Active,97.0,4940.0,North,59400.0,1,5
872,Male,18-25,New,51.0,2440.0,East,57600.0,0,3
7501,Female,26-35,Active,54.0,1980.0,North,42200.0,0,5
1264,Female,26-35,New,119.0,2550.0,North,46700.0,1,12
5270,Female,18-25,Active,0.0,0.0,West,30000.0,1,0
4413,Female,18-25,Active,24.0,400.0,North,37600.0,1,1
6858,Male,46-55,New,74.0,2390.0,East,53700.0,1,6
5827,Female,26-35,New,23.0,860.0,North,45600.0,1,2
6690,Female,36-45,Active,94.0,1630.0,North,21000.0,1,11
1221,Male,26-35,New,84.0,2770.0,South,57000.0,1,6
1804,Female,36-45,New,90.0,4670.0,South,75700.0,0,8
1454,Female,18-25,Active,33.0,1390.0,South,46100.0,1,4
409,Male,36-45,Active,23.0,420.0,East,41100.0,1,2
9180,Male,26-35,Active,15.0,760.0,East,87700.0,1,0
5854,Male,26-35,Inactive,30.0,730.0,West,33500.0,0,4
4802,Male,36-45,Active,39.0,390.0,West,25700.0,1,2
2150,Male,36-45,Active,50.0,1400.0,East,33400.0,1,1
3708,Female,26-35,New,85.0,,South,25300.0,0,5
6700,Female,56+,Inactive,8.0,100.0,East,29200.0,0,1
7017,Male,46-55,Inactive,43.0,1140.0,West,41100.0,1,2
2134,Female,46-55,New,107.0,1190.0,East,25200.0,1,8
4171,Female,46-55,Active,13.0,450.0,West,55400.0,0,0
4735,Female,36-45,Active,4.0,60.0,North,28200.0,1,4
1672,Female,36-45,Active,84.0,1910.0,East,32500.0,1,10
3016,Female,18-25,Active,70.0,5960.0,West,101000.0,1,2
1924,Male,36-45,Inactive,20.0,340.0,West,30100.0,0,3
2037,Female,26-35,Active,59.0,2260.0,North,,1,7
8181,Male,26-35,Active,98.0,7600.0,East,84800.0,1,6
8594,Female,26-35,Active,45.0,1460.0,East,41200.0,0,5
2240,Female,46-55,New,71.0,1880.0,South,28500.0,0,9
4624,Female,36-45,Active,105.0,2250.0,West,31700.0,1,6
7144,Male,18-25,Active,84.0,2480.0,South,62900.0,1,8
7444,Male,36-45,Inactive,,1440.0,West,43400.0,1,6
1731,Female,46-55,Active,78.0,1680.0,North,26900.0,1,4
6638,Female,46-55,Inactive,61.0,1240.0,North,30500.0,0,5
9444,Male,36-45,New,82.0,2400.0,East,61600.0,1,9
7468,Male,26-35,New,48.0,2950.0,East,62000.0,1,4
4465,Male,46-55,New,107.0,3520.0,North,37500.0,0,10
6956,Female,18-25,Active,20.0,360.0,West,25300.0,0,2
7052,Male,26-35,Active,38.0,3090.0,West,84700.0,1,3
1784,Male,36-45,Active,45.0,1230.0,North,48500.0,1,1
1497,Female,18-25,Active,51.0,2080.0,West,49800.0,1,5
3376,Male,46-55,Active,105.0,1990.0,West,31000.0,1,12
5552,Male,26-35,New,94.0,2840.0,South,38300.0,0,6
4848,Female,26-35,New,72.0,1660.0,North,39800.0,0,6
8249,Male,56+,Inactive,95.0,1720.0,South,31400.0,0,6
4813,Female,46-55,Inactive,58.0,480.0,West,15500.0,1,7
7750,Female,26-35,Inactive,41.0,820.0,East,48600.0,1,4
8283,Male,56+,New,22.0,450.0,South,31300.0,0,4
746,Female,26-35,Inactive,50.0,1590.0,South,40100.0,0,1
711,Female,46-55,Inactive,16.0,1000.0,West,86700.0,0,2
380,Female,18-25,Active,116.0,2310.0,North,51400.0,1,10
7172,Female,36-45,New,24.0,1860.0,South,94400.0,0,1
7665,Male,18-25,Active,115.0,2630.0,West,49200.0,1,8
8896,Male,26-35,Active,45.0,1560.0,North,50700.0,1,6
7214,Female,56+,Active,106.0,3330.0,West,32900.0,1,9
4464,Female,26-35,New,20.0,530.0,West,71200.0,1,4
9690,Male,26-35,Active,90.0,3260.0,,45100.0,1,9
4829,Female,26-35,New,,3400.0,North,63900.0,1,8
6486,Female,56+,New,34.0,580.0,East,40600.0,0,7
7689,Male,46-55,Inactive,87.0,2940.0,South,39300.0,0,6
3533,Female,18-25,Active,64.0,,East,31200.0,1,1
6729,Female,46-55,Inactive,58.0,560.0,West,19400.0,1,6
9046,Male,46-55,Inactive,18.0,750.0,East,48200.0,0,434
9039,Male,36-45,New,54.0,2330.0,South,62200.0,1,8
1314,Male,18-25,New,101.0,2120.0,East,37600.0,1,3
4701,Female,56+,Active,98.0,4580.0,West,53200.0,0,6
9506,Female,36-45,Active,16.0,660.0,South,42100.0,1,2
7999,Male,46-55,Active,79.0,1540.0,East,43700.0,1,8
6889,Female,18-25,Active,101.0,3570.0,North,46100.0,1,9
1659,Male,18-25,Active,103.0,2960.0,South,35400.0,1,7
1286,Female,26-35,New,118.0,2360.0,South,46800.0,1,7
4420,Female,18-25,Inactive,57.0,1630.0,West,74800.0,1,8
4536,Male,36-45,New,7.0,,South,42500.0,0,4
1350,Male,56+,New,42.0,2010.0,West,72500.0,0,1
4473,Female,18-25,Active,96.0,2940.0,West,47900.0,1,8
8971,Female,26-35,Active,50.0,650.0,West,17500.0,0,3
8440,Male,18-25,Active,26.0,1350.0,South,67100.0,1,6
9017,Female,36-45,Active,24.0,960.0,North,48400.0,1,1
428,Female,46-55,Inactive,65.0,2930.0,South,75500.0,0,2
654,Male,18-25,Active,85.0,3200.0,East,43600.0,0,8
8653,Female,46-55,New,40.0,830.0,West,28000.0,1,1
7537,Female,36-45,New,49.0,1740.0,West,50400.0,0,3
7801,Male,36-45,Active,54.0,1050.0,North,29800.0,0,6
5112,Female,26-35,Active,107.0,2600.0,East,35000.0,1,7
4984,Male,36-45,Active,11.0,790.0,East,82100.0,1,3
5462,Male,36-45,Active,101.0,6610.0,South,69300.0,1,11
8544,Female,36-45,Inactive,93.0,2560.0,North,44500.0,0,5
7728,Male,56+,Active,117.0,1260.0,North,24100.0,1,8
5255,Female,18-25,Active,119.0,2560.0,North,52600.0,1,10
2169,Male,26-35,Inactive,,1160.0,,50300.0,0,3
612,Female,18-25,Inactive,2.0,40.0,,31700.0,1,1
7307,Male,26-35,Active,71.0,990.0,South,28500.0,1,2
8515,Male,26-35,Active,100.0,5040.0,,75400.0,1,12
7305,Female,46-55,New,23.0,990.0,South,59200.0,1,1
4594,Male,46-55,Inactive,63.0,3690.0,West,69600.0,0,7
3380,Female,46-55,Active,87.0,4020.0,South,60300.0,0,4
9783,Female,26-35,Inactive,119.0,2650.0,North,39800.0,0,5
555,Male,46-55,New,80.0,3110.0,West,54900.0,0,7
2679,Female,26-35,Active,33.0,840.0,South,51100.0,1,3
512,Female,46-55,New,113.0,2690.0,North,61300.0,1,11
8499,Female,46-55,New,83.0,3650.0,South,66800.0,1,8
8340,Female,26-35,Active,71.0,1120.0,South,40200.0,1,9
968,Male,56+,Active,81.0,1000.0,South,32100.0,0,6
9675,Male,36-45,Active,78.0,3560.0,West,56200.0,1,7
9723,Female,26-35,New,44.0,2550.0,South,74100.0,0,6
9597,Male,26-35,Inactive,111.0,7960.0,West,78200.0,1,8
5268,Female,18-25,Active,79.0,,North,43200.0,1,6
4112,Female,26-35,New,,120.0,West,23800.0,0,0
6706,Female,26-35,Inactive,8.0,140.0,South,36200.0,1,2
4302,Female,36-45,New,89.0,2520.0,West,32400.0,1,6
3028,Female,26-35,Active,35.0,3190.0,,100200.0,1,2
4099,Female,56+,Active,111.0,1370.0,,15000.0,1,9
3890,Male,18-25,New,55.0,1490.0,West,48600.0,0,3
2454,Female,36-45,Active,31.0,1180.0,South,51900.0,1,1
4242,Female,18-25,New,21.0,440.0,North,25000.0,0,2
9975,Female,18-25,New,36.0,1480.0,South,74900.0,1,3
8488,Male,18-25,Active,98.0,4410.0,North,,1,8
1110,Male,26-35,Active,102.0,2390.0,West,44800.0,1,11
6437,Female,26-35,New,24.0,550.0,West,34000.0,0,5
8257,Female,26-35,Inactive,89.0,2320.0,South,,0,5
1039,Male,36-45,New,106.0,2820.0,East,51800.0,0,8
1195,Female,36-45,New,25.0,900.0,South,46900.0,0,3
4383,Male,36-45,Active,46.0,940.0,South,27500.0,1,6
4276,Male,36-45,Active,67.0,3150.0,South,49000.0,0,5
7208,Male,18-25,Active,34.0,2240.0,West,79200.0,0,1
9886,Female,18-25,Inactive,70.0,3470.0,West,56000.0,1,4
9011,Male,18-25,Active,111.0,2080.0,East,27600.0,1,13
2541,Female,26-35,Active,53.0,3570.0,South,68600.0,1,3
935,Female,26-35,Active,112.0,2380.0,West,42700.0,1,12
1942,Female,26-35,Active,92.0,3110.0,North,54700.0,1,8
8269,Female,18-25,New,106.0,3120.0,East,,1,5
395,Male,36-45,Inactive,12.0,430.0,West,51400.0,0,2
2518,Male,26-35,Active,44.0,2640.0,South,85000.0,1,2
7672,Male,26-35,Inactive,55.0,1230.0,South,52200.0,1,7
9203,Male,26-35,Active,109.0,2120.0,East,22900.0,1,10
3705,Male,18-25,New,31.0,1030.0,West,36100.0,0,6
9982,Male,26-35,Active,78.0,890.0,North,23400.0,1,3
9725,Female,26-35,Active,15.0,230.0,North,,1,2
1298,Male,46-55,New,95.0,1970.0,South,40700.0,1,12
9733,Female,26-35,Active,111.0,2990.0,West,61200.0,1,12
1163,Female,26-35,Active,74.0,1560.0,West,41500.0,1,6
4293,Male,36-45,New,71.0,1100.0,South,30700.0,1,5
7227,Male,26-35,New,114.0,2340.0,East,48400.0,1,10
1528,Female,36-45,Inactive,3.0,60.0,North,37100.0,0,1
9028,Female,18-25,Active,114.0,3290.0,West,30200.0,1,8
3018,Male,26-35,Active,102.0,5200.0,East,60100.0,1,8
6990,Male,36-45,Active,51.0,1550.0,South,35900.0,1,5
59,Male,36-45,Active,31.0,370.0,South,28300.0,1,2
9967,Male,36-45,Active,5.0,390.0,North,97300.0,1,1
8052,Female,26-35,New,31.0,580.0,South,31100.0,0,2
3626,Female,36-45,Inactive,93.0,4090.0,South,46100.0,0,5
8650,Female,18-25,New,65.0,5900.0,North,110300.0,1,4
6322,Male,36-45,Active,68.0,2290.0,East,51000.0,1,3
3652,Male,26-35,Active,45.0,1600.0,West,38300.0,1,0
6084,Male,46-55,New,67.0,,North,29900.0,0,5
8351,Female,26-35,Active,79.0,3470.0,North,54900.0,1,6
7157,Female,36-45,Active,109.0,2230.0,North,22100.0,1,8
7608,Male,18-25,Active,49.0,760.0,South,24100.0,1,3
9939,Female,26-35,Inactive,72.0,2160.0,,58400.0,0,6
677,Female,26-35,Inactive,94.0,1930.0,South,25900.0,1,7
3648,Male,46-55,Inactive,49.0,910.0,South,30300.0,0,3
3722,Female,26-35,Inactive,10.0,,North,23800.0,0,1
7464,Female,26-35,Active,,2570.0,West,71500.0,0,10
9539,Female,18-25,New,111.0,4780.0,South,57900.0,0,5
6218,Female,26-35,Inactive,64.0,1370.0,South,41800.0,0,5
3405,Female,18-25,Active,17.0,290.0,East,23900.0,1,1
9980,Male,26-35,New,120.0,6540.0,North,55600.0,0,14
2158,Male,36-45,New,83.0,1500.0,,18700.0,0,10
4356,Female,46-55,New,3.0,120.0,East,48500.0,1,0
6438,Male,46-55,Active,76.0,4100.0,West,86200.0,1,5
5245,Female,46-55,New,119.0,4660.0,North,49900.0,1,13
9499,Female,26-35,New,83.0,2160.0,North,38800.0,1,7
867,Female,18-25,New,89.0,4660.0,South,58100.0,1,3
3232,Male,36-45,Active,41.0,1910.0,East,55100.0,1,4
7891,Female,18-25,Active,87.0,1700.0,South,22600.0,0,7
4608,Male,36-45,Active,96.0,2420.0,West,41200.0,0,8
4300,Female,36-45,Active,105.0,,North,69100.0,1,4
6955,Female,36-45,Active,105.0,1550.0,West,29000.0,1,10
4817,Male,36-45,Active,12.0,320.0,North,29800.0,1,1
6910,Male,36-45,Inactive,21.0,210.0,North,25900.0,0,4
9619,Female,26-35,Inactive,5.0,70.0,East,19800.0,0,2
5332,Female,36-45,Active,97.0,1270.0,South,17200.0,1,7
1767,Female,36-45,Active,95.0,4080.0,North,74500.0,1,3
8178,Female,26-35,Active,52.0,1350.0,South,55600.0,1,2
9740,Female,26-35,Active,24.0,,South,37100.0,1,3
8845,Female,26-35,New,94.0,2970.0,North,,1,7
7912,Male,36-45,Active,89.0,,West,27600.0,1,9
1211,Female,36-45,Active,82.0,980.0,North,21800.0,1,9
7921,Female,26-35,Active,48.0,1680.0,South,39300.0,1,9
2317,Male,46-55,Inactive,55.0,3070.0,East,73400.0,0,8
2233,Male,18-25,Inactive,3.0,40.0,North,28900.0,0,3
2056,Female,36-45,New,45.0,1200.0,North,31000.0,0,5
8558,Female,26-35,Active,49.0,1140.0,West,30300.0,0,0
9714,Female,26-35,Active,9.0,120.0,West,30200.0,0,3
4884,Male,18-25,Inactive,90.0,2500.0,East,49300.0,0,4
4685,Female,26-35,Active,3.0,90.0,West,38200.0,1,0
3013,Female,56+,Inactive,6.0,200.0,East,45600.0,1,0
7062,Male,18-25,Active,12.0,240.0,South,21400.0,1,0
618,Male,36-45,Inactive,16.0,95039.53032835071,North,31800.0,1,2
8455,Male,46-55,New,32.0,490.0,North,30700.0,1,9
5274,Female,36-45,Active,103.0,2950.0,West,51500.0,1,9
1892,Female,18-25,Inactive,4.0,130.0,North,38800.0,0,1
8564,Male,18-25,New,37.0,920.0,West,36600.0,1,4
767,Male,26-35,Inactive,55.0,570.0,South,19400.0,0,8
2508,Female,26-35,Inactive,77.0,1510.0,South,23900.0,0,4
5327,Female,26-35,Active,88.0,650.0,South,19300.0,1,9
5352,Female,36-45,New,37.0,1230.0,South,61700.0,0,5
1145,Male,18-25,Inactive,51.0,1370.0,North,27700.0,0,13
5031,Male,46-55,Inactive,116.0,7520.0,North,66500.0,1,14
2693,Female,56+,Active,93.0,2430.0,South,66000.0,0,4
463,Female,18-25,Active,114.0,8730.0,North,80400.0,0,6
6847,Male,26-35,New,61.0,2330.0,East,41600.0,1,8
4036,Male,36-45,New,56.0,990.0,North,32000.0,0,5
6631,Female,18-25,New,15.0,1250.0,South,136200.0,0,1
7667,Female,26-35,Active,93.0,2730.0,South,53500.0,1,7
4271,Female,46-55,Inactive,109.0,1390.0,East,15300.0,1,14
7064,Male,36-45,Inactive,65.0,810.0,East,30700.0,1,3
5904,Female,56+,Active,51.0,930.0,South,21600.0,0,8
8330,Female,26-35,Active,120.0,6320.0,North,57700.0,1,4
5171,Female,26-35,New,81.0,6560.0,South,108400.0,1,6
9372,Male,56+,Active,16.0,660.0,North,50500.0,0,3
7150,Female,18-25,Active,61.0,1160.0,North,40000.0,1,5
829,Female,36-45,Active,107.0,1830.0,South,42200.0,0,10
6544,Female,46-55,Active,91.0,5180.0,West,61500.0,1,9
8879,Male,26-35,Inactive,112.0,2750.0,North,34800.0,1,10
2459,Male,46-55,New,88.0,940.0,South,24600.0,1,11
3528,Male,18-25,Active,90.0,3440.0,South,43200.0,1,5
5796,Female,36-45,Active,42.0,,North,52100.0,0,3
5929,Female,26-35,New,105.0,3250.0,West,48100.0,1,13
7663,Female,18-25,Inactive,94.0,4090.0,East,54700.0,1,9
7153,Female,36-45,Active,20.0,670.0,West,52500.0,1,1
2883,Female,26-35,Active,96.0,2360.0,East,40600.0,1,8
4210,Male,26-35,New,94.0,3160.0,West,36300.0,1,6
21,Female,18-25,Inactive,74.0,1260.0,East,32400.0,1,5
4865,Female,18-25,Active,59.0,830.0,North,23100.0,1,6
2626,Male,36-45,New,43.0,1390.0,South,35400.0,1,6
4703,Male,36-45,New,41.0,3940.0,South,100200.0,0,5
1766,Male,18-25,Active,14.0,380.0,East,46400.0,1,2
8038,Female,36-45,Active,75.0,2550.0,East,34900.0,0,6
1296,Male,46-55,Active,76.0,1530.0,West,41600.0,1,4
3814,Male,36-45,Active,0.0,0.0,East,61500.0,1,1
592,Male,46-55,Active,24.0,750.0,South,32800.0,0,1
1407,Female,36-45,Active,85.0,,East,76600.0,1,12
222,Female,36-45,Active,60.0,570.0,East,22500.0,1,2
5666,Female,46-55,Active,52.0,2760.0,North,54600.0,0,6
7854,Female,26-35,New,58.0,730.0,East,18100.0,1,5
7037,Male,56+,Active,38.0,1270.0,West,47300.0,1,5
859,Male,36-45,New,24.0,1900.0,North,87500.0,1,0
1826,Male,26-35,New,87.0,2220.0,West,28900.0,1,7
2827,Female,46-55,Active,119.0,1440.0,South,20900.0,0,7
4699,Female,26-35,New,111.0,1900.0,West,37000.0,1,8
4467,Male,18-25,New,1.0,30.0,South,40600.0,1,1
5509,Female,18-25,Active,93.0,3260.0,North,70600.0,1,7
9244,Male,46-55,New,66.0,1630.0,East,65300.0,0,7
2761,Female,46-55,Active,39.0,620.0,West,,0,3
7334,Female,46-55,Inactive,17.0,760.0,North,83300.0,0,1
1656,Male,36-45,Active,104.0,6110.0,South,59100.0,1,11
995,Female,46-55,Active,46.0,2680.0,North,67500.0,1,4
7500,Male,26-35,Active,103.0,2120.0,North,40500.0,1,10
731,Male,26-35,Active,30.0,720.0,North,42200.0,1,2
9978,Female,26-35,Active,49.0,920.0,East,26000.0,1,1
4620,Female,18-25,Active,90.0,2310.0,,31100.0,1,5
6605,Female,36-45,New,58.0,600.0,West,21600.0,1,7
5571,Male,26-35,Active,21.0,480.0,East,40100.0,1,4
2708,Male,18-25,Active,87.0,1570.0,North,21300.0,1,10
8655,Male,46-55,Active,98.0,2520.0,East,42800.0,1,11
3035,Female,18-25,Active,31.0,900.0,West,37900.0,0,3
5738,Female,56+,Active,50.0,1130.0,West,51700.0,0,4
9612,Female,46-55,New,112.0,4470.0,West,61400.0,1,6
466,Female,46-55,Active,12.0,770.0,North,78100.0,1,3
9233,Female,36-45,Active,8.0,490.0,South,81500.0,0,3
6818,Male,18-25,New,104.0,5240.0,North,53300.0,0,8
9012,Female,36-45,New,61.0,880.0,South,18600.0,1,7
158,Female,46-55,Active,80.0,1320.0,North,26700.0,0,5
7773,Male,36-45,New,110.0,1460.0,North,31200.0,0,3
7676,Female,26-35,Active,19.0,600.0,South,34400.0,1,1
3210,Male,46-55,Inactive,42.0,2530.0,West,77400.0,1,3
186,Female,18-25,Inactive,15.0,1160.0,West,79900.0,0,1
1003,Male,46-55,Active,11.0,230.0,South,38200.0,1,4
5264,Female,26-35,Inactive,71.0,590.0,West,15200.0,1,8
7708,Female,26-35,Active,26.0,2270.0,West,88500.0,0,2
401,Male,56+,New,61.0,1800.0,East,59600.0,0,5
3152,Female,46-55,Inactive,104.0,2890.0,South,71500.0,1,7
9350,Male,46-55,New,7.0,160.0,West,34400.0,0,2
3334,Male,26-35,Active,35.0,1520.0,East,46600.0,0,6
9633,Male,26-35,Active,98.0,5100.0,East,54700.0,1,5
6142,Male,26-35,New,2.0,80.0,East,52600.0,1,1
1982,Male,26-35,Active,46.0,980.0,East,25200.0,1,2
6365,Female,26-35,Active,30.0,560.0,South,33000.0,1,4
3339,Male,36-45,Active,45.0,690.0,West,25600.0,1,2
1865,Female,26-35,Active,72.0,,West,,0,9
1251,Male,26-35,New,97.0,,West,62000.0,0,11
9805,Male,18-25,Active,82.0,2750.0,West,46800.0,1,6
5072,Male,46-55,Active,81.0,720.0,South,,1,9
60,Male,56+,Inactive,105.0,2560.0,North,52400.0,0,1
8652,Female,46-55,Active,104.0,2530.0,South,33000.0,1,5
1114,Female,26-35,Active,1.0,20.0,East,29400.0,0,0
8452,Male,56+,Active,34.0,600.0,West,37600.0,0,4
3556,Female,18-25,Inactive,84.0,3570.0,South,68000.0,0,1
1329,Male,46-55,Active,62.0,,East,57800.0,1,2
9249,Female,36-45,Active,110.0,1310.0,North,28600.0,0,13
6741,Female,36-45,Active,90.0,3720.0,South,42000.0,1,5
2234,Female,18-25,Active,63.0,1640.0,East,39900.0,1,6
9080,Male,26-35,Active,5.0,,South,54100.0,1,3
4930,Male,26-35,New,96.0,2110.0,East,,1,4
8584,Male,56+,Active,1.0,50.0,East,51500.0,0,0
5580,Female,26-35,Inactive,105.0,3810.0,,48000.0,0,9
7631,Female,36-45,Active,96.0,1220.0,South,21800.0,1,8
4611,Female,18-25,New,79.0,800.0,West,,1,13
1551,Male,18-25,New,35.0,790.0,South,55000.0,1,5
1010,Female,46-55,Active,42.0,1130.0,East,29100.0,0,1
5012,Female,26-35,New,97.0,6580.0,South,79800.0,1,3
4322,Female,36-45,Active,108.0,2030.0,South,34200.0,0,6
6488,Female,56+,Active,49.0,830.0,North,35600.0,1,6
4054,Male,46-55,New,25.0,850.0,East,57500.0,0,4
4405,Female,56+,Active,48.0,860.0,South,26700.0,1,2
2702,Female,36-45,Active,98.0,1650.0,South,26500.0,1,3
2111,Female,26-35,Active,30.0,830.0,West,55200.0,1,2
6667,Female,36-45,New,19.0,550.0,East,33100.0,1,2
8143,Male,56+,Active,104.0,5850.0,East,59300.0,1,6
7503,Male,18-25,Active,66.0,1640.0,South,27400.0,0,9
1196,Male,36-45,Active,18.0,260.0,North,30500.0,1,0
9601,Female,26-35,Active,36.0,1290.0,South,37300.0,1,3
880,Female,46-55,New,114.0,1390.0,,20300.0,0,10
4378,Male,36-45,Active,26.0,350.0,West,22500.0,1,5
2524,Female,26-35,New,45.0,480.0,West,15100.0,1,3
3316,Male,26-35,Active,100.0,2560.0,South,32500.0,1,12
4368,Female,46-55,Active,,1590.0,North,52200.0,1,1
7564,Male,36-45,Active,43.0,820.0,East,34500.0,1,5
2019,Female,36-45,Active,100.0,2830.0,North,50700.0,1,7
4914,Female,26-35,Active,57.0,3430.0,West,123900.0,1,6
5157,Male,26-35,New,72.0,4260.0,South,77800.0,1,3
884,Female,46-55,New,59.0,1950.0,West,36600.0,1,6
6082,Male,36-45,Active,47.0,1380.0,West,40400.0,1,2
4540,Male,46-55,Active,6.0,270.0,West,61400.0,1,1
4834,Female,26-35,New,33.0,1090.0,East,46100.0,1,5
212,Female,26-35,Active,37.0,840.0,East,25600.0,1,8
5020,Male,26-35,Active,29.0,490.0,South,30400.0,0,0
6007,Female,46-55,Inactive,9.0,330.0,South,47100.0,0,0
5641,Male,18-25,Active,26.0,1100.0,West,60200.0,1,1
9921,Male,18-25,New,,2340.0,West,52800.0,1,13
9874,Male,26-35,New,119.0,1380.0,East,17600.0,1,14
9823,Female,18-25,Inactive,4.0,140.0,North,51400.0,0,2
1439,Female,36-45,Active,14.0,200.0,North,35900.0,0,1
468,Female,18-25,New,63.0,1570.0,South,43300.0,1,4
8301,Female,36-45,Active,120.0,1860.0,North,33100.0,1,10
4542,Male,56+,Active,111.0,4050.0,North,37900.0,1,7
9241,Male,36-45,New,65.0,4280.0,South,87600.0,1,3
8645,Male,36-45,New,50.0,1970.0,East,44200.0,1,5
697,Female,26-35,Active,35.0,610.0,North,37500.0,1,1
6523,Male,46-55,Active,104.0,3770.0,South,41400.0,1,9
9182,Male,36-45,Active,61.0,1620.0,North,30100.0,1,5
4353,Female,36-45,Active,49.0,2000.0,North,41600.0,0,8
6934,Female,36-45,New,69.0,1210.0,East,28500.0,1,4
1315,Male,18-25,Inactive,54.0,3120.0,North,119800.0,1,2
3026,Male,18-25,Active,68.0,2010.0,North,32800.0,1,5
2555,Male,56+,New,40.0,630.0,East,26400.0,0,2
4032,Male,36-45,Active,,1280.0,North,33500.0,1,11
4666,Male,26-35,New,84.0,2250.0,North,39300.0,1,8
915,Female,56+,Active,48.0,1740.0,North,51300.0,1,5
13,Female,18-25,Active,112.0,5960.0,North,80300.0,1,9
8892,Female,36-45,Active,80.0,2940.0,West,43200.0,1,9
6484,Female,18-25,Active,63.0,680.0,North,23400.0,1,5
1537,Female,26-35,Active,66.0,2960.0,East,77300.0,1,12
737,Male,26-35,Active,101.0,2510.0,North,46600.0,1,9
5145,Male,26-35,Active,5.0,70.0,North,39600.0,0,1
8690,Female,18-25,Active,9.0,100.0,South,25100.0,1,3
454,Male,18-25,Active,52.0,2830.0,West,55700.0,1,6
5266,Male,18-25,Active,32.0,670.0,North,33000.0,0,4
928,Female,46-55,Active,49.0,1010.0,East,39000.0,1,6
2836,Female,18-25,Active,50.0,730.0,West,15000.0,0,5
4485,Female,26-35,Active,26.0,430.0,South,22900.0,0,0
2200,Female,36-45,Inactive,80.0,1540.0,West,28800.0,1,7
8414,Male,18-25,Active,46.0,1470.0,West,58400.0,1,1
38,Female,36-45,Active,64.0,2340.0,West,50900.0,1,5
5803,Female,26-35,Inactive,83.0,1070.0,West,22100.0,0,6
9214,Male,26-35,Active,44.0,580.0,South,21600.0,0,6
7696,Female,46-55,Inactive,79.0,4400.0,South,79200.0,1,8
3974,Male,26-35,Active,15.0,210.0,South,30000.0,1,1
4534,Female,26-35,Inactive,68.0,2700.0,West,49800.0,1,9
941,Male,36-45,Inactive,111.0,2980.0,East,34200.0,0,12
7259,Female,26-35,Active,24.0,1090.0,North,50800.0,1,1
9057,Female,36-45,Inactive,69.0,1230.0,East,44100.0,0,5
8828,Female,26-35,Inactive,101.0,3040.0,West,53800.0,1,10
8562,Male,36-45,Active,110.0,,South,35000.0,1,6
2184,Male,36-45,New,85.0,2920.0,South,38600.0,0,5
3111,Male,26-35,Active,38.0,910.0,North,39000.0,1,5
2276,Male,26-35,Inactive,113.0,4350.0,North,64600.0,1,5
739,Male,36-45,Active,108.0,1760.0,West,37600.0,1,10
539,Male,26-35,Active,90.0,1110.0,East,27500.0,1,8
4726,Male,36-45,New,67.0,2130.0,South,33700.0,0,8
2151,Female,18-25,Inactive,30.0,510.0,West,32500.0,0,0
1401,Male,46-55,Active,20.0,730.0,South,65600.0,1,4
4111,Male,56+,Active,57.0,3090.0,South,61000.0,0,11
5182,Male,46-55,New,49.0,1110.0,South,38800.0,1,3
3015,Male,26-35,New,99.0,2960.0,West,36100.0,1,8
4230,Male,26-35,Active,28.0,930.0,South,35800.0,1,2
7580,Male,26-35,Active,88.0,,,81400.0,1,1
7039,Female,18-25,New,66.0,2270.0,North,36200.0,1,5
3942,Male,26-35,Inactive,88.0,1110.0,North,17300.0,0,4
8832,Female,46-55,Inactive,92.0,1030.0,South,24000.0,0,6
8029,Female,36-45,Active,79.0,1490.0,North,32500.0,1,6
2031,Male,18-25,Active,80.0,2940.0,North,58600.0,1,6
2484,Male,46-55,Inactive,20.0,1630.0,East,,0,1
4574,Male,26-35,Active,24.0,270.0,North,18200.0,0,2
3062,Male,56+,Active,69.0,2310.0,East,49700.0,1,5
4065,Male,26-35,Active,54.0,1530.0,West,33400.0,0,5
3519,Female,26-35,Active,,270.0,West,58300.0,0,2
8701,Male,36-45,New,50.0,2160.0,North,89700.0,0,3
9721,Female,26-35,Active,78.0,2610.0,North,37200.0,1,7
5860,Male,56+,Active,28.0,640.0,South,50000.0,1,1
7270,Male,36-45,New,110.0,8940.0,North,102700.0,1,9
2738,Female,56+,New,,1540.0,East,34100.0,0,3
4092,Female,36-45,Inactive,66.0,940.0,East,29100.0,1,3
4514,Male,36-45,Active,31.0,530.0,South,22200.0,0,5
4686,Male,56+,Active,26.0,460.0,East,18100.0,0,2
7804,Female,36-45,Active,4.0,120.0,North,35300.0,1,2
8280,Male,26-35,Inactive,10.0,230.0,West,,0,0
7437,Male,26-35,New,13.0,320.0,South,45200.0,0,5
1740,Female,36-45,Inactive,82.0,1400.0,West,29600.0,0,5
2754,Male,18-25,Active,114.0,2690.0,West,52200.0,1,10
6452,Male,36-45,Inactive,44.0,1640.0,South,43400.0,1,5
8278,Female,36-45,Inactive,,3350.0,South,101100.0,1,5
6088,Male,18-25,New,94.0,2520.0,West,42200.0,1,11
1887,Male,56+,Inactive,84.0,4390.0,West,55300.0,1,12
6058,Female,36-45,New,112.0,1940.0,North,21900.0,1,7
7788,Female,18-25,New,111.0,3080.0,South,28100.0,1,7
4066,Female,36-45,Active,42.0,820.0,North,,1,5
6979,Female,46-55,Active,22.0,450.0,North,38400.0,1,4
5034,Female,18-25,Active,109.0,3200.0,West,69100.0,1,8
1564,Female,18-25,Active,56.0,970.0,North,23800.0,1,8
6682,Female,36-45,Active,-5.0,1910.0,West,24000.0,1,13
3510,Male,46-55,Inactive,23.0,350.0,West,32700.0,1,1
9647,Male,46-55,Active,105.0,4610.0,South,50700.0,0,11
6552,Male,36-45,Active,85.0,3530.0,West,75000.0,1,7
8140,Male,26-35,Inactive,100.0,3910.0,South,55000.0,0,8
8566,Male,36-45,Active,15.0,460.0,East,32700.0,1,0
2923,Male,18-25,Active,103.0,3300.0,East,45800.0,0,12
2292,Female,36-45,Active,48.0,1440.0,West,39600.0,1,6
6341,Female,36-45,Inactive,38.0,1150.0,North,45200.0,0,3
4278,Female,18-25,Active,90.0,2730.0,South,47800.0,1,9
9312,Female,46-55,New,15.0,540.0,West,37500.0,0,1
3133,Male,26-35,Active,45.0,3320.0,East,94000.0,1,7
8067,Male,18-25,Active,84.0,3060.0,North,79500.0,1,7
6975,Female,56+,New,45.0,1350.0,North,35900.0,0,1
2110,Male,18-25,Active,79.0,1580.0,South,28800.0,1,5
4386,Female,36-45,New,97.0,3270.0,West,52000.0,0,3
8476,Male,26-35,Active,32.0,1830.0,,73900.0,1,5
1347,Male,36-45,Active,44.0,2690.0,North,91500.0,1,6
7149,Female,26-35,Inactive,41.0,610.0,East,15000.0,0,5
8985,Female,46-55,Active,23.0,630.0,North,36900.0,0,1
6212,Female,26-35,New,91.0,1100.0,South,18900.0,1,6
8149,Female,46-55,New,98.0,2690.0,East,62900.0,0,9
1792,Male,36-45,Active,19.0,710.0,East,37800.0,0,3
5215,Male,26-35,New,79.0,3120.0,East,53800.0,1,4
8746,Male,46-55,New,28.0,790.0,North,45600.0,0,1
9271,Male,18-25,Inactive,8.0,200.0,South,42700.0,0,1
9959,Male,18-25,New,81.0,3810.0,North,75300.0,0,12
6144,Female,56+,Active,18.0,230.0,West,21600.0,1,2
3990,Female,26-35,Active,25.0,380.0,North,18900.0,1,3
3882,Female,18-25,New,39.0,1070.0,West,31600.0,0,2
8497,Male,18-25,Active,35.0,360.0,East,24700.0,0,2
834,Female,36-45,Active,65.0,2530.0,West,42700.0,1,9
6556,Male,18-25,Active,109.0,,West,37400.0,1,14
7458,Female,36-45,Inactive,104.0,840.0,South,15000.0,0,9
8050,Female,26-35,Inactive,11.0,,East,15000.0,1,1
5156,Male,46-55,New,4.0,60.0,East,19900.0,0,0
64,Female,18-25,New,87.0,8160.0,West,94500.0,1,10
5080,Female,18-25,Active,118.0,2280.0,North,28500.0,0,11
3678,Female,26-35,New,53.0,2220.0,South,56700.0,0,3
3051,Female,18-25,Active,43.0,1220.0,East,,1,5
9961,Female,36-45,Active,5.0,110.0,North,53600.0,1,0
4382,Male,26-35,New,107.0,2200.0,South,31700.0,0,6
4503,Female,26-35,Inactive,70.0,2020.0,East,40300.0,0,7
6004,Male,18-25,Active,42.0,900.0,North,36800.0,1,6
9081,Female,36-45,Active,85.0,1440.0,North,19600.0,1,11
2856,Female,36-45,Active,55.0,1030.0,West,22800.0,1,4
4123,Female,26-35,New,36.0,400.0,North,22100.0,0,2
3298,Female,26-35,Active,83.0,2460.0,West,30400.0,0,3
9373,Female,36-45,Active,16.0,490.0,North,34300.0,1,4
9803,Female,36-45,Active,6.0,60.0,,22100.0,0,1
1198,Female,18-25,Inactive,81.0,2390.0,West,31900.0,1,5
2214,Female,46-55,Active,94.0,1610.0,South,33200.0,0,9
6337,Male,18-25,Active,45.0,620.0,East,18600.0,1,4
5007,Female,26-35,New,68.0,1660.0,South,26800.0,1,3
7592,Female,26-35,Active,82.0,2820.0,North,79700.0,1,8
1430,Male,46-55,New,9.0,530.0,North,82500.0,0,3
4419,Male,26-35,Active,73.0,,West,52000.0,1,5
6409,Female,46-55,Active,116.0,3430.0,East,43900.0,1,4
8613,Female,26-35,Active,57.0,1400.0,East,54800.0,0,6
2971,Female,18-25,New,79.0,2380.0,West,39000.0,1,3
6154,Male,26-35,Active,99.0,3910.0,South,41600.0,1,13
6449,Female,18-25,Active,61.0,1670.0,East,39600.0,1,6
1154,Male,36-45,New,63.0,410.0,North,15000.0,0,3
2755,Female,56+,New,21.0,410.0,North,43100.0,0,0
4225,Male,26-35,Active,51.0,880.0,South,29400.0,1,6
4717,Male,36-45,Inactive,67.0,1640.0,South,57300.0,1,7
7581,Male,18-25,Inactive,12.0,290.0,,39500.0,0,0
6909,Female,26-35,Inactive,94.0,2320.0,North,56700.0,1,10
3001,Female,26-35,Inactive,48.0,580.0,South,26900.0,1,5
4047,Male,56+,Inactive,113.0,4270.0,West,44900.0,0,10
6436,Male,36-45,Active,72.0,3390.0,South,55200.0,1,4
5004,Male,46-55,Active,113.0,6230.0,North,68900.0,1,9
4140,Female,46-55,Inactive,72.0,810.0,East,25200.0,0,7
5877,Female,46-55,Inactive,23.0,450.0,South,37100.0,1,6
606,Female,18-25,Active,67.0,2250.0,,80900.0,0,5
5640,Female,26-35,Active,29.0,1530.0,West,58400.0,1,1
5278,Female,46-55,Inactive,31.0,810.0,East,31100.0,0,3
2488,Female,26-35,Active,42.0,1710.0,West,55500.0,1,7
4388,Male,26-35,Active,14.0,340.0,East,24800.0,1,1
1484,Male,36-45,Active,11.0,190.0,North,44900.0,1,2
6324,Male,36-45,New,49.0,920.0,West,21400.0,1,7
8962,Male,18-25,Active,52.0,2870.0,West,60400.0,1,5
4826,Male,46-55,Active,91.0,4270.0,South,52200.0,1,5
2639,Female,36-45,Active,37.0,690.0,East,37200.0,1,4
4154,Female,18-25,Inactive,90.0,1020.0,West,25000.0,0,5
1427,Male,46-55,New,30.0,1160.0,South,55200.0,1,1
497,Male,26-35,Inactive,106.0,1590.0,North,30100.0,1,12
3413,Female,36-45,Active,38.0,430.0,South,20200.0,1,5
5885,Female,36-45,Inactive,22.0,480.0,East,30200.0,0,5
759,Male,56+,New,16.0,180.0,,16800.0,0,1
838,Female,36-45,Active,11.0,430.0,South,47500.0,1,3
8730,Male,36-45,Active,58.0,790.0,South,31400.0,0,4
2153,Female,46-55,Active,25.0,420.0,West,38900.0,0,6
1023,Female,56+,New,56.0,1200.0,South,,1,7
8799,Male,56+,Active,74.0,1170.0,West,30500.0,0,3
7321,Male,18-25,Inactive,27.0,2080.0,North,88100.0,1,4
5629,Male,36-45,New,86.0,1840.0,South,22400.0,0,5
1058,Male,26-35,Active,103.0,4790.0,North,49300.0,1,12
2523,Male,56+,Active,41.0,750.0,North,31900.0,0,5
4881,Male,18-25,Active,6.0,150.0,East,65000.0,1,1
6726,Male,26-35,Active,4.0,50.0,North,26500.0,0,1
7856,Female,26-35,Active,64.0,5540.0,East,93900.0,1,4
3106,Female,36-45,Active,110.0,4990.0,West,84200.0,1,8
8287,Male,26-35,Active,55.0,450.0,North,17100.0,1,5
9670,Female,18-25,Inactive,106.0,3570.0,North,66300.0,1,8
3943,Male,36-45,New,113.0,2420.0,South,36300.0,0,8
1545,Female,26-35,New,5.0,60.0,South,15000.0,0,3
7751,Female,26-35,Active,85.0,5680.0,West,69500.0,0,6
1719,Female,36-45,Active,53.0,510.0,North,15000.0,1,4
6341,Female,36-45,Inactive,38.0,1150.0,North,45200.0,0,3
5172,Female,36-45,Active,25.0,630.0,North,37000.0,1,2
6290,Female,26-35,New,104.0,2740.0,North,33400.0,1,6
725,Male,56+,Active,113.0,3890.0,North,47900.0,1,9
6056,Male,56+,New,91.0,8050.0,North,101300.0,1,7
4619,Male,26-35,New,108.0,9960.0,North,113600.0,1,12
9724,Male,26-35,Active,108.0,3190.0,North,73500.0,1,10
1128,Female,26-35,Active,64.0,480.0,East,,1,3
3007,Female,36-45,Inactive,74.0,5850.0,East,100000.0,1,5
6900,Female,26-35,Inactive,55.0,2260.0,East,47300.0,1,6
6755,Male,36-45,New,108.0,2380.0,East,28000.0,1,8
3044,Male,36-45,Inactive,44.0,1160.0,West,27200.0,0,5
7977,Female,36-45,Active,95.0,1180.0,North,28200.0,1,7
8723,Female,46-55,Active,59.0,3480.0,East,,1,3
3289,Male,36-45,New,44.0,1540.0,South,48800.0,1,3
5322,Female,36-45,Inactive,74.0,1060.0,East,20100.0,1,6
3662,Female,36-45,Active,77.0,1640.0,South,26100.0,1,6
6715,Female,18-25,Active,30.0,1660.0,North,58200.0,1,7
3095,Female,26-35,New,82.0,3470.0,,49600.0,0,4
6832,Female,36-45,Active,65.0,2530.0,South,40600.0,1,2
150,Male,36-45,Inactive,59.0,760.0,East,33600.0,1,2
3040,Female,56+,Active,71.0,1330.0,West,22200.0,0,4
4919,Female,46-55,Active,94.0,2230.0,East,33100.0,0,5
8264,Female,26-35,Active,83.0,2730.0,North,48700.0,1,6
3112,Male,18-25,Active,104.0,2860.0,East,58800.0,1,8
6973,Male,46-55,Inactive,18.0,640.0,North,37800.0,0,3
9534,Female,36-45,New,49.0,1370.0,West,40300.0,0,6
842,Female,36-45,New,57.0,780.0,South,20700.0,0,4
8752,Male,46-55,Active,62.0,1610.0,North,37800.0,1,7
7090,Male,36-45,Active,63.0,,West,26400.0,0,7
5849,Male,56+,Inactive,16.0,150.0,North,15000.0,0,3
9313,Male,46-55,Active,3.0,60.0,South,40100.0,0,1
5121,Female,26-35,New,4.0,140.0,South,35200.0,1,3
4373,Female,56+,Active,69.0,3950.0,North,61900.0,0,4
5661,Male,56+,New,57.0,1580.0,East,33200.0,0,1
6524,Male,18-25,Active,93.0,3720.0,North,103200.0,1,7
5858,Female,18-25,New,62.0,2330.0,North,47300.0,1,4
9818,Male,26-35,Active,51.0,700.0,West,26700.0,1,2
5574,Female,36-45,Inactive,43.0,1230.0,West,61800.0,0,5
1393,Male,36-45,New,114.0,3850.0,East,43300.0,1,9
1922,Male,36-45,Active,13.0,490.0,West,61700.0,0,4
2865,Male,36-45,Active,47.0,2580.0,East,67000.0,1,6
5578,Female,18-25,Active,96.0,1640.0,North,19400.0,0,4
3536,Female,26-35,Active,45.0,860.0,East,24100.0,0,1
4891,Male,56+,New,17.0,240.0,East,28300.0,0,2
2320,Female,46-55,Active,23.0,,West,37800.0,0,1
4393,Female,26-35,New,99.0,3250.0,North,81500.0,1,16
551,Female,56+,New,101.0,,South,67800.0,0,8
1741,Male,36-45,Active,12.0,390.0,East,60800.0,1,2
4049,Male,26-35,Active,69.0,2670.0,West,,1,6
1818,Female,26-35,Inactive,50.0,,West,44000.0,0,2
4369,Male,56+,Inactive,112.0,1640.0,South,33200.0,0,5
6265,Female,56+,Active,70.0,1450.0,West,31500.0,1,9
7297,Female,26-35,Active,66.0,1550.0,North,25900.0,1,5
18,Male,46-55,Active,43.0,1340.0,West,64200.0,1,4
1771,Female,26-35,Inactive,30.0,240.0,South,16600.0,0,0
1889,Female,46-55,Active,79.0,2280.0,East,33000.0,0,6
9928,Male,36-45,Active,22.0,250.0,East,18900.0,1,3
1643,Female,26-35,Active,3.0,100.0,South,35300.0,0,2
8748,Female,26-35,Active,117.0,10790.0,West,103300.0,1,7
4739,Male,26-35,Active,92.0,2290.0,South,43300.0,1,9
8894,Male,18-25,New,102.0,,North,66900.0,0,11
5818,Male,26-35,Active,33.0,1190.0,East,38300.0,0,5
534,Female,36-45,Active,36.0,930.0,South,28400.0,0,4
133,Female,26-35,Inactive,33.0,540.0,North,34400.0,0,1
4908,Male,18-25,Active,77.0,3010.0,South,43500.0,1,7
8494,Female,46-55,Active,37.0,840.0,West,42300.0,0,2
965,Female,36-45,Active,118.0,7670.0,North,69400.0,1,2
8420,Male,18-25,Active,46.0,780.0,South,33800.0,1,5
4523,Female,18-25,Inactive,85.0,2660.0,East,66800.0,1,7
8402,Male,26-35,Active,20.0,340.0,East,29200.0,1,2
7919,Female,36-45,Active,57.0,710.0,South,28200.0,1,6
1096,Male,46-55,New,77.0,1530.0,North,23100.0,1,5
3721,Female,36-45,Active,58.0,5950.0,West,102800.0,1,7
8710,Male,46-55,Active,116.0,3530.0,West,34200.0,1,9
1562,Female,36-45,Inactive,28.0,580.0,South,27000.0,1,3
1671,Male,26-35,Active,4.0,90.0,East,43200.0,1,0
3895,Female,18-25,Active,104.0,4280.0,South,44100.0,0,9
3995,Male,26-35,Inactive,120.0,3340.0,East,34000.0,1,5
6751,Male,18-25,Inactive,90.0,2840.0,South,38100.0,1,8
2003,Female,18-25,Active,120.0,2320.0,West,32200.0,1,10
8363,Female,18-25,New,100.0,4590.0,North,47300.0,1,8
169,Male,46-55,Active,8.0,320.0,North,53000.0,0,2
5957,Female,36-45,Active,39.0,490.0,South,,0,3
1920,Female,26-35,Inactive,82.0,540.0,West,15000.0,0,3
5654,Male,26-35,Active,80.0,2300.0,North,52900.0,1,4
9949,Female,26-35,New,58.0,1910.0,South,35900.0,0,3
7461,Female,46-55,Active,75.0,1300.0,North,34700.0,1,6
9335,Female,46-55,Active,88.0,2750.0,North,34800.0,1,7
7900,Male,26-35,New,105.0,4960.0,North,52300.0,1,6
1299,Female,36-45,Active,103.0,2920.0,North,43200.0,1,12
3681,Female,18-25,Inactive,64.0,,South,18500.0,1,8
4025,Female,36-45,Active,95.0,1830.0,East,23100.0,0,4
3317,Female,26-35,Active,90.0,3880.0,North,74200.0,1,8
9715,Male,18-25,Active,105.0,2440.0,West,33800.0,1,13
1288,Male,56+,Active,95.0,4090.0,East,46800.0,0,3
6222,Male,26-35,New,115.0,11150.0,South,107100.0,1,12
6432,Male,26-35,Inactive,84.0,7310.0,West,100100.0,1,11
4476,Female,46-55,Active,114.0,,South,47300.0,0,5
4005,Female,18-25,Active,63.0,2010.0,East,33200.0,1,5
2014,Male,18-25,New,99.0,950.0,East,21300.0,1,5
4519,Female,18-25,Active,39.0,730.0,South,35600.0,1,2
3205,Female,26-35,Inactive,98.0,4450.0,East,73900.0,1,11
4416,Female,36-45,Active,24.0,580.0,North,57100.0,0,5
2288,Female,46-55,New,13.0,260.0,West,38100.0,0,2
5399,Female,56+,Active,26.0,1560.0,West,90700.0,0,3
8846,Female,26-35,Inactive,58.0,1410.0,North,48200.0,0,6
7173,Female,26-35,Inactive,44.0,820.0,East,33600.0,1,4
9609,Female,18-25,Active,101.0,7290.0,North,78400.0,0,7
450,Female,26-35,Active,88.0,1300.0,East,24900.0,1,2
2255,Female,18-25,Active,21.0,670.0,West,57900.0,0,2
8027,Male,36-45,Active,74.0,2010.0,South,40500.0,1,10
811,Male,26-35,Active,77.0,5610.0,North,87600.0,1,10
3874,Male,46-55,New,84.0,3840.0,East,62600.0,0,9
6548,Female,26-35,Active,0.0,,East,23800.0,1,0
9311,Male,18-25,Inactive,45.0,1050.0,East,23700.0,0,2
7079,Male,46-55,Active,11.0,250.0,North,22600.0,1,2
8897,Male,36-45,Active,71.0,2470.0,East,50000.0,1,6
6426,Male,18-25,Active,94.0,7430.0,West,88300.0,1,6
6210,Female,18-25,Active,19.0,350.0,North,32700.0,0,3
1478,Female,46-55,New,10.0,210.0,North,30800.0,0,3
1791,Female,36-45,Active,78.0,740.0,South,15000.0,1,9
2009,Male,46-55,Active,41.0,680.0,East,28500.0,1,7
683,Male,46-55,Active,27.0,1610.0,North,62500.0,1,0
2860,Female,36-45,Active,89.0,2090.0,North,26300.0,1,6
4221,Male,26-35,New,117.0,6040.0,West,53600.0,1,7
2166,Male,18-25,Active,93.0,4290.0,South,58200.0,1,8
7840,Male,36-45,New,64.0,1670.0,South,36900.0,0,3
2129,Male,18-25,Active,109.0,2270.0,West,30200.0,1,10
4182,Male,46-55,Active,112.0,2680.0,West,56600.0,1,10
4059,Male,18-25,Active,26.0,920.0,North,94100.0,1,1
3351,Male,36-45,Active,86.0,4560.0,East,60400.0,1,7
47,Male,36-45,Inactive,2.0,110.0,South,56000.0,1,1
31,Female,36-45,New,21.0,320.0,North,25500.0,1,0
5728,Male,36-45,Active,32.0,550.0,East,45500.0,1,2
7467,Male,18-25,New,96.0,8140.0,South,89100.0,0,10
1469,Female,46-55,Inactive,52.0,1430.0,North,27800.0,0,6
1666,Female,36-45,New,72.0,1450.0,North,34600.0,0,5
1417,Female,46-55,Active,13.0,190.0,East,17000.0,1,1
6192,Male,18-25,Inactive,35.0,810.0,South,34200.0,0,1
8240,Male,18-25,Active,47.0,2630.0,South,62100.0,1,3
8891,Female,18-25,Active,110.0,7940.0,South,95100.0,1,8
4141,Male,26-35,Active,49.0,1470.0,West,60200.0,1,6
9230,Male,18-25,Active,36.0,1240.0,East,38400.0,1,2
430,Female,36-45,New,96.0,2600.0,West,35100.0,1,8
8237,Female,36-45,Active,71.0,1020.0,West,23300.0,1,5
5138,Male,26-35,Active,18.0,230.0,East,,1,1
386,Female,26-35,Inactive,107.0,3310.0,,48600.0,1,7
1946,Female,36-45,Inactive,105.0,2250.0,South,38800.0,0,7
4263,Male,18-25,Active,81.0,2070.0,,25800.0,1,4
474,Male,46-55,Inactive,117.0,2750.0,South,49000.0,1,6
3285,Male,56+,New,17.0,330.0,West,47300.0,0,2
6614,Male,36-45,New,12.0,420.0,South,81500.0,1,4
8658,Female,18-25,Active,90.0,1640.0,West,46200.0,1,3
1056,Female,36-45,Active,104.0,,North,34900.0,1,5
3296,Female,26-35,Active,98.0,2980.0,West,37300.0,1,9
9329,Male,18-25,Active,20.0,360.0,East,21300.0,0,2
9231,Male,36-45,Active,71.0,,West,28200.0,1,4
6688,Female,26-35,Inactive,85.0,2790.0,North,49500.0,1,7
812,Male,36-45,Inactive,16.0,400.0,West,31400.0,0,2
4614,Female,26-35,Active,105.0,2360.0,North,58100.0,1,8
8784,Male,18-25,Active,2.0,100.0,East,58200.0,0,1
2418,Female,18-25,New,12.0,,East,57300.0,1,1
4535,Female,46-55,Active,110.0,2630.0,West,27800.0,0,6
7606,Female,26-35,New,60.0,1910.0,West,,1,0
112,Male,26-35,Active,31.0,1270.0,South,42700.0,1,2
8947,Male,36-45,New,106.0,6020.0,West,97700.0,1,6
1746,Female,46-55,Inactive,67.0,2420.0,North,65100.0,0,8
3064,Female,56+,Active,,830.0,South,76900.0,0,3
1453,Female,26-35,Active,88.0,3230.0,South,55000.0,1,2
320,Female,26-35,New,105.0,5610.0,North,65600.0,1,12
3134,Male,26-35,Active,8.0,250.0,East,59100.0,1,0
2770,Female,18-25,Active,26.0,480.0,East,32100.0,0,5
1923,Female,36-45,Inactive,33.0,1120.0,South,40400.0,0,4
5917,Female,46-55,Active,58.0,760.0,North,15800.0,0,6
7607,Female,46-55,New,,1500.0,West,32500.0,0,10
5548,Female,26-35,Active,58.0,1720.0,North,64200.0,1,5
4314,Female,26-35,Active,10.0,210.0,North,,0,2
6425,Male,36-45,Active,88.0,1700.0,South,47100.0,1,5
2130,Male,46-55,Active,28.0,760.0,South,30600.0,0,2
5019,Female,18-25,New,90.0,4300.0,South,49100.0,1,6
7758,Male,46-55,Inactive,14.0,,South,35700.0,0,2
6182,Female,36-45,New,86.0,3730.0,North,44100.0,0,9
1053,Male,46-55,Inactive,96.0,1810.0,South,37100.0,1,5
4195,Male,46-55,Active,111.0,1560.0,South,15000.0,0,17
3935,Female,46-55,Active,88.0,3840.0,North,73000.0,1,4
100,Female,26-35,Active,104.0,5670.0,East,63100.0,1,7
6461,Male,26-35,Active,82.0,2620.0,West,79200.0,0,5
1457,Male,26-35,Active,78.0,1500.0,South,43000.0,1,7
7752,Male,26-35,Active,90.0,4620.0,South,78000.0,1,10
5014,Female,46-55,New,118.0,4460.0,North,54200.0,1,11
8185,Male,36-45,Active,44.0,760.0,North,26500.0,0,6
4310,Female,26-35,Active,84.0,1800.0,South,,1,8
7078,Female,46-55,Active,114.0,2660.0,South,33400.0,1,13
3870,Female,46-55,Active,55.0,510.0,North,22700.0,0,6
4589,Female,36-45,New,107.0,,,29800.0,1,6
6221,Male,26-35,Active,19.0,440.0,East,28300.0,0,0
7412,Female,56+,New,1.0,30.0,East,38200.0,0,1
6240,Female,56+,Active,86.0,5220.0,South,111300.0,1,6
1415,Male,56+,Inactive,80.0,2440.0,South,36900.0,0,6
541,Female,56+,New,101.0,3420.0,,39500.0,1,3
5867,Female,26-35,Active,68.0,2020.0,South,64600.0,1,6
4095,Male,18-25,Active,84.0,1540.0,,26600.0,1,4
9552,Male,18-25,New,120.0,980.0,East,21500.0,1,9
755,Female,36-45,Active,106.0,,West,33000.0,1,8
3211,Male,36-45,Active,93.0,3460.0,North,41500.0,1,8
2690,Female,36-45,Active,7.0,130.0,West,31500.0,1,1
4562,Male,56+,New,59.0,2070.0,North,57200.0,0,5
9559,Female,46-55,Active,8.0,430.0,West,123800.0,1,1
3173,Female,46-55,Active,35.0,1680.0,South,50500.0,1,6
5295,Female,46-55,Active,107.0,,South,52500.0,1,6
7691,Male,18-25,Active,58.0,1030.0,East,42100.0,0,7
2841,Female,36-45,New,112.0,11080.0,East,125400.0,1,10
5983,Female,36-45,Inactive,33.0,1020.0,West,56700.0,0,1
3667,Male,36-45,Active,94.0,1480.0,West,29400.0,1,4
8983,Female,18-25,Active,13.0,,West,23900.0,1,2
7895,Male,18-25,Active,3.0,80.0,South,44100.0,1,2
2516,Female,36-45,New,85.0,1220.0,East,30000.0,1,6
8772,Female,26-35,Inactive,108.0,1740.0,West,17900.0,0,11
4646,Female,56+,Inactive,71.0,3390.0,West,51800.0,0,5
602,Female,46-55,Inactive,116.0,4780.0,North,55400.0,0,6
2424,Male,18-25,Active,79.0,2240.0,West,49100.0,1,11
8957,Female,26-35,Inactive,93.0,2090.0,North,43200.0,1,8
5873,Male,18-25,Active,41.0,2000.0,East,63200.0,1,7
8099,Female,46-55,Inactive,34.0,950.0,West,48700.0,0,3
5504,Female,56+,Inactive,102.0,,East,126100.0,0,7
3835,Male,36-45,Active,114.0,2330.0,West,44200.0,1,7
1045,Male,36-45,Active,79.0,2310.0,West,65700.0,1,10
7397,Male,18-25,Inactive,52.0,1760.0,,58300.0,1,2
1558,Female,56+,New,81.0,2710.0,East,57600.0,0,2
8254,Female,18-25,New,88.0,2070.0,East,27100.0,0,7
5226,Male,26-35,Inactive,11.0,,West,22300.0,0,1
181,Female,46-55,New,7.0,280.0,North,60300.0,1,1
2116,Female,26-35,New,109.0,2730.0,,29100.0,0,9
1700,Female,46-55,Active,78.0,1930.0,East,46700.0,0,7
1380,Male,26-35,Inactive,113.0,4770.0,,48100.0,1,5
7291,Male,36-45,Active,8.0,500.0,,86100.0,1,0
6093,Female,18-25,Inactive,97.0,3600.0,South,39000.0,1,15
619,Male,56+,Inactive,12.0,160.0,,17100.0,0,2
6518,Female,36-45,New,39.0,740.0,South,39200.0,0,5
9891,Female,36-45,Active,1.0,20.0,East,25700.0,1,1
1601,Female,46-55,Active,108.0,3530.0,South,44800.0,1,11
6065,Male,26-35,Active,16.0,530.0,East,38700.0,0,2
1616,Male,18-25,Active,99.0,1660.0,West,25500.0,1,2
7026,Female,18-25,Inactive,38.0,720.0,East,34900.0,0,2
439,Female,46-55,Active,29.0,480.0,West,24300.0,0,2
3964,Male,26-35,Inactive,90.0,3290.0,North,44700.0,1,4
2084,Male,36-45,Active,94.0,1700.0,East,45900.0,1,10
3080,Male,56+,New,11.0,210.0,West,,0,2
3127,Female,36-45,Active,93.0,2340.0,West,34200.0,1,7
5166,Female,18-25,Active,115.0,6240.0,South,54700.0,1,12
5230,Male,46-55,New,37.0,1570.0,West,68500.0,1,7
6516,Female,36-45,New,7.0,80.0,,25300.0,0,4
6867,Female,26-35,Active,63.0,2630.0,,44200.0,1,5
5943,Male,26-35,Active,72.0,1770.0,North,32200.0,1,8
5045,Male,36-45,New,62.0,1510.0,South,53400.0,0,5
8370,Male,26-35,New,63.0,5110.0,West,98000.0,0,3
1919,Female,56+,Active,50.0,4090.0,East,84500.0,1,4
8366,Female,26-35,Active,118.0,1720.0,North,,1,7
5757,Male,26-35,New,85.0,930.0,North,29200.0,1,5
5432,Male,36-45,New,58.0,5690.0,South,108900.0,0,6
8952,Female,26-35,Active,57.0,3760.0,North,89400.0,1,7
6392,Female,46-55,Inactive,73.0,1880.0,South,33200.0,0,5
2055,Male,56+,Inactive,2.0,50.0,South,44400.0,0,1
4668,Male,46-55,Active,52.0,2370.0,North,45700.0,0,6
9247,Female,18-25,Active,20.0,450.0,East,58400.0,1,2
2226,Male,26-35,Active,111.0,800.0,North,15400.0,1,8
4039,Male,46-55,Inactive,114.0,1610.0,South,25700.0,0,11
1127,Female,26-35,Active,113.0,1910.0,North,25200.0,1,10
5749,Female,26-35,New,89.0,1360.0,South,30600.0,1,6
4642,Male,36-45,Inactive,28.0,850.0,North,47300.0,1,2
9614,Male,26-35,Active,94.0,2350.0,North,33400.0,1,2
6492,Female,18-25,Active,92.0,4070.0,East,90400.0,1,8
1323,Male,26-35,Active,8.0,120.0,North,27000.0,0,2
1604,Female,56+,Active,93.0,,North,47400.0,1,5
9352,Female,18-25,New,85.0,1450.0,South,35400.0,1,8
7488,Male,26-35,Active,115.0,5110.0,North,63300.0,0,11
4375,Female,18-25,Inactive,47.0,570.0,North,24900.0,0,4
6694,Female,18-25,Active,60.0,1400.0,East,61300.0,1,4
4451,Female,46-55,Inactive,69.0,3050.0,West,78500.0,1,7
5187,Male,18-25,New,9.0,140.0,West,28500.0,0,0
9381,Female,18-25,Active,93.0,3790.0,South,47200.0,1,2
7558,Male,46-55,Active,95.0,2270.0,North,30700.0,1,7
3743,Female,36-45,Active,92.0,820.0,West,22100.0,1,10
1560,Female,36-45,Active,2.0,40.0,West,28700.0,0,1
4723,Male,36-45,New,2.0,30.0,North,40100.0,0,0
7621,Male,18-25,Active,38.0,1160.0,North,43100.0,1,2
3843,Female,36-45,Active,97.0,2830.0,South,49200.0,1,6
3425,Male,26-35,Inactive,92.0,1920.0,South,,1,4
3521,Female,36-45,Active,53.0,2890.0,East,,1,5
8419,Male,46-55,Active,87.0,3870.0,North,53300.0,0,4
1355,Female,26-35,New,96.0,,North,31200.0,1,4
46,Female,26-35,Active,21.0,380.0,,29600.0,1,1
2834,Female,18-25,Active,120.0,1160.0,North,18700.0,0,16
749,Female,26-35,Active,11.0,140.0,East,28800.0,1,3
4882,Female,46-55,Inactive,109.0,1870.0,North,41000.0,0,8
2465,Male,46-55,New,62.0,2730.0,North,48600.0,1,4
7266,Male,36-45,Active,77.0,4410.0,East,61900.0,1,8
8350,Male,26-35,Active,104.0,5480.0,North,57700.0,1,14
2686,Female,26-35,Inactive,41.0,790.0,North,34900.0,1,4
3525,Female,26-35,Inactive,50.0,3050.0,West,94700.0,0,4
5222,Female,36-45,Active,73.0,67666.13666150099,North,38800.0,1,7
5598,Male,26-35,Inactive,84.0,1340.0,West,22400.0,1,6
2252,Female,18-25,Inactive,-5.0,1160.0,North,31400.0,0,5
8570,Female,26-35,Inactive,71.0,2420.0,North,39400.0,0,9
5460,Male,26-35,Inactive,111.0,7460.0,East,,1,10
6616,Male,46-55,New,75.0,2460.0,South,41400.0,1,4
4206,Female,18-25,Inactive,64.0,720.0,North,,0,6
5029,Female,36-45,Active,64.0,1790.0,South,46800.0,0,7
2543,Male,18-25,Active,33.0,640.0,,38100.0,0,4
2474,Female,18-25,New,57.0,920.0,South,19400.0,0,4
4707,Male,26-35,Active,93.0,3320.0,North,46900.0,0,8
3922,Female,26-35,Inactive,119.0,2360.0,North,41400.0,1,8
9678,Female,36-45,Active,6.0,80.0,South,21400.0,1,0
5910,Male,26-35,Inactive,89.0,2610.0,West,33400.0,1,3
665,Male,26-35,Inactive,60.0,1360.0,North,34100.0,0,5
2349,Male,56+,Inactive,109.0,1110.0,East,21200.0,1,10
3059,Male,26-35,New,67.0,960.0,East,32200.0,0,6
3746,Female,46-55,Active,29.0,480.0,East,23500.0,0,3
9639,Female,26-35,Active,110.0,3630.0,East,46200.0,1,11
6689,Female,26-35,Active,59.0,1870.0,North,39900.0,1,11
676,Male,36-45,Active,95.0,5140.0,South,103000.0,1,10
3313,Female,18-25,New,101.0,2080.0,East,29800.0,0,8
2908,Male,36-45,Active,119.0,7650.0,South,76300.0,1,7
6953,Male,56+,Active,19.0,380.0,East,37700.0,0,3
1963,Female,36-45,New,118.0,3020.0,East,29100.0,0,7
1841,Male,46-55,Active,78.0,1290.0,North,17400.0,1,10
6568,Female,26-35,Inactive,30.0,390.0,North,16000.0,1,2
7300,Female,18-25,Active,86.0,3760.0,East,47700.0,1,9
4487,Female,18-25,Inactive,52.0,2120.0,South,40900.0,1,6
5685,Male,18-25,New,38.0,290.0,East,16500.0,0,4
4909,Female,26-35,Active,7.0,370.0,South,55200.0,1,2
2426,Female,18-25,Inactive,99.0,4440.0,North,55000.0,0,5
8288,Female,46-55,Active,73.0,1780.0,South,58600.0,1,7
7459,Male,36-45,Active,95.0,2970.0,East,32900.0,1,3
6267,Male,36-45,Inactive,82.0,1760.0,West,25200.0,0,7
4808,Female,18-25,New,41.0,1040.0,West,29900.0,1,5
412,Female,18-25,New,89.0,1970.0,North,35100.0,1,6
614,Female,18-25,Active,110.0,3140.0,West,28800.0,1,9
8631,Female,26-35,New,75.0,1720.0,East,31000.0,1,5
9163,Female,26-35,Active,74.0,1810.0,South,31500.0,1,4
1431,Female,18-25,Active,20.0,540.0,South,36600.0,1,2
9390,Male,26-35,New,53.0,1780.0,North,57900.0,0,5
7542,Male,18-25,Active,62.0,890.0,West,15000.0,0,11
4814,Female,18-25,Active,97.0,4190.0,North,48100.0,1,5
6632,Male,18-25,New,19.0,,South,30800.0,0,3
2957,Male,26-35,Active,20.0,180.0,West,17500.0,1,0
1418,Female,26-35,Active,111.0,2290.0,East,30000.0,0,10
4175,Female,26-35,New,86.0,1820.0,South,54100.0,1,6
605,Female,26-35,Active,96.0,5480.0,South,58700.0,1,6
1273,Male,56+,Inactive,98.0,2340.0,West,43600.0,1,8
7836,Male,46-55,New,85.0,1610.0,East,30100.0,0,11
6424,Female,26-35,Active,73.0,2440.0,West,66600.0,1,7
6619,Male,36-45,Active,90.0,2950.0,South,44700.0,1,4
3881,Female,36-45,Active,58.0,2660.0,North,53400.0,1,5
248,Male,26-35,Active,100.0,1850.0,West,,1,10
6131,Male,18-25,New,88.0,3820.0,South,44200.0,0,5
1983,Female,26-35,Inactive,116.0,,South,53300.0,1,4
2847,Male,26-35,Active,120.0,3470.0,West,38800.0,1,7
5378,Female,18-25,Inactive,89.0,2280.0,East,28500.0,1,6
200,Male,46-55,Active,84.0,2430.0,East,30200.0,1,6
486,Male,36-45,Inactive,500.0,3350.0,North,86100.0,0,2
6138,Male,18-25,New,,1340.0,East,35700.0,1,14
8265,Female,26-35,New,93.0,3380.0,East,37200.0,1,6
456,Male,46-55,Active,73.0,1830.0,West,31300.0,1,5
9838,Female,26-35,Active,70.0,3870.0,West,55400.0,1,5
8864,Female,46-55,Inactive,81.0,1330.0,South,20000.0,1,14
6573,Female,36-45,New,18.0,630.0,South,43300.0,1,2
1722,Male,36-45,Active,4.0,60.0,West,20300.0,0,3
5200,Female,36-45,New,117.0,3540.0,South,47000.0,0,14
3435,Male,46-55,Active,99.0,1430.0,West,38400.0,1,11
8215,Male,46-55,Active,87.0,2970.0,East,70300.0,0,5
5817,Male,26-35,Active,79.0,2000.0,North,57700.0,1,10
5861,Female,26-35,New,1.0,20.0,West,24900.0,1,2
5713,Female,26-35,Active,89.0,1860.0,North,32500.0,1,8
863,Female,26-35,New,19.0,290.0,South,27400.0,1,2
2095,Female,26-35,Active,22.0,420.0,North,20900.0,0,3
948,Female,46-55,Active,26.0,1220.0,South,66200.0,1,1
6066,Female,56+,New,93.0,2040.0,,32300.0,0,7
1445,Male,26-35,Active,52.0,1670.0,South,36100.0,0,1
1281,Male,18-25,Active,27.0,410.0,North,35500.0,0,4
7085,Female,46-55,Active,14.0,930.0,South,74900.0,1,2
4253,Male,36-45,Active,35.0,1710.0,West,56000.0,1,4
9089,Female,26-35,Active,78.0,820.0,North,16200.0,0,9
7685,Male,36-45,Active,116.0,3720.0,North,51200.0,1,8
8175,Male,26-35,New,31.0,660.0,North,30900.0,0,4
2303,Female,46-55,New,24.0,1360.0,West,92800.0,1,2
2005,Male,18-25,Active,12.0,230.0,North,30300.0,1,0
5614,Female,18-25,Active,110.0,2990.0,North,50700.0,1,14
8742,Female,18-25,New,65.0,,South,39100.0,1,8
1006,Male,18-25,New,83.0,3730.0,West,48000.0,0,6
4490,Female,18-25,New,83.0,1870.0,South,29200.0,1,8
5508,Male,36-45,Inactive,50.0,2180.0,North,54600.0,1,4
5468,Male,18-25,Active,3.0,40.0,South,25200.0,1,3
2752,Female,18-25,Active,104.0,5510.0,,54600.0,1,9
2133,Female,26-35,Active,32.0,760.0,North,30800.0,1,1
4304,Male,26-35,New,69.0,1580.0,North,27100.0,1,5
2058,Female,46-55,Inactive,3.0,40.0,West,29700.0,0,2
2895,Female,36-45,Active,66.0,2620.0,East,49900.0,1,5
230,Male,26-35,Active,60.0,,East,22900.0,0,9
6002,Male,26-35,Inactive,5.0,230.0,South,48600.0,0,1
3003,Male,46-55,Active,15.0,360.0,North,30100.0,1,1
9285,Female,26-35,Active,52.0,5100.0,South,,1,4
2475,Male,36-45,Active,98.0,5530.0,South,96500.0,1,7
5240,Female,26-35,Inactive,72.0,3500.0,South,52400.0,1,6
8417,Female,26-35,Active,85.0,1670.0,North,37700.0,1,7
210,Female,26-35,Active,106.0,1490.0,North,18300.0,0,6
5975,Female,36-45,New,78.0,1420.0,East,42200.0,1,8
4515,Male,36-45,Inactive,107.0,2030.0,North,22600.0,0,6
2998,Male,26-35,Inactive,31.0,480.0,East,40200.0,0,5
7959,Male,46-55,New,44.0,1930.0,North,46500.0,0,6
8207,Male,46-55,Inactive,66.0,1340.0,East,30900.0,0,8
1729,Male,36-45,Active,92.0,3980.0,North,44100.0,0,9
6361,Male,18-25,Active,62.0,1930.0,West,46400.0,1,6
338,Female,56+,New,86.0,3820.0,North,51100.0,0,8
5028,Male,26-35,Active,117.0,1780.0,North,31000.0,1,4
9256,Male,18-25,Active,86.0,5600.0,South,67000.0,1,4
7310,Male,56+,New,51.0,1170.0,North,38300.0,0,5
3783,Female,36-45,New,54.0,1410.0,West,35200.0,0,6
1227,Female,26-35,Active,21.0,410.0,North,21000.0,1,3
3352,Male,46-55,New,77.0,2380.0,North,70800.0,0,5
8465,Female,46-55,Active,90.0,,West,49600.0,0,5
3606,Male,36-45,New,104.0,4050.0,South,49600.0,1,12
8234,Female,36-45,Inactive,25.0,600.0,South,35100.0,0,2
2112,Female,26-35,Active,59.0,2340.0,North,43600.0,1,11
9933,Female,18-25,Inactive,62.0,2000.0,East,43500.0,0,7
6388,Male,26-35,Inactive,8.0,240.0,North,61100.0,1,2
9420,Female,46-55,Inactive,106.0,2270.0,North,50900.0,1,2
1018,Female,26-35,Inactive,88.0,3170.0,East,91300.0,1,7
5874,Male,36-45,Inactive,24.0,460.0,West,35200.0,0,2
8030,Female,36-45,Inactive,36.0,900.0,North,27000.0,1,5
5059,Female,46-55,New,27.0,1080.0,East,47000.0,0,2
1929,Male,36-45,Active,64.0,2030.0,South,32000.0,1,6
351,Female,26-35,Inactive,9.0,610.0,South,73700.0,1,3
9960,Male,46-55,Inactive,68.0,4770.0,East,86300.0,1,6
4231,Female,56+,New,8.0,240.0,West,34100.0,0,0
1935,Female,46-55,New,85.0,1180.0,West,23400.0,0,9
6962,Male,36-45,Active,47.0,2160.0,East,77300.0,1,5
7787,Female,26-35,Active,95.0,5950.0,North,84800.0,1,12
565,Female,36-45,Inactive,27.0,480.0,North,32600.0,0,2
1583,Male,26-35,Inactive,83.0,1540.0,South,28300.0,0,11
8824,Female,36-45,Inactive,71.0,740.0,South,23600.0,1,10
2176,Female,26-35,New,84.0,8030.0,South,108900.0,0,8
9295,Male,18-25,Inactive,11.0,550.0,East,50500.0,0,1
4081,Male,26-35,Active,18.0,,North,102500.0,0,3
2229,Male,46-55,New,94.0,1900.0,West,34700.0,1,5
1116,Male,26-35,New,57.0,1300.0,West,53100.0,1,5
3774,Female,36-45,New,,520.0,South,46500.0,0,2
2616,Female,46-55,Active,16.0,510.0,North,,0,2
5093,Male,18-25,Active,1.0,20.0,West,20300.0,1,4
8407,Male,26-35,Active,108.0,2310.0,West,23100.0,1,6
7539,Male,36-45,Active,18.0,400.0,East,45500.0,1,0
822,Female,18-25,New,82.0,1140.0,West,27300.0,0,3
7387,Female,36-45,Inactive,109.0,9890.0,,116700.0,0,7
2273,Female,26-35,Active,72.0,1590.0,,,1,8
5594,Male,26-35,Active,92.0,1870.0,West,28300.0,1,7
82,Male,26-35,Active,89.0,3140.0,South,45600.0,1,6
1324,Female,46-55,New,29.0,1130.0,East,42000.0,1,2
4072,Female,36-45,Active,33.0,690.0,South,28700.0,0,1
1615,Female,46-55,Active,110.0,2590.0,West,30100.0,1,10
832,Female,18-25,New,47.0,1320.0,South,33700.0,1,4
3956,Female,36-45,Active,119.0,5050.0,South,44800.0,1,7
6514,Female,46-55,Active,91.0,4210.0,,48600.0,1,6
2421,Male,26-35,Active,75.0,2460.0,South,82700.0,1,5
4504,Female,46-55,Inactive,74.0,,North,35200.0,1,6
2448,Male,36-45,Inactive,31.0,600.0,East,20800.0,1,7
5206,Male,36-45,New,87.0,790.0,South,15000.0,1,8
1650,Female,46-55,Inactive,11.0,70.0,East,,0,1
4120,Female,26-35,Inactive,50.0,2300.0,South,47500.0,1,4
4555,Male,36-45,Inactive,20.0,460.0,East,44400.0,1,4
9228,Female,26-35,Active,21.0,270.0,North,33600.0,1,4
2603,Female,46-55,Active,23.0,610.0,North,37600.0,0,1
6780,Female,18-25,New,112.0,3850.0,,36600.0,1,11
7205,Female,18-25,Inactive,1.0,30.0,West,41100.0,0,0
9254,Female,26-35,Inactive,102.0,4260.0,East,50300.0,1,4
5968,Male,26-35,Active,94.0,2890.0,North,38400.0,1,9
9042,Male,26-35,Active,34.0,1520.0,North,56600.0,1,3
2458,Male,26-35,Active,12.0,600.0,North,79200.0,0,2
750,Female,18-25,Active,19.0,480.0,East,28600.0,1,3
5492,Female,18-25,Active,49.0,1260.0,South,36500.0,1,3
2374,Male,18-25,Active,6.0,310.0,West,57900.0,1,1
7998,Female,36-45,Active,107.0,2490.0,West,41200.0,1,8
9123,Female,56+,Inactive,16.0,380.0,South,49600.0,0,2
8294,Male,26-35,Active,90.0,3880.0,South,65000.0,1,8
2485,Female,36-45,Active,98.0,2340.0,South,26500.0,1,4
8406,Female,36-45,Active,37.0,1910.0,North,67600.0,1,1
5345,Male,26-35,Active,21.0,1220.0,North,58400.0,1,4
4354,Male,18-25,Active,119.0,2140.0,South,20100.0,0,9
4191,Male,18-25,Active,57.0,2370.0,West,73400.0,0,8
9948,Male,18-25,New,68.0,1130.0,South,22800.0,0,5
1140,Female,18-25,Inactive,34.0,870.0,North,46300.0,1,2
8794,Female,56+,Inactive,88.0,6080.0,East,91400.0,0,4
2232,Female,56+,Active,49.0,2400.0,South,55800.0,0,4
2165,Female,18-25,Active,92.0,2340.0,North,32200.0,1,11
3012,Female,36-45,New,97.0,1240.0,North,31700.0,1,8
6459,Female,46-55,Active,35.0,950.0,South,41200.0,1,5
5863,Female,26-35,Active,88.0,4640.0,West,66600.0,1,7
2517,Male,26-35,Active,114.0,2460.0,West,36100.0,1,9
1571,Male,46-55,Active,,960.0,West,18900.0,1,7
173,Male,46-55,Active,70.0,2640.0,West,43000.0,1,2
7225,Female,36-45,Active,33.0,1290.0,South,43400.0,1,2
2088,Male,18-25,New,97.0,790.0,North,20100.0,1,9
4029,Female,36-45,Active,22.0,290.0,West,27100.0,1,4
8031,Female,26-35,Active,97.0,2680.0,North,28000.0,1,11
7151,Female,46-55,Active,72.0,1550.0,East,33200.0,1,3
6393,Male,26-35,Inactive,53.0,1560.0,South,44500.0,1,4
9077,Female,26-35,New,30.0,1120.0,West,44200.0,1,1
2725,Male,18-25,Inactive,65.0,4240.0,East,,1,5
1833,Female,36-45,Active,4.0,70.0,West,21600.0,0,1
5154,Male,18-25,Active,18.0,500.0,East,32800.0,0,2
9528,Male,36-45,Active,63.0,1930.0,West,38400.0,1,8
5273,Female,18-25,Active,99.0,2490.0,East,30600.0,1,10
3724,Male,36-45,Active,61.0,1060.0,West,18300.0,1,3
9078,Female,36-45,Active,73.0,1590.0,West,36800.0,1,5
5649,Male,36-45,Active,107.0,1310.0,South,25400.0,1,8
5101,Female,36-45,Active,12.0,160.0,West,28500.0,0,0
835,Female,26-35,New,,2720.0,West,50000.0,1,6
2487,Female,18-25,New,92.0,3120.0,East,64300.0,1,5
6881,Male,18-25,New,86.0,2950.0,West,51800.0,1,5
9104,Female,36-45,Active,74.0,4290.0,East,69600.0,1,5
9031,Male,36-45,Active,33.0,1170.0,North,37100.0,1,2
4743,Female,46-55,Inactive,-5.0,600.0,South,46200.0,1,7
5301,Female,18-25,Active,24.0,,North,41700.0,1,1
66,Female,56+,Active,85.0,850.0,East,17800.0,0,9
9512,Male,26-35,Active,33.0,660.0,North,40000.0,0,3
7654,Male,46-55,Active,83.0,1740.0,West,37500.0,1,3
6497,Male,36-45,Inactive,,1480.0,West,28000.0,1,8
355,Female,26-35,New,41.0,1020.0,South,39700.0,1,4
5731,Male,26-35,Active,53.0,550.0,South,15000.0,0,4
4101,Male,18-25,Active,22.0,560.0,West,56200.0,1,5
6183,Female,26-35,Active,68.0,,West,24300.0,0,4
5472,Male,26-35,Active,75.0,1030.0,East,16100.0,0,5
6798,Male,26-35,New,12.0,250.0,North,34900.0,1,3
8636,Female,46-55,Inactive,13.0,120.0,North,22900.0,0,1
4166,Male,26-35,New,17.0,470.0,East,44700.0,1,2
9929,Female,36-45,Active,54.0,1820.0,South,43200.0,1,4
9448,Female,26-35,Inactive,39.0,1500.0,North,40300.0,1,2
9150,Male,18-25,Active,67.0,1880.0,South,34200.0,0,1
473,Male,46-55,Active,81.0,3990.0,North,67300.0,0,3
6427,Male,26-35,Active,0.0,0.0,South,33800.0,0,1
7439,Male,18-25,Active,16.0,210.0,West,32800.0,0,2
2532,Female,36-45,Active,91.0,2870.0,North,61900.0,1,6
2803,Male,18-25,Active,92.0,3240.0,East,55200.0,0,7
869,Male,36-45,Active,29.0,600.0,South,54200.0,1,1
8739,Female,26-35,Inactive,103.0,4450.0,West,47800.0,1,7
7350,Male,18-25,Inactive,7.0,190.0,North,39600.0,0,1
1507,Female,26-35,Active,12.0,120.0,North,21100.0,1,1
9238,Female,26-35,Inactive,35.0,1990.0,South,67000.0,1,3
9765,Female,26-35,Active,42.0,1240.0,South,57400.0,1,3
2698,Male,36-45,New,109.0,6220.0,West,71500.0,0,5
9368,Female,46-55,New,53.0,580.0,North,25100.0,0,8
5689,Female,26-35,Active,107.0,,East,102300.0,1,6
8709,Male,46-55,New,91.0,4450.0,South,75100.0,0,3
6540,Female,18-25,New,48.0,1440.0,West,68600.0,1,4
1076,Male,26-35,New,11.0,310.0,East,50200.0,0,1
6374,Female,36-45,Inactive,9.0,170.0,West,21600.0,1,1
6811,Male,56+,Active,13.0,140.0,North,17000.0,1,3
5991,Male,18-25,Active,79.0,840.0,East,,1,6
5291,Male,36-45,Active,119.0,7370.0,South,70800.0,1,11
4801,Male,18-25,Active,89.0,2810.0,South,38000.0,1,5
4851,Male,36-45,Inactive,47.0,1500.0,South,35200.0,0,4
7087,Female,26-35,Inactive,107.0,,East,42400.0,1,10
5956,Female,46-55,Inactive,6.0,370.0,North,63700.0,0,3
7223,Female,26-35,Active,109.0,2350.0,East,48000.0,1,10
74,Male,46-55,Active,1.0,40.0,South,53000.0,1,2
4103,Female,46-55,Active,83.0,1100.0,East,22800.0,1,8
4415,Male,18-25,Active,100.0,1800.0,West,37000.0,1,10
6757,Female,26-35,New,15.0,370.0,East,33900.0,1,2
4429,Male,26-35,Inactive,,2310.0,East,51100.0,1,4
1102,Male,18-25,Active,50.0,570.0,,27400.0,0,2
9577,Male,36-45,Inactive,111.0,3060.0,North,30700.0,1,12
7719,Female,26-35,New,41.0,1550.0,East,48200.0,1,1
2772,Female,26-35,New,85.0,1450.0,South,34000.0,1,10
4776,Male,18-25,New,85.0,1060.0,North,23400.0,1,3
119,Male,26-35,Active,34.0,670.0,West,47400.0,1,4
2023,Male,26-35,Inactive,65.0,800.0,North,19100.0,1,2
9925,Male,18-25,Inactive,74.0,2090.0,North,28900.0,0,4
2593,Female,46-55,New,5.0,140.0,,45600.0,0,0
2035,Male,26-35,Active,115.0,2400.0,East,35800.0,1,6
3509,Female,26-35,Active,111.0,4550.0,North,45800.0,1,9
9385,Female,18-25,Active,102.0,2260.0,South,38400.0,1,10
3609,Male,26-35,Active,13.0,610.0,South,48600.0,0,0
1220,Male,46-55,Active,3.0,110.0,East,47100.0,1,0
6373,Female,46-55,Active,50.0,660.0,South,25800.0,1,9
4202,Female,46-55,Active,18.0,270.0,East,24000.0,0,1
2949,Female,26-35,Active,65.0,1680.0,North,38800.0,1,8
3471,Male,36-45,New,55.0,1200.0,South,23700.0,1,4
2511,Female,18-25,Active,2.0,20.0,West,18200.0,0,0
3754,Female,18-25,Active,118.0,3890.0,East,44900.0,0,8
6841,Female,26-35,Active,43.0,1020.0,,51000.0,1,1
4529,Male,18-25,Active,14.0,380.0,South,43500.0,1,3
9261,Female,26-35,New,2.0,40.0,North,31800.0,0,0
4012,Male,26-35,Active,22.0,710.0,West,32200.0,0,4
178,Female,36-45,Inactive,10.0,660.0,East,90200.0,1,2
1644,Male,36-45,Active,120.0,830.0,East,17800.0,1,7
9330,Female,56+,New,48.0,910.0,West,33800.0,1,2
2969,Female,18-25,New,76.0,3140.0,North,48500.0,0,3
1375,Female,18-25,Active,26.0,600.0,East,59000.0,0,3
1721,Male,18-25,Inactive,18.0,610.0,East,50400.0,0,0
9631,Female,36-45,New,42.0,1610.0,West,41900.0,1,3
7783,Female,26-35,New,120.0,1890.0,East,39900.0,1,11
2265,Female,36-45,Active,66.0,2160.0,South,59600.0,1,7
88,Female,46-55,New,,970.0,West,39800.0,1,4
5768,Female,46-55,Active,49.0,840.0,South,30600.0,1,5
8725,Female,18-25,New,57.0,3760.0,North,70400.0,0,7
404,Male,36-45,New,57.0,1820.0,South,39200.0,1,4
9987,Female,46-55,New,55.0,2130.0,South,43400.0,1,3
5875,Male,56+,Active,110.0,1910.0,South,36900.0,1,7
322,Female,36-45,Inactive,43.0,1860.0,West,68100.0,1,3
6595,Female,26-35,Active,46.0,470.0,South,24500.0,1,3
2457,Female,26-35,New,62.0,970.0,West,30600.0,1,5
9172,Female,36-45,New,76.0,2070.0,West,45800.0,1,10
2215,Female,26-35,New,66.0,,North,69400.0,0,5
1028,Male,46-55,Active,106.0,6850.0,South,76700.0,1,11
9743,Female,18-25,Active,,3410.0,South,43800.0,1,10
1422,Female,18-25,Active,10.0,300.0,West,66300.0,0,3
2437,Female,18-25,Active,103.0,,North,41300.0,1,4
9716,Female,26-35,Active,24.0,440.0,East,23900.0,1,5
9125,Female,18-25,Active,44.0,940.0,North,36100.0,1,2
1279,Female,26-35,Active,55.0,2210.0,West,44800.0,1,10
3549,Male,26-35,Active,,1350.0,South,55500.0,1,1
4951,Male,36-45,Active,82.0,1850.0,East,38500.0,1,3
7316,Male,46-55,New,18.0,960.0,North,71800.0,1,1
8449,Male,26-35,Active,82.0,5540.0,South,79500.0,0,7
1979,Female,26-35,New,82.0,2680.0,North,46500.0,1,6
1062,Female,36-45,Active,118.0,4010.0,West,44100.0,1,7
4380,Male,26-35,Active,,250.0,North,15100.0,1,5
4575,Female,26-35,New,27.0,990.0,South,,1,4
7055,Male,26-35,Active,120.0,8660.0,East,82300.0,1,7
4773,Male,26-35,New,49.0,,West,68800.0,0,6
1503,Male,26-35,Active,46.0,860.0,North,20600.0,1,9
8606,Male,18-25,Active,117.0,3440.0,North,43100.0,1,7
7579,Male,36-45,Active,47.0,1610.0,South,71800.0,0,0
7572,Female,18-25,Active,51.0,1850.0,East,55900.0,1,3
4162,Male,36-45,Active,47.0,670.0,West,28400.0,1,4
4962,Male,18-25,Active,4.0,220.0,East,67900.0,1,1
679,Male,18-25,Active,52.0,1050.0,East,33200.0,0,6
6465,Female,26-35,Active,27.0,820.0,West,71400.0,1,4
6622,Male,26-35,Inactive,49.0,1690.0,South,39700.0,0,5
5938,Male,36-45,Active,18.0,550.0,South,35400.0,1,2
7632,Female,46-55,Active,83.0,5590.0,North,68000.0,1,8
103,Male,56+,Active,114.0,3760.0,East,39100.0,1,10
958,Female,36-45,Active,94.0,1660.0,West,43300.0,1,8
9656,Female,36-45,Active,69.0,1260.0,South,47700.0,1,2
3856,Male,36-45,Active,,1640.0,West,37400.0,1,8
5741,Female,36-45,New,12.0,880.0,North,91500.0,1,2
7235,Female,26-35,Active,76.0,1840.0,North,37900.0,1,9
2751,Male,46-55,Inactive,77.0,1180.0,West,26400.0,0,8
9161,Male,36-45,Active,55.0,1760.0,North,42000.0,1,3
6054,Male,36-45,New,99.0,3280.0,East,38000.0,0,8
5939,Female,36-45,Inactive,34.0,1470.0,West,49500.0,0,2
8787,Female,36-45,New,19.0,1230.0,North,124100.0,1,3
8337,Female,26-35,Active,63.0,1290.0,South,25000.0,0,6
419,Male,18-25,Active,35.0,1060.0,West,34500.0,0,0
4880,Male,46-55,New,88.0,3690.0,West,45100.0,1,3
9449,Male,56+,Active,26.0,2100.0,East,86300.0,1,1
3045,Female,56+,Active,76.0,2510.0,North,48000.0,1,5
1948,Female,26-35,Active,61.0,1980.0,North,37200.0,0,9
6872,Female,36-45,Active,70.0,3600.0,West,56100.0,1,3
2300,Female,18-25,Active,51.0,870.0,North,35200.0,1,1
6070,Male,18-25,Inactive,10.0,410.0,South,45600.0,0,2
4422,Male,36-45,Inactive,116.0,4710.0,North,47800.0,0,8
8085,Male,56+,Inactive,28.0,920.0,South,,0,2
5413,Male,46-55,Inactive,10.0,240.0,West,51900.0,0,3
3330,Male,26-35,Inactive,,860.0,East,39500.0,0,1
4330,Female,18-25,Active,75.0,1230.0,West,37100.0,0,8
529,Female,18-25,Active,104.0,4410.0,West,47800.0,1,8
1234,Female,46-55,Active,113.0,2790.0,East,30700.0,1,7
780,Female,26-35,Active,12.0,210.0,North,41700.0,0,1
5606,Female,26-35,Active,41.0,320.0,South,17900.0,0,3
3326,Female,36-45,Active,,80.0,South,19200.0,1,1
3022,Female,26-35,Active,33.0,2380.0,North,84100.0,1,2
1861,Female,56+,Active,32.0,770.0,North,36300.0,1,7
8474,Male,26-35,New,88.0,4850.0,South,75300.0,1,8
7466,Male,36-45,Active,42.0,1010.0,West,38100.0,1,5
5799,Female,18-25,Active,66.0,2600.0,East,53600.0,1,3
2651,Female,18-25,Inactive,83.0,2370.0,South,45500.0,1,6
1993,Male,46-55,Active,10.0,100.0,South,18100.0,1,1
5454,Male,18-25,New,28.0,1130.0,North,51900.0,1,3
7301,Female,26-35,Active,28.0,620.0,North,43300.0,1,1
5351,Female,18-25,New,103.0,1740.0,East,20900.0,1,7
6873,Male,26-35,Active,83.0,1120.0,West,25100.0,1,6
7430,Female,26-35,Active,72.0,4500.0,South,63000.0,0,3
2472,Female,18-25,Active,55.0,1250.0,North,37100.0,0,3
5082,Female,36-45,New,88.0,1740.0,East,37900.0,0,3
8298,Male,26-35,Active,16.0,420.0,North,46800.0,1,2
5448,Male,26-35,Active,69.0,2040.0,North,44900.0,1,4
1397,Female,46-55,New,109.0,3630.0,North,78900.0,1,5
4078,Female,26-35,New,82.0,8660.0,East,119300.0,0,8
4719,Female,18-25,Active,,1220.0,North,41800.0,1,4
3690,Male,26-35,Active,36.0,920.0,South,,0,5
1043,Female,36-45,Inactive,90.0,7490.0,West,102000.0,1,8
3621,Female,36-45,New,73.0,1220.0,South,26500.0,1,9
5016,Male,46-55,Active,77.0,1490.0,East,19600.0,1,7
7319,Female,26-35,Active,75.0,2200.0,West,61500.0,1,7
258,Male,26-35,Active,58.0,1140.0,South,19900.0,1,9
7349,Male,18-25,Inactive,36.0,1570.0,West,55000.0,0,4
8654,Male,26-35,New,99.0,5640.0,East,64400.0,1,4
7882,Male,26-35,Active,39.0,1550.0,South,59100.0,1,5
9456,Male,46-55,Active,28.0,920.0,South,36600.0,1,5
2090,Female,36-45,Inactive,111.0,1980.0,West,20100.0,0,10
7766,Male,26-35,Active,69.0,5490.0,East,110900.0,1,5
504,Female,36-45,Inactive,53.0,1500.0,West,46600.0,1,4
3430,Female,56+,New,19.0,1140.0,South,62700.0,0,3
8852,Male,26-35,Inactive,76.0,780.0,North,26800.0,1,7
1346,Female,26-35,Active,91.0,1600.0,North,42900.0,1,10
5981,Female,18-25,Active,42.0,2820.0,North,74000.0,1,1
5091,Male,26-35,Active,54.0,670.0,North,24600.0,1,5
2249,Male,36-45,Inactive,73.0,1550.0,North,23900.0,0,1
8346,Female,26-35,New,0.0,0.0,East,68800.0,0,0
373,Male,18-25,New,97.0,1160.0,East,15000.0,1,6
8490,Female,18-25,Inactive,96.0,2150.0,South,48300.0,1,4
6135,Male,26-35,Active,101.0,1710.0,West,25300.0,1,5
2007,Female,26-35,Active,98.0,2130.0,East,47800.0,1,12
8113,Female,36-45,New,37.0,1700.0,South,48000.0,0,6
3781,Male,26-35,Active,54.0,1970.0,West,,1,2
5852,Female,26-35,Active,,1330.0,West,24900.0,1,12
9055,Female,18-25,Inactive,120.0,1870.0,South,36400.0,1,8
6127,Male,46-55,Active,1.0,20.0,North,39600.0,1,2
2103,Female,26-35,Inactive,52.0,490.0,East,24900.0,0,8
998,Male,46-55,Active,79.0,2260.0,North,32800.0,0,2
8222,Female,46-55,Active,22.0,380.0,West,19600.0,0,3
8820,Female,46-55,Inactive,27.0,1080.0,North,42200.0,0,3
1177,Female,26-35,New,29.0,960.0,North,56000.0,0,4
552,Male,18-25,Active,63.0,980.0,West,41300.0,1,5
745,Female,46-55,New,24.0,1020.0,North,60800.0,0,5
5618,Female,18-25,Inactive,23.0,270.0,North,20400.0,0,3
3140,Male,46-55,New,115.0,4650.0,North,61900.0,1,4
2904,Female,56+,Inactive,76.0,4610.0,West,71400.0,0,3
8036,Female,18-25,New,15.0,480.0,East,,0,2
9049,Female,26-35,Inactive,118.0,4180.0,West,55700.0,0,9
6132,Female,46-55,Inactive,6.0,220.0,West,62200.0,0,1
6907,Female,26-35,Active,85.0,1250.0,West,24000.0,1,12
7679,Female,36-45,Active,109.0,2130.0,South,28300.0,0,10
7611,Female,18-25,Active,35.0,920.0,North,46800.0,1,2
4363,Female,56+,Active,99.0,3090.0,West,,0,8
5364,Female,46-55,Active,112.0,3030.0,West,40100.0,1,9
5406,Female,46-55,Active,70.0,880.0,West,29600.0,0,3
5502,Female,56+,Inactive,50.0,1450.0,East,31800.0,1,2
5024,Female,36-45,Active,119.0,4560.0,North,73700.0,1,9
3019,Male,26-35,Active,6.0,320.0,South,68300.0,1,0
694,Male,26-35,Inactive,95.0,,,38600.0,0,10
2534,Male,26-35,New,47.0,870.0,South,38500.0,0,3
4566,Female,36-45,New,57.0,1720.0,North,30300.0,1,5
983,Female,18-25,Inactive,58.0,1740.0,West,51000.0,0,3
8023,Female,18-25,New,79.0,8850.0,East,114200.0,1,8
80,Female,36-45,New,93.0,2570.0,South,43100.0,1,8
4768,Female,26-35,Inactive,12.0,420.0,South,41300.0,0,2
3534,Male,46-55,Active,72.0,630.0,North,15000.0,1,7
9515,Male,26-35,New,52.0,1930.0,West,46000.0,1,7
9476,Female,46-55,Active,78.0,1180.0,West,26500.0,1,6
3161,Female,18-25,Active,102.0,3460.0,West,52300.0,1,15
5704,Female,46-55,New,80.0,,North,47700.0,1,6
5000,Female,46-55,Active,102.0,1180.0,East,30200.0,1,3
262,Female,56+,New,67.0,3940.0,West,59000.0,0,11
2143,Female,46-55,Inactive,27.0,650.0,West,27200.0,0,5
6366,Male,18-25,Active,17.0,560.0,South,51000.0,1,4
2269,Female,18-25,Active,56.0,2680.0,West,60800.0,1,9
446,Female,18-25,Active,116.0,7750.0,North,73400.0,1,7
5207,Male,36-45,Active,58.0,1600.0,East,30500.0,1,5
4506,Male,36-45,Inactive,29.0,530.0,South,41500.0,1,4
3542,Female,56+,Active,6.0,230.0,West,54100.0,1,0
6691,Female,18-25,Active,12.0,1780.0,East,149000.0,1,3
7440,Female,46-55,New,42.0,3840.0,West,148000.0,0,4
1702,Female,46-55,Active,87.0,1930.0,South,22400.0,1,4
2527,Female,36-45,Active,55.0,,East,37500.0,1,5
69,Male,26-35,Active,25.0,1170.0,South,63700.0,1,4
1169,Female,36-45,Active,25.0,290.0,North,29300.0,0,3
49,Female,56+,New,21.0,1230.0,West,82900.0,1,4
1054,Male,26-35,Active,87.0,2260.0,East,31500.0,1,6
85,Male,36-45,Inactive,37.0,990.0,North,43700.0,0,4
881,Male,18-25,Active,24.0,770.0,East,51700.0,1,1
2652,Male,46-55,Active,105.0,1410.0,East,29900.0,0,4
4683,Female,56+,Active,14.0,320.0,West,38500.0,0,1
2440,Female,26-35,Active,113.0,4100.0,North,77300.0,1,10
4408,Male,36-45,New,,590.0,North,65900.0,0,2
6250,Male,46-55,New,54.0,860.0,South,32200.0,0,4
1468,Male,26-35,Inactive,35.0,1560.0,East,49200.0,1,3
6587,Male,36-45,Active,30.0,380.0,West,23200.0,1,3
3083,Female,26-35,Active,,870.0,West,26500.0,1,7
2442,Male,36-45,Inactive,53.0,1760.0,South,46800.0,0,2
6200,Female,26-35,Active,7.0,120.0,North,24000.0,0,0
231,Male,36-45,New,33.0,740.0,South,31200.0,1,2
1321,Female,26-35,Active,103.0,3370.0,South,63300.0,1,13
42,Female,26-35,New,79.0,3420.0,East,46900.0,1,4
778,Male,26-35,Active,56.0,2220.0,West,,1,5
8988,Female,26-35,New,18.0,230.0,North,,1,2
8598,Female,26-35,Active,9.0,260.0,East,40600.0,0,1
1730,Male,18-25,Active,32.0,1620.0,East,81300.0,1,4
4708,Male,26-35,Active,102.0,5960.0,North,77500.0,1,7
580,Male,18-25,Active,1.0,60.0,West,69600.0,0,1
3915,Male,56+,New,67.0,1630.0,East,36000.0,1,9
7597,Male,18-25,Active,10.0,120.0,,27500.0,1,4
8982,Female,36-45,Active,31.0,300.0,East,24900.0,1,2
3101,Female,18-25,New,64.0,4940.0,East,82100.0,1,3
1492,Female,18-25,Active,44.0,2160.0,North,51400.0,1,2
7641,Male,36-45,Active,87.0,2880.0,West,40300.0,0,6
8625,Male,26-35,Active,86.0,3550.0,North,46300.0,0,13
62,Female,26-35,New,110.0,2080.0,South,36600.0,1,10
4440,Male,36-45,New,24.0,770.0,North,38500.0,0,1
4478,Male,46-55,Active,9.0,210.0,West,28300.0,0,1
6968,Male,26-35,New,114.0,6940.0,South,63400.0,1,7
403,Female,26-35,New,62.0,,West,44300.0,1,5
333,Female,36-45,Active,,1730.0,North,48500.0,1,3
2085,Female,46-55,Active,25.0,880.0,East,41100.0,1,4
9407,Female,46-55,Inactive,65.0,800.0,West,15000.0,0,5
165,Female,18-25,Active,66.0,2420.0,East,64300.0,0,3
4292,Male,26-35,New,31.0,,North,,0,2
2716,Male,26-35,Active,31.0,1550.0,North,69200.0,1,4
8961,Male,18-25,Active,0.0,0.0,South,74900.0,0,0
8704,Male,26-35,Active,86.0,2470.0,West,30900.0,1,10
2756,Female,46-55,Active,77.0,2670.0,East,34800.0,0,4
5501,Male,36-45,Inactive,50.0,2250.0,North,46400.0,1,5
7108,Female,18-25,New,12.0,420.0,East,42600.0,1,1
1335,Female,18-25,Inactive,118.0,2510.0,West,56100.0,1,10
7276,Female,36-45,New,45.0,510.0,North,28800.0,0,3
1660,Male,56+,Inactive,113.0,1830.0,South,28800.0,0,5
3644,Male,18-25,New,3.0,210.0,West,79400.0,0,0
754,Female,18-25,Active,82.0,1840.0,West,53000.0,1,7
6642,Female,26-35,Active,114.0,,North,29500.0,1,7
707,Female,56+,Active,72.0,1060.0,West,32100.0,1,8
3065,Male,26-35,New,80.0,930.0,East,27400.0,1,9
8596,Female,18-25,Active,114.0,670.0,East,15000.0,1,5
9915,Male,18-25,Active,80.0,,North,28500.0,1,4
9622,Female,36-45,New,2.0,50.0,North,29000.0,1,1
3543,Female,18-25,Active,69.0,830.0,West,21600.0,1,7
9596,Female,46-55,Active,87.0,2990.0,South,53900.0,1,6
9021,Male,46-55,Active,96.0,1610.0,South,27700.0,1,7
1835,Male,26-35,Active,1.0,10.0,West,30400.0,0,2
5360,Female,26-35,New,25.0,550.0,North,51600.0,1,2
5475,Female,36-45,Inactive,28.0,940.0,North,39700.0,0,0
5857,Female,36-45,Active,108.0,2240.0,North,25300.0,0,9
4538,Female,56+,Active,5.0,180.0,South,49900.0,0,2
5126,Male,36-45,New,105.0,2480.0,West,29000.0,1,12
7002,Female,18-25,Active,63.0,2590.0,South,44000.0,1,5
7306,Female,46-55,Active,4.0,90.0,South,23800.0,1,2
3129,Female,36-45,Active,92.0,4170.0,North,52100.0,1,6
6649,Female,46-55,Active,53.0,,North,39700.0,1,3
4825,Male,26-35,Inactive,58.0,,West,50600.0,0,6
2247,Male,36-45,New,107.0,2170.0,North,27100.0,0,11
836,Female,18-25,Active,16.0,,South,73400.0,1,5
8430,Female,26-35,New,45.0,1120.0,,34400.0,1,4
6384,Female,18-25,Inactive,22.0,470.0,West,51100.0,0,4
433,Female,26-35,Active,1.0,10.0,,36700.0,1,2
5729,Female,56+,Active,105.0,1870.0,North,38200.0,0,10
8563,Female,26-35,Active,89.0,3630.0,South,51000.0,0,8
4878,Female,26-35,Active,7.0,320.0,South,90200.0,1,453
8389,Male,46-55,Active,101.0,2210.0,East,40600.0,1,5
6261,Female,18-25,Active,84.0,1890.0,North,34600.0,1,3
1194,Female,36-45,Active,60.0,3370.0,East,63600.0,1,6
6995,Female,26-35,New,37.0,430.0,East,23000.0,1,7
6714,Female,36-45,Active,119.0,4840.0,East,49500.0,1,13
7920,Male,26-35,New,66.0,2540.0,North,51000.0,1,5
5199,Female,18-25,New,78.0,4180.0,North,62100.0,0,4
3096,Male,36-45,Inactive,51.0,1790.0,North,53200.0,1,5
8080,Female,56+,Inactive,69.0,2910.0,East,105900.0,0,8
2730,Female,36-45,Active,105.0,3470.0,East,60900.0,1,13
3496,Female,26-35,New,84.0,3250.0,South,43900.0,1,2
434,Female,26-35,Inactive,60.0,1480.0,South,40200.0,1,4
9439,Female,18-25,Inactive,4.0,110.0,West,31000.0,0,0
8462,Female,26-35,New,56.0,1370.0,South,45200.0,1,3
9131,Male,26-35,Active,44.0,1690.0,North,,1,7
105,Female,36-45,Active,19.0,300.0,North,31500.0,1,2
6439,Female,26-35,Inactive,63.0,3560.0,North,69300.0,0,1
1657,Male,26-35,New,34.0,640.0,South,35000.0,1,2
1534,Female,36-45,Active,111.0,3940.0,North,49000.0,1,8
4721,Male,46-55,Active,25.0,460.0,East,30500.0,0,4
1333,Female,26-35,Inactive,15.0,780.0,South,70700.0,0,1
8210,Female,18-25,Active,59.0,560.0,South,22100.0,0,3
9507,Female,36-45,Active,22.0,190.0,North,21500.0,0,2
1444,Male,18-25,Active,8.0,80.0,East,17800.0,1,3
215,Female,36-45,Active,66.0,3550.0,South,58800.0,1,6
5404,Male,36-45,Active,60.0,1630.0,South,36000.0,1,6
3406,Female,26-35,Active,35.0,1100.0,West,43400.0,1,5
4533,Female,36-45,Active,19.0,1350.0,,80500.0,0,3
3828,Male,36-45,Active,83.0,1820.0,North,34600.0,1,5
1420,Female,56+,Inactive,37.0,1720.0,West,58700.0,1,2
3119,Male,36-45,Active,17.0,440.0,South,58400.0,1,0
9175,Female,46-55,Inactive,113.0,5400.0,South,53800.0,0,12
182,Female,36-45,Active,74.0,3000.0,West,44900.0,1,3
4000,Male,26-35,Active,64.0,2260.0,North,37600.0,1,2
8738,Male,36-45,Active,85.0,1880.0,South,39900.0,0,9
2447,Male,36-45,Active,19.0,350.0,South,36200.0,1,6
5369,Female,26-35,Active,2.0,100.0,East,51600.0,0,1
5217,Male,26-35,Active,51.0,1040.0,West,21200.0,1,5
5734,Female,36-45,New,58.0,3030.0,West,62000.0,1,10
3598,Female,46-55,Active,85.0,2550.0,East,30200.0,1,6
3092,Female,36-45,Active,23.0,1300.0,South,83000.0,1,3
8044,Female,26-35,Active,103.0,7920.0,East,106800.0,1,12
9550,Male,18-25,Active,109.0,770.0,West,15200.0,1,13
71,Male,36-45,New,112.0,3990.0,West,50500.0,1,7
545,Male,26-35,New,22.0,820.0,East,41600.0,1,0
1205,Male,18-25,Inactive,62.0,3310.0,West,58800.0,1,6
3131,Male,36-45,Inactive,85.0,1470.0,South,26100.0,0,4
9144,Female,46-55,Active,35.0,2580.0,South,129100.0,0,3
8958,Female,18-25,Active,104.0,3500.0,East,34000.0,0,10
9772,Female,18-25,New,99.0,2770.0,South,30200.0,1,8
9660,Male,18-25,Inactive,11.0,330.0,West,,0,1
8365,Female,18-25,Inactive,114.0,7900.0,South,82700.0,1,12
4961,Male,26-35,New,17.0,560.0,East,61900.0,1,2
9141,Male,36-45,Inactive,25.0,540.0,South,38700.0,0,0
8751,Female,26-35,Active,59.0,1180.0,South,44900.0,1,6
878,Male,26-35,Inactive,87.0,5720.0,South,68600.0,1,7
8128,Female,26-35,Active,11.0,150.0,East,35400.0,1,1
197,Female,18-25,Active,2.0,50.0,North,54600.0,0,2
9786,Female,26-35,Inactive,43.0,2650.0,West,80500.0,1,5
3356,Male,36-45,New,86.0,3540.0,East,50500.0,1,5
4695,Male,46-55,Active,32.0,560.0,East,21400.0,1,5
2572,Female,46-55,Active,89.0,2350.0,South,60700.0,1,6
8041,Male,18-25,New,12.0,260.0,South,27300.0,1,1
7302,Female,26-35,Active,61.0,1240.0,West,24800.0,1,2
8666,Female,26-35,Active,89.0,770.0,West,16600.0,1,3
9406,Female,46-55,Inactive,4.0,120.0,North,30400.0,0,2
6214,Female,18-25,Active,3.0,80.0,North,39900.0,1,0
4833,Female,46-55,Inactive,114.0,3560.0,East,32600.0,1,6
5385,Male,18-25,Active,82.0,2660.0,North,39600.0,1,2
7446,Female,26-35,Inactive,111.0,2500.0,West,25100.0,1,9
2869,Female,18-25,Active,72.0,2420.0,North,36500.0,0,4
2719,Male,26-35,Active,17.0,240.0,East,35400.0,1,2
8693,Male,36-45,New,47.0,4320.0,North,108000.0,1,6
5337,Female,36-45,New,81.0,2570.0,West,32100.0,1,4
4752,Female,26-35,New,0.0,0.0,North,15000.0,0,2
9030,Male,46-55,Active,48.0,880.0,East,45400.0,1,4
3571,Female,26-35,Inactive,85.0,3000.0,North,50700.0,0,6
8094,Female,26-35,Active,2.0,70.0,South,45200.0,1,0
2683,Male,18-25,Active,50.0,1360.0,East,28200.0,1,1
9666,Female,26-35,Active,15.0,,South,51100.0,0,1
3423,Female,56+,Active,50.0,2500.0,West,51300.0,0,3
6042,Male,26-35,Active,66.0,1360.0,South,22600.0,0,2
4685,Female,26-35,Active,3.0,90.0,West,38200.0,1,0
219,Female,18-25,Inactive,9.0,360.0,North,59700.0,0,2
4852,Female,36-45,Active,17.0,210.0,North,18100.0,1,1
6952,Female,46-55,Active,36.0,,West,46900.0,0,6
7014,Female,36-45,Active,82.0,1090.0,East,16800.0,1,9
2544,Male,36-45,Active,65.0,1860.0,West,40000.0,1,6
9548,Female,26-35,Active,96.0,4240.0,South,95500.0,1,8
1245,Male,46-55,Active,86.0,,South,70500.0,1,9
421,Female,18-25,Active,64.0,2210.0,East,35400.0,1,2
6283,Male,26-35,Inactive,44.0,820.0,North,36300.0,0,5
2059,Male,26-35,Active,72.0,1910.0,South,33300.0,1,7
9965,Male,26-35,Active,13.0,470.0,North,44000.0,1,4
9038,Female,18-25,New,91.0,3180.0,South,40900.0,0,5
3579,Female,46-55,Active,95.0,1410.0,East,20000.0,1,6
4550,Male,18-25,Inactive,84.0,,South,65600.0,1,10
1167,Female,18-25,New,97.0,4210.0,West,55800.0,1,16
255,Male,36-45,New,5.0,120.0,North,53700.0,1,1
416,Male,56+,Active,52.0,460.0,South,20700.0,0,5
9213,Male,56+,Active,58.0,970.0,East,,1,7
4053,Female,56+,Active,116.0,3190.0,South,43500.0,0,5
7436,Male,46-55,Active,108.0,740.0,North,15000.0,0,11
760,Female,46-55,New,105.0,6930.0,South,,0,5
1386,Male,26-35,Active,15.0,790.0,East,67500.0,0,4
655,Female,26-35,Active,104.0,2810.0,East,51500.0,1,8
1202,Female,18-25,New,10.0,270.0,North,45500.0,0,3
2414,Female,56+,Inactive,12.0,610.0,East,83900.0,0,0
3974,Male,26-35,Active,15.0,210.0,South,30000.0,1,1
5810,Female,18-25,Active,7.0,200.0,East,52800.0,0,0
7875,Female,18-25,Active,116.0,4880.0,South,47000.0,1,12
7817,Female,36-45,Active,91.0,2960.0,West,72700.0,1,4
3108,Female,26-35,New,110.0,4130.0,East,59100.0,1,9
2831,Male,26-35,Active,116.0,7530.0,South,66400.0,1,7
4731,Male,36-45,Inactive,3.0,90.0,West,35400.0,0,2
329,Female,26-35,Active,81.0,2480.0,North,35100.0,1,5
6001,Female,36-45,New,114.0,2050.0,West,24400.0,1,4
8561,Male,26-35,Active,12.0,440.0,West,43300.0,1,0
9769,Female,46-55,New,16.0,260.0,North,39800.0,0,1
2064,Male,46-55,New,99.0,3020.0,South,43200.0,0,11
6628,Female,36-45,Active,39.0,740.0,East,23500.0,1,3
8930,Male,26-35,New,83.0,5330.0,East,96900.0,1,7
5616,Male,36-45,Inactive,87.0,3590.0,West,48400.0,1,7
5383,Female,46-55,New,91.0,1110.0,North,26500.0,0,5
9429,Female,26-35,Inactive,34.0,730.0,North,27000.0,0,3
1282,Male,36-45,Active,112.0,3890.0,East,36100.0,1,10
5118,Female,56+,Active,44.0,1030.0,East,36600.0,0,2
2637,Female,18-25,Active,56.0,1020.0,West,34400.0,0,6
3388,Female,46-55,Active,19.0,410.0,North,,1,5
6493,Female,36-45,New,88.0,1230.0,West,29200.0,0,8
4522,Male,26-35,Active,61.0,1970.0,South,39600.0,0,4
2946,Male,26-35,Active,,140.0,East,47700.0,1,3
9774,Female,36-45,Active,,200.0,North,21700.0,1,4
8679,Female,46-55,Active,12.0,730.0,East,69800.0,0,1
4809,Male,36-45,Active,112.0,2980.0,West,58100.0,1,7
2664,Male,36-45,Active,100.0,4820.0,East,49000.0,0,6
8318,Female,56+,Active,70.0,1050.0,South,20600.0,0,8
1283,Male,26-35,Inactive,100.0,3310.0,North,44800.0,1,11
3545,Male,18-25,Inactive,,3510.0,South,65200.0,0,3
1363,Female,46-55,Active,48.0,960.0,West,,1,5
1438,Female,26-35,New,13.0,600.0,North,77000.0,0,0
9668,Female,26-35,Active,14.0,490.0,East,46800.0,0,2
7047,Male,18-25,Active,64.0,2160.0,North,71900.0,1,5
57,Female,18-25,Inactive,100.0,4280.0,East,45300.0,1,7
5480,Female,26-35,Active,101.0,3290.0,South,34500.0,1,8
8516,Female,36-45,Active,8.0,150.0,North,41100.0,1,1
7424,Female,18-25,Inactive,101.0,,North,26600.0,1,9
1845,Male,26-35,Active,98.0,1150.0,East,27900.0,1,5
8823,Female,46-55,Inactive,,1060.0,South,21200.0,0,5
8611,Male,36-45,New,35.0,810.0,West,39700.0,1,3
5624,Female,36-45,New,52.0,1770.0,,38100.0,0,9
2881,Male,18-25,Active,92.0,1970.0,South,31000.0,1,3
1744,Female,26-35,Active,51.0,4010.0,East,106800.0,1,1
9998,Male,46-55,Active,33.0,1120.0,East,34600.0,0,2
6202,Female,36-45,New,26.0,860.0,South,47900.0,1,4
4227,Female,18-25,Active,49.0,4320.0,South,148400.0,1,3
4346,Female,26-35,Active,39.0,,North,52300.0,0,2
741,Male,56+,Active,96.0,2740.0,South,36400.0,1,9
6428,Male,18-25,Active,49.0,2190.0,South,57400.0,0,5
7460,Female,18-25,Active,112.0,2170.0,East,43400.0,1,8
1625,Male,46-55,Inactive,94.0,3900.0,South,47800.0,0,3
525,Male,46-55,Active,76.0,1720.0,West,32300.0,1,5
9000,Female,36-45,Inactive,10.0,320.0,North,34000.0,0,1
7620,Female,18-25,Active,10.0,190.0,North,,1,2
5539,Male,36-45,Active,40.0,650.0,South,26900.0,0,3
7406,Male,36-45,Active,52.0,,West,19600.0,1,6
3258,Male,36-45,Inactive,7.0,310.0,East,49500.0,1,4
436,Male,56+,Active,2.0,30.0,East,33900.0,0,2
7964,Female,46-55,Active,43.0,1340.0,West,33800.0,1,3
5063,Male,36-45,New,38.0,590.0,East,27600.0,0,4
309,Male,36-45,Inactive,69.0,3600.0,North,62600.0,0,6
1566,Female,26-35,Active,64.0,1620.0,South,32600.0,1,4
2632,Female,36-45,Inactive,24.0,600.0,East,25400.0,1,4
9447,Female,26-35,Active,84.0,12140.0,East,146700.0,1,4
4477,Female,26-35,Active,24.0,440.0,East,32300.0,1,2
402,Female,18-25,Active,96.0,1980.0,South,31800.0,1,8
7915,Female,26-35,Active,20.0,590.0,North,32300.0,1,4
882,Female,46-55,Active,68.0,4140.0,North,62300.0,1,7
6430,Male,18-25,Active,58.0,1570.0,West,30100.0,0,7
8118,Male,18-25,Active,80.0,4130.0,East,58600.0,1,5
6396,Female,26-35,Active,107.0,3460.0,West,54500.0,1,9
9705,Male,26-35,Active,57.0,1000.0,West,35300.0,1,5
8442,Male,18-25,Active,117.0,7540.0,South,94300.0,1,11
4863,Male,26-35,Inactive,83.0,1920.0,East,34800.0,0,5
5786,Female,18-25,Active,9.0,660.0,South,77600.0,1,0
5899,Female,18-25,New,54.0,1750.0,North,80600.0,0,7
289,Female,26-35,Active,66.0,2720.0,North,44700.0,1,7
5478,Female,46-55,New,111.0,1560.0,East,28500.0,1,7
8360,Male,18-25,Inactive,110.0,4050.0,South,75700.0,1,7
2624,Female,36-45,New,97.0,2950.0,South,79400.0,1,9
5994,Female,36-45,Inactive,54.0,1000.0,North,24800.0,0,4
477,Male,26-35,Inactive,65.0,1180.0,North,34200.0,0,4
7945,Female,36-45,New,65.0,1340.0,North,35000.0,0,7
9189,Female,36-45,Active,88.0,3210.0,West,55600.0,1,9
3827,Male,26-35,Active,54.0,,East,91100.0,1,6
3661,Male,36-45,Inactive,46.0,800.0,North,18700.0,1,5
3039,Male,18-25,New,86.0,590.0,North,17800.0,1,6
738,Male,26-35,Active,107.0,2510.0,South,59100.0,1,4
3188,Female,18-25,Active,106.0,4170.0,North,39500.0,1,8
4939,Female,46-55,Active,87.0,5550.0,North,82700.0,1,9
6609,Male,18-25,Active,56.0,1540.0,North,37800.0,1,6
5455,Female,18-25,New,5.0,290.0,South,61500.0,0,0
8510,Female,56+,New,8.0,350.0,North,56900.0,1,3
8238,Female,36-45,Inactive,1.0,20.0,West,37500.0,0,0
4193,Female,36-45,Active,77.0,3190.0,East,49500.0,1,8
5235,Female,18-25,New,9.0,290.0,East,38300.0,0,1
8922,Female,18-25,Active,78.0,1940.0,South,26400.0,1,9
5033,Male,18-25,Active,32.0,1140.0,East,59200.0,1,1
3747,Male,46-55,Active,100.0,1970.0,South,36500.0,1,7
1840,Female,18-25,Inactive,113.0,1370.0,North,23400.0,0,6
1996,Female,46-55,Active,56.0,1890.0,North,71000.0,1,7
2400,Female,36-45,Active,65.0,3220.0,,89600.0,1,4
4296,Male,46-55,Active,32.0,1410.0,East,62500.0,1,3
7230,Female,46-55,New,79.0,1370.0,West,37000.0,1,10
4158,Male,46-55,New,65.0,2040.0,East,32000.0,0,3
3578,Male,56+,New,68.0,2400.0,North,58800.0,1,3
801,Female,18-25,New,116.0,1030.0,North,23300.0,0,9
8316,Female,36-45,New,70.0,1180.0,South,39400.0,0,7
9583,Male,18-25,Inactive,19.0,400.0,West,35300.0,1,2
1406,Male,26-35,New,12.0,170.0,North,15000.0,1,0
5479,Female,18-25,New,64.0,3130.0,North,58500.0,1,5
70,Male,18-25,New,9.0,220.0,South,42600.0,1,1
5776,Male,46-55,Active,57.0,,North,19200.0,1,4
2760,Female,26-35,Active,79.0,1130.0,East,30400.0,1,4
4185,Female,56+,New,29.0,470.0,North,29000.0,0,8
1587,Male,46-55,Active,,2900.0,North,40300.0,1,7
9471,Female,26-35,Inactive,74.0,4050.0,North,68100.0,1,7
6023,Male,56+,New,74.0,2390.0,North,41600.0,0,7
1075,Female,56+,New,105.0,,North,29200.0,0,5
6178,Male,36-45,Active,114.0,1450.0,North,25300.0,1,7
5520,Female,36-45,New,104.0,5680.0,South,101700.0,1,6
8286,Male,26-35,Active,72.0,1600.0,East,32800.0,1,5
9107,Male,36-45,New,50.0,1880.0,East,71200.0,1,8
2604,Female,18-25,Active,27.0,2970.0,North,110900.0,1,4
6179,Male,26-35,Active,58.0,,North,39200.0,1,6
1580,Female,36-45,New,75.0,,South,56400.0,1,9
5418,Female,46-55,Active,110.0,1990.0,South,39700.0,1,11
9993,Male,36-45,Active,24.0,700.0,South,58100.0,1,2
6044,Female,26-35,Inactive,6.0,190.0,East,32800.0,0,0
410,Female,26-35,Active,43.0,1430.0,West,53600.0,1,3
6978,Male,36-45,Active,19.0,430.0,West,57400.0,1,2
5663,Female,46-55,Active,100.0,1490.0,South,23600.0,1,11
5650,Male,18-25,Active,32.0,520.0,South,17700.0,1,2
5279,Male,46-55,Inactive,112.0,2910.0,South,37300.0,0,3
4732,Female,18-25,Inactive,20.0,440.0,South,33200.0,0,1
2727,Female,46-55,New,,720.0,North,30100.0,0,2
478,Female,26-35,Active,67.0,2270.0,South,50200.0,1,4
1330,Male,56+,Active,48.0,2960.0,South,68900.0,0,3
2284,Female,26-35,Active,11.0,320.0,West,57000.0,0,0
9682,Male,46-55,New,6.0,,East,49500.0,0,2
4615,Male,46-55,Inactive,27.0,,East,17900.0,0,3
1778,Male,26-35,Active,106.0,3090.0,West,57600.0,1,10
8682,Female,36-45,Active,30.0,600.0,South,25400.0,1,2
752,Male,26-35,Inactive,37.0,290.0,South,18300.0,1,1
5844,Female,18-25,Active,104.0,2610.0,East,34300.0,0,9
8621,Female,18-25,Inactive,73.0,1460.0,South,23500.0,0,4
9957,Female,18-25,Active,88.0,1860.0,South,41000.0,0,12
6085,Male,36-45,Inactive,30.0,1460.0,West,59600.0,1,2
9646,Female,36-45,Inactive,76.0,4070.0,North,61100.0,1,6
3704,Female,36-45,Active,26.0,900.0,West,40700.0,0,2
5911,Female,56+,Active,100.0,1860.0,North,26500.0,1,9
7622,Female,18-25,Active,40.0,930.0,,28600.0,0,2
7647,Male,26-35,Active,49.0,650.0,,,1,3
469,Male,26-35,Inactive,68.0,2170.0,North,63700.0,1,7
1546,Male,36-45,New,9.0,320.0,South,,0,1
6367,Male,26-35,Active,110.0,9140.0,East,112900.0,1,7
2684,Female,18-25,New,68.0,1150.0,East,40800.0,0,6
8069,Male,56+,Active,11.0,200.0,North,25100.0,0,3
8505,Female,36-45,New,104.0,5190.0,South,64500.0,1,7
1026,Male,36-45,Active,107.0,3460.0,North,44100.0,1,11
3992,Male,18-25,Active,67.0,1920.0,South,39000.0,1,7
3442,Male,18-25,Active,5.0,100.0,East,44600.0,1,1
8889,Female,36-45,Active,107.0,4420.0,East,41600.0,1,3
2355,Male,18-25,Inactive,27.0,670.0,East,30100.0,0,4
7112,Female,36-45,Active,60.0,1850.0,East,40600.0,1,5
3669,Male,36-45,Active,120.0,2550.0,South,25600.0,1,14
774,Female,36-45,Inactive,111.0,1290.0,West,19500.0,0,9
9872,Female,36-45,Active,,2190.0,West,25500.0,0,4
8847,Female,46-55,Active,84.0,1200.0,North,27000.0,0,11
3444,Male,46-55,Active,50.0,1100.0,North,34800.0,1,4
7717,Female,26-35,Inactive,56.0,2500.0,,54000.0,0,3
642,Female,46-55,Inactive,61.0,2200.0,West,54900.0,1,9
4272,Female,46-55,New,80.0,2030.0,North,31000.0,1,7
3886,Male,36-45,Active,9.0,210.0,West,29200.0,1,2
9661,Male,26-35,New,9.0,140.0,South,,1,0
8567,Female,36-45,Inactive,43.0,1190.0,East,35800.0,1,4
1109,Female,26-35,Active,65.0,1090.0,South,31600.0,1,8
8905,Female,26-35,Active,103.0,1700.0,North,28700.0,1,7
4100,Female,36-45,Inactive,54.0,2070.0,East,39500.0,1,5
1421,Female,36-45,Inactive,32.0,480.0,North,24400.0,0,2
5806,Female,46-55,Active,74.0,1210.0,North,20900.0,1,10
9856,Male,18-25,Inactive,93.0,2730.0,East,41000.0,0,4
4953,Male,26-35,Active,69.0,1630.0,East,36500.0,1,4
5271,Female,26-35,Inactive,60.0,550.0,North,22400.0,1,2
4982,Male,36-45,Active,103.0,880.0,South,18500.0,0,5
6833,Male,18-25,New,96.0,2950.0,East,40800.0,1,6
7878,Female,56+,Inactive,54.0,1900.0,North,43800.0,0,2
1681,Female,26-35,Active,26.0,600.0,West,40900.0,1,0
6774,Female,18-25,Active,38.0,1820.0,West,78400.0,1,2
634,Male,36-45,Inactive,20.0,480.0,West,33500.0,0,3
2570,Female,26-35,Active,109.0,4690.0,North,60400.0,1,7
3397,Male,18-25,Active,70.0,3870.0,East,56300.0,1,2
2167,Female,26-35,Active,86.0,940.0,East,,1,9
364,Male,36-45,New,48.0,1980.0,East,54700.0,0,3
6825,Female,18-25,Active,120.0,2220.0,East,33200.0,0,13
2826,Female,46-55,Active,42.0,510.0,East,31100.0,1,4
5267,Male,26-35,Inactive,23.0,680.0,West,39100.0,1,435
8040,Female,36-45,Active,48.0,880.0,West,32300.0,0,5
7583,Male,26-35,Active,6.0,270.0,North,51300.0,1,1
5800,Male,46-55,Active,17.0,1140.0,North,67200.0,0,1
3583,Male,36-45,Active,34.0,930.0,North,37100.0,1,3
6350,Female,26-35,New,38.0,1450.0,West,72200.0,1,5
7154,Female,26-35,Active,9.0,380.0,South,45300.0,0,2
3320,Male,18-25,Active,10.0,190.0,West,19700.0,1,3
1173,Male,46-55,New,94.0,2250.0,West,29500.0,0,3
7367,Male,46-55,Inactive,52.0,950.0,West,47700.0,0,5
7938,Male,36-45,Active,72.0,1320.0,North,48800.0,0,6
4387,Male,36-45,Active,56.0,900.0,,19100.0,1,7
2577,Female,26-35,Active,30.0,520.0,West,24000.0,1,2
1990,Male,36-45,New,18.0,450.0,West,52700.0,1,2
7035,Male,26-35,Active,19.0,360.0,South,26900.0,1,3
3146,Female,18-25,New,74.0,1920.0,West,26600.0,0,7
8744,Female,56+,New,33.0,1430.0,North,63200.0,0,2
4197,Male,18-25,Inactive,30.0,990.0,East,56200.0,0,2
3464,Male,26-35,Active,110.0,2000.0,West,20900.0,1,8
2629,Male,26-35,Active,91.0,2140.0,West,50700.0,1,8
7869,Female,36-45,Inactive,8.0,250.0,North,35600.0,1,1
1411,Female,18-25,Inactive,9.0,170.0,South,38400.0,0,1
4857,Female,36-45,Active,17.0,980.0,West,69400.0,0,1
9985,Female,36-45,Active,81.0,1820.0,East,35300.0,1,10
4342,Male,26-35,New,65.0,860.0,West,31900.0,1,6
5010,Male,26-35,Active,70.0,4510.0,North,72100.0,1,7
6809,Male,36-45,Active,14.0,440.0,,55500.0,1,2
8967,Female,36-45,New,79.0,4010.0,South,52400.0,1,8
816,Female,18-25,Inactive,101.0,1950.0,South,38300.0,0,6
2405,Female,56+,Active,29.0,920.0,East,51900.0,0,2
5831,Female,46-55,Inactive,60.0,1330.0,West,34500.0,1,5
9996,Male,46-55,Active,55.0,,North,61500.0,0,2
2132,Female,18-25,Active,34.0,360.0,North,,1,8
1798,Male,26-35,Active,105.0,1720.0,,25900.0,1,15
3091,Female,26-35,Active,55.0,840.0,North,37100.0,0,5
4223,Male,46-55,Inactive,118.0,2090.0,South,24700.0,1,9
4605,Female,46-55,New,98.0,2380.0,South,25300.0,1,5
3123,Male,26-35,New,114.0,2730.0,,47500.0,1,7
9893,Male,46-55,Active,20.0,370.0,West,31700.0,0,3
5147,Female,56+,New,109.0,2440.0,South,33300.0,0,5
123,Male,18-25,Inactive,47.0,890.0,West,34500.0,1,4
180,Female,36-45,Active,64.0,1070.0,North,17500.0,0,8
9288,Female,26-35,Active,89.0,1960.0,West,45100.0,1,5
5573,Female,26-35,New,110.0,1030.0,West,20600.0,1,7
4563,Male,56+,Active,114.0,2070.0,North,31200.0,1,6
3860,Male,46-55,Inactive,119.0,1800.0,North,31900.0,0,11
5036,Male,18-25,Active,116.0,6200.0,North,60500.0,1,12
1158,Male,46-55,Inactive,27.0,490.0,West,35500.0,0,3
8138,Male,56+,Active,75.0,4410.0,South,76500.0,1,6
1533,Female,18-25,Active,51.0,1280.0,East,38700.0,1,7
3617,Male,18-25,Active,28.0,930.0,West,43200.0,1,4
6359,Female,36-45,Active,83.0,2330.0,West,55200.0,0,11
9148,Female,46-55,New,47.0,1080.0,North,23500.0,0,3
1536,Female,26-35,Active,112.0,2900.0,North,39300.0,1,16
8157,Female,36-45,New,57.0,1140.0,East,27600.0,1,3
3791,Male,26-35,Inactive,50.0,2500.0,East,59500.0,1,3
2606,Male,36-45,Active,30.0,810.0,North,35300.0,0,5
3740,Male,36-45,New,76.0,1870.0,West,36900.0,1,3
9652,Female,26-35,Inactive,87.0,1620.0,West,46800.0,0,6
7521,Male,26-35,Active,10.0,430.0,West,58600.0,1,5
2178,Female,46-55,New,67.0,1440.0,East,31800.0,0,5
8058,Male,26-35,Active,111.0,,South,49200.0,1,10
2352,Female,26-35,Active,46.0,500.0,West,19700.0,1,2
6086,Female,36-45,Active,7.0,270.0,East,47700.0,1,3
5932,Male,26-35,New,9.0,320.0,West,48800.0,1,2
2135,Female,46-55,New,84.0,1750.0,North,51800.0,1,7
1481,Male,36-45,Active,23.0,530.0,West,50000.0,1,4
2794,Female,18-25,Active,78.0,1450.0,East,20500.0,0,6
4886,Female,36-45,New,18.0,370.0,East,,1,3
9820,Female,56+,Inactive,18.0,110.0,West,15000.0,0,2
9974,Male,36-45,Inactive,71.0,2100.0,East,34100.0,0,3
5838,Female,46-55,Active,92.0,2960.0,West,58700.0,0,8
3306,Male,18-25,Active,74.0,1010.0,South,25100.0,1,5
6096,Male,26-35,Active,95.0,2500.0,South,30900.0,1,3
3880,Male,26-35,Inactive,104.0,3680.0,North,75400.0,1,5
9050,Male,36-45,Active,93.0,2250.0,West,29600.0,1,8
8129,Female,56+,Active,8.0,160.0,North,46100.0,0,0
4129,Female,46-55,New,59.0,690.0,North,26500.0,0,10
3687,Male,26-35,Inactive,71.0,4540.0,North,89100.0,1,2
1953,Female,18-25,Inactive,18.0,380.0,South,40600.0,0,4
556,Male,46-55,Active,41.0,1800.0,North,,1,3
4303,Female,36-45,Active,109.0,1290.0,East,28800.0,1,11
1164,Male,56+,New,61.0,1030.0,East,45000.0,0,6
1585,Female,46-55,New,71.0,1940.0,East,32500.0,0,10
6206,Female,36-45,New,23.0,1100.0,North,106000.0,1,4
4581,Female,46-55,Active,73.0,1030.0,South,21000.0,1,6
6121,Male,26-35,Inactive,65.0,,North,43400.0,1,4
5309,Male,36-45,Active,4.0,110.0,South,29800.0,0,1
5287,Female,56+,Active,87.0,3790.0,East,51200.0,1,11
7979,Female,46-55,Active,116.0,11610.0,South,116500.0,0,12
7916,Female,26-35,Active,109.0,4610.0,East,43200.0,1,7
1599,Female,36-45,Active,115.0,1710.0,South,32700.0,0,10
7244,Female,36-45,New,88.0,3600.0,North,69900.0,1,9
301,Female,26-35,Inactive,49.0,4110.0,East,92000.0,1,2
8445,Female,46-55,New,55.0,2660.0,East,88100.0,0,6
9700,Male,36-45,New,69.0,2430.0,South,42900.0,1,6
4194,Female,46-55,Inactive,33.0,510.0,North,30600.0,0,6
9319,Female,36-45,Inactive,91.0,1900.0,East,32100.0,1,452
8399,Female,46-55,Active,,2630.0,,48100.0,1,7
4374,Male,18-25,New,68.0,,South,59200.0,1,7
2859,Female,46-55,Active,101.0,2200.0,West,28200.0,1,11
8955,Female,36-45,New,92.0,2070.0,East,35100.0,0,12
3143,Female,18-25,Active,21.0,280.0,South,23100.0,0,1
1360,Male,18-25,New,55.0,2880.0,South,53800.0,1,2
4573,Male,26-35,Inactive,54.0,2020.0,North,39800.0,1,2
4002,Male,36-45,Active,18.0,580.0,East,48100.0,1,1
3206,Male,26-35,Active,92.0,1730.0,North,18900.0,0,7
5737,Female,26-35,Active,59.0,1240.0,East,51800.0,0,9
487,Female,18-25,Inactive,45.0,1770.0,South,66100.0,0,3
9101,Male,18-25,Active,116.0,3460.0,North,36400.0,0,14
9354,Female,18-25,Inactive,115.0,,North,29200.0,1,11
5795,Female,26-35,Inactive,70.0,2630.0,West,64000.0,1,8
4901,Female,46-55,Active,105.0,5820.0,South,126000.0,0,8
9537,Female,46-55,Active,94.0,2620.0,,35900.0,1,7
8616,Female,26-35,Inactive,28.0,1050.0,South,54700.0,0,2
1153,Male,26-35,Inactive,18.0,470.0,East,32900.0,0,5
8747,Female,26-35,Inactive,69.0,1910.0,South,29200.0,0,11
9781,Male,46-55,Active,32.0,450.0,South,26000.0,1,4
3788,Male,26-35,Inactive,,1540.0,South,50200.0,0,3
7923,Female,56+,Active,75.0,2300.0,West,55000.0,0,1
4964,Male,56+,Active,90.0,2030.0,South,30700.0,1,11
5379,Male,26-35,Active,39.0,880.0,South,31500.0,1,3
6245,Male,26-35,Active,21.0,870.0,North,53600.0,1,3
9742,Male,46-55,Active,107.0,4120.0,East,58200.0,1,10
8305,Female,36-45,Active,45.0,780.0,East,28500.0,1,1
5362,Male,26-35,Active,71.0,710.0,North,23600.0,1,1
8450,Female,26-35,Active,113.0,3730.0,South,43500.0,1,7
666,Female,36-45,Inactive,48.0,760.0,East,23700.0,1,8
6538,Female,46-55,Active,99.0,1890.0,South,25000.0,0,6
6957,Male,18-25,Active,84.0,1850.0,North,26700.0,0,7
7347,Male,36-45,Inactive,0.0,0.0,South,78300.0,0,0
643,Male,46-55,Active,75.0,2080.0,West,46100.0,1,6
9280,Female,36-45,Active,92.0,3940.0,South,65300.0,0,9
177,Male,18-25,Active,119.0,3310.0,North,28000.0,1,12
6097,Male,26-35,Inactive,14.0,590.0,East,65600.0,1,2
9950,Female,46-55,Inactive,66.0,2090.0,East,51800.0,0,8
6877,Male,36-45,Active,95.0,3550.0,South,40200.0,1,5
787,Female,36-45,Active,87.0,1890.0,East,33600.0,1,14
6448,Female,18-25,Active,98.0,1950.0,East,29600.0,0,11
7574,Male,46-55,Active,70.0,1650.0,East,24600.0,1,5
6924,Female,36-45,Inactive,25.0,900.0,North,37000.0,0,4
3203,Female,36-45,New,1.0,10.0,North,30300.0,1,0
4845,Male,18-25,Active,52.0,1500.0,North,43800.0,1,4
5428,Female,36-45,Active,55.0,1750.0,West,59600.0,1,7
9953,Female,26-35,New,114.0,4910.0,,46200.0,1,11
92,Female,18-25,Active,118.0,3720.0,East,36600.0,0,8
9931,Male,56+,Active,13.0,300.0,South,35000.0,1,2
5782,Female,36-45,New,4.0,110.0,East,27800.0,0,0
9544,Female,36-45,Active,71.0,1570.0,North,40300.0,0,4
5313,Male,26-35,Active,42.0,,West,25000.0,1,5
1972,Female,26-35,New,10.0,380.0,East,46600.0,0,3
2906,Female,46-55,Active,73.0,2290.0,South,36800.0,0,4
531,Female,36-45,Active,70.0,2370.0,West,54100.0,1,11
6519,Male,26-35,Inactive,111.0,3210.0,North,57400.0,1,7
997,Female,26-35,Inactive,,1290.0,North,46200.0,0,3
3470,Female,26-35,Active,0.0,71809.78034851927,East,54300.0,0,0
4265,Female,36-45,Inactive,37.0,620.0,South,27100.0,0,3
3709,Male,56+,Inactive,97.0,1980.0,East,24200.0,1,9
6307,Female,26-35,Active,93.0,3050.0,East,65600.0,1,7
2313,Male,18-25,Active,40.0,2560.0,West,87400.0,0,4
2155,Female,36-45,Active,48.0,920.0,East,48800.0,1,3
9200,Female,26-35,Active,,510.0,West,42500.0,0,5
1428,Male,18-25,Inactive,60.0,1640.0,North,,0,5
4641,Male,36-45,Active,59.0,1130.0,East,46000.0,1,6
6087,Female,26-35,New,,300.0,North,15000.0,0,4
9277,Female,18-25,Active,45.0,2940.0,South,91500.0,1,3
3615,Female,46-55,Inactive,12.0,140.0,West,23300.0,0,3
3086,Male,36-45,Active,78.0,2250.0,East,32700.0,1,6
9079,Male,18-25,New,53.0,680.0,South,20600.0,1,4
9240,Female,36-45,Active,0.0,0.0,West,52200.0,1,0
3932,Female,36-45,Active,27.0,590.0,North,39100.0,1,1
6554,Male,56+,Active,56.0,1630.0,West,38600.0,1,8
4050,Female,18-25,Active,54.0,1370.0,East,31200.0,1,5
496,Female,46-55,Inactive,60.0,1380.0,,25100.0,0,5
9315,Male,26-35,Inactive,32.0,1170.0,East,72200.0,0,1
2322,Male,26-35,Active,60.0,2180.0,North,49000.0,1,6
7348,Female,26-35,Active,112.0,3420.0,North,37400.0,0,8
3468,Male,36-45,Inactive,72.0,3040.0,West,57200.0,1,6
152,Female,46-55,Active,108.0,3430.0,North,,0,2
4216,Male,26-35,New,69.0,1650.0,South,50400.0,0,5
695,Female,46-55,Active,,690.0,South,22000.0,0,11
5839,Female,56+,Active,15.0,140.0,West,21100.0,1,3
5747,Male,36-45,Inactive,85.0,2900.0,North,56100.0,1,10
1739,Female,26-35,New,112.0,3490.0,West,38600.0,0,10
3002,Female,36-45,New,63.0,830.0,West,33000.0,0,4
168,Female,46-55,New,87.0,4850.0,East,74200.0,1,5
8281,Female,18-25,Active,89.0,850.0,,20300.0,1,11
9056,Female,36-45,Active,111.0,3300.0,West,40200.0,1,5
2866,Male,46-55,Active,116.0,1760.0,South,26500.0,1,10
8582,Male,46-55,Active,42.0,620.0,North,20000.0,0,3
3818,Male,46-55,Active,32.0,2090.0,North,92100.0,1,0
2884,Male,46-55,New,114.0,2660.0,North,37000.0,1,8
3032,Male,26-35,Inactive,28.0,850.0,West,57000.0,0,2
5829,Female,36-45,Inactive,113.0,2770.0,South,29000.0,0,7
8571,Female,46-55,Active,34.0,410.0,North,,1,2
8115,Male,26-35,Active,36.0,540.0,,37000.0,1,2
4093,Female,56+,Active,31.0,340.0,North,,0,2
5941,Female,26-35,Active,17.0,400.0,East,36200.0,0,3
7978,Female,56+,Active,27.0,310.0,South,29600.0,1,4
2277,Female,56+,Active,107.0,3860.0,West,52900.0,0,11
7093,Female,36-45,Inactive,43.0,1580.0,South,45600.0,1,6
9474,Male,18-25,Inactive,77.0,5090.0,West,71900.0,0,8
8066,Male,36-45,Inactive,46.0,1260.0,South,,1,4
5340,Male,36-45,Active,38.0,780.0,North,46500.0,1,4
4343,Female,26-35,Inactive,5.0,90.0,West,34700.0,0,0
7433,Female,18-25,Active,109.0,2750.0,West,56700.0,0,6
429,Male,26-35,Active,74.0,1150.0,North,20000.0,1,3
7130,Male,18-25,Active,101.0,2080.0,South,45500.0,1,9
9966,Male,36-45,Active,114.0,2810.0,West,31800.0,0,7
4254,Female,18-25,Active,77.0,1880.0,West,33100.0,1,4
427,Male,18-25,Active,15.0,590.0,South,60200.0,0,0
2224,Male,36-45,New,12.0,400.0,South,40300.0,1,3
101,Female,56+,New,116.0,2500.0,West,23200.0,1,8
7338,Female,36-45,Active,83.0,,,38100.0,0,6
6031,Male,46-55,Active,90.0,1800.0,North,35300.0,0,6
2763,Male,26-35,Inactive,104.0,1960.0,North,28800.0,0,3
5909,Male,26-35,New,,1120.0,South,106200.0,1,1
8010,Female,18-25,Active,51.0,1220.0,East,51400.0,0,3
4925,Female,18-25,Inactive,61.0,850.0,East,35600.0,0,5
9672,Female,26-35,Active,67.0,,North,29300.0,1,7
3287,Female,46-55,New,3.0,190.0,North,68800.0,1,1
5744,Female,36-45,Active,58.0,2490.0,North,43800.0,0,2
3903,Female,36-45,New,17.0,940.0,South,56300.0,0,3
7497,Male,56+,New,115.0,4650.0,North,,1,6
6122,Male,56+,Active,16.0,430.0,North,29900.0,1,1
9273,Female,36-45,New,95.0,1380.0,South,32100.0,0,4
7748,Female,36-45,Active,11.0,500.0,West,46300.0,1,2
1466,Female,36-45,New,12.0,460.0,North,42700.0,0,4
5013,Male,46-55,Inactive,61.0,1230.0,West,28300.0,1,8
2235,Female,46-55,Active,112.0,,West,38400.0,1,9
1745,Female,26-35,Active,96.0,5040.0,South,57500.0,1,5
5770,Female,36-45,Active,63.0,1370.0,North,30400.0,1,2
6149,Female,26-35,Active,13.0,400.0,West,49200.0,1,1
9217,Female,46-55,Inactive,61.0,5530.0,North,103600.0,0,5
8087,Female,26-35,Active,,2000.0,East,68500.0,1,5
6665,Male,36-45,Active,95.0,630.0,South,16300.0,0,10
5071,Male,18-25,Active,101.0,2020.0,East,31900.0,1,11
9272,Female,18-25,Inactive,96.0,2840.0,West,35800.0,1,6
9129,Male,26-35,Inactive,105.0,4270.0,West,81700.0,1,7
7442,Female,26-35,Active,61.0,1300.0,North,42900.0,1,8
5398,Male,26-35,Active,91.0,2000.0,South,32900.0,1,5
9461,Female,18-25,Inactive,18.0,210.0,East,16500.0,0,3
2122,Male,36-45,Inactive,84.0,2170.0,East,67900.0,0,4
9923,Female,46-55,Active,70.0,2040.0,East,47700.0,1,3
5954,Male,26-35,Active,91.0,1530.0,West,20300.0,1,4
4217,Female,46-55,Active,54.0,1700.0,West,39000.0,1,4
4396,Male,18-25,Active,81.0,2440.0,West,50700.0,0,8
917,Male,26-35,Inactive,51.0,530.0,North,,0,8
8587,Male,18-25,Active,37.0,760.0,South,,0,1
7314,Female,46-55,Inactive,26.0,2840.0,West,151100.0,0,1
9264,Female,26-35,Active,27.0,350.0,East,26400.0,0,2
8686,Male,26-35,New,37.0,1000.0,South,33400.0,1,3
3393,Female,46-55,Active,64.0,2500.0,North,,1,6
4906,Female,36-45,Inactive,1.0,10.0,North,16800.0,0,1
8553,Female,18-25,Active,79.0,,East,70200.0,1,7
7637,Female,18-25,New,111.0,4460.0,East,44900.0,1,12
7798,Female,26-35,New,10.0,260.0,North,38500.0,0,2
1204,Female,18-25,Active,94.0,2170.0,North,34300.0,1,4
3839,Female,26-35,Active,,1360.0,South,46900.0,1,4
5273,Female,18-25,Active,99.0,2490.0,East,30600.0,1,10
6474,Female,56+,Active,9.0,310.0,East,36200.0,0,2
1927,Male,26-35,Active,81.0,4860.0,North,105300.0,1,10
3115,Female,18-25,New,25.0,480.0,North,27600.0,0,2
2642,Female,26-35,Active,77.0,1940.0,North,60700.0,1,5
7734,Male,18-25,Active,23.0,520.0,West,38100.0,1,1
7423,Male,26-35,Active,38.0,840.0,South,34600.0,1,3
5427,Female,46-55,Active,85.0,4100.0,West,56300.0,1,4
2563,Female,36-45,Active,14.0,390.0,South,35700.0,1,0
9255,Female,18-25,New,80.0,,South,22600.0,0,2
2729,Male,26-35,New,97.0,1660.0,East,23300.0,1,4
8046,Male,18-25,Active,80.0,2870.0,North,55600.0,0,11
8245,Female,18-25,Active,,5390.0,North,74600.0,1,8
3685,Male,26-35,Active,42.0,550.0,East,30700.0,1,3
8367,Male,56+,Active,51.0,2350.0,South,63300.0,0,9
4088,Female,18-25,Active,116.0,1650.0,East,20600.0,1,7
2627,Female,36-45,Active,40.0,,South,26700.0,1,4
5610,Female,36-45,Active,53.0,1110.0,South,31100.0,1,5
8291,Female,26-35,New,88.0,1920.0,South,37200.0,1,3
4823,Female,26-35,Active,80.0,2620.0,North,48300.0,1,8
806,Male,36-45,Inactive,48.0,1170.0,West,46200.0,0,8
6612,Male,26-35,Active,72.0,2120.0,North,41900.0,1,9
5400,Male,26-35,Active,36.0,,East,27400.0,1,1
5615,Female,36-45,Inactive,71.0,1340.0,West,35100.0,0,8
4234,Female,18-25,Active,60.0,1310.0,North,46400.0,1,5
8077,Male,26-35,Active,17.0,280.0,North,17900.0,1,3
7877,Female,18-25,Active,115.0,3820.0,West,49700.0,1,7
5804,Female,56+,Inactive,83.0,3570.0,East,86500.0,0,5
1243,Male,26-35,New,96.0,1070.0,North,18500.0,1,2
8502,Female,46-55,Active,42.0,820.0,West,33600.0,1,7
5611,Male,18-25,Active,91.0,4470.0,West,59500.0,1,2
3950,Male,26-35,Active,19.0,790.0,South,44600.0,1,2
548,Male,26-35,Active,64.0,1100.0,West,45800.0,1,6
3023,Female,36-45,Active,47.0,570.0,South,26200.0,1,9
7071,Female,56+,Active,22.0,640.0,North,31500.0,1,3
7819,Female,26-35,Active,111.0,2990.0,East,47000.0,1,9
27,Female,56+,Active,1.0,,West,,0,0
4996,Male,46-55,New,13.0,400.0,West,40300.0,0,0
9970,Female,26-35,Active,107.0,1220.0,,15000.0,1,7
2509,Female,46-55,Active,75.0,3240.0,North,44300.0,1,9
1434,Male,46-55,New,84.0,3650.0,East,55000.0,0,9
2583,Male,36-45,Inactive,82.0,1090.0,West,27500.0,1,3
1303,Female,56+,Active,113.0,3000.0,East,,1,10
5864,Female,56+,Active,101.0,2190.0,South,48200.0,1,5
6577,Male,18-25,Active,114.0,5150.0,North,87600.0,1,11
4033,Female,26-35,Active,83.0,2220.0,North,32000.0,1,6
9845,Male,56+,Active,52.0,1060.0,East,34200.0,0,3
1222,Male,36-45,Active,53.0,1960.0,South,38300.0,0,4
5035,Female,46-55,New,18.0,530.0,East,47300.0,0,1
2549,Male,18-25,Inactive,19.0,310.0,South,22000.0,1,4
751,Male,26-35,Active,104.0,2230.0,East,31600.0,1,9
438,Female,46-55,Active,20.0,540.0,North,50000.0,0,1
6115,Male,18-25,New,68.0,2020.0,East,50500.0,0,3
3412,Male,26-35,Active,28.0,610.0,South,42600.0,0,7
3972,Male,26-35,Active,26.0,610.0,West,23700.0,0,2
2848,Male,46-55,Active,77.0,1910.0,South,48800.0,1,4
1174,Female,56+,Inactive,63.0,1650.0,North,49500.0,1,6
7559,Female,18-25,Active,87.0,1950.0,East,53600.0,1,3
2700,Female,36-45,Inactive,10.0,210.0,North,36700.0,0,3
8536,Male,18-25,Active,81.0,2510.0,East,58600.0,0,5
5969,Female,18-25,Active,46.0,540.0,West,16000.0,1,5
4849,Male,26-35,Inactive,13.0,530.0,North,49000.0,1,3
2482,Male,36-45,Active,117.0,1460.0,North,16300.0,1,7
6553,Female,36-45,Inactive,15.0,600.0,East,42300.0,1,1
8480,Female,18-25,Active,17.0,380.0,North,55300.0,1,0
2707,Female,26-35,Active,118.0,3220.0,South,27800.0,1,8
4828,Male,18-25,Active,72.0,2810.0,South,58000.0,1,11
327,Female,26-35,New,52.0,1450.0,East,46400.0,1,4
1040,Male,46-55,Active,60.0,2250.0,South,62000.0,1,4
2638,Male,46-55,Active,56.0,5230.0,North,96300.0,0,4
5066,Female,36-45,Active,38.0,1360.0,South,38100.0,0,4
2500,Female,18-25,Active,54.0,1620.0,West,31100.0,1,3
1005,Female,36-45,Active,60.0,1820.0,South,57500.0,1,10
2862,Female,46-55,Inactive,34.0,500.0,West,34300.0,0,1
3234,Male,36-45,Active,6.0,190.0,West,33400.0,0,1
1871,Male,18-25,Active,98.0,4970.0,North,68100.0,1,11
7553,Male,26-35,Active,87.0,7900.0,West,103300.0,0,6
7910,Male,56+,Active,13.0,,South,40600.0,0,1
8421,Male,46-55,Inactive,59.0,,South,43000.0,0,5
6344,Female,18-25,Active,0.0,0.0,West,58900.0,1,2
535,Male,18-25,Active,10.0,450.0,South,97500.0,1,5
3647,Male,36-45,Active,90.0,2580.0,West,39300.0,1,6
6170,Female,56+,Active,32.0,,North,26800.0,1,2
8065,Female,36-45,Inactive,100.0,830.0,North,20400.0,0,12
586,Female,36-45,New,86.0,2560.0,West,32200.0,1,3
9954,Female,56+,Inactive,57.0,1560.0,South,61500.0,0,6
3036,Female,36-45,New,56.0,1210.0,East,25000.0,1,4
4468,Female,18-25,Inactive,6.0,160.0,North,29300.0,0,2
2586,Male,26-35,Active,46.0,1300.0,West,60400.0,1,4
1704,Female,26-35,Active,42.0,1450.0,East,56100.0,1,7
4334,Female,18-25,New,42.0,1530.0,West,71500.0,1,4
5617,Male,56+,Active,70.0,1830.0,West,39800.0,1,5
492,Female,26-35,Active,18.0,940.0,North,56800.0,0,2
5555,Female,36-45,Active,95.0,2610.0,North,35700.0,0,6
5213,Female,36-45,Active,98.0,1250.0,North,20500.0,1,9
2837,Female,56+,Inactive,120.0,6880.0,North,109700.0,0,10
2267,Female,26-35,Active,111.0,1560.0,North,,0,7
4820,Female,26-35,Inactive,50.0,440.0,East,22600.0,0,1
3887,Female,56+,Active,91.0,1640.0,South,21700.0,1,6
6546,Female,26-35,Active,32.0,1280.0,West,45800.0,1,1
4748,Female,26-35,Active,29.0,980.0,West,52300.0,1,2
7590,Male,18-25,New,32.0,920.0,North,44200.0,0,0
2901,Male,26-35,New,47.0,1940.0,North,44300.0,1,4
8055,Female,18-25,Active,83.0,3960.0,South,76800.0,1,4
2945,Male,26-35,Active,92.0,2310.0,West,26800.0,1,8
1917,Female,46-55,Active,73.0,13120.0,South,187300.0,1,4
3186,Male,26-35,Active,15.0,570.0,South,42200.0,1,2
6164,Female,18-25,Inactive,17.0,340.0,West,34600.0,0,3
5862,Male,46-55,Active,84.0,1610.0,South,31100.0,1,8
7317,Female,36-45,Active,91.0,2210.0,North,35300.0,1,9
4285,Female,36-45,New,,3890.0,South,40900.0,0,10
8141,Male,36-45,New,10.0,460.0,West,,1,1
5191,Female,18-25,New,24.0,390.0,East,27600.0,1,5
8603,Male,18-25,Active,32.0,990.0,North,46000.0,1,6
2519,Female,18-25,Active,40.0,870.0,East,26600.0,1,1
398,Male,26-35,Inactive,55.0,3720.0,South,72600.0,0,4
1318,Male,18-25,Active,53.0,990.0,South,24500.0,1,3
4329,Female,56+,Active,64.0,1140.0,South,41300.0,1,9
122,Female,26-35,Active,64.0,1850.0,West,33200.0,1,9
2450,Female,26-35,Active,30.0,1390.0,,52900.0,0,1
4056,Female,18-25,New,53.0,760.0,East,26400.0,1,3
9382,Male,46-55,Inactive,90.0,780.0,West,16400.0,0,4
1567,Male,26-35,Active,10.0,470.0,South,47300.0,1,3
1985,Female,18-25,New,41.0,1190.0,South,52200.0,0,2
4402,Female,26-35,New,89.0,550.0,West,15500.0,0,5
7976,Female,46-55,Active,28.0,1140.0,West,41400.0,1,3
5497,Female,36-45,New,3.0,100.0,,68400.0,0,2
3993,Male,36-45,Inactive,15.0,220.0,South,39300.0,1,0
5490,Female,46-55,Active,76.0,2240.0,North,31300.0,0,7
2174,Male,36-45,New,42.0,690.0,West,33600.0,1,5
3284,Male,26-35,Active,74.0,950.0,North,31400.0,1,3
8532,Male,46-55,Active,84.0,1790.0,West,30600.0,1,4
8622,Female,46-55,Active,63.0,4950.0,South,108500.0,0,8
2334,Male,26-35,Active,32.0,,North,47200.0,0,2
574,Female,26-35,Active,14.0,200.0,North,24000.0,1,0
3729,Female,18-25,Active,116.0,3490.0,North,42900.0,1,5
9113,Female,36-45,Inactive,29.0,590.0,North,30700.0,1,2
982,Female,26-35,Active,56.0,1270.0,South,56200.0,1,7
5763,Female,26-35,Active,35.0,1430.0,North,71400.0,1,5
3503,Male,36-45,New,42.0,960.0,North,41200.0,1,3
1408,Male,26-35,Inactive,42.0,2490.0,North,72000.0,0,4
536,Male,26-35,Active,102.0,1590.0,North,39500.0,1,7
8619,Male,36-45,Inactive,68.0,5650.0,North,89700.0,0,5
4639,Male,26-35,Inactive,,110.0,South,31300.0,0,1
5129,Female,18-25,Active,97.0,1630.0,North,27100.0,1,9
7677,Male,46-55,Inactive,74.0,2040.0,East,38700.0,0,2
1435,Male,26-35,Active,15.0,140.0,West,23200.0,1,2
7056,Male,18-25,New,71.0,2040.0,South,38400.0,1,5
2580,Female,26-35,Inactive,111.0,3060.0,North,53000.0,0,7
3650,Female,26-35,Active,64.0,3030.0,West,51400.0,1,5
3270,Male,46-55,Inactive,41.0,3030.0,East,,1,5
9593,Female,26-35,Active,6.0,,East,43000.0,0,2
7924,Female,26-35,Inactive,30.0,,South,39300.0,0,2
3910,Female,26-35,Inactive,119.0,2350.0,South,31000.0,1,7
1868,Male,46-55,Active,77.0,930.0,North,25700.0,1,6
1455,Male,36-45,Inactive,69.0,2180.0,South,55100.0,0,4
1787,Male,36-45,New,90.0,9080.0,West,117900.0,1,1
9952,Female,36-45,New,92.0,1300.0,South,22100.0,1,7
7181,Male,36-45,New,46.0,1200.0,North,33000.0,1,3
2522,Female,36-45,Inactive,43.0,,West,29000.0,0,3
5050,Female,56+,Active,3.0,110.0,East,49200.0,0,0
1821,Female,46-55,New,113.0,4470.0,South,44200.0,1,12
9575,Male,46-55,Inactive,,520.0,West,32200.0,0,1
2930,Female,36-45,Active,70.0,880.0,West,22800.0,1,4
52,Male,18-25,Active,120.0,1770.0,North,18400.0,1,11
4711,Female,18-25,Inactive,25.0,1190.0,South,49200.0,0,2
9126,Female,46-55,Active,86.0,1570.0,North,40800.0,1,6
7894,Male,18-25,Active,84.0,,West,41500.0,1,4
470,Female,26-35,New,115.0,3300.0,South,46400.0,0,9
2630,Male,36-45,New,60.0,1010.0,North,39300.0,1,1
5232,Female,46-55,Active,,560.0,West,46100.0,1,4
7530,Male,26-35,Inactive,97.0,2800.0,East,29100.0,0,10
4576,Male,26-35,New,88.0,1220.0,South,,1,8
6260,Male,46-55,Active,63.0,830.0,South,15000.0,0,3
9317,Female,26-35,Active,80.0,3370.0,West,61700.0,1,7
1859,Male,36-45,Active,98.0,4380.0,North,46700.0,1,9
9572,Female,46-55,Active,86.0,1190.0,East,33300.0,1,6
866,Female,26-35,Active,75.0,1830.0,South,36800.0,1,5
8247,Male,36-45,Active,120.0,2260.0,West,21500.0,1,10
7274,Male,36-45,New,0.0,0.0,North,42200.0,0,0
8327,Female,26-35,Inactive,118.0,8360.0,West,100200.0,1,11
8831,Male,46-55,Inactive,72.0,2130.0,West,48400.0,1,7
4082,Male,18-25,Inactive,9.0,240.0,North,37800.0,0,4
4163,Female,46-55,New,75.0,1530.0,West,21700.0,0,7
9401,Female,36-45,New,72.0,2300.0,East,81600.0,0,10
9563,Male,18-25,Inactive,111.0,7710.0,South,80900.0,0,9
426,Female,26-35,Active,74.0,1890.0,West,46600.0,0,5
189,Female,26-35,Active,28.0,1590.0,South,66400.0,1,1
6074,Male,26-35,Active,,1050.0,East,25400.0,1,7
4398,Female,18-25,New,51.0,1390.0,West,,0,4
229,Female,18-25,Active,90.0,3600.0,West,40700.0,1,7
7823,Male,26-35,Inactive,30.0,250.0,South,15000.0,1,3
6301,Male,18-25,Active,1.0,30.0,North,44300.0,0,1
2742,Female,18-25,Active,45.0,2450.0,,59000.0,1,3
1042,Female,26-35,Active,18.0,920.0,South,87600.0,1,0
8779,Female,18-25,New,109.0,1520.0,East,15800.0,1,11
9178,Female,18-25,Active,45.0,1280.0,West,34300.0,0,4
7451,Male,26-35,Active,1.0,30.0,East,38100.0,1,2
9393,Female,26-35,Inactive,19.0,450.0,West,28500.0,0,1
472,Female,36-45,Inactive,12.0,280.0,,,1,0
2922,Male,56+,New,46.0,1190.0,East,31600.0,0,3
1906,Male,36-45,Active,106.0,1090.0,South,26300.0,1,10
8914,Male,46-55,New,46.0,1200.0,North,28900.0,1,3
802,Male,26-35,Inactive,34.0,1620.0,South,58100.0,0,4
1488,Female,46-55,Active,15.0,480.0,East,34200.0,1,0
8644,Male,26-35,Inactive,96.0,2810.0,,,1,5
228,Female,18-25,Active,71.0,1270.0,South,20300.0,1,5
8712,Male,26-35,New,39.0,580.0,North,31500.0,0,3
1129,Female,18-25,Active,101.0,1760.0,West,23700.0,1,4
5115,Male,18-25,New,70.0,1360.0,South,27500.0,0,7
7163,Female,26-35,New,118.0,2340.0,North,30200.0,0,11
2209,Male,26-35,New,63.0,710.0,East,27300.0,1,5
5065,Female,26-35,Active,62.0,1050.0,West,41100.0,1,4
8939,Male,26-35,New,80.0,,West,20700.0,1,4
4247,Female,36-45,Active,70.0,2360.0,North,42400.0,1,7
4902,Male,26-35,New,51.0,550.0,West,19100.0,0,3
3154,Male,36-45,Inactive,85.0,2380.0,West,50400.0,1,8
4481,Female,46-55,Inactive,35.0,930.0,West,36700.0,1,2
7569,Female,18-25,Active,43.0,1350.0,North,35900.0,1,5
5665,Male,18-25,Inactive,85.0,,West,99100.0,1,3
6271,Female,56+,Active,56.0,1620.0,East,39000.0,1,5
9791,Male,18-25,Active,119.0,,North,43000.0,1,8
2145,Male,26-35,Inactive,120.0,11250.0,East,113200.0,1,7
9395,Female,26-35,Inactive,73.0,2830.0,South,53300.0,1,2
8873,Male,36-45,Inactive,37.0,,North,16000.0,0,4
2375,Male,18-25,Active,24.0,900.0,West,62000.0,1,5
2578,Female,56+,Inactive,85.0,2660.0,East,,1,4
1633,Female,26-35,Active,37.0,,West,22300.0,0,5
7378,Female,46-55,Active,87.0,1070.0,South,32500.0,1,8
2299,Male,18-25,New,15.0,690.0,West,48500.0,0,2
5077,Female,36-45,Active,63.0,1990.0,North,38800.0,1,8
157,Male,26-35,New,20.0,700.0,South,36600.0,1,3
7901,Male,26-35,Active,108.0,3180.0,East,,1,9
8258,Male,36-45,New,45.0,3920.0,South,94700.0,0,4
3350,Male,36-45,New,43.0,1370.0,West,38600.0,0,5
2880,Male,26-35,Active,110.0,1290.0,North,20700.0,0,5
3414,Male,26-35,Active,61.0,2140.0,East,81900.0,1,6
7190,Female,18-25,Active,66.0,1690.0,North,27700.0,1,6
7068,Female,26-35,Inactive,95.0,1580.0,North,38200.0,1,7
5516,Female,26-35,Active,52.0,960.0,South,26100.0,1,7
4238,Female,36-45,Inactive,100.0,1520.0,South,34100.0,1,7
4404,Male,36-45,Active,108.0,3960.0,East,79100.0,1,6
5560,Male,56+,New,112.0,4050.0,East,58900.0,1,5
9414,Female,26-35,New,0.0,0.0,South,24100.0,0,1
9219,Female,56+,Inactive,4.0,160.0,West,43700.0,0,2
7872,Male,46-55,Active,8.0,,West,177900.0,1,1
7638,Female,18-25,New,56.0,3390.0,West,63500.0,1,3
5703,Male,26-35,Active,10.0,540.0,South,63300.0,1,3
2496,Female,46-55,Active,43.0,240.0,West,15000.0,0,6
6769,Female,26-35,Active,101.0,2070.0,South,38000.0,1,8
2373,Male,18-25,Active,6.0,280.0,North,50800.0,1,1
7365,Male,46-55,Active,105.0,6590.0,South,99700.0,1,6
5382,Female,26-35,Active,1.0,60.0,East,81100.0,1,3
3462,Female,26-35,Inactive,71.0,,West,36400.0,0,5
4266,Female,36-45,Active,10.0,230.0,East,38600.0,1,4
5439,Female,56+,New,22.0,780.0,North,61100.0,1,3
7234,Male,36-45,Active,19.0,470.0,East,38200.0,0,3
5577,Female,56+,Active,63.0,690.0,South,23000.0,1,7
5083,Male,26-35,Active,20.0,430.0,North,31400.0,1,0
4694,Female,18-25,New,18.0,380.0,West,,0,5
2551,Female,36-45,Active,117.0,3280.0,North,45500.0,0,10
7636,Male,36-45,Inactive,64.0,3930.0,North,83000.0,1,7
848,Female,18-25,Active,19.0,780.0,South,57200.0,0,1
3345,Female,18-25,New,74.0,840.0,West,23100.0,0,3
939,Female,26-35,Active,69.0,2030.0,North,36500.0,1,4
4868,Male,18-25,New,52.0,,South,35100.0,0,2
6429,Female,18-25,Active,58.0,2200.0,West,45500.0,1,5
8901,Male,36-45,Inactive,27.0,,East,,0,4
9466,Male,56+,Active,52.0,1190.0,South,49500.0,0,8
9227,Female,18-25,Active,70.0,1830.0,East,42000.0,1,6
4430,Male,36-45,Inactive,81.0,2070.0,North,36400.0,1,8
9931,Male,56+,Active,13.0,300.0,South,35000.0,1,2
757,Male,46-55,Inactive,103.0,4510.0,West,71300.0,0,5
4792,Male,46-55,Active,66.0,1800.0,West,68300.0,1,5
2645,Male,26-35,Active,95.0,2220.0,West,24400.0,1,9
4897,Male,18-25,New,116.0,820.0,East,18300.0,1,8
9212,Male,26-35,Active,24.0,2220.0,South,98800.0,1,3
3166,Female,36-45,Active,17.0,450.0,East,44900.0,0,1
3640,Female,18-25,Inactive,48.0,1470.0,North,56500.0,1,3
6555,Male,46-55,New,52.0,1440.0,South,46100.0,0,3
7220,Male,26-35,Active,2.0,60.0,West,40700.0,0,1
3946,Female,46-55,New,83.0,2590.0,South,31900.0,1,6
5522,Male,36-45,Active,23.0,440.0,South,22100.0,1,4
2358,Female,26-35,Active,119.0,5970.0,East,78100.0,1,6
3419,Male,26-35,New,104.0,2550.0,East,26100.0,1,9
9944,Female,26-35,New,111.0,2870.0,North,25900.0,0,8
2062,Male,36-45,Active,104.0,3260.0,West,72500.0,1,4
550,Male,36-45,Inactive,28.0,1870.0,North,69200.0,0,6
8418,Female,36-45,New,49.0,630.0,North,25500.0,1,7
2813,Female,18-25,Active,46.0,1580.0,East,86300.0,1,7
8815,Female,36-45,Active,35.0,2060.0,North,61900.0,1,6
9033,Male,36-45,Active,20.0,300.0,West,34300.0,0,0
2550,Male,26-35,Active,45.0,1020.0,South,29200.0,1,1
6124,Male,18-25,Active,100.0,1700.0,West,27500.0,0,10
3170,Female,26-35,Active,37.0,1830.0,North,56300.0,1,5
8413,Female,56+,New,20.0,560.0,East,28500.0,0,1
4871,Male,36-45,New,22.0,470.0,North,35500.0,1,8
5720,Male,36-45,Active,110.0,4740.0,East,57300.0,1,3
1260,Female,26-35,Active,82.0,1250.0,North,37300.0,0,4
9232,Female,46-55,Active,118.0,6370.0,East,59800.0,0,8
7169,Female,36-45,Active,106.0,2260.0,South,46100.0,0,6
9658,Male,18-25,Active,11.0,160.0,West,22700.0,1,2
1025,Female,26-35,Active,31.0,770.0,South,38600.0,0,8
8620,Female,46-55,New,20.0,470.0,North,36300.0,1,2
753,Male,36-45,New,2.0,60.0,West,36400.0,1,1
4017,Male,26-35,Inactive,75.0,1280.0,South,35000.0,0,7
4443,Female,18-25,New,68.0,2380.0,South,52700.0,0,7
5441,Male,26-35,New,81.0,2390.0,West,54200.0,0,9
1952,Male,26-35,Active,61.0,2010.0,West,43200.0,1,6
5023,Female,36-45,Active,54.0,1080.0,South,46900.0,1,8
352,Male,26-35,Active,35.0,740.0,North,34300.0,1,3
1512,Male,56+,Active,15.0,,South,33000.0,0,6
4872,Male,56+,Active,106.0,4170.0,North,43200.0,1,7
4505,Male,36-45,Active,18.0,210.0,West,29900.0,0,0
4455,Female,36-45,Active,10.0,160.0,East,21700.0,1,2
9331,Female,36-45,Active,102.0,2970.0,North,36400.0,1,6
702,Male,26-35,Inactive,20.0,280.0,West,17600.0,1,2
3762,Male,26-35,Active,80.0,990.0,North,22600.0,1,8
3663,Female,56+,Active,68.0,1820.0,North,34900.0,1,6
7206,Male,46-55,New,64.0,2210.0,East,48000.0,0,1
9605,Male,18-25,Active,88.0,1860.0,East,26400.0,0,4
562,Male,26-35,Inactive,84.0,2950.0,South,45600.0,1,8
2319,Female,26-35,Active,64.0,950.0,East,32700.0,1,6
3099,Male,46-55,Active,112.0,2690.0,North,43200.0,1,6
4510,Male,56+,Active,87.0,3700.0,South,62400.0,1,13
3151,Male,36-45,New,36.0,900.0,South,37500.0,0,6
9270,Female,18-25,Inactive,30.0,830.0,,49200.0,0,4
4338,Male,46-55,Active,84.0,1840.0,East,26500.0,1,8
6917,Male,26-35,New,60.0,970.0,North,29900.0,0,7
3574,Male,36-45,Active,81.0,1040.0,East,28700.0,1,7
5925,Female,36-45,Active,106.0,3730.0,East,36800.0,1,10
4124,Male,36-45,Inactive,17.0,650.0,North,45300.0,0,3
4716,Male,18-25,Active,59.0,680.0,West,23600.0,0,7
8006,Female,46-55,Inactive,28.0,310.0,North,,0,3
1048,Female,26-35,Active,118.0,3220.0,West,38600.0,1,7
2940,Male,26-35,New,97.0,3430.0,South,,1,5
1809,Male,18-25,Active,117.0,1600.0,South,31000.0,1,9
3167,Male,18-25,Active,105.0,4870.0,South,95600.0,1,11
415,Male,26-35,New,107.0,6830.0,North,67700.0,1,10
1341,Male,36-45,Inactive,13.0,640.0,North,50000.0,0,4
9409,Female,36-45,Active,79.0,900.0,North,27400.0,1,7
6078,Male,26-35,Active,42.0,840.0,South,41900.0,0,5
9555,Male,18-25,Inactive,40.0,1250.0,North,35600.0,1,2
9346,Female,26-35,Active,50.0,730.0,North,28800.0,1,5
4650,Female,36-45,Inactive,22.0,420.0,West,31600.0,0,3
7429,Female,36-45,Active,49.0,2110.0,South,43200.0,0,4
1470,Male,36-45,New,15.0,810.0,West,67900.0,0,5
1711,Female,36-45,Active,106.0,3510.0,North,51300.0,1,12
4442,Male,36-45,New,100.0,3610.0,East,36100.0,1,9
8770,Male,46-55,Active,65.0,3430.0,South,56100.0,1,3
2272,Female,18-25,New,35.0,280.0,South,19100.0,1,2
1584,Male,26-35,Active,49.0,950.0,North,38200.0,1,3
1413,Female,46-55,Active,72.0,2110.0,South,50800.0,0,7
4150,Male,46-55,Active,59.0,890.0,North,22800.0,1,7
8877,Female,18-25,Active,10.0,510.0,West,72000.0,0,4
6752,Male,26-35,Inactive,87.0,3390.0,North,54300.0,1,6
1723,Female,36-45,Active,50.0,720.0,East,16400.0,1,5
2025,Female,36-45,Active,73.0,3100.0,East,51700.0,1,10
2213,Female,36-45,New,30.0,790.0,East,31000.0,1,3
1508,Female,18-25,Active,56.0,1050.0,South,37700.0,1,1
2623,Male,46-55,New,11.0,180.0,East,32400.0,0,1
5338,Female,18-25,Inactive,2.0,60.0,East,44500.0,0,2
9166,Male,26-35,New,34.0,,East,26800.0,1,4
1322,Female,26-35,Active,76.0,1840.0,West,56000.0,1,6
843,Female,26-35,New,51.0,,West,53200.0,0,4
1147,Female,18-25,New,41.0,1380.0,East,49400.0,0,4
3625,Female,18-25,Active,69.0,3110.0,North,63300.0,1,3
7567,Male,26-35,Active,65.0,2270.0,West,57900.0,1,8
4251,Male,36-45,Active,105.0,3300.0,East,72700.0,1,9
9024,Female,26-35,Active,77.0,1660.0,East,40500.0,1,6
4722,Female,26-35,New,119.0,4160.0,West,52200.0,1,13
464,Male,36-45,Active,68.0,2920.0,East,46000.0,1,5
1755,Male,36-45,Active,28.0,1610.0,South,65400.0,1,1
4011,Male,46-55,Inactive,23.0,480.0,South,25900.0,0,4
4627,Female,46-55,Active,62.0,2640.0,South,46600.0,1,3
9500,Male,46-55,Active,39.0,,East,28200.0,1,2
4853,Female,36-45,New,13.0,630.0,South,74200.0,1,1
4741,Male,36-45,Active,119.0,2440.0,West,,1,9
7075,Female,26-35,Inactive,98.0,1280.0,South,30800.0,1,12
379,Male,36-45,Active,44.0,790.0,North,27500.0,1,4
3107,Male,46-55,New,8.0,80.0,North,15000.0,1,1
8251,Male,26-35,Active,44.0,2550.0,South,72400.0,0,1
1336,Female,18-25,Inactive,11.0,480.0,North,77000.0,0,2
1224,Female,26-35,Inactive,89.0,3820.0,West,49200.0,1,9
8169,Male,46-55,New,106.0,4740.0,South,57600.0,1,4
2717,Female,36-45,Active,81.0,,North,29200.0,1,10
6326,Male,26-35,Active,50.0,,North,33300.0,1,3
2953,Male,26-35,Inactive,44.0,870.0,West,25000.0,1,1
1351,Female,18-25,New,49.0,1880.0,East,58700.0,1,3
1083,Female,18-25,Active,99.0,2270.0,South,58600.0,0,8
5131,Male,46-55,New,36.0,1190.0,North,49700.0,1,3
1812,Male,26-35,New,0.0,0.0,South,27500.0,1,0
9516,Female,26-35,Inactive,26.0,1270.0,North,50900.0,1,2
1352,Female,26-35,Active,79.0,1820.0,South,33500.0,1,5
5628,Female,36-45,Active,13.0,440.0,North,34900.0,1,3
6195,Male,26-35,Active,115.0,1550.0,East,31200.0,1,7
1895,Male,18-25,Inactive,45.0,1850.0,East,51900.0,1,1
7360,Female,46-55,New,71.0,1440.0,North,21000.0,1,4
566,Female,26-35,New,106.0,2670.0,North,65400.0,1,5
9917,Female,18-25,Active,20.0,340.0,West,26300.0,1,2
5719,Male,26-35,New,88.0,910.0,North,23600.0,1,9
3674,Male,18-25,Inactive,37.0,840.0,West,40100.0,0,7
8999,Female,36-45,Active,41.0,2800.0,West,82800.0,1,2
7609,Male,36-45,New,36.0,2270.0,North,69900.0,0,4
1213,Female,26-35,Active,21.0,530.0,North,61200.0,1,1
1190,Female,26-35,Active,74.0,2210.0,East,34800.0,1,7
4031,Female,26-35,Active,56.0,2070.0,South,42800.0,1,7
899,Male,18-25,Active,1.0,30.0,West,69500.0,1,1
7200,Female,46-55,New,56.0,1410.0,West,44200.0,1,7
4004,Male,26-35,New,56.0,1300.0,North,46400.0,0,7
6596,Male,26-35,Active,28.0,700.0,South,27700.0,1,4
8934,Female,36-45,Active,21.0,280.0,North,34800.0,1,1
3455,Female,18-25,New,81.0,740.0,North,18600.0,0,10
3610,Male,26-35,Active,58.0,940.0,South,36700.0,0,4
5328,Female,18-25,Active,54.0,940.0,East,44100.0,0,3
8803,Male,18-25,New,47.0,1920.0,West,47800.0,0,3
9717,Male,46-55,New,35.0,1060.0,South,55400.0,1,2
5457,Male,46-55,Inactive,66.0,3270.0,South,55000.0,0,9
9304,Female,56+,New,38.0,890.0,West,29400.0,0,2
5946,Male,18-25,Active,3.0,130.0,East,48400.0,0,0
4923,Male,26-35,Active,,3180.0,West,28400.0,1,9
2333,Female,36-45,Active,56.0,830.0,North,27600.0,1,4
7786,Female,26-35,Active,91.0,2190.0,South,35500.0,1,5
2263,Female,26-35,Active,44.0,2090.0,North,48700.0,1,1
6836,Male,26-35,New,73.0,1780.0,East,25300.0,1,4
5832,Male,26-35,Active,71.0,1240.0,North,28000.0,1,7
2596,Female,36-45,New,88.0,1430.0,West,38000.0,0,6
7262,Female,26-35,Active,101.0,3860.0,North,38600.0,0,7
3594,Male,18-25,Active,1.0,30.0,West,40400.0,0,0
5263,Male,26-35,Active,70.0,3880.0,West,62300.0,0,5
1031,Female,26-35,Inactive,101.0,1730.0,South,,1,5
9754,Male,46-55,Inactive,54.0,470.0,North,22100.0,0,6
7472,Female,26-35,New,74.0,1550.0,East,21500.0,1,5
3775,Female,46-55,New,37.0,2060.0,North,68400.0,0,0
6201,Female,26-35,Inactive,77.0,960.0,East,29600.0,0,4
7390,Male,56+,New,24.0,310.0,West,24000.0,0,1
8205,Male,18-25,Active,46.0,1030.0,East,,1,4
5426,Female,26-35,Active,23.0,220.0,East,23000.0,1,4
6500,Female,26-35,Active,115.0,2500.0,East,49000.0,1,4
1756,Female,36-45,Inactive,63.0,1720.0,North,34000.0,0,8
4316,Female,18-25,Inactive,15.0,190.0,South,28700.0,0,2
6848,Male,18-25,Inactive,115.0,6070.0,West,56400.0,1,7
6959,Male,46-55,Inactive,73.0,2300.0,West,39400.0,0,5
232,Male,46-55,Inactive,0.0,0.0,West,61000.0,1,2
7693,Male,56+,New,34.0,880.0,East,41900.0,1,1
111,Female,26-35,Inactive,70.0,950.0,East,22800.0,0,5
5505,Female,18-25,Active,91.0,2990.0,South,50700.0,0,9
8883,Female,26-35,Active,107.0,2780.0,South,35600.0,1,4
2515,Male,26-35,Active,41.0,2710.0,West,91600.0,1,2
6015,Male,36-45,Active,99.0,2500.0,South,43900.0,1,5
4318,Female,36-45,New,117.0,5510.0,,49300.0,0,11
7517,Female,36-45,Active,59.0,1120.0,North,47900.0,1,5
2918,Female,46-55,New,11.0,260.0,North,28300.0,1,4
3854,Male,26-35,Active,69.0,1010.0,North,26500.0,1,6
2993,Male,26-35,Active,70.0,1740.0,West,35200.0,0,4
2318,Female,36-45,Active,53.0,1320.0,South,35000.0,1,7
4890,Female,26-35,New,4.0,60.0,North,27000.0,0,3
7793,Male,26-35,New,62.0,1120.0,East,40000.0,1,8
8314,Male,18-25,Active,106.0,1140.0,East,25500.0,1,11
1516,Male,26-35,Active,42.0,910.0,East,54400.0,1,6
217,Male,36-45,Inactive,26.0,900.0,West,50400.0,0,5
9251,Male,26-35,Active,44.0,1000.0,East,40200.0,0,3
9099,Female,18-25,Inactive,34.0,660.0,North,20200.0,0,3
8453,Male,36-45,New,16.0,360.0,South,49600.0,1,1
2264,Male,18-25,Active,6.0,250.0,North,49600.0,0,2
7982,Female,36-45,Active,69.0,1660.0,West,40600.0,0,6
4541,Male,46-55,Active,73.0,1280.0,West,22700.0,1,7
8535,Female,26-35,Inactive,44.0,1950.0,North,53300.0,1,2
7364,Female,18-25,Inactive,5.0,120.0,South,36100.0,0,1
894,Male,26-35,Inactive,24.0,800.0,South,46400.0,0,3
1491,Male,18-25,New,105.0,2250.0,South,30200.0,0,9
3004,Female,26-35,New,101.0,3530.0,West,46600.0,1,8
1851,Male,18-25,Inactive,118.0,4690.0,East,64900.0,1,8
5246,Female,56+,Inactive,-5.0,1160.0,East,24500.0,0,4
4688,Female,36-45,New,114.0,,South,36600.0,0,4
325,Female,18-25,Inactive,43.0,1220.0,North,48400.0,0,3
1216,Female,18-25,Active,81.0,2010.0,North,47700.0,1,4
2900,Male,26-35,Active,82.0,1300.0,North,23700.0,1,4
2934,Female,36-45,Active,47.0,580.0,North,15000.0,1,6
3659,Female,36-45,Active,65.0,1520.0,West,27500.0,0,5
9753,Male,18-25,Active,79.0,2390.0,North,37600.0,1,6
8565,Male,36-45,Active,54.0,1220.0,South,40800.0,1,6
8649,Female,18-25,Active,91.0,1130.0,North,18100.0,1,6
8762,Male,18-25,Active,7.0,110.0,North,43300.0,1,1
6224,Male,46-55,New,105.0,,,50000.0,1,8
9764,Male,46-55,New,91.0,3780.0,North,,1,8
1130,Female,46-55,New,59.0,660.0,South,17800.0,0,6
4830,Female,46-55,Inactive,117.0,13730.0,West,123900.0,0,5
2919,Male,26-35,New,110.0,4210.0,West,52400.0,1,6
9574,Female,36-45,Active,77.0,,East,49000.0,1,5
8014,Male,18-25,Active,3.0,130.0,West,55000.0,1,3
9135,Male,26-35,Active,55.0,1710.0,West,32800.0,1,3
3899,Male,26-35,Active,28.0,1160.0,North,47500.0,1,3
7686,Female,26-35,Active,8.0,340.0,North,,1,2
209,Male,26-35,New,86.0,1090.0,East,24100.0,0,8
3255,Male,36-45,New,102.0,1920.0,West,27200.0,1,20
2796,Female,36-45,New,17.0,970.0,West,57700.0,1,1
3937,Male,46-55,Active,5.0,160.0,East,39700.0,0,0
9282,Female,26-35,Active,59.0,760.0,East,17800.0,1,7
799,Female,56+,Active,51.0,690.0,North,28500.0,0,4
9143,Male,26-35,Active,104.0,1210.0,North,22000.0,1,11
735,Male,26-35,Active,25.0,1870.0,East,78400.0,1,2
2245,Male,46-55,Inactive,1.0,30.0,North,47100.0,0,0
179,Female,26-35,Active,66.0,1190.0,North,27700.0,1,3
9613,Female,26-35,Active,15.0,310.0,North,29700.0,1,2
9149,Male,26-35,Active,9.0,150.0,South,37300.0,0,0
1175,Female,36-45,New,93.0,2880.0,West,45500.0,1,14
6701,Male,26-35,New,95.0,5300.0,North,62800.0,1,11
5900,Male,26-35,Active,109.0,2290.0,North,24800.0,1,4
1832,Female,18-25,Inactive,102.0,2660.0,North,33400.0,1,10
8063,Female,46-55,New,47.0,500.0,South,15000.0,0,2
4339,Female,26-35,Inactive,47.0,,,35200.0,1,6
7963,Female,26-35,Active,7.0,220.0,North,42500.0,0,0
7703,Female,18-25,Active,40.0,510.0,East,15000.0,0,1
7329,Male,18-25,Active,71.0,1910.0,,42300.0,1,2
8100,Female,26-35,Inactive,1.0,20.0,North,30700.0,0,0
199,Male,36-45,Active,36.0,840.0,West,42000.0,1,2
9875,Male,18-25,Inactive,82.0,1520.0,East,32100.0,0,5
5740,Male,26-35,New,87.0,3150.0,East,37800.0,1,8
9322,Male,26-35,Inactive,48.0,470.0,East,17800.0,0,2
1098,Female,36-45,Active,97.0,2510.0,South,34800.0,1,7
549,Female,36-45,Active,24.0,750.0,South,40900.0,1,3
6969,Female,18-25,New,83.0,2870.0,West,35700.0,0,3
5767,Male,18-25,Inactive,51.0,1090.0,West,,1,4
8152,Female,18-25,Active,42.0,1570.0,North,52000.0,1,5
9751,Female,18-25,Inactive,51.0,1650.0,East,,1,7
3370,Male,36-45,New,42.0,940.0,South,35300.0,0,2
4790,Female,36-45,Active,107.0,4020.0,South,78600.0,1,8
2533,Female,26-35,Active,106.0,4110.0,North,,1,12
1635,Female,26-35,Active,20.0,790.0,North,51900.0,1,2
2315,Male,36-45,Active,8.0,220.0,North,42600.0,0,0
6712,Female,26-35,Inactive,115.0,3030.0,East,30300.0,1,7
6946,Female,46-55,Inactive,53.0,1710.0,South,48300.0,0,4
9380,Male,46-55,Active,77.0,3810.0,South,59800.0,1,7
2816,Female,26-35,Active,12.0,760.0,South,100600.0,0,1
3438,Male,26-35,Active,81.0,3010.0,West,54800.0,1,3
3953,Female,46-55,Active,116.0,,South,17000.0,1,14
5835,Female,18-25,Active,97.0,2090.0,North,40700.0,1,12
67,Female,26-35,Active,111.0,870.0,East,19900.0,1,11
7932,Female,26-35,New,103.0,5430.0,South,67500.0,1,6
617,Female,26-35,Active,60.0,580.0,West,23300.0,1,6
1119,Male,26-35,New,114.0,3670.0,South,,1,10
3261,Male,26-35,Inactive,37.0,700.0,South,48500.0,0,6
3402,Female,26-35,Inactive,32.0,2730.0,North,85700.0,0,2
3693,Male,18-25,Active,86.0,1690.0,South,39800.0,1,8
938,Male,36-45,Inactive,33.0,830.0,East,48300.0,0,3
6662,Female,56+,Active,61.0,1330.0,North,25000.0,0,4
2573,Female,36-45,New,81.0,930.0,North,15000.0,1,6
5742,Female,36-45,New,85.0,2760.0,East,85400.0,1,8
7816,Male,36-45,New,35.0,630.0,East,42400.0,1,1
623,Female,46-55,Active,108.0,3850.0,West,43400.0,1,8
1682,Female,26-35,Inactive,94.0,850.0,East,23300.0,0,4
2127,Male,26-35,New,97.0,3330.0,North,36800.0,0,7
788,Male,18-25,Active,,950.0,West,15000.0,1,10
3333,Male,26-35,Active,71.0,890.0,West,33300.0,1,6
8410,Female,36-45,Active,18.0,320.0,West,37500.0,1,1
1093,Male,36-45,Active,19.0,320.0,South,41600.0,1,1
3892,Female,46-55,New,55.0,4030.0,North,74200.0,0,4
4351,Male,18-25,Active,94.0,2360.0,South,31000.0,0,8
8285,Male,46-55,Active,63.0,1790.0,West,52100.0,1,7
8966,Male,56+,Inactive,70.0,1040.0,West,16600.0,0,13
6119,Female,56+,Active,112.0,2530.0,South,33500.0,0,8
3281,Female,26-35,Active,115.0,5970.0,East,65900.0,1,8
4774,Male,26-35,New,53.0,1160.0,North,27300.0,0,8
2202,Female,36-45,Inactive,119.0,4750.0,South,69100.0,1,8
1161,Male,18-25,New,44.0,1780.0,West,45100.0,1,6
5630,Male,26-35,Active,48.0,850.0,East,44600.0,1,4
3593,Female,36-45,New,86.0,5750.0,North,,0,6
9883,Female,18-25,New,94.0,5290.0,West,61100.0,1,7
9731,Male,36-45,Active,20.0,1080.0,South,55500.0,0,3
8732,Female,18-25,Active,112.0,3170.0,West,50100.0,1,5
4192,Female,46-55,New,29.0,1100.0,West,41300.0,0,1
479,Female,18-25,Active,116.0,2840.0,East,27200.0,0,13
1353,Male,18-25,Active,69.0,2110.0,East,46800.0,1,6
4348,Female,46-55,Inactive,36.0,530.0,South,36700.0,1,5
5748,Female,36-45,Inactive,14.0,630.0,East,46900.0,0,0
2648,Female,26-35,Active,118.0,2680.0,West,36300.0,1,7
8496,Female,36-45,Active,55.0,1450.0,North,38000.0,1,8
7174,Female,26-35,New,108.0,3880.0,North,40000.0,1,8
6335,Female,36-45,Inactive,105.0,3730.0,South,47900.0,0,8
5169,Male,18-25,Active,23.0,970.0,West,68200.0,0,2
2590,Male,46-55,Active,82.0,4300.0,North,59000.0,0,9
1034,Female,36-45,Active,96.0,2210.0,West,51800.0,1,7
4727,Female,36-45,New,37.0,1030.0,East,70700.0,1,2
6928,Female,26-35,New,30.0,880.0,East,56200.0,1,1
2599,Female,36-45,Active,38.0,2050.0,South,65100.0,0,6
7776,Male,26-35,Inactive,46.0,1180.0,South,34600.0,1,1
6996,Female,18-25,Inactive,88.0,2060.0,West,40400.0,1,5
8506,Male,36-45,Active,14.0,270.0,West,26900.0,1,1
8537,Male,26-35,New,112.0,2530.0,West,41000.0,1,7
7513,Male,36-45,Inactive,118.0,2660.0,West,48400.0,1,9
6787,Female,26-35,New,114.0,2640.0,West,33500.0,1,5
8491,Male,26-35,Active,106.0,8220.0,East,86100.0,0,8
3718,Female,26-35,Inactive,82.0,2770.0,South,84600.0,1,6
4585,Female,46-55,Active,74.0,,South,28900.0,1,10
3965,Male,46-55,Active,86.0,,South,38200.0,1,5
4003,Female,36-45,New,37.0,,South,16400.0,1,4
3618,Male,56+,Inactive,61.0,3700.0,North,88500.0,1,4
1426,Male,36-45,Active,81.0,1430.0,North,26200.0,1,4
4105,Female,46-55,Active,42.0,550.0,West,21600.0,1,0
2920,Female,36-45,New,64.0,4390.0,North,82900.0,0,4
3820,Female,46-55,Active,42.0,1620.0,South,45000.0,1,10
1872,Male,36-45,Inactive,68.0,1160.0,,23600.0,1,5
7937,Male,18-25,New,86.0,2780.0,North,49500.0,0,8
481,Male,56+,Active,90.0,1590.0,West,40400.0,0,12
7585,Female,18-25,Inactive,116.0,2770.0,South,26800.0,1,12
4983,Male,56+,Active,35.0,890.0,East,,0,5
9640,Male,36-45,Active,62.0,3880.0,South,75500.0,1,5
2889,Male,46-55,Inactive,84.0,2650.0,West,38500.0,1,8
7384,Male,46-55,Inactive,42.0,3900.0,South,193500.0,0,3
6394,Male,56+,Active,64.0,1410.0,West,37300.0,1,11
528,Female,36-45,New,27.0,410.0,North,31400.0,1,3
8577,Male,36-45,Active,2.0,90.0,South,50000.0,0,0
723,Male,18-25,New,6.0,270.0,South,47700.0,0,2
5581,Female,18-25,Active,119.0,4700.0,West,59100.0,1,11
4763,Female,36-45,New,80.0,1680.0,South,23500.0,1,4
221,Male,46-55,New,63.0,1430.0,East,24900.0,0,5
9226,Female,36-45,Inactive,90.0,2320.0,East,45400.0,1,5
1936,Male,36-45,Inactive,8.0,310.0,South,58500.0,0,3
345,Female,26-35,Inactive,79.0,1090.0,South,16300.0,1,6
8368,Female,36-45,Inactive,107.0,1320.0,North,31400.0,1,6
4090,Male,18-25,New,100.0,2110.0,East,24600.0,1,5
4116,Male,18-25,Active,27.0,400.0,West,27500.0,1,4
7453,Male,56+,Active,73.0,2270.0,South,58700.0,0,2
4148,Female,46-55,Active,15.0,270.0,East,33700.0,1,2
7860,Female,36-45,New,18.0,510.0,North,56700.0,0,0
6188,Male,46-55,New,107.0,1600.0,West,35000.0,1,16
9192,Male,36-45,New,56.0,3020.0,North,59800.0,0,3
6014,Female,26-35,Inactive,105.0,,East,29400.0,1,13
7096,Male,36-45,Inactive,61.0,2420.0,North,48900.0,1,3
6106,Female,26-35,Inactive,36.0,660.0,North,31100.0,1,1
2392,Female,26-35,Inactive,94.0,3590.0,East,100300.0,1,9
7243,Female,18-25,Active,78.0,2990.0,East,48800.0,0,5
4367,Female,46-55,New,34.0,1420.0,North,43700.0,1,3
7330,Male,18-25,Active,1.0,40.0,East,37700.0,0,2
1984,Male,18-25,Active,25.0,910.0,North,46000.0,1,3
8282,Female,26-35,New,28.0,360.0,West,33200.0,1,7
1555,Male,36-45,New,107.0,4940.0,South,49000.0,1,12
4274,Female,56+,Active,74.0,3090.0,North,50500.0,1,3
9133,Male,36-45,Active,106.0,2890.0,South,47400.0,0,7
4931,Female,26-35,Inactive,15.0,590.0,,55100.0,1,3
5365,Female,36-45,Active,32.0,440.0,North,25500.0,1,5
5113,Female,56+,Active,4.0,150.0,South,,0,1
6913,Female,26-35,Inactive,92.0,1800.0,South,49400.0,1,10
4114,Female,26-35,New,32.0,430.0,South,15000.0,0,1
2882,Male,36-45,Inactive,65.0,,South,63700.0,1,7
1678,Male,56+,New,104.0,2160.0,,27500.0,0,9
4344,Male,26-35,Inactive,45.0,790.0,North,40100.0,0,4
1965,Female,26-35,Active,111.0,1950.0,South,26000.0,1,9
902,Male,26-35,Active,27.0,500.0,East,25100.0,1,3
7192,Male,26-35,Active,94.0,2050.0,West,42500.0,0,8
3069,Female,18-25,New,17.0,1130.0,North,98400.0,0,1
2297,Female,56+,Inactive,90.0,,East,35100.0,0,10
6293,Female,26-35,New,80.0,,North,55100.0,1,9
4239,Female,36-45,Active,,250.0,North,76300.0,1,1
297,Female,36-45,Active,11.0,740.0,West,73400.0,0,3
9807,Female,18-25,New,7.0,,North,26900.0,0,1
58,Female,26-35,Inactive,41.0,1100.0,South,34200.0,0,4
7304,Female,26-35,Active,117.0,4720.0,East,41900.0,0,12
6422,Female,36-45,Inactive,6.0,120.0,West,26400.0,0,1
2985,Male,26-35,Inactive,3.0,50.0,North,24900.0,1,2
28,Male,18-25,New,12.0,330.0,West,43500.0,0,1
5315,Male,26-35,Active,15.0,180.0,West,26700.0,0,1
6743,Male,46-55,New,48.0,1220.0,North,62300.0,1,5
2677,Female,18-25,Active,7.0,180.0,East,48800.0,1,1
7083,Female,26-35,Active,48.0,890.0,West,40900.0,1,1
5152,Male,56+,New,82.0,2530.0,East,37300.0,0,6
9943,Female,18-25,Inactive,22.0,690.0,East,77400.0,1,3
6761,Male,46-55,Active,12.0,420.0,South,43800.0,0,2
3249,Female,46-55,Active,71.0,2600.0,North,60100.0,1,5
8851,Male,26-35,New,91.0,,North,101600.0,0,5
3885,Female,26-35,Inactive,14.0,370.0,West,47100.0,0,5
7727,Male,18-25,Inactive,100.0,2520.0,West,30000.0,0,6
296,Female,36-45,Active,73.0,4200.0,North,79000.0,0,6
3162,Female,18-25,Active,0.0,0.0,West,26300.0,0,3
2581,Male,18-25,New,46.0,680.0,North,34000.0,1,7
3871,Male,26-35,Active,56.0,1460.0,West,,1,3
6040,Male,18-25,Inactive,74.0,2050.0,North,64200.0,0,10
8467,Male,26-35,Active,46.0,1650.0,East,42900.0,1,2
4843,Male,26-35,Active,36.0,510.0,,23900.0,1,3
649,Female,26-35,Active,1.0,40.0,West,61100.0,1,0
1371,Male,18-25,Active,82.0,2150.0,South,43300.0,0,4
9895,Female,36-45,Active,2.0,40.0,North,19500.0,0,3
7054,Male,26-35,Inactive,33.0,500.0,East,23400.0,1,5
7217,Female,26-35,Active,8.0,400.0,North,64800.0,0,3
8629,Male,18-25,Active,14.0,420.0,North,37300.0,0,0
8835,Male,18-25,Inactive,67.0,1110.0,West,36700.0,1,6
8525,Male,36-45,New,28.0,730.0,East,36600.0,0,1
682,Male,46-55,Active,,,North,41000.0,1,7
435,Male,26-35,Active,25.0,770.0,East,45900.0,1,3
6914,Female,46-55,New,3.0,130.0,West,65200.0,1,1
4867,Male,26-35,Active,113.0,980.0,West,15000.0,1,4
6095,Female,56+,Active,95.0,,South,43600.0,0,6
3160,Male,18-25,Active,19.0,620.0,South,37000.0,1,6
1490,Female,36-45,Inactive,21.0,830.0,West,42300.0,1,2
2988,Female,18-25,New,39.0,1430.0,South,78800.0,1,4
813,Female,26-35,New,31.0,660.0,South,25900.0,1,1
1883,Male,36-45,Active,92.0,4500.0,North,81300.0,1,8
6898,Male,56+,New,14.0,400.0,East,34500.0,0,2
6370,Female,26-35,New,49.0,790.0,West,35200.0,0,5
4336,Male,18-25,Active,60.0,790.0,North,29500.0,0,1
1941,Male,36-45,Active,51.0,1340.0,South,31300.0,1,2
3297,Female,26-35,Active,37.0,370.0,East,20100.0,1,3
3535,Female,36-45,Inactive,96.0,2890.0,West,46600.0,1,10
4565,Male,36-45,Active,35.0,1030.0,North,38100.0,0,2
3730,Female,46-55,New,8.0,190.0,North,,0,2
6274,Male,36-45,Inactive,49.0,2480.0,West,55400.0,1,9
1613,Female,26-35,Active,78.0,830.0,North,19200.0,1,3
1182,Male,18-25,New,,3230.0,West,49000.0,1,9
1376,Male,18-25,Active,90.0,,East,41700.0,1,4
9262,Male,36-45,Active,87.0,2710.0,East,36500.0,1,9
3947,Male,46-55,New,81.0,1200.0,North,29200.0,1,12
2987,Male,46-55,New,106.0,7210.0,East,72400.0,1,6
5258,Male,18-25,New,98.0,7870.0,West,87200.0,1,4
627,Female,26-35,New,92.0,1000.0,East,24200.0,1,9
2113,Male,36-45,New,112.0,,South,25700.0,0,10
6342,Female,36-45,Inactive,100.0,1480.0,East,30000.0,1,15
8263,Female,36-45,New,4.0,320.0,South,112300.0,0,0
6264,Female,18-25,Active,106.0,1600.0,North,37000.0,0,12
7048,Male,46-55,Active,94.0,1030.0,East,15000.0,0,7
4203,Male,46-55,Active,26.0,1000.0,South,56000.0,0,3
1463,Male,36-45,Active,28.0,1020.0,North,46200.0,1,4
2888,Female,26-35,New,27.0,780.0,North,36100.0,0,2
4448,Female,36-45,Inactive,116.0,1580.0,West,22600.0,1,8
685,Female,36-45,New,25.0,560.0,East,27300.0,0,4
7743,Female,18-25,New,57.0,770.0,South,26300.0,1,7
8273,Female,18-25,Active,15.0,240.0,East,,1,0
1367,Male,18-25,Active,58.0,1340.0,East,38500.0,1,8
3917,Female,18-25,Active,9.0,340.0,North,37400.0,1,1
2640,Male,26-35,Inactive,16.0,220.0,West,33900.0,1,3
9498,Male,46-55,Active,94.0,3450.0,West,39400.0,1,7
9075,Female,18-25,Inactive,1.0,20.0,South,54300.0,0,2
5870,Male,46-55,Active,90.0,2190.0,East,56100.0,0,9
2301,Female,18-25,Inactive,51.0,1130.0,East,30100.0,0,6
2939,Male,46-55,Active,28.0,,West,23300.0,1,4
6490,Female,26-35,New,66.0,1290.0,West,19800.0,0,4
8696,Female,46-55,Active,95.0,5810.0,South,62300.0,1,13
5061,Male,26-35,Inactive,91.0,2190.0,South,32600.0,0,7
1980,Male,46-55,New,90.0,2340.0,South,35400.0,0,4
3804,Male,36-45,Active,56.0,2970.0,West,56400.0,1,4
4924,Female,26-35,New,101.0,2350.0,East,40100.0,1,13
6513,Male,26-35,Active,58.0,960.0,West,28000.0,1,2
4607,Female,26-35,Active,22.0,1280.0,South,64700.0,1,2
4769,Male,18-25,Active,3.0,70.0,East,35000.0,0,1
2281,Male,18-25,Active,118.0,3650.0,South,34400.0,1,12
4475,Female,26-35,Active,90.0,4820.0,,61100.0,1,8
4186,Female,18-25,New,115.0,1690.0,East,34400.0,1,14
6724,Male,18-25,New,57.0,810.0,West,29300.0,1,1
4131,Female,46-55,Inactive,117.0,1310.0,West,19900.0,0,9
6114,Female,56+,Active,113.0,2430.0,South,44400.0,1,10
9849,Male,36-45,New,97.0,1820.0,West,33500.0,1,8
1785,Male,36-45,Inactive,28.0,750.0,West,27300.0,0,2
3183,Female,18-25,Active,29.0,460.0,South,20300.0,0,3
495,Female,46-55,Active,64.0,1470.0,North,29100.0,1,1
7426,Male,56+,Active,43.0,760.0,South,44200.0,0,4
2861,Male,36-45,Inactive,,3220.0,East,59800.0,1,6
8546,Female,36-45,Active,119.0,4210.0,East,36000.0,1,6
4042,Female,46-55,Active,95.0,3280.0,North,39500.0,1,7
7368,Female,18-25,Inactive,22.0,680.0,North,,0,4
2898,Male,36-45,New,54.0,1370.0,South,39500.0,1,4
367,Female,46-55,New,87.0,2450.0,South,39800.0,0,8
850,Female,26-35,Active,,240.0,West,35000.0,0,1
5980,Female,56+,Inactive,58.0,2050.0,West,48000.0,0,10
5396,Male,56+,Active,85.0,3620.0,North,47300.0,0,9
4340,Female,26-35,Active,47.0,1430.0,West,59800.0,1,6
2654,Female,36-45,Active,87.0,1640.0,West,32200.0,1,2
3504,Female,26-35,Active,30.0,2070.0,West,86800.0,1,2
1542,Male,18-25,Active,25.0,750.0,East,30500.0,1,3
8858,Female,56+,Active,84.0,,South,21400.0,0,6
8904,Male,46-55,Active,62.0,1420.0,South,51900.0,1,2
323,Male,26-35,Active,113.0,3060.0,West,33300.0,0,8
2032,Female,36-45,Active,1.0,50.0,West,69200.0,0,1
814,Female,36-45,Active,6.0,220.0,South,37700.0,0,1
7633,Female,18-25,Active,16.0,,West,33300.0,0,6
9413,Male,26-35,Active,4.0,60.0,,19300.0,1,2
1080,Male,36-45,Active,116.0,5230.0,South,52500.0,1,8
2227,Female,18-25,New,114.0,4530.0,South,63700.0,0,10
9174,Male,26-35,New,84.0,2430.0,East,60600.0,1,6
9220,Male,26-35,Inactive,16.0,290.0,East,26500.0,0,4
2706,Female,46-55,Inactive,36.0,770.0,North,28500.0,1,5
6884,Female,26-35,Active,116.0,2360.0,West,38000.0,1,13
4295,Female,26-35,Active,42.0,1370.0,South,35900.0,0,2
1165,Male,46-55,New,83.0,5870.0,West,108000.0,0,4
3262,Female,18-25,Active,88.0,1540.0,South,29000.0,1,6
5538,Female,18-25,Active,115.0,4990.0,East,72400.0,1,5
1451,Female,46-55,New,48.0,1950.0,South,41700.0,1,3
3863,Female,26-35,Inactive,88.0,,East,39000.0,1,7
6158,Male,46-55,Inactive,63.0,2580.0,South,52700.0,1,1
6943,Female,26-35,New,94.0,1170.0,West,32900.0,1,6
7182,Male,26-35,Active,5.0,90.0,North,24500.0,1,1
8907,Male,18-25,New,99.0,3510.0,,50000.0,1,3
9206,Female,46-55,New,19.0,,East,59600.0,0,1
9316,Female,18-25,New,109.0,1230.0,West,21100.0,1,11
6672,Male,46-55,Active,29.0,1290.0,South,54000.0,1,4
9755,Female,26-35,Active,6.0,130.0,North,34200.0,0,1
4057,Male,26-35,New,81.0,2840.0,North,37400.0,1,6
9551,Female,36-45,Inactive,90.0,2180.0,North,,0,8
3000,Male,36-45,Active,85.0,3510.0,West,51300.0,1,6
9062,Female,46-55,New,71.0,2780.0,East,45300.0,1,8
1232,Female,56+,New,15.0,590.0,West,39800.0,0,1
1515,Female,26-35,Active,30.0,,South,52900.0,1,7
2314,Male,26-35,Active,47.0,830.0,East,31000.0,1,7
1452,Female,56+,New,58.0,2130.0,East,42400.0,0,4
9036,Male,36-45,Active,80.0,1980.0,North,,1,3
7413,Male,18-25,Inactive,72.0,3080.0,South,73200.0,0,3
8569,Female,46-55,New,106.0,2820.0,West,63900.0,1,10
5639,Male,26-35,New,111.0,4530.0,East,97100.0,0,8
839,Male,18-25,Inactive,38.0,1110.0,West,76600.0,0,4
9955,Female,36-45,Inactive,103.0,2230.0,South,50500.0,0,11
4657,Female,56+,Inactive,0.0,0.0,West,40700.0,0,0
7471,Male,56+,New,79.0,4180.0,North,93200.0,0,5
8541,Male,36-45,New,26.0,440.0,East,25100.0,1,5
3568,Female,18-25,Active,75.0,2950.0,South,78700.0,1,5
9302,Male,46-55,New,113.0,1320.0,South,19800.0,0,9
3088,Female,18-25,Active,115.0,2440.0,South,35300.0,1,9
8830,Female,26-35,New,118.0,4300.0,North,43100.0,1,12
1715,Male,46-55,Active,20.0,950.0,East,65200.0,0,2
340,Female,36-45,New,79.0,2610.0,North,,1,8
6790,Female,26-35,Active,5.0,160.0,North,49300.0,0,0
5995,Female,26-35,Active,15.0,500.0,North,68000.0,1,2
6862,Female,46-55,Inactive,7.0,140.0,North,24500.0,0,1
8170,Male,46-55,New,8.0,480.0,South,,1,3
4948,Female,26-35,Active,91.0,4590.0,East,51300.0,0,3
589,Male,18-25,New,93.0,2450.0,West,34600.0,1,8
3366,Male,26-35,Inactive,14.0,510.0,East,43600.0,0,3
2671,Female,26-35,Active,51.0,1720.0,North,48500.0,1,1
3590,Male,26-35,Active,84.0,2500.0,West,41300.0,1,14
35,Female,56+,Active,55.0,2200.0,West,57500.0,0,3
29,Male,46-55,Active,57.0,1390.0,North,40900.0,1,6
7065,Male,46-55,Inactive,78.0,1230.0,South,32500.0,0,8
4626,Female,18-25,New,15.0,490.0,East,48000.0,1,2
2171,Male,26-35,Inactive,69.0,950.0,East,34800.0,1,8
5184,Female,36-45,Active,63.0,790.0,South,23700.0,1,7
8493,Male,18-25,New,104.0,,,35400.0,1,9
890,Female,18-25,Active,110.0,2360.0,North,40400.0,1,14
9829,Female,26-35,Active,31.0,1600.0,South,55000.0,1,6
3323,Female,46-55,New,59.0,1070.0,North,44600.0,0,7
9434,Female,18-25,Active,110.0,5960.0,North,69500.0,0,7
3515,Female,18-25,New,32.0,1830.0,South,91100.0,1,5
4460,Female,26-35,Active,19.0,880.0,South,89700.0,1,2
8387,Female,56+,New,53.0,950.0,South,40700.0,0,4
8146,Female,26-35,Active,39.0,960.0,West,30700.0,1,3
3734,Female,36-45,Active,30.0,360.0,West,15000.0,1,5
9503,Female,36-45,Active,50.0,1000.0,,52300.0,1,3
7143,Female,36-45,Active,34.0,1780.0,North,61800.0,1,4
1655,Female,18-25,New,73.0,1780.0,West,53600.0,1,6
7162,Male,36-45,New,73.0,1800.0,West,27300.0,1,7
224,Female,36-45,Inactive,116.0,2400.0,South,24500.0,0,6
9437,Male,36-45,Active,2.0,40.0,North,33300.0,0,2
8825,Female,18-25,Inactive,58.0,1610.0,North,36000.0,0,3
1591,Male,26-35,Active,78.0,800.0,West,22800.0,1,5
8953,Male,56+,Active,94.0,1020.0,North,,1,11
3257,Male,26-35,Active,5.0,210.0,North,,0,0
6984,Female,18-25,Active,10.0,430.0,South,47300.0,0,2
8643,Male,36-45,Inactive,114.0,3050.0,North,51300.0,0,7
2182,Female,46-55,Active,64.0,3100.0,South,50500.0,1,6
6863,Male,18-25,Active,13.0,260.0,South,52800.0,1,2
6128,Male,26-35,Active,68.0,610.0,West,,1,3
7294,Male,18-25,Active,52.0,1730.0,South,41200.0,1,7
4831,Female,26-35,Active,79.0,2340.0,North,57500.0,1,6
1210,Male,18-25,New,111.0,9310.0,West,99300.0,1,8
422,Male,18-25,Active,69.0,3920.0,South,65100.0,1,9
8778,Female,26-35,Active,86.0,3260.0,East,89700.0,1,6
1707,Male,36-45,Active,119.0,2860.0,North,41500.0,1,13
1159,Male,18-25,Inactive,105.0,5240.0,South,54900.0,1,14
2307,Female,26-35,New,61.0,1280.0,East,,0,3
274,Female,26-35,New,74.0,1310.0,North,27400.0,1,9
172,Female,26-35,Inactive,6.0,140.0,South,53000.0,1,0
3957,Female,26-35,Active,46.0,1030.0,South,30800.0,1,4
4900,Female,36-45,Active,9.0,250.0,East,30200.0,0,1
3189,Male,18-25,Active,49.0,550.0,North,24400.0,1,2
1726,Male,18-25,New,51.0,1680.0,North,74300.0,0,5
4337,Male,26-35,New,45.0,770.0,East,28200.0,0,4
8886,Male,36-45,Active,17.0,730.0,South,56600.0,1,3
1565,Female,18-25,Active,85.0,3820.0,North,71500.0,1,9
1783,Male,36-45,Active,61.0,1240.0,North,24600.0,0,3
844,Male,46-55,Active,102.0,2670.0,North,29000.0,0,7
9383,Female,26-35,Active,67.0,1340.0,,51100.0,1,6
7074,Female,26-35,Active,58.0,2540.0,North,57200.0,1,3
905,Female,26-35,New,38.0,440.0,East,23400.0,1,7
8199,Male,46-55,Inactive,109.0,2580.0,South,36900.0,1,8
9710,Female,46-55,Inactive,,3080.0,South,39800.0,1,2
5160,Male,18-25,Inactive,76.0,1390.0,East,30000.0,1,2
1548,Female,26-35,Active,90.0,,South,47900.0,1,5
2081,Male,46-55,Active,79.0,8420.0,East,107500.0,1,6
7800,Male,46-55,Active,114.0,3190.0,South,51700.0,1,14
3986,Male,26-35,Active,82.0,,South,35000.0,1,7
7733,Male,46-55,Active,9.0,370.0,South,58300.0,0,1
7600,Female,26-35,Inactive,106.0,2980.0,South,36600.0,0,8
6246,Male,26-35,Active,19.0,,West,64100.0,0,0
6625,Male,18-25,New,114.0,,North,57600.0,1,10
8242,Female,18-25,New,59.0,,South,38900.0,1,4
3821,Female,56+,Active,79.0,2920.0,East,48100.0,1,8
2647,Female,18-25,Active,44.0,770.0,East,19600.0,1,4
6378,Female,26-35,Active,18.0,710.0,North,59500.0,1,2
7221,Male,46-55,New,97.0,2260.0,East,33100.0,0,6
5146,Female,18-25,Active,106.0,3740.0,South,40700.0,1,4
6598,Male,18-25,Active,78.0,1430.0,South,28300.0,1,4
7066,Female,26-35,Active,4.0,170.0,West,54000.0,0,2
6126,Male,46-55,New,39.0,1900.0,North,69700.0,0,3
2156,Female,18-25,New,89.0,,East,60400.0,1,8
8219,Male,26-35,Active,46.0,1520.0,South,34800.0,1,5
3716,Female,18-25,New,41.0,1320.0,South,36200.0,1,5
4058,Female,26-35,New,32.0,1890.0,North,66200.0,0,6
6005,Male,18-25,Active,75.0,4340.0,North,63600.0,1,9
3103,Female,26-35,Active,59.0,1340.0,South,23600.0,1,1
559,Female,46-55,Active,88.0,1610.0,South,35100.0,1,10
8552,Female,26-35,New,48.0,1530.0,South,43000.0,1,2
4418,Male,36-45,Active,23.0,710.0,West,63600.0,0,1
1437,Male,26-35,Active,98.0,2620.0,South,30700.0,1,11
508,Female,18-25,Active,80.0,3960.0,South,83600.0,0,2
1870,Female,18-25,Active,117.0,3290.0,West,52900.0,1,13
756,Male,26-35,Active,,5260.0,West,73300.0,1,2
5467,Female,46-55,Inactive,108.0,2330.0,North,50400.0,0,5
4051,Female,26-35,Active,30.0,1410.0,East,62100.0,1,4
5299,Male,18-25,New,11.0,160.0,North,18000.0,0,4
3837,Female,46-55,Active,67.0,1790.0,South,28900.0,0,5
2119,Male,18-25,Inactive,34.0,2040.0,North,65600.0,0,4
6207,Male,56+,Active,120.0,4030.0,East,34000.0,0,9
7041,Female,26-35,Inactive,73.0,,South,40100.0,0,4
502,Female,18-25,New,111.0,3410.0,West,40000.0,0,6
6315,Female,18-25,Active,64.0,1590.0,South,25800.0,0,5
7883,Male,36-45,New,77.0,1330.0,East,33800.0,0,7
1540,Male,46-55,New,23.0,440.0,South,38400.0,0,7
6196,Male,36-45,Active,81.0,1690.0,North,26100.0,1,10
1212,Female,46-55,New,75.0,5820.0,West,118600.0,1,7
9160,Male,26-35,Inactive,75.0,1580.0,South,39800.0,1,6
673,Female,26-35,Inactive,12.0,170.0,South,28000.0,1,4
3378,Female,36-45,Active,86.0,2100.0,South,28600.0,1,7
8821,Male,26-35,Active,52.0,2540.0,South,72500.0,1,5
1465,Female,46-55,New,111.0,3330.0,North,72900.0,1,6
1193,Female,36-45,Active,116.0,960.0,South,18000.0,1,299
8132,Female,18-25,New,6.0,200.0,,42200.0,0,2
1873,Female,36-45,Active,21.0,1270.0,East,61600.0,1,4
3591,Female,18-25,Active,18.0,540.0,West,38600.0,0,2
6785,Female,26-35,Active,81.0,1950.0,East,34600.0,1,8
506,Female,36-45,Active,16.0,720.0,North,48100.0,0,3
8186,Female,18-25,New,82.0,3360.0,East,53100.0,1,3
507,Male,36-45,New,44.0,820.0,North,31900.0,0,2
8230,Female,36-45,Active,110.0,2870.0,North,28400.0,1,6
6760,Male,46-55,New,45.0,620.0,South,26400.0,0,4
4709,Male,36-45,Active,95.0,4070.0,South,59000.0,1,5
8167,Female,56+,Active,55.0,1680.0,North,34200.0,0,7
1774,Female,36-45,New,110.0,3860.0,North,56600.0,0,11
5708,Female,56+,New,12.0,270.0,East,26300.0,0,3
4950,Female,26-35,New,94.0,,South,25500.0,1,9
798,Male,26-35,New,20.0,710.0,West,43700.0,1,3
7186,Male,36-45,Inactive,5.0,70.0,South,34200.0,0,2
7132,Female,18-25,New,97.0,1440.0,West,35400.0,0,5
2830,Female,18-25,New,,2520.0,North,39600.0,1,8
9357,Female,26-35,Inactive,28.0,1410.0,East,53100.0,0,4
8775,Female,36-45,Active,38.0,1420.0,West,41700.0,1,3
313,Male,36-45,Active,28.0,1070.0,North,81100.0,0,1
747,Male,26-35,New,,810.0,South,,1,6
3570,Male,46-55,New,103.0,2970.0,South,74000.0,1,16
791,Male,56+,Active,10.0,170.0,East,39300.0,0,3
2477,Male,36-45,Active,68.0,550.0,West,16500.0,1,11
9363,Female,36-45,Active,8.0,300.0,South,45700.0,1,0
2571,Male,36-45,Active,26.0,1090.0,North,91300.0,1,0
5334,Male,36-45,Active,87.0,2840.0,West,38200.0,1,7
5262,Female,56+,New,97.0,1370.0,South,32300.0,1,5
2164,Male,36-45,Active,64.0,3160.0,East,52900.0,0,4
6635,Female,36-45,New,50.0,1040.0,North,36000.0,1,3
6391,Male,46-55,Inactive,90.0,1910.0,South,26300.0,1,6
381,Female,36-45,Active,32.0,1160.0,South,36500.0,1,2
7880,Female,26-35,Active,117.0,3950.0,East,35300.0,1,11
1293,Female,18-25,New,69.0,4080.0,West,90500.0,0,3
1913,Female,56+,Active,23.0,990.0,South,52900.0,1,2
600,Female,46-55,Active,,450.0,West,48300.0,1,2
3893,Female,46-55,Active,115.0,4100.0,West,64100.0,1,4
4142,Female,18-25,Inactive,52.0,720.0,South,27200.0,0,5
1653,Male,36-45,New,20.0,350.0,South,46300.0,1,1
5272,Female,36-45,Active,45.0,1360.0,East,33700.0,1,2
1894,Male,46-55,New,73.0,2810.0,North,62300.0,0,3
1945,Female,18-25,New,3.0,100.0,East,46200.0,1,1
3396,Female,46-55,Active,88.0,3210.0,East,37800.0,1,8
5528,Male,46-55,Active,9.0,240.0,East,27700.0,0,1
9809,Male,18-25,New,,1370.0,East,28300.0,0,7
376,Male,46-55,Active,45.0,1420.0,South,32700.0,1,4
1967,Female,36-45,Active,,3460.0,East,38000.0,1,7
3958,Female,26-35,Active,55.0,1400.0,West,28100.0,0,5
9069,Female,46-55,Inactive,32.0,1120.0,West,44000.0,0,4
7541,Female,56+,Inactive,32.0,590.0,West,19300.0,0,3
9365,Female,18-25,Active,70.0,1700.0,West,36500.0,1,6
5966,Male,46-55,Inactive,48.0,1210.0,South,43400.0,0,8
6681,Female,26-35,Inactive,60.0,1600.0,South,42000.0,1,5
1472,Male,26-35,Active,72.0,1760.0,North,32000.0,0,491
3347,Female,46-55,New,46.0,1360.0,South,45700.0,1,5
6309,Male,56+,Active,81.0,5290.0,West,99600.0,1,7
2854,Male,26-35,Active,113.0,3240.0,East,30000.0,1,12
9026,Female,26-35,Active,34.0,790.0,South,42100.0,1,3
9815,Female,36-45,New,12.0,260.0,North,,0,0
6517,Female,36-45,Inactive,47.0,2000.0,South,50100.0,1,3
4063,Male,36-45,Active,47.0,800.0,South,,1,6
8024,Male,36-45,New,52.0,860.0,East,22800.0,1,6
4307,Female,26-35,New,72.0,1040.0,North,,1,3
4920,Male,26-35,New,61.0,5600.0,South,98700.0,0,7
7311,Male,36-45,Active,96.0,,North,74200.0,1,6
9416,Female,36-45,Active,42.0,1490.0,East,35700.0,1,4
3991,Female,36-45,Active,120.0,4650.0,South,39800.0,1,10
1050,Male,26-35,New,16.0,410.0,East,53200.0,1,2
7934,Male,56+,New,4.0,120.0,South,63900.0,0,0
5377,Male,56+,Active,5.0,170.0,East,33300.0,0,0
7930,Female,46-55,Active,62.0,3450.0,East,62600.0,0,3
2036,Female,46-55,Active,,830.0,North,25600.0,1,6
4040,Female,26-35,New,120.0,3440.0,East,40200.0,1,7
5280,Female,56+,Active,107.0,4280.0,East,48600.0,0,10
9392,Female,18-25,Inactive,70.0,2210.0,East,32300.0,1,4
1973,Female,56+,Active,61.0,2630.0,South,64400.0,0,3
8293,Female,46-55,Active,26.0,400.0,North,27500.0,0,4
2100,Male,36-45,New,89.0,5750.0,South,77500.0,1,1
1500,Female,26-35,Active,51.0,650.0,South,18600.0,0,2
9193,Female,26-35,Active,36.0,860.0,North,27400.0,1,1
653,Female,46-55,Inactive,89.0,4860.0,South,65000.0,0,6
171,Male,26-35,Active,79.0,4260.0,South,59200.0,1,6
4086,Female,26-35,Active,103.0,1030.0,West,19400.0,1,11
243,Male,26-35,New,76.0,5920.0,South,99900.0,0,8
9819,Male,46-55,New,74.0,1030.0,East,31100.0,0,1
4372,Male,26-35,New,108.0,3440.0,North,37300.0,1,11
7034,Male,36-45,Inactive,80.0,,South,23700.0,1,9
2757,Female,26-35,Active,11.0,570.0,North,65400.0,1,0
9777,Male,26-35,Inactive,8.0,,North,25400.0,1,0
5494,Male,26-35,Active,52.0,1610.0,East,,1,3
2077,Female,26-35,Inactive,117.0,3700.0,West,36600.0,1,11
4104,Male,56+,Active,21.0,910.0,West,56100.0,0,1
9599,Female,36-45,New,115.0,,North,47300.0,1,5
6312,Female,46-55,New,19.0,300.0,North,41700.0,0,2
6455,Female,18-25,Active,12.0,1710.0,West,152300.0,1,4
5754,Female,36-45,Active,97.0,2570.0,East,57800.0,1,11
5144,Female,26-35,Active,46.0,2710.0,South,94200.0,1,1
5906,Female,18-25,Active,78.0,1940.0,West,,1,8
5841,Male,36-45,Active,43.0,860.0,East,26600.0,0,3
9411,Male,46-55,New,45.0,1340.0,South,39400.0,1,2
9293,Female,36-45,Inactive,91.0,3980.0,West,69600.0,0,10
10000,Female,18-25,New,34.0,1240.0,North,71100.0,0,5
4520,Male,36-45,Inactive,107.0,5460.0,East,52700.0,1,8
8362,Female,36-45,Active,62.0,,West,43900.0,1,5
4079,Male,26-35,Active,113.0,2100.0,West,21000.0,1,5
641,Female,36-45,Inactive,1.0,70.0,West,81300.0,0,1
1271,Female,26-35,Active,120.0,4740.0,West,41000.0,1,11
2779,Male,26-35,New,47.0,1800.0,West,50100.0,0,3
8150,Male,46-55,Active,109.0,3340.0,West,46000.0,1,13
3862,Male,46-55,Active,17.0,340.0,South,26800.0,0,3
3481,Male,26-35,New,100.0,1330.0,East,32600.0,1,5
1535,Male,18-25,Active,86.0,2620.0,East,44700.0,1,5
326,Female,18-25,Inactive,1.0,30.0,South,38500.0,0,0
2339,Female,36-45,New,21.0,340.0,East,,0,2
3981,Male,36-45,Active,110.0,2300.0,South,,1,10
9284,Male,26-35,Active,102.0,5310.0,West,59000.0,1,10
4055,Female,26-35,Inactive,41.0,760.0,East,,1,4
2238,Male,26-35,New,56.0,1570.0,North,28800.0,0,2
9745,Female,26-35,Active,37.0,1650.0,East,45800.0,0,1
9708,Female,46-55,Active,30.0,1030.0,West,78200.0,0,1
5750,Female,26-35,Active,19.0,770.0,West,41400.0,0,0
865,Male,36-45,New,0.0,0.0,North,69900.0,0,0
7996,Male,18-25,Active,112.0,6640.0,West,61500.0,1,12
5557,Male,46-55,Active,,1200.0,South,34800.0,1,2
5248,Male,26-35,Inactive,21.0,760.0,West,36400.0,1,3
372,Male,18-25,New,39.0,1820.0,South,50600.0,1,4
6352,Female,26-35,Active,57.0,2120.0,West,47200.0,1,4
6302,Female,36-45,New,49.0,1680.0,South,53800.0,1,1
8130,Male,36-45,Active,20.0,490.0,East,33400.0,0,1
5951,Male,36-45,Active,97.0,2100.0,South,33600.0,1,5
9325,Female,56+,Inactive,69.0,940.0,North,31400.0,0,7
5584,Female,18-25,New,2.0,100.0,South,59000.0,0,1
2365,Female,56+,Active,88.0,2930.0,West,33500.0,0,13
3214,Female,26-35,Active,8.0,110.0,East,36100.0,0,2
912,Female,36-45,Active,32.0,880.0,West,45800.0,0,5
9085,Male,46-55,New,36.0,670.0,North,26800.0,0,3
7160,Male,36-45,Active,14.0,420.0,East,48100.0,0,2
6588,Female,56+,New,36.0,1760.0,South,81100.0,0,6
8469,Female,46-55,Active,30.0,910.0,East,38900.0,1,4
6594,Female,26-35,Active,2.0,60.0,North,67600.0,0,0
5999,Female,36-45,Active,36.0,1030.0,West,76000.0,1,2
1424,Male,18-25,Active,40.0,1050.0,West,45700.0,1,3
9847,Female,46-55,Active,71.0,1540.0,North,28200.0,1,4
480,Male,46-55,Active,40.0,760.0,North,31000.0,0,6
663,Male,56+,Active,19.0,810.0,East,51600.0,0,0
6022,Female,36-45,New,105.0,3530.0,East,70500.0,0,9
9020,Female,26-35,Active,26.0,1240.0,West,49600.0,1,3
8145,Female,46-55,New,50.0,,,58700.0,1,2
2989,Male,36-45,Active,28.0,680.0,West,45600.0,1,4
1120,Female,36-45,Active,18.0,530.0,West,40100.0,1,1
2777,Female,26-35,Active,86.0,,South,27000.0,1,6
5604,Female,18-25,Active,52.0,970.0,North,,1,4
5047,Male,18-25,New,93.0,1280.0,West,32400.0,1,5
6708,Female,26-35,Active,75.0,3370.0,West,47100.0,0,4
5153,Female,46-55,Active,20.0,770.0,South,39000.0,0,0
4428,Male,18-25,Active,9.0,290.0,,76700.0,1,1
7494,Male,18-25,Active,113.0,6840.0,South,66200.0,1,9
3982,Male,26-35,Active,106.0,4780.0,North,49000.0,1,10
6408,Male,26-35,Active,91.0,7590.0,North,94900.0,1,3
2894,Female,18-25,Active,75.0,870.0,,17900.0,1,2
2670,Female,46-55,Active,84.0,1450.0,East,29000.0,1,8
3978,Male,56+,New,79.0,960.0,South,16200.0,0,5
5307,Female,26-35,Active,96.0,4110.0,West,58300.0,1,7
280,Female,56+,Inactive,82.0,2280.0,East,40300.0,1,4
7756,Female,46-55,New,4.0,100.0,East,63100.0,0,1
6253,Male,26-35,New,53.0,2130.0,North,51100.0,1,4
7082,Female,26-35,Active,114.0,3700.0,South,75800.0,1,8
1695,Female,26-35,Active,58.0,1810.0,South,44500.0,1,3
8950,Male,46-55,Active,21.0,1420.0,North,80100.0,1,1
3480,Female,56+,Inactive,82.0,1870.0,West,43000.0,0,7
4417,Female,46-55,Inactive,4.0,260.0,West,66500.0,0,3
7656,Female,36-45,Active,82.0,3460.0,East,56100.0,1,6
6254,Male,18-25,Active,120.0,2860.0,North,54400.0,1,12
5372,Female,18-25,New,76.0,1800.0,North,25000.0,0,1
8657,Male,46-55,Inactive,62.0,1450.0,North,35000.0,0,3
7846,Male,26-35,Inactive,72.0,1600.0,South,37900.0,1,1
4297,Male,18-25,Active,112.0,1940.0,East,29300.0,1,9
4634,Male,46-55,Inactive,28.0,480.0,South,19700.0,0,3
5376,Female,26-35,Active,102.0,3280.0,South,38300.0,1,4
2210,Male,18-25,Active,119.0,4870.0,North,46600.0,0,6
9571,Male,56+,Active,5.0,160.0,East,34600.0,0,2
5550,Female,36-45,Active,71.0,2190.0,East,41100.0,1,2
185,Female,18-25,New,25.0,,West,60500.0,1,0
6775,Female,26-35,Active,64.0,3180.0,East,69800.0,0,3
9962,Female,18-25,New,42.0,1360.0,East,41100.0,0,4
2351,Male,46-55,New,119.0,2830.0,South,32800.0,0,9
554,Female,18-25,Active,68.0,550.0,North,21300.0,1,6
1398,Female,36-45,Active,42.0,700.0,North,21700.0,1,5
1385,Female,26-35,Active,65.0,3500.0,West,55800.0,1,7
9389,Male,26-35,Active,9.0,,West,71600.0,1,4
8790,Female,46-55,New,100.0,4290.0,North,70800.0,1,5
298,Female,26-35,Inactive,64.0,1110.0,North,22400.0,1,3
444,Male,36-45,Active,95.0,3000.0,East,43500.0,1,6
9538,Male,26-35,New,100.0,4370.0,South,45000.0,1,5
2078,Male,56+,Active,24.0,1960.0,North,91800.0,0,0
7881,Male,26-35,Inactive,63.0,810.0,North,15000.0,0,6
2230,Female,36-45,Inactive,110.0,2790.0,West,38900.0,0,3
2843,Male,56+,Active,47.0,1050.0,East,25800.0,1,3
2538,Male,36-45,Active,26.0,680.0,North,39200.0,0,1
6313,Female,46-55,Active,98.0,2550.0,East,34300.0,1,9
8342,Female,36-45,Active,58.0,1750.0,North,57900.0,1,7
6501,Female,46-55,Inactive,8.0,350.0,South,54500.0,0,2
3368,Female,26-35,Active,25.0,1530.0,West,69000.0,0,1
4526,Female,36-45,Active,88.0,1640.0,East,29700.0,1,7
2579,Male,26-35,New,14.0,630.0,East,46900.0,1,5
1132,Female,26-35,Active,47.0,1890.0,East,48000.0,0,1
4861,Female,26-35,Active,77.0,1190.0,South,23400.0,1,3
321,Female,46-55,Active,81.0,3090.0,South,40200.0,0,8
1372,Female,26-35,Active,30.0,670.0,West,24200.0,1,4
4043,Male,36-45,Active,89.0,2110.0,South,46200.0,1,3
7549,Male,36-45,Active,98.0,3420.0,East,47000.0,1,6
7704,Female,18-25,Active,50.0,2020.0,South,82300.0,0,5
908,Male,18-25,Inactive,58.0,750.0,West,26100.0,0,6
9771,Male,18-25,Inactive,8.0,410.0,East,99500.0,0,4
3951,Male,46-55,New,90.0,4980.0,East,81200.0,1,5
7146,Female,56+,Active,99.0,2170.0,West,35500.0,1,2
8924,Male,18-25,New,114.0,3920.0,North,40000.0,1,16
6754,Female,36-45,Active,,1070.0,East,30900.0,0,6
5021,Female,46-55,Inactive,74.0,740.0,North,15000.0,1,4
6241,Female,36-45,Active,14.0,370.0,North,49300.0,0,2
8444,Male,36-45,Inactive,50.0,2610.0,South,81200.0,0,2
927,Male,36-45,Active,50.0,1100.0,North,34400.0,0,7
9794,Male,18-25,Active,68.0,1970.0,North,34200.0,0,6
16,Male,18-25,New,82.0,3490.0,East,62100.0,1,9
144,Female,18-25,Inactive,2.0,70.0,South,48600.0,1,3
2364,Female,36-45,Active,84.0,,North,42800.0,1,6
130,Female,26-35,New,83.0,2500.0,West,33800.0,0,8
1162,Female,36-45,Active,80.0,890.0,West,26200.0,0,8
5923,Female,18-25,Active,104.0,3490.0,East,43500.0,1,6
8698,Male,36-45,Inactive,11.0,140.0,West,23200.0,0,2
4706,Male,18-25,New,109.0,2110.0,South,30200.0,1,7
9207,Female,18-25,Inactive,64.0,1540.0,North,29300.0,0,4
4787,Male,46-55,Active,19.0,520.0,South,31400.0,1,3
1877,Male,46-55,Active,114.0,2340.0,South,52800.0,1,10
2489,Male,46-55,Active,87.0,3540.0,West,98600.0,1,6
4795,Male,26-35,Inactive,67.0,900.0,West,24900.0,1,5
7481,Female,26-35,Inactive,3.0,50.0,East,29900.0,0,0
1183,Male,36-45,Active,27.0,1420.0,North,63200.0,0,0
6190,Female,18-25,Inactive,1.0,20.0,North,25700.0,0,1
5403,Male,18-25,Active,78.0,2310.0,North,43600.0,1,7
1171,Male,18-25,Active,104.0,4230.0,North,94000.0,1,7
2183,Female,56+,Active,95.0,2600.0,South,65900.0,1,10
3372,Male,26-35,Active,64.0,2180.0,East,59800.0,1,7
8108,Female,26-35,Active,108.0,3140.0,North,39400.0,1,3
1860,Male,36-45,Inactive,89.0,1120.0,East,17100.0,1,5
4903,Male,18-25,New,16.0,,South,41100.0,0,2
4819,Female,36-45,Active,24.0,680.0,East,29500.0,1,1
8642,Female,18-25,New,36.0,1320.0,North,45400.0,1,4
6413,Male,36-45,Inactive,58.0,1560.0,South,34900.0,0,12
4907,Female,36-45,Active,24.0,880.0,West,39400.0,1,6
7448,Male,26-35,New,11.0,370.0,,52000.0,1,1
5670,Female,26-35,Active,53.0,1710.0,West,41800.0,1,4
3122,Male,36-45,Active,59.0,1570.0,North,65400.0,1,5
388,Female,36-45,New,101.0,1950.0,South,50700.0,1,6
7851,Female,26-35,Active,96.0,3190.0,South,37900.0,1,2
1033,Female,56+,New,98.0,4260.0,North,64200.0,1,11
7918,Male,26-35,New,69.0,940.0,North,21100.0,1,3
5466,Female,18-25,Active,57.0,890.0,East,25200.0,0,4
932,Male,46-55,Inactive,74.0,4780.0,East,72500.0,1,10
4020,Female,46-55,Active,96.0,4160.0,East,81600.0,1,9
692,Female,26-35,New,44.0,1070.0,East,,0,2
6308,Female,26-35,Active,84.0,3560.0,North,58300.0,1,3
9328,Male,18-25,Inactive,106.0,3130.0,West,35700.0,1,6
830,Male,26-35,Inactive,91.0,3870.0,South,64600.0,0,6
3499,Male,18-25,Active,2.0,30.0,South,23000.0,1,2
2082,Male,46-55,New,54.0,2070.0,West,64100.0,1,2
8949,Male,36-45,Inactive,108.0,1740.0,West,32600.0,1,13
9480,Female,26-35,Active,36.0,770.0,South,40100.0,1,3
45,Female,26-35,Active,83.0,,South,121500.0,1,12
3940,Male,46-55,Active,10.0,190.0,West,24500.0,0,3
5305,Male,26-35,New,5.0,60.0,,21400.0,0,2
4640,Male,46-55,Active,56.0,2420.0,East,53700.0,1,5
4320,Male,36-45,Active,21.0,510.0,South,54600.0,0,4
2966,Female,36-45,Active,,,North,62200.0,1,4
3970,Male,46-55,New,37.0,870.0,East,30200.0,0,7
1188,Female,26-35,Inactive,11.0,190.0,South,46800.0,0,2
285,Female,18-25,Active,40.0,430.0,South,17300.0,0,3
8911,Male,18-25,New,1.0,30.0,South,35000.0,0,0
4160,Male,56+,Active,103.0,1010.0,East,23700.0,1,8
3093,Female,26-35,New,21.0,800.0,South,53300.0,1,0
4557,Female,18-25,New,85.0,740.0,North,16100.0,0,7
4804,Female,18-25,Active,63.0,3300.0,North,82100.0,1,5
4324,Male,26-35,New,33.0,680.0,West,28000.0,0,4
5553,Male,36-45,Active,0.0,0.0,East,21800.0,0,2
5370,Male,26-35,Inactive,22.0,830.0,West,38100.0,1,1
3365,Male,26-35,Active,2.0,,North,43400.0,0,0
7810,Male,46-55,Active,3.0,40.0,West,21300.0,1,2
3196,Male,26-35,New,99.0,1030.0,East,19100.0,1,6
5181,Female,26-35,Active,100.0,1740.0,East,27600.0,1,2
970,Male,26-35,New,35.0,1020.0,West,34200.0,1,2
3735,Male,46-55,Active,30.0,1090.0,North,39400.0,0,3
926,Male,18-25,Inactive,4.0,70.0,South,31800.0,1,0
9536,Male,46-55,New,118.0,7020.0,North,78900.0,0,7
6509,Female,36-45,Active,20.0,630.0,South,35100.0,1,2
5675,Female,18-25,Active,79.0,1490.0,North,29300.0,0,4
2852,Male,56+,Active,21.0,600.0,East,29300.0,0,4
5227,Male,26-35,Active,12.0,170.0,North,28900.0,1,0
8347,Female,36-45,New,55.0,730.0,North,33000.0,1,2
8903,Female,26-35,Active,63.0,1570.0,West,55500.0,1,7
7876,Male,18-25,Active,70.0,3390.0,West,64300.0,1,5
4472,Male,18-25,Inactive,73.0,3560.0,North,78700.0,0,11
5198,Male,18-25,Inactive,26.0,1060.0,South,41200.0,1,0
4349,Female,56+,New,113.0,6770.0,West,73800.0,1,5
7969,Male,26-35,Active,88.0,2240.0,East,40800.0,1,7
3627,Female,36-45,New,119.0,2730.0,North,23500.0,1,7
1790,Male,18-25,Inactive,95.0,3750.0,East,60200.0,0,9
8329,Female,26-35,Inactive,84.0,1310.0,South,16400.0,0,9
2060,Male,26-35,Active,63.0,2390.0,West,55500.0,1,9
4014,Male,56+,New,120.0,,North,26200.0,0,5
1903,Female,26-35,Active,24.0,390.0,West,27400.0,1,2
6445,Male,18-25,Active,12.0,450.0,West,49500.0,1,3
6983,Male,18-25,New,8.0,60.0,East,17200.0,0,1
76,Male,36-45,Inactive,59.0,2030.0,East,49100.0,0,5
2346,Male,26-35,Inactive,31.0,1150.0,East,41200.0,0,6
5533,Female,18-25,New,56.0,5150.0,West,114200.0,1,8
431,Female,18-25,Active,103.0,4210.0,South,82400.0,1,7
4587,Female,36-45,Active,63.0,,East,57500.0,1,1
6511,Female,26-35,Active,56.0,1040.0,East,21800.0,1,4
6602,Male,26-35,Active,116.0,2680.0,North,32300.0,1,9
9746,Female,36-45,Active,63.0,,West,19100.0,0,6
7239,Female,26-35,Active,3.0,70.0,South,48300.0,0,1
1554,Male,18-25,New,21.0,260.0,East,29900.0,0,4
241,Female,26-35,Inactive,27.0,940.0,West,36800.0,1,4
784,Female,26-35,Active,,1200.0,South,28000.0,1,5
3067,Male,46-55,Active,72.0,870.0,South,24400.0,1,7
978,Male,18-25,Active,55.0,1500.0,,64100.0,1,5
2942,Male,26-35,New,13.0,290.0,South,29500.0,1,1
5425,Female,26-35,New,83.0,1560.0,South,39700.0,1,5
4771,Female,26-35,Inactive,13.0,85359.25447835721,South,25400.0,0,1
1621,Male,46-55,Active,3.0,60.0,West,36400.0,1,1
2147,Male,26-35,Inactive,53.0,1640.0,West,34800.0,1,4
1802,Female,26-35,Active,51.0,2260.0,North,67800.0,0,4
2096,Male,26-35,Active,58.0,1280.0,North,29700.0,1,2
6129,Female,26-35,New,106.0,2020.0,South,47500.0,1,8
5293,Female,36-45,Active,100.0,4260.0,North,45500.0,1,7
1358,Female,56+,Active,76.0,2530.0,South,36100.0,0,6
9628,Male,56+,New,37.0,440.0,East,,0,4
6105,Male,36-45,New,8.0,260.0,South,50200.0,1,1
8404,Female,18-25,Active,88.0,1590.0,East,26600.0,0,5
6072,Male,26-35,Active,73.0,2150.0,South,43300.0,1,12
9971,Female,46-55,Active,68.0,1600.0,North,35500.0,1,3
8807,Male,46-55,New,7.0,200.0,North,29900.0,0,0
8893,Female,46-55,New,42.0,750.0,West,38100.0,0,3
1610,Male,18-25,Active,58.0,1250.0,West,35200.0,1,4
3097,Male,18-25,Inactive,105.0,1980.0,South,27500.0,1,7
8082,Female,36-45,Active,2.0,70.0,South,43100.0,1,1
2416,Male,56+,Active,17.0,510.0,East,44000.0,1,0
2018,Male,46-55,New,109.0,1940.0,West,41800.0,0,3
6073,Male,26-35,New,104.0,3200.0,East,34100.0,1,8
4126,Male,56+,Active,82.0,,East,34900.0,1,2
9842,Male,56+,Active,,150.0,West,33900.0,0,2
3247,Male,56+,Active,14.0,550.0,North,41400.0,0,1
125,Male,18-25,Active,44.0,1440.0,North,33900.0,1,7
6482,Female,46-55,Active,89.0,1400.0,North,25100.0,1,9
6434,Female,46-55,Inactive,28.0,1610.0,,59900.0,0,5
7526,Male,26-35,Active,43.0,750.0,West,40700.0,1,8
9195,Female,56+,Inactive,64.0,,East,31600.0,1,6
3342,Female,18-25,New,87.0,1260.0,South,30300.0,0,4
599,Female,18-25,Active,103.0,1490.0,East,22300.0,1,11
2124,Male,56+,New,26.0,1090.0,East,48400.0,0,4
9801,Male,36-45,Active,0.0,0.0,North,54200.0,1,2
6563,Male,18-25,New,78.0,1610.0,West,26600.0,1,5
7111,Female,36-45,Inactive,28.0,1560.0,,68300.0,0,3
9701,Male,18-25,Inactive,12.0,190.0,South,24500.0,0,0
2198,Female,26-35,New,40.0,460.0,West,26400.0,1,3
4052,Female,46-55,Inactive,7.0,210.0,South,42500.0,0,2
6109,Male,46-55,Active,80.0,6660.0,East,84500.0,0,4
3363,Female,26-35,Active,51.0,1260.0,East,37000.0,1,1
7866,Female,36-45,Active,84.0,3320.0,West,41000.0,1,7
726,Male,56+,Active,51.0,2050.0,South,49200.0,0,3
4978,Male,36-45,New,24.0,240.0,North,15000.0,0,1
979,Female,36-45,Active,51.0,,North,28500.0,1,1
809,Female,26-35,New,90.0,5850.0,South,107900.0,1,6
9367,Female,26-35,Active,50.0,2030.0,South,42800.0,1,3
1476,Female,18-25,New,81.0,1980.0,North,24600.0,0,5
5988,Male,36-45,Inactive,104.0,2430.0,West,25500.0,1,6
9074,Female,56+,New,83.0,,South,26600.0,0,1
8243,Female,26-35,Active,48.0,1840.0,South,49400.0,1,3
3963,Female,46-55,Active,64.0,2720.0,East,44800.0,1,4
6479,Male,36-45,Active,87.0,2390.0,West,35700.0,1,7
7449,Female,36-45,New,20.0,260.0,North,15500.0,0,1
1236,Male,36-45,Active,27.0,980.0,North,57100.0,0,1
1226,Female,26-35,New,,2440.0,South,37900.0,1,7
8035,Male,26-35,New,29.0,440.0,West,28500.0,1,1
6325,Female,18-25,Active,88.0,2020.0,South,39300.0,1,4
8415,Male,18-25,Active,29.0,400.0,South,33000.0,1,1
5134,Female,26-35,Active,78.0,3660.0,West,55400.0,0,2
8089,Female,26-35,Active,103.0,,South,36400.0,1,7
3218,Male,36-45,Inactive,59.0,1960.0,North,65100.0,0,3
288,Male,46-55,Active,116.0,,West,35900.0,0,4
7624,Male,36-45,Active,85.0,1540.0,East,47200.0,1,6
2967,Male,36-45,Active,91.0,2720.0,West,33300.0,1,10
3165,Female,26-35,Active,84.0,1720.0,East,40400.0,1,1
6499,Male,56+,Active,36.0,570.0,East,32900.0,1,4
9510,Male,36-45,Active,109.0,4610.0,South,58700.0,1,13
1658,Female,36-45,Active,1.0,20.0,East,22200.0,0,1
1976,Male,26-35,Active,75.0,3680.0,South,56100.0,1,4
2398,Male,26-35,Inactive,50.0,640.0,East,15000.0,1,3
453,Female,46-55,New,33.0,880.0,South,46200.0,1,2
8098,Female,36-45,Active,,470.0,South,32700.0,0,1
7563,Male,46-55,Active,30.0,560.0,East,25100.0,1,4
3682,Male,18-25,New,100.0,4800.0,East,68000.0,1,4
423,Male,26-35,Active,30.0,620.0,South,31300.0,1,3
6104,Female,26-35,Active,64.0,3030.0,East,48200.0,1,7
658,Male,36-45,Active,51.0,1790.0,North,35700.0,1,3
3302,Male,46-55,Inactive,25.0,1850.0,North,106200.0,0,3
5894,Female,36-45,Inactive,116.0,1240.0,West,26000.0,1,11
2846,Female,36-45,Active,91.0,5230.0,North,72000.0,1,7
6067,Female,18-25,Active,42.0,1330.0,North,,1,1
9643,Female,26-35,Active,82.0,2720.0,South,34200.0,0,8
1002,Female,18-25,Active,62.0,,North,61200.0,1,3
4199,Male,56+,New,29.0,770.0,West,33600.0,0,4
2419,Male,36-45,New,77.0,3020.0,East,51000.0,0,8
7710,Female,36-45,Inactive,87.0,2670.0,South,45100.0,0,6
5333,Male,18-25,Inactive,71.0,1290.0,West,41300.0,0,5
3848,Female,18-25,New,,2030.0,South,68700.0,0,2
962,Male,18-25,Active,31.0,1060.0,North,52300.0,1,5
1581,Female,26-35,Active,80.0,660.0,North,20100.0,1,5
5051,Male,46-55,Active,12.0,610.0,South,52200.0,0,1
2207,Female,26-35,Active,21.0,350.0,West,35200.0,0,5
6368,Male,26-35,Active,75.0,2520.0,North,47200.0,1,4
6633,Female,18-25,Inactive,95.0,2780.0,East,38800.0,0,9
4232,Male,18-25,Active,107.0,2290.0,West,42400.0,0,5
758,Female,26-35,Active,7.0,240.0,North,59900.0,1,2
2285,Male,36-45,Active,114.0,1480.0,East,26500.0,1,12
8161,Male,46-55,New,16.0,130.0,West,17900.0,0,4
5915,Male,56+,Active,111.0,3690.0,South,35300.0,1,16
5096,Female,56+,Active,118.0,2160.0,West,30400.0,1,13
808,Male,26-35,Inactive,86.0,4150.0,South,75600.0,1,11
5982,Female,18-25,Active,11.0,760.0,South,75200.0,0,2
9084,Male,26-35,Inactive,60.0,,West,56700.0,1,6
1957,Female,36-45,Active,46.0,2110.0,North,74800.0,1,3
2446,Female,18-25,New,60.0,1180.0,West,22700.0,1,7
8668,Female,46-55,Active,54.0,720.0,South,22000.0,0,4
8651,Male,36-45,Inactive,9.0,190.0,West,40800.0,1,2
6193,Male,56+,Active,35.0,1040.0,South,53700.0,1,5
2403,Female,36-45,Active,101.0,1150.0,South,22900.0,1,13
1074,Female,26-35,Inactive,30.0,910.0,West,32300.0,1,2
9685,Male,26-35,Active,25.0,1080.0,South,,1,2
4241,Female,18-25,Inactive,111.0,930.0,East,15600.0,0,9
8547,Female,18-25,Inactive,67.0,3730.0,North,58100.0,0,5
2092,Female,26-35,Inactive,18.0,540.0,East,34900.0,0,3
4528,Female,46-55,Active,80.0,2340.0,West,37900.0,0,6
7264,Male,36-45,New,15.0,450.0,East,31600.0,1,3
6854,Male,36-45,Inactive,21.0,510.0,West,34800.0,0,3
9607,Female,56+,Active,10.0,260.0,East,45900.0,0,3
7485,Male,56+,Active,112.0,1870.0,,37300.0,1,5
5822,Female,26-35,Active,71.0,1190.0,South,19300.0,1,5
8483,Female,26-35,Active,88.0,2130.0,West,29700.0,1,11
1004,Male,56+,Active,24.0,,North,17600.0,0,1
9137,Female,46-55,Active,99.0,1260.0,East,20600.0,1,10
9467,Male,26-35,Active,82.0,2730.0,South,38300.0,1,11
5355,Female,18-25,Active,89.0,5010.0,East,59500.0,1,4
4652,Female,18-25,Active,115.0,4400.0,North,71200.0,1,11
5361,Female,46-55,Active,111.0,2770.0,South,38500.0,1,10
1486,Male,26-35,Active,93.0,2650.0,West,54600.0,1,6
7671,Female,36-45,Active,82.0,3030.0,East,57400.0,1,6
1412,Female,18-25,Active,111.0,4750.0,West,69700.0,1,9
5420,Male,18-25,Active,26.0,620.0,North,25700.0,1,6
710,Female,36-45,Active,58.0,2260.0,South,52900.0,1,10
7739,Male,26-35,Inactive,34.0,1380.0,East,75300.0,0,2
8110,Female,46-55,Active,8.0,130.0,South,28700.0,0,1
7273,Male,26-35,Active,44.0,1860.0,South,58300.0,1,5
3077,Male,26-35,Inactive,73.0,1570.0,East,29300.0,1,7
5959,Female,26-35,New,44.0,1270.0,East,52000.0,1,4
4102,Female,26-35,Active,115.0,1800.0,West,35400.0,1,2
6931,Male,46-55,Active,112.0,3080.0,West,30000.0,1,6
2723,Male,18-25,New,4.0,210.0,South,78700.0,1,2
9397,Female,26-35,Inactive,74.0,860.0,West,16400.0,0,5
1269,Female,18-25,Inactive,15.0,110.0,South,15000.0,1,2
2463,Male,18-25,Active,47.0,1570.0,South,35300.0,0,4
7725,Female,26-35,Inactive,19.0,790.0,South,50400.0,0,1
269,Male,46-55,New,99.0,3070.0,East,,1,7
3581,Female,26-35,New,12.0,540.0,West,52900.0,0,3
4751,Male,18-25,New,53.0,2510.0,West,72300.0,1,7
5397,Male,46-55,Active,10.0,570.0,South,61300.0,1,2
5895,Male,46-55,Active,5.0,80.0,,27200.0,0,0
5203,Male,36-45,Active,37.0,650.0,North,32400.0,1,2
6659,Female,36-45,Inactive,38.0,870.0,North,43800.0,0,1
2822,Female,26-35,Active,71.0,3140.0,South,57300.0,1,4
5485,Female,18-25,New,28.0,1410.0,South,65700.0,1,2
590,Male,36-45,New,116.0,6470.0,West,77100.0,1,7
6009,Female,36-45,Active,33.0,460.0,North,20900.0,0,7
7557,Male,46-55,New,61.0,2700.0,North,114300.0,0,5
6720,Male,26-35,Inactive,5.0,250.0,,70900.0,0,1
7720,Male,26-35,Active,57.0,1640.0,,60100.0,1,3
7898,Male,18-25,New,25.0,650.0,North,63600.0,1,5
8728,Male,26-35,Active,76.0,1620.0,West,41300.0,1,4
7414,Female,26-35,Active,47.0,1840.0,North,46000.0,1,4
2029,Female,26-35,Active,31.0,1410.0,East,78000.0,0,1
6878,Male,18-25,Active,77.0,2330.0,East,33300.0,1,7
678,Female,36-45,Active,93.0,1660.0,East,29200.0,1,9
5813,Female,26-35,Active,31.0,580.0,South,45700.0,1,2
1233,Male,18-25,Active,53.0,2440.0,West,60200.0,0,6
7741,Female,18-25,Active,43.0,1870.0,South,59300.0,0,2
9565,Female,18-25,New,63.0,820.0,East,25500.0,0,5
7278,Female,26-35,New,21.0,670.0,North,58000.0,1,2
5506,Male,46-55,New,57.0,2990.0,West,90400.0,0,5
2433,Female,18-25,Inactive,,4800.0,North,47300.0,1,9
7732,Male,18-25,Inactive,9.0,120.0,South,34400.0,1,2
6174,Male,18-25,Active,13.0,200.0,North,21800.0,1,5
8396,Female,46-55,Active,19.0,950.0,South,68700.0,0,6
6650,Male,56+,Active,46.0,2660.0,East,61000.0,1,4
897,Male,26-35,Active,96.0,1140.0,North,26600.0,1,5
1612,Female,36-45,New,95.0,4010.0,South,55700.0,1,5
6532,Female,18-25,Active,60.0,1280.0,East,29800.0,0,8
7890,Female,26-35,Active,,870.0,North,17300.0,1,8
7523,Female,36-45,New,105.0,3230.0,West,42100.0,0,7
3807,Female,18-25,Active,109.0,3810.0,North,51600.0,1,8
6075,Female,36-45,Inactive,23.0,460.0,East,33900.0,0,1
5590,Female,46-55,New,93.0,1300.0,West,21500.0,1,7
4702,Male,36-45,Active,101.0,3140.0,,55900.0,0,6
3962,Male,18-25,Active,93.0,1900.0,East,24500.0,1,6
5465,Male,46-55,New,15.0,240.0,South,33000.0,1,4
891,Male,26-35,Active,90.0,,West,72800.0,1,10
6099,Female,26-35,Active,6.0,140.0,North,31600.0,0,0
7842,Male,26-35,Inactive,7.0,140.0,West,41400.0,0,3
6930,Female,18-25,Inactive,3.0,130.0,South,43300.0,0,1
6697,Male,18-25,New,18.0,360.0,West,28300.0,1,2
6993,Female,36-45,Active,59.0,2750.0,East,66900.0,1,2
6859,Male,18-25,Inactive,93.0,3400.0,East,38800.0,1,9
2800,Female,36-45,Active,47.0,2130.0,East,55000.0,1,3
585,Female,26-35,Active,107.0,1610.0,South,35800.0,1,6
3269,Female,26-35,Active,8.0,130.0,South,18400.0,1,0
3933,Female,36-45,Active,54.0,750.0,East,31200.0,1,4
1261,Male,36-45,Active,75.0,1590.0,East,32600.0,1,8
5992,Female,56+,Active,59.0,1660.0,,42400.0,0,4
311,Female,18-25,New,53.0,1580.0,South,36300.0,1,7
7855,Male,36-45,Active,112.0,1960.0,West,20400.0,1,14
5326,Male,26-35,Active,113.0,3480.0,North,38000.0,1,6
6262,Male,46-55,Active,38.0,1460.0,South,40800.0,1,3
5934,Male,56+,Active,50.0,1000.0,West,48800.0,0,5
4669,Female,18-25,Active,89.0,800.0,South,23300.0,1,10
4299,Female,18-25,New,24.0,1100.0,West,55100.0,0,2
3784,Male,18-25,Inactive,58.0,2040.0,North,58100.0,1,4
1009,Female,26-35,Active,108.0,2090.0,South,27600.0,1,8
9127,Male,18-25,Active,79.0,1890.0,West,29600.0,1,6
2186,Male,26-35,New,81.0,2700.0,East,38900.0,0,5
3624,Female,56+,Active,90.0,1620.0,East,23100.0,0,4
7101,Male,26-35,New,32.0,830.0,East,36800.0,1,3
4966,Male,36-45,Active,97.0,2130.0,North,26800.0,1,7
9713,Female,36-45,Active,0.0,0.0,South,38100.0,1,1
6522,Male,18-25,Active,102.0,2560.0,West,59200.0,0,13
4835,Male,46-55,New,91.0,3380.0,West,67500.0,0,11
7324,Female,18-25,Inactive,30.0,570.0,East,30600.0,1,2
4757,Male,26-35,Inactive,20.0,450.0,North,33100.0,1,2
5119,Male,26-35,Active,4.0,70.0,South,33700.0,0,1
91,Male,36-45,Active,15.0,690.0,North,49200.0,0,3
6028,Male,56+,New,48.0,600.0,South,22200.0,0,3
6475,Male,26-35,Active,28.0,800.0,North,49600.0,1,2
7625,Male,56+,New,63.0,1380.0,South,29000.0,1,4
7972,Male,36-45,Active,37.0,780.0,East,37600.0,1,4
2118,Male,36-45,Inactive,26.0,1180.0,East,50500.0,1,2
2938,Male,26-35,New,92.0,1340.0,North,29000.0,0,7
6496,Male,26-35,Active,111.0,3380.0,East,43900.0,1,9
984,Female,18-25,Active,87.0,2420.0,East,28600.0,0,6
7019,Male,36-45,Inactive,44.0,2280.0,North,76300.0,0,6
5359,Male,36-45,Active,,2890.0,West,42400.0,1,7
2926,Female,18-25,Active,68.0,2430.0,South,35900.0,0,4
7496,Female,26-35,Active,41.0,820.0,East,24900.0,1,4
3215,Male,46-55,Active,13.0,180.0,North,15100.0,0,1
6505,Female,26-35,Active,85.0,2190.0,South,29000.0,1,8
5546,Male,18-25,Active,83.0,2110.0,South,48100.0,1,3
7943,Female,18-25,New,37.0,1670.0,South,46600.0,1,5
7204,Female,18-25,Active,113.0,1670.0,West,15000.0,1,6
628,Male,18-25,Inactive,79.0,,North,15500.0,1,4
8076,Female,46-55,Active,25.0,690.0,West,47700.0,1,6
5170,Male,36-45,Active,19.0,820.0,North,45900.0,1,1
4766,Male,46-55,New,55.0,2900.0,South,54500.0,0,2
1602,Male,18-25,Active,96.0,2070.0,South,23300.0,1,7
9634,Male,18-25,Active,34.0,730.0,East,37300.0,1,6
1270,Female,18-25,Active,52.0,1850.0,West,43300.0,0,6
129,Male,18-25,New,116.0,4330.0,North,68800.0,1,12
9106,Female,18-25,Active,72.0,1090.0,East,25400.0,1,7
1712,Male,18-25,Inactive,92.0,2240.0,North,33100.0,1,5
7928,Male,46-55,New,87.0,880.0,South,15000.0,1,4
4236,Male,26-35,Active,115.0,1640.0,North,18900.0,0,9
8397,Female,26-35,New,7.0,100.0,West,18300.0,0,3
2399,Male,18-25,Active,75.0,1140.0,West,16700.0,1,5
5482,Male,18-25,New,9.0,70.0,East,19400.0,0,5
6112,Male,36-45,Active,15.0,350.0,North,60300.0,1,2
8463,Female,26-35,New,41.0,1070.0,North,65100.0,1,4
1187,Male,56+,Active,91.0,2890.0,West,38100.0,0,11
6068,Male,46-55,Inactive,99.0,2540.0,North,37300.0,1,14
9833,Female,36-45,New,5.0,100.0,East,27300.0,0,2
6063,Male,36-45,Active,31.0,900.0,East,31700.0,1,6
1978,Female,26-35,New,60.0,2310.0,,65800.0,1,4
9927,Female,36-45,New,61.0,,South,28400.0,0,6
4248,Male,26-35,Inactive,119.0,2990.0,South,28700.0,1,9
7736,Male,56+,Active,89.0,1580.0,West,21000.0,0,7
916,Female,56+,Active,55.0,3560.0,South,76900.0,1,3
1306,Female,36-45,New,67.0,2590.0,North,75800.0,1,10
5503,Male,26-35,Active,70.0,1380.0,South,52400.0,1,5
3050,Male,18-25,Active,100.0,2630.0,North,29700.0,1,5
9561,Female,18-25,Active,27.0,2010.0,West,122600.0,0,2
1274,Female,18-25,Active,54.0,1030.0,North,23200.0,0,4
8123,Female,26-35,New,46.0,1010.0,South,43000.0,0,8
2797,Female,46-55,Inactive,33.0,1320.0,West,40300.0,1,4
1399,Female,18-25,Inactive,91.0,1690.0,South,23400.0,1,7
3359,Female,26-35,Active,70.0,,North,51500.0,1,3
184,Male,18-25,Inactive,83.0,2620.0,North,37400.0,0,7
5099,Female,46-55,Active,114.0,2970.0,North,45500.0,1,11
9576,Female,18-25,Inactive,65.0,1350.0,South,22500.0,0,6
6177,Female,36-45,Inactive,98.0,5480.0,South,77500.0,1,3
5363,Male,36-45,New,114.0,5410.0,South,51600.0,1,8
6225,Female,26-35,Active,14.0,420.0,North,32900.0,1,1
7049,Female,26-35,Inactive,73.0,1140.0,South,32900.0,0,4
4568,Male,18-25,Active,46.0,1750.0,West,44600.0,1,8
8310,Female,26-35,Inactive,110.0,3330.0,North,41500.0,0,8
2657,Male,18-25,New,70.0,1030.0,South,,0,5
8345,Female,36-45,New,64.0,500.0,West,19000.0,1,3
8540,Male,26-35,New,113.0,4060.0,West,36900.0,1,13
1962,Male,18-25,Inactive,3.0,60.0,East,36000.0,0,0
4892,Male,26-35,Active,15.0,500.0,West,37400.0,1,3
6902,Female,18-25,Active,93.0,1090.0,South,30900.0,1,8
6985,Male,36-45,Inactive,35.0,660.0,South,30000.0,1,4
5654,Male,26-35,Active,80.0,2300.0,North,52900.0,1,4
1252,Male,46-55,Active,65.0,2360.0,South,56500.0,1,8
3177,Female,26-35,New,67.0,3110.0,East,94800.0,1,4
7826,Male,46-55,New,77.0,1210.0,North,19200.0,1,7
9930,Female,56+,Inactive,91.0,2670.0,,51700.0,0,8
7402,Male,46-55,New,88.0,4590.0,,52300.0,1,6
6597,Male,26-35,Active,95.0,1570.0,East,,1,7
3290,Male,56+,New,65.0,1790.0,West,44300.0,0,7
6506,Male,46-55,Inactive,9.0,190.0,South,29800.0,0,3
8764,Female,26-35,Inactive,108.0,2400.0,West,30300.0,0,11
8874,Female,36-45,Active,10.0,90.0,West,18800.0,1,1
5696,Male,36-45,New,13.0,210.0,East,30300.0,0,1
6948,Female,26-35,Active,75.0,2320.0,East,61700.0,1,3
1052,Male,26-35,New,61.0,2120.0,South,53000.0,0,7
4070,Male,36-45,Active,73.0,1810.0,,29500.0,1,6
6077,Female,18-25,Active,24.0,1280.0,North,57800.0,1,2
9752,Female,36-45,New,30.0,850.0,West,42200.0,1,4
273,Male,36-45,New,59.0,1470.0,South,59900.0,0,3
2043,Female,56+,Active,27.0,540.0,East,30900.0,1,3
4764,Female,26-35,Inactive,42.0,1140.0,West,32500.0,0,3
5015,Male,26-35,New,80.0,8040.0,West,141600.0,0,6
5251,Female,36-45,Inactive,57.0,400.0,South,17200.0,1,3
5423,Female,36-45,Active,11.0,530.0,South,62600.0,1,3
1087,Female,36-45,Active,118.0,3920.0,North,44700.0,1,7
5853,Male,46-55,Active,80.0,860.0,East,26800.0,0,2
8740,Female,18-25,New,95.0,4390.0,North,57800.0,1,12
5517,Male,36-45,Inactive,39.0,2390.0,East,70600.0,1,3
9945,Male,18-25,Active,4.0,160.0,North,44000.0,0,0
4323,Female,46-55,Active,54.0,1830.0,North,53000.0,1,4
7007,Female,46-55,Active,29.0,590.0,West,21900.0,1,4
7812,Female,46-55,Active,80.0,1420.0,South,25500.0,0,9
5647,Female,26-35,Active,90.0,1260.0,North,28800.0,1,9
5567,Female,36-45,New,87.0,2730.0,West,43000.0,0,9
9517,Female,18-25,Active,35.0,1860.0,North,61500.0,1,4
6235,Male,56+,Active,5.0,140.0,South,40900.0,0,1
4710,Male,36-45,New,21.0,370.0,West,29100.0,1,1
8189,Female,36-45,Active,80.0,1970.0,East,31900.0,1,13
7610,Female,26-35,New,,1170.0,South,61000.0,1,1
6843,Female,26-35,Active,41.0,460.0,South,17100.0,1,3
3479,Female,36-45,Active,98.0,2770.0,West,51300.0,1,10
7177,Male,36-45,New,70.0,930.0,South,26200.0,1,5
3925,Male,36-45,Active,69.0,2190.0,West,40900.0,1,4
1749,Female,26-35,Active,102.0,5680.0,East,64900.0,1,12
733,Male,36-45,Inactive,45.0,970.0,South,23500.0,1,1
2554,Female,26-35,Active,72.0,1850.0,West,31200.0,0,4
5507,Male,56+,Active,98.0,2500.0,North,29100.0,0,8
4990,Male,46-55,New,56.0,1010.0,East,19700.0,1,1
2663,Male,36-45,Inactive,116.0,2740.0,South,,1,13
8160,Male,26-35,New,68.0,1320.0,North,21500.0,0,7
7107,Female,46-55,Active,94.0,3580.0,West,41100.0,0,5
3114,Female,18-25,Active,86.0,4790.0,West,63300.0,1,6
3304,Female,46-55,New,100.0,1310.0,North,,1,6
1345,Female,36-45,Inactive,26.0,570.0,East,45500.0,1,1
1691,Female,18-25,New,37.0,1200.0,South,42600.0,1,3
9909,Male,56+,New,68.0,2900.0,South,57100.0,1,3
6557,Female,18-25,Active,96.0,1810.0,West,39700.0,1,8
3309,Female,18-25,Inactive,49.0,,,35200.0,1,1
1505,Female,46-55,Active,84.0,4590.0,South,62100.0,0,6
1807,Male,36-45,New,106.0,3070.0,South,,1,8
6292,Female,26-35,Active,60.0,1530.0,West,34600.0,1,3
7508,Female,26-35,Active,109.0,2440.0,East,38100.0,1,6
3792,Male,46-55,New,3.0,,East,64200.0,1,0
9560,Female,18-25,Inactive,1.0,70.0,North,79000.0,1,1
7392,Male,26-35,Active,52.0,490.0,North,21200.0,1,5
5961,Male,36-45,Active,79.0,2510.0,North,45700.0,0,3
6441,Female,26-35,New,47.0,2040.0,North,58000.0,1,5
7326,Male,36-45,Active,75.0,1130.0,North,31800.0,1,5
1849,Male,18-25,New,105.0,2060.0,,23200.0,1,7
4513,Female,36-45,Inactive,47.0,790.0,West,18700.0,0,5
2432,Female,46-55,Inactive,106.0,1530.0,North,31600.0,1,16
4661,Female,36-45,Active,89.0,1300.0,West,33300.0,0,8
7548,Male,46-55,New,69.0,1790.0,West,51900.0,0,5
5633,Male,18-25,Active,69.0,1890.0,South,53900.0,1,5
143,Female,26-35,Active,63.0,1930.0,West,34300.0,1,7
8798,Female,26-35,Active,86.0,2730.0,South,52600.0,1,5
5582,Male,18-25,New,13.0,360.0,East,45700.0,0,0
9921,Male,18-25,New,,2340.0,West,52800.0,1,13
3410,Male,18-25,Inactive,46.0,2360.0,West,99900.0,0,4
1118,Female,26-35,Active,25.0,400.0,North,39700.0,0,3
1757,Male,56+,Inactive,15.0,480.0,North,34000.0,0,2
498,Female,36-45,Active,46.0,1610.0,East,46100.0,1,3
5225,Female,36-45,Inactive,30.0,300.0,East,22100.0,1,6
871,Female,26-35,Active,83.0,2740.0,West,69700.0,1,8
3358,Female,18-25,Active,36.0,1460.0,West,68000.0,0,2
913,Female,36-45,Active,17.0,610.0,South,45800.0,0,0
722,Male,26-35,Active,33.0,1890.0,South,,1,3
2806,Male,18-25,Active,55.0,1330.0,East,26800.0,1,4
9983,Female,36-45,New,18.0,350.0,South,28000.0,0,2
887,Male,36-45,Active,31.0,480.0,East,,0,4
9632,Female,56+,Active,13.0,260.0,West,31500.0,0,0
8583,Female,26-35,New,109.0,2190.0,South,49700.0,0,10
7236,Female,18-25,Active,20.0,,North,49800.0,1,2
1521,Male,26-35,Inactive,15.0,240.0,West,21800.0,0,1
8727,Female,36-45,New,59.0,730.0,East,29700.0,0,7
2747,Male,46-55,Active,61.0,650.0,West,28500.0,0,1
6161,Female,18-25,Active,62.0,1110.0,North,23100.0,0,6
5826,Male,36-45,New,101.0,2990.0,West,31800.0,1,11
315,Male,36-45,Inactive,30.0,960.0,South,42000.0,1,2
1800,Female,26-35,Active,34.0,220.0,West,15000.0,1,4
328,Female,18-25,Active,56.0,1470.0,North,27100.0,0,8
9808,Male,36-45,Active,46.0,940.0,West,40800.0,0,2
4205,Female,46-55,New,97.0,4390.0,South,63700.0,1,7
3130,Female,18-25,Active,80.0,2170.0,West,50500.0,0,7
6921,Female,18-25,Active,120.0,1490.0,West,22500.0,1,14
6795,Female,36-45,Active,75.0,3440.0,East,,0,3
3969,Male,26-35,Active,95.0,1290.0,South,32800.0,0,6
5793,Male,56+,Active,104.0,1740.0,West,33300.0,1,12
5562,Male,46-55,New,76.0,880.0,South,15000.0,1,5
1974,Male,26-35,New,62.0,1640.0,West,26800.0,0,6
337,Male,36-45,Active,103.0,1690.0,East,39000.0,1,5
2765,Male,26-35,Active,20.0,170.0,North,20700.0,1,3
9586,Female,36-45,Active,114.0,1920.0,North,22400.0,1,9
276,Male,18-25,New,50.0,730.0,South,23800.0,1,4
2986,Male,36-45,Inactive,116.0,4740.0,East,46900.0,1,12
8224,Female,46-55,Active,71.0,1330.0,South,32400.0,1,5
5901,Female,18-25,Active,57.0,960.0,West,28900.0,0,4
3478,Female,36-45,New,117.0,4000.0,North,58600.0,1,15
5285,Male,18-25,Active,82.0,4890.0,North,65600.0,0,8
3559,Female,46-55,New,0.0,0.0,North,46300.0,0,1
2810,Male,26-35,Active,105.0,960.0,,20300.0,1,9
9151,Male,26-35,Inactive,28.0,,West,16900.0,1,2
4862,Female,36-45,Active,81.0,2850.0,North,37000.0,1,9
7666,Female,26-35,Inactive,29.0,1200.0,South,52900.0,0,4
3417,Female,46-55,New,14.0,940.0,North,68800.0,1,1
308,Female,18-25,New,90.0,2470.0,North,56000.0,0,7
3909,Female,26-35,Active,44.0,1310.0,East,46800.0,1,7
349,Female,26-35,New,82.0,2270.0,North,60200.0,0,6
827,Female,36-45,Active,69.0,1410.0,West,47700.0,1,2
9606,Female,36-45,Active,88.0,4430.0,South,54300.0,1,5
4483,Female,46-55,Active,111.0,2360.0,West,50000.0,1,8
7473,Male,36-45,Active,27.0,400.0,South,24600.0,1,2
3683,Male,18-25,Active,90.0,830.0,East,22100.0,0,3
5928,Female,36-45,New,104.0,8420.0,South,94300.0,0,8
8423,Female,36-45,New,10.0,370.0,North,,0,3
2054,Female,26-35,New,107.0,5050.0,West,68300.0,1,9
72,Male,46-55,Inactive,,4390.0,West,39100.0,1,10
8880,Female,26-35,Active,31.0,670.0,East,38500.0,1,7
7076,Female,36-45,New,52.0,2040.0,South,39400.0,0,3
6330,Male,18-25,Active,44.0,1030.0,,38900.0,1,3
8208,Male,46-55,Inactive,15.0,300.0,North,26600.0,0,1
1667,Female,36-45,Active,76.0,760.0,South,24400.0,1,3
9342,Male,36-45,Inactive,51.0,860.0,North,27900.0,1,3
7418,Female,46-55,Active,14.0,110.0,,21500.0,1,2
5415,Female,26-35,Inactive,67.0,760.0,South,15000.0,1,4
1446,Female,18-25,Inactive,40.0,1030.0,South,37000.0,1,5
5275,Male,36-45,New,16.0,950.0,North,79700.0,1,1
5668,Female,56+,Active,80.0,1700.0,East,25200.0,1,5
1696,Female,46-55,Active,21.0,700.0,South,46700.0,1,3
2893,Female,26-35,Active,46.0,560.0,North,30400.0,0,4
1575,Male,46-55,Active,51.0,1920.0,South,59400.0,1,1
3204,Female,26-35,Active,7.0,150.0,South,54500.0,0,1
4406,Female,46-55,New,22.0,280.0,North,26300.0,1,2
1631,Female,36-45,New,108.0,3970.0,West,48700.0,0,9
7536,Female,46-55,Active,73.0,11520.0,North,158900.0,0,9
1882,Female,46-55,Active,71.0,1660.0,West,,0,3
5075,Female,36-45,Active,54.0,1120.0,North,34200.0,0,4
8859,Male,26-35,Active,24.0,700.0,South,41900.0,1,4
5816,Female,46-55,New,74.0,3670.0,North,66300.0,0,4
849,Male,46-55,New,90.0,1300.0,North,28000.0,1,2
6051,Male,36-45,Active,36.0,1630.0,East,61700.0,0,2
6244,Female,18-25,Active,60.0,1560.0,West,,1,4
5921,Female,18-25,Active,79.0,1510.0,North,,1,4
2878,Male,18-25,New,90.0,2120.0,South,50700.0,0,10
187,Male,36-45,New,8.0,190.0,East,31700.0,0,1
3780,Female,36-45,Active,110.0,2040.0,West,28400.0,1,6
1831,Female,18-25,New,30.0,300.0,East,24500.0,1,1
2960,Female,46-55,Inactive,80.0,600.0,North,17500.0,0,5
9279,Male,36-45,Active,42.0,2190.0,South,52500.0,1,2
6435,Female,18-25,Inactive,80.0,1760.0,West,30300.0,0,7
1235,Male,36-45,Active,8.0,90.0,South,26400.0,1,2
7566,Female,26-35,Active,5.0,210.0,East,42000.0,1,0
3916,Male,36-45,Inactive,51.0,1480.0,East,34200.0,0,5
447,Female,46-55,New,103.0,2310.0,North,40200.0,0,2
845,Male,18-25,Active,47.0,1820.0,North,49800.0,1,7
5823,Female,26-35,Active,14.0,620.0,North,60400.0,1,5
9324,Female,26-35,New,78.0,1540.0,South,23200.0,0,8
2441,Female,46-55,New,39.0,570.0,East,23400.0,0,2
3104,Female,36-45,Active,19.0,940.0,East,53600.0,1,1
8623,Male,18-25,Active,46.0,970.0,North,25400.0,0,5
6850,Female,26-35,Active,40.0,1460.0,,,0,6
5699,Female,36-45,Active,68.0,3080.0,West,83300.0,1,7
1295,Male,26-35,Active,84.0,4250.0,North,,1,7
5124,Female,46-55,Inactive,6.0,100.0,South,24700.0,0,0
9054,Female,36-45,Inactive,107.0,3180.0,North,38900.0,1,6
5068,Male,46-55,New,27.0,610.0,North,44500.0,0,2
3443,Male,26-35,Inactive,65.0,,East,46900.0,1,5
8487,Female,46-55,Active,22.0,910.0,East,68700.0,0,2
7336,Female,46-55,Active,83.0,1130.0,North,21900.0,1,11
6160,Female,56+,New,27.0,980.0,North,45800.0,1,2
777,Female,46-55,Active,81.0,960.0,West,24800.0,1,10
9756,Male,36-45,Active,82.0,1170.0,West,25600.0,1,9
2154,Female,36-45,Inactive,62.0,,South,79100.0,0,10
4921,Male,26-35,New,48.0,1350.0,West,61800.0,1,2
5408,Male,18-25,Inactive,83.0,940.0,West,15000.0,0,9
9532,Female,46-55,New,77.0,1400.0,West,34900.0,1,7
6420,Female,18-25,New,59.0,1090.0,North,42800.0,1,7
7167,Female,18-25,Active,20.0,870.0,North,79800.0,1,6
8468,Female,18-25,Active,60.0,650.0,South,28100.0,1,5
3184,Male,18-25,Inactive,23.0,300.0,North,25500.0,0,5
6851,Female,46-55,Active,44.0,1390.0,South,33100.0,1,2
3200,Female,26-35,New,116.0,1590.0,West,19400.0,1,6
7088,Male,26-35,New,89.0,2820.0,West,,1,5
1290,Female,26-35,Active,0.0,0.0,East,24900.0,1,3
4582,Female,26-35,New,9.0,,West,47600.0,0,1
6248,Female,18-25,Active,31.0,2180.0,East,85000.0,1,1
8973,Female,18-25,Active,99.0,3250.0,South,46300.0,0,5
7211,Female,46-55,Active,58.0,2280.0,East,50400.0,1,3
6835,Male,46-55,Active,90.0,7550.0,North,85800.0,1,4
4107,Female,46-55,New,94.0,1670.0,,39700.0,1,9
4127,Female,26-35,New,42.0,2520.0,South,70100.0,1,3
8248,Male,36-45,New,16.0,220.0,North,19600.0,0,1
3967,Female,26-35,Active,11.0,520.0,South,54300.0,1,0
1880,Female,36-45,Active,14.0,520.0,North,38700.0,1,1
8533,Male,18-25,Active,60.0,580.0,South,17100.0,1,7
9337,Male,46-55,New,95.0,3130.0,North,40500.0,0,9
5590,Female,46-55,New,93.0,1300.0,West,21500.0,1,7
3588,Female,46-55,Active,43.0,1470.0,West,38100.0,0,3
7435,Male,26-35,Active,25.0,1110.0,South,55100.0,1,2
3866,Male,18-25,Active,3.0,110.0,South,46000.0,1,1
7933,Male,18-25,New,12.0,310.0,South,28300.0,1,4
4132,Female,56+,New,4.0,30.0,North,19600.0,1,1
1037,Male,26-35,Active,98.0,6070.0,North,84400.0,1,7
637,Female,56+,New,107.0,1450.0,North,20200.0,0,11
8716,Male,46-55,Active,115.0,3070.0,West,38300.0,1,11
4135,Female,36-45,Inactive,114.0,2100.0,West,29900.0,1,5
7210,Female,36-45,Active,96.0,860.0,East,22900.0,1,6
1084,Female,36-45,Inactive,55.0,3900.0,East,81200.0,1,3
862,Female,46-55,Active,71.0,2280.0,South,43000.0,1,4
904,Female,26-35,Active,30.0,570.0,East,30500.0,0,1
192,Male,18-25,Active,,5350.0,East,66300.0,0,6
110,Female,26-35,New,88.0,1130.0,East,20900.0,1,5
4456,Male,18-25,Inactive,72.0,810.0,South,27600.0,1,6
1943,Male,26-35,Active,96.0,4530.0,North,49600.0,1,6
9511,Female,26-35,New,47.0,3050.0,North,74500.0,0,3
4332,Female,36-45,Inactive,60.0,4140.0,North,102800.0,1,7
8579,Female,46-55,Active,107.0,2150.0,North,49000.0,1,2
2041,Male,18-25,Active,116.0,2980.0,North,41200.0,1,8
7394,Female,18-25,Inactive,22.0,860.0,South,64300.0,0,1
6912,Female,26-35,Inactive,62.0,1050.0,North,45100.0,1,10
7845,Male,36-45,Active,120.0,3610.0,East,36300.0,1,5
4660,Male,26-35,New,26.0,1070.0,North,50200.0,0,2
8766,Male,36-45,New,17.0,200.0,East,29900.0,0,0
2776,Male,18-25,Active,89.0,1440.0,North,22800.0,0,3
4146,Male,46-55,Active,119.0,5100.0,South,55800.0,1,7
2324,Male,26-35,New,47.0,440.0,East,15000.0,0,5
763,Male,18-25,Active,46.0,,South,30600.0,1,1
2618,Female,26-35,Active,23.0,1310.0,East,82400.0,1,4
2412,Female,46-55,Inactive,1.0,50.0,North,61500.0,0,2
1095,Female,18-25,Active,16.0,680.0,South,65300.0,1,4
6228,Male,46-55,New,53.0,2160.0,West,42300.0,0,7
7110,Male,36-45,Active,104.0,5000.0,South,68600.0,1,11
5636,Female,56+,Inactive,9.0,110.0,East,29600.0,0,5
3136,Female,56+,Active,39.0,1450.0,North,52700.0,0,3
5736,Female,46-55,Inactive,3.0,190.0,West,63700.0,0,2
5041,Male,26-35,New,112.0,4600.0,North,45900.0,1,4
3806,Male,18-25,Active,96.0,2970.0,West,32100.0,1,14
885,Male,46-55,Active,75.0,690.0,East,15000.0,0,6
2655,Female,26-35,Inactive,26.0,540.0,North,39600.0,1,1
5358,Male,26-35,Active,13.0,390.0,North,,1,4
6243,Male,46-55,Active,8.0,290.0,South,60200.0,0,1
8002,Female,46-55,Inactive,68.0,3800.0,West,56700.0,0,4
6801,Male,26-35,Inactive,36.0,340.0,North,,1,3
7690,Male,26-35,Active,72.0,1230.0,East,43200.0,1,4
5730,Male,56+,Inactive,79.0,1270.0,West,25300.0,1,0
7069,Male,18-25,Active,71.0,5620.0,North,85200.0,1,6
5193,Male,26-35,New,44.0,1400.0,South,33000.0,0,4
9726,Female,36-45,Active,5.0,230.0,West,69000.0,1,0
2203,Female,36-45,New,94.0,1060.0,South,19900.0,1,5
6162,Female,26-35,Active,79.0,2940.0,East,42000.0,1,11
6418,Male,36-45,New,119.0,6910.0,East,62000.0,0,10
1263,Male,36-45,New,79.0,790.0,South,21300.0,1,6
5390,Female,18-25,Inactive,93.0,1910.0,East,25900.0,0,8
976,Female,26-35,Active,118.0,6660.0,South,71300.0,1,6
5883,Female,26-35,New,4.0,110.0,North,63400.0,1,1
4926,Male,36-45,Active,44.0,1630.0,West,46200.0,1,5
942,Female,56+,Active,22.0,820.0,West,51400.0,1,2
4724,Female,36-45,Active,92.0,1310.0,East,15000.0,1,8
2388,Male,36-45,Active,117.0,5610.0,South,85500.0,1,12
9768,Female,26-35,Active,22.0,680.0,South,31900.0,0,3
5022,Female,46-55,Active,96.0,2440.0,West,28600.0,0,12
4392,Female,26-35,New,2.0,60.0,North,32100.0,0,1
5149,Female,26-35,Inactive,61.0,3550.0,South,68600.0,1,7
3222,Female,36-45,Inactive,67.0,6080.0,East,125300.0,0,0
3883,Female,26-35,New,87.0,2470.0,North,35700.0,1,7
9478,Female,26-35,New,62.0,1280.0,East,24500.0,0,4
6683,Female,26-35,Active,3.0,80.0,East,60000.0,1,3
5970,Female,36-45,Inactive,3.0,,South,49000.0,0,0
2790,Male,26-35,Active,82.0,1400.0,North,33000.0,1,6
945,Male,56+,Inactive,14.0,270.0,West,38300.0,1,4
9581,Female,18-25,New,84.0,5200.0,West,64900.0,1,4
1858,Male,36-45,New,56.0,2340.0,East,56500.0,1,5
8707,Male,36-45,Inactive,43.0,1110.0,North,51500.0,1,5
4109,Female,26-35,Active,101.0,2090.0,East,52100.0,1,8
5214,Female,36-45,Active,40.0,,West,60700.0,1,4
8551,Female,36-45,New,81.0,1710.0,East,,1,5
3256,Female,18-25,Active,42.0,1860.0,South,44700.0,1,6
2691,Female,26-35,Active,8.0,180.0,North,27000.0,0,2
9482,Male,18-25,Inactive,109.0,2210.0,South,28600.0,1,5
6855,Male,46-55,New,66.0,2610.0,East,59600.0,0,7
1320,Female,26-35,Inactive,4.0,50.0,North,23600.0,1,0
7043,Male,18-25,Active,71.0,4000.0,South,60200.0,0,8
9920,Female,56+,Active,49.0,2200.0,West,61100.0,1,5
5163,Male,36-45,Inactive,99.0,1610.0,South,33500.0,0,8
6728,Male,18-25,Active,4.0,70.0,East,31200.0,1,1
6852,Male,36-45,New,103.0,3390.0,North,49800.0,1,7
7337,Female,56+,Active,101.0,4850.0,West,48300.0,0,7
9677,Female,36-45,Active,73.0,1680.0,South,32100.0,1,6
3476,Male,36-45,New,52.0,970.0,North,35000.0,1,2
3506,Female,36-45,Active,27.0,420.0,East,26200.0,0,2
4750,Male,46-55,New,13.0,270.0,West,25100.0,0,4
2478,Male,36-45,Active,74.0,98938.17297731602,West,53900.0,1,5
9811,Male,26-35,Active,39.0,720.0,West,38500.0,1,4
6673,Female,18-25,Inactive,35.0,1780.0,East,135600.0,1,3
7408,Female,26-35,New,105.0,3260.0,South,39000.0,1,12
7650,Female,46-55,Active,69.0,2620.0,North,41200.0,1,5
5392,Male,26-35,Active,76.0,1570.0,North,31900.0,1,5
9903,Female,56+,New,56.0,1220.0,West,40100.0,0,8
6915,Female,36-45,Inactive,86.0,4110.0,West,59900.0,1,5
1875,Female,26-35,New,40.0,390.0,South,15000.0,1,4
8554,Female,36-45,Active,78.0,1550.0,South,31300.0,0,2
5318,Female,18-25,New,83.0,2540.0,East,55800.0,1,6
5097,Female,36-45,Active,87.0,3410.0,East,40700.0,1,10
2905,Male,18-25,Active,113.0,1060.0,North,22400.0,1,8
571,Male,36-45,Active,61.0,3090.0,West,66900.0,1,5
1449,Female,36-45,Active,34.0,,South,101700.0,1,3
6018,Female,36-45,Active,24.0,600.0,North,43100.0,1,1
6298,Female,56+,Active,15.0,430.0,West,31100.0,1,3
6404,Female,36-45,Active,57.0,2050.0,South,39600.0,1,2
9253,Female,36-45,Active,20.0,280.0,North,23200.0,1,2
9869,Male,56+,Inactive,18.0,250.0,North,22700.0,0,1
3227,Female,36-45,Active,115.0,7010.0,East,62600.0,1,8
9784,Male,26-35,New,79.0,3300.0,North,46600.0,1,4
3979,Female,56+,New,51.0,1610.0,North,53000.0,0,5
4384,Female,18-25,Active,111.0,1370.0,North,30000.0,1,6
7714,Male,26-35,Inactive,42.0,650.0,East,18700.0,0,6
3540,Male,46-55,Active,52.0,1300.0,East,36400.0,0,3
5732,Female,36-45,Active,96.0,3330.0,North,49400.0,1,16
6936,Female,36-45,Active,65.0,1160.0,East,,0,5
2828,Male,18-25,New,13.0,150.0,North,15400.0,0,2
9657,Male,36-45,Active,17.0,870.0,South,60500.0,1,2
4997,Male,36-45,Active,54.0,970.0,West,21800.0,1,6
1339,Female,26-35,Inactive,58.0,,North,52000.0,0,2
3263,Male,26-35,Active,54.0,1510.0,East,32700.0,1,4
6443,Female,26-35,Inactive,64.0,2880.0,East,50000.0,1,9
6061,Female,26-35,Active,54.0,1450.0,East,31500.0,1,7
651,Male,36-45,New,112.0,1990.0,West,26800.0,1,9
2903,Male,46-55,New,91.0,5040.0,South,60400.0,0,8
2259,Male,26-35,New,88.0,1970.0,,51200.0,1,4
7465,Female,36-45,Inactive,79.0,1980.0,West,32300.0,0,5
3522,Female,46-55,Active,83.0,5420.0,West,66500.0,0,11
2731,Male,56+,New,26.0,500.0,West,38800.0,0,3
5545,Female,46-55,New,95.0,4110.0,East,50800.0,1,10
4479,Female,18-25,Inactive,14.0,990.0,South,78800.0,0,1
1597,Male,26-35,Active,111.0,3610.0,North,32800.0,1,9
8753,Female,46-55,Active,49.0,460.0,East,22500.0,0,4
2585,Male,36-45,New,93.0,2500.0,South,48900.0,0,9
5677,Male,46-55,Inactive,100.0,4120.0,North,52600.0,0,4
3197,Female,46-55,Active,62.0,1170.0,East,40100.0,0,6
6102,Male,26-35,Inactive,21.0,620.0,West,48200.0,1,3
7746,Female,36-45,Active,33.0,1060.0,South,65100.0,0,3
6444,Female,46-55,New,113.0,4350.0,East,80300.0,1,10
1259,Female,26-35,New,49.0,1250.0,South,38800.0,1,5
5652,Male,36-45,Active,89.0,1590.0,South,27300.0,0,8
992,Female,36-45,Inactive,55.0,1990.0,North,41700.0,0,4
3505,Female,18-25,Inactive,85.0,1730.0,North,26900.0,0,7
114,Female,46-55,Active,113.0,2890.0,East,40600.0,1,6
920,Female,18-25,Active,28.0,1430.0,South,55000.0,1,1
2510,Female,36-45,Active,98.0,2030.0,South,21100.0,1,5
9442,Female,18-25,Active,22.0,390.0,East,30100.0,0,3
166,Male,56+,Active,95.0,5070.0,South,61300.0,1,8
5973,Female,36-45,New,65.0,2510.0,South,,0,6
4604,Female,56+,Active,3.0,20.0,North,15000.0,0,1
950,Male,18-25,New,95.0,4960.0,East,73300.0,1,4
4595,Male,18-25,Active,62.0,2120.0,South,39700.0,1,14
6570,Female,18-25,New,101.0,1570.0,East,38500.0,0,11
3771,Female,56+,New,112.0,1270.0,North,17100.0,1,7
2507,Female,36-45,Active,108.0,6240.0,South,74700.0,1,5
5108,Male,26-35,Inactive,26.0,1040.0,West,64300.0,1,2
2851,Male,36-45,Active,72.0,1550.0,West,33800.0,1,8
8332,Female,46-55,New,42.0,1480.0,West,84700.0,0,5
6559,Female,26-35,Inactive,31.0,540.0,North,36300.0,1,2
7888,Male,36-45,New,63.0,,South,73200.0,1,2
4447,Male,36-45,Inactive,13.0,170.0,South,,0,2
4461,Male,36-45,Active,78.0,2570.0,North,54100.0,1,4
6866,Male,26-35,Active,79.0,2890.0,South,48000.0,1,3
2506,Male,18-25,Active,34.0,1310.0,West,58100.0,1,5
1115,Female,36-45,Active,8.0,160.0,East,32500.0,1,1
8433,Female,36-45,Active,62.0,1260.0,North,25700.0,1,4
299,Female,36-45,Inactive,10.0,220.0,West,37100.0,1,2
1676,Female,18-25,Inactive,9.0,230.0,East,,0,2
3348,Female,46-55,Inactive,64.0,,South,87700.0,1,3
2736,Female,56+,Active,15.0,720.0,West,49300.0,1,3
7885,Male,26-35,Active,90.0,1850.0,West,31600.0,1,3
4989,Female,26-35,New,40.0,400.0,North,19700.0,1,3
9034,Female,46-55,Active,116.0,2170.0,South,35900.0,1,6
5869,Male,26-35,Active,68.0,940.0,South,31700.0,1,4
4326,Female,36-45,Active,47.0,1210.0,North,52600.0,1,3
9298,Female,36-45,Active,107.0,3610.0,East,48400.0,1,7
5965,Female,26-35,Active,72.0,3230.0,South,58900.0,1,1
4551,Male,26-35,New,58.0,990.0,West,24800.0,1,4
5859,Female,36-45,Active,56.0,2250.0,South,45700.0,1,6
7913,Male,26-35,Inactive,114.0,3030.0,North,47200.0,1,7
2104,Female,36-45,Active,81.0,12010.0,East,151800.0,1,4
8800,Male,26-35,Inactive,68.0,690.0,,21300.0,0,5
8887,Male,36-45,Active,13.0,790.0,North,62100.0,1,1
7516,Female,26-35,New,,1460.0,North,39400.0,1,5
1838,Male,56+,Inactive,116.0,4140.0,North,54200.0,0,8
8117,Female,26-35,New,94.0,3130.0,South,50300.0,0,10
8354,Male,26-35,Active,61.0,2970.0,East,58900.0,1,6
9775,Female,18-25,New,92.0,2560.0,West,42000.0,1,9
608,Male,56+,Active,64.0,1330.0,South,22300.0,1,6
6089,Male,36-45,Active,90.0,2220.0,East,56400.0,1,9
1094,Male,26-35,Active,61.0,940.0,West,30000.0,0,5
5471,Female,26-35,Inactive,54.0,2020.0,South,44500.0,0,3
6383,Female,46-55,Active,54.0,4390.0,West,85100.0,1,10
9002,Male,56+,Inactive,77.0,1740.0,West,28600.0,0,6
4488,Male,46-55,Active,0.0,0.0,East,45600.0,1,2
161,Male,18-25,Active,7.0,90.0,North,31400.0,1,3
204,Male,26-35,Inactive,86.0,2280.0,East,33400.0,1,3
8875,Male,18-25,New,37.0,4210.0,South,141300.0,1,2
5945,Male,26-35,Active,57.0,2600.0,South,69900.0,0,7
4934,Male,18-25,Inactive,83.0,,North,66800.0,0,6
2935,Female,56+,Active,102.0,3800.0,,38100.0,0,10
7385,Male,18-25,Inactive,55.0,,North,43100.0,1,6
2436,Female,26-35,Active,84.0,1850.0,South,35200.0,1,8
1231,Male,18-25,New,66.0,630.0,West,24600.0,1,5
8713,Female,18-25,Active,106.0,2070.0,South,38800.0,1,11
3047,Female,36-45,New,118.0,,South,86300.0,1,10
9694,Male,26-35,New,106.0,3110.0,South,32200.0,1,11
7137,Male,36-45,New,91.0,4050.0,North,78600.0,1,4
7781,Female,18-25,New,12.0,400.0,West,37500.0,0,5
6464,Male,18-25,Inactive,111.0,4180.0,West,52900.0,1,6
4252,Male,26-35,Active,114.0,3400.0,West,43800.0,1,7
9695,Female,46-55,New,84.0,3030.0,East,89200.0,1,376
3294,Female,18-25,Active,57.0,1120.0,East,20400.0,1,5
4035,Male,36-45,Active,51.0,2050.0,West,40300.0,1,5
8180,Male,46-55,Inactive,28.0,820.0,North,35300.0,0,3
4291,Male,46-55,Active,6.0,,West,51800.0,0,2
4335,Female,18-25,Active,118.0,3190.0,North,33000.0,1,10
5984,Male,18-25,Active,22.0,380.0,East,17500.0,1,4
3878,Female,26-35,Inactive,116.0,4240.0,West,39400.0,1,6
8919,Female,18-25,Inactive,82.0,2780.0,East,34500.0,1,7
4754,Female,46-55,Active,93.0,2630.0,North,37300.0,0,9
4887,Male,36-45,Active,96.0,4590.0,North,51300.0,0,6
858,Female,36-45,New,97.0,2760.0,,29500.0,1,10
9424,Male,56+,Inactive,114.0,,West,38800.0,1,14
8411,Female,46-55,Active,33.0,1180.0,South,54400.0,1,2
2562,Female,26-35,Active,92.0,3080.0,West,50100.0,1,5
3802,Male,46-55,New,39.0,,South,15000.0,0,2
2641,Female,36-45,Inactive,22.0,620.0,West,58700.0,1,3
9549,Female,36-45,New,39.0,1730.0,South,,1,1
4491,Female,46-55,Active,99.0,1760.0,South,,1,6
2348,Female,18-25,Inactive,31.0,1080.0,West,37000.0,1,2
650,Male,26-35,New,18.0,430.0,West,42100.0,1,5
2782,Male,36-45,New,72.0,2730.0,North,87500.0,1,11
5701,Female,46-55,Active,74.0,2090.0,South,38400.0,1,8
9355,Female,56+,Active,102.0,5710.0,North,65500.0,1,12
8715,Male,36-45,Active,47.0,310.0,South,16100.0,1,2
6226,Male,26-35,New,78.0,3710.0,East,58100.0,1,8
616,Female,26-35,New,96.0,2940.0,North,53400.0,1,2
8484,Female,36-45,New,72.0,2180.0,South,40200.0,1,5
2576,Female,26-35,Active,36.0,530.0,West,24500.0,1,2
54,Female,26-35,New,87.0,1320.0,South,27800.0,1,6
3341,Male,18-25,Active,41.0,1930.0,South,63100.0,1,4
9830,Female,46-55,Inactive,14.0,510.0,South,69100.0,0,2
1706,Female,26-35,New,106.0,1600.0,South,16200.0,1,6
9098,Male,26-35,Active,101.0,3650.0,East,72000.0,1,5
6822,Female,56+,Active,64.0,1550.0,South,38900.0,1,5
1494,Female,18-25,Inactive,35.0,480.0,East,21500.0,0,3
1732,Male,26-35,Inactive,500.0,940.0,,38600.0,1,2
5681,Female,36-45,Active,,3720.0,South,40700.0,1,5
804,Female,18-25,Active,96.0,1380.0,North,27900.0,0,9
4954,Female,26-35,Active,,230.0,West,,1,4
6994,Female,36-45,Inactive,7.0,550.0,North,112200.0,1,2
9711,Female,26-35,Active,110.0,1380.0,West,22000.0,1,8
991,Female,36-45,New,49.0,1280.0,North,42600.0,1,4
2775,Female,26-35,Active,91.0,1330.0,West,35500.0,0,7
7533,Male,18-25,Active,115.0,4200.0,West,46600.0,1,8
6476,Male,46-55,Active,-5.0,1480.0,South,43500.0,0,7
3514,Female,26-35,New,41.0,600.0,North,22100.0,1,5
8977,Male,18-25,Inactive,23.0,290.0,West,15800.0,0,7
8436,Female,36-45,Active,28.0,400.0,,33800.0,0,1
220,Male,36-45,Inactive,117.0,2870.0,North,34400.0,0,10
7506,Female,36-45,Inactive,93.0,3020.0,East,40400.0,0,8
1289,Female,26-35,Active,111.0,2670.0,East,30100.0,0,5
3164,Female,18-25,Active,51.0,1170.0,West,59100.0,0,2
4679,Male,18-25,New,67.0,1170.0,South,30800.0,0,5
2619,Female,26-35,New,54.0,1450.0,East,28500.0,1,3
3613,Female,36-45,Inactive,35.0,1340.0,West,44600.0,0,3
44,Male,36-45,New,25.0,,North,44600.0,0,3
7908,Female,36-45,Active,93.0,1730.0,West,24100.0,0,7
6585,Female,56+,New,109.0,1510.0,East,22900.0,1,11
3793,Male,26-35,Active,50.0,1950.0,East,39500.0,1,4
3572,Male,18-25,Inactive,50.0,600.0,East,23900.0,0,4
9897,Female,36-45,Active,47.0,,West,49700.0,0,5
1504,Male,36-45,Active,60.0,1670.0,South,43600.0,1,5
8837,Female,18-25,Active,5.0,220.0,North,45000.0,1,2
9870,Female,36-45,Inactive,36.0,1060.0,South,36900.0,1,5
3440,Female,18-25,Active,83.0,3640.0,North,107900.0,1,9
1893,Female,36-45,Active,22.0,630.0,South,50300.0,0,3
9361,Male,46-55,Active,40.0,960.0,East,30800.0,1,2
5256,Female,18-25,New,74.0,,East,49000.0,1,10
1956,Female,36-45,Active,7.0,310.0,East,50100.0,1,1
5168,Female,36-45,Active,92.0,1790.0,East,48700.0,1,4
4815,Male,18-25,Active,10.0,,South,27300.0,1,5
6320,Female,26-35,New,13.0,300.0,North,43200.0,1,3
1506,Female,26-35,New,59.0,1770.0,,47900.0,1,5
671,Male,18-25,Active,51.0,1570.0,South,63200.0,1,3
8945,Female,26-35,Active,104.0,2430.0,,,1,7
7117,Male,26-35,Active,112.0,3740.0,East,78800.0,1,4
898,Male,46-55,Active,44.0,990.0,West,48500.0,1,6
9191,Female,56+,Active,110.0,3570.0,West,41800.0,0,4
2667,Female,18-25,Active,46.0,1170.0,North,32600.0,0,3
3194,Female,26-35,Active,69.0,2070.0,West,62500.0,1,4
2891,Male,36-45,Active,56.0,1110.0,North,27800.0,1,5
9121,Female,26-35,New,64.0,2760.0,South,44400.0,1,5
2622,Female,46-55,New,76.0,2960.0,West,48100.0,1,5
6062,Male,18-25,Active,5.0,70.0,East,24300.0,1,0
6670,Female,36-45,Active,104.0,4230.0,South,47400.0,1,4
3,Female,18-25,New,86.0,2170.0,South,49300.0,1,9
2371,Female,46-55,New,33.0,850.0,South,49000.0,0,7
8241,Male,26-35,New,98.0,2270.0,,35500.0,0,7
1770,Female,26-35,Active,80.0,1270.0,East,28100.0,1,8
8543,Male,36-45,Inactive,68.0,1860.0,West,39300.0,1,6
6080,Female,18-25,New,47.0,600.0,East,21800.0,0,4
532,Female,18-25,Active,13.0,390.0,South,37800.0,0,2
8661,Male,36-45,Inactive,63.0,2790.0,North,104400.0,1,9
8687,Female,18-25,Active,80.0,2450.0,West,,0,6
8853,Male,36-45,New,22.0,960.0,South,50100.0,0,3
6130,Male,26-35,Active,101.0,1560.0,West,40500.0,1,6
3121,Male,18-25,Inactive,39.0,1790.0,West,53500.0,1,1
9060,Female,26-35,New,49.0,1780.0,North,89200.0,1,2
732,Male,18-25,Active,50.0,1110.0,West,35800.0,1,7
3407,Female,18-25,Active,4.0,90.0,South,42300.0,1,2
2340,Male,36-45,Active,64.0,950.0,South,16600.0,0,4
6111,Male,46-55,Active,9.0,390.0,East,48600.0,1,3
5897,Male,18-25,Active,76.0,1200.0,East,29100.0,0,7
2566,Male,18-25,New,70.0,2850.0,East,45800.0,1,6
9082,Male,18-25,Active,1.0,20.0,North,,1,1
7886,Male,26-35,Active,89.0,2610.0,North,39200.0,1,8
6772,Female,56+,Active,70.0,2430.0,North,60000.0,1,6
9501,Female,46-55,Active,74.0,2150.0,South,39700.0,1,2
6011,Female,26-35,Active,35.0,,West,62900.0,1,2
6904,Male,46-55,New,4.0,120.0,East,59600.0,0,0
9013,Female,36-45,Active,90.0,3260.0,North,49700.0,1,7
1256,Female,18-25,New,75.0,1800.0,North,35800.0,0,8
2105,Female,36-45,New,120.0,7360.0,East,65600.0,1,8
6793,Female,26-35,Active,0.0,0.0,East,24800.0,1,0
6753,Female,26-35,Active,97.0,3290.0,West,34400.0,1,9
7753,Female,56+,New,44.0,1660.0,South,69800.0,0,2
9188,Female,46-55,New,84.0,4300.0,East,59000.0,1,8
4995,Female,46-55,New,115.0,4800.0,North,,0,6
9007,Male,56+,Inactive,111.0,3830.0,North,51300.0,0,8
9093,Male,18-25,New,110.0,2430.0,South,,0,10
5058,Female,46-55,Inactive,6.0,100.0,South,42800.0,1,1
9102,Female,26-35,New,113.0,1680.0,West,33300.0,1,12
4435,Female,18-25,New,22.0,1310.0,South,88300.0,1,2
3485,Female,26-35,Active,117.0,4950.0,North,86200.0,1,17
9533,Female,36-45,Active,94.0,1600.0,East,34100.0,1,9
5319,Male,26-35,Inactive,39.0,980.0,West,43000.0,0,6
3817,Male,26-35,Active,25.0,1140.0,East,48500.0,1,5
8917,Female,26-35,New,40.0,540.0,South,28700.0,1,2
8941,Male,26-35,Active,39.0,1390.0,East,44400.0,1,3
7906,Male,18-25,New,109.0,,North,37800.0,1,11
9703,Female,36-45,Active,73.0,3590.0,North,50900.0,1,8
1622,Female,26-35,New,95.0,2500.0,East,64000.0,1,11
9462,Male,46-55,Inactive,22.0,600.0,West,53100.0,0,3
7199,Female,26-35,Inactive,40.0,1160.0,North,62300.0,1,10
6297,Female,18-25,Inactive,101.0,2460.0,West,44900.0,1,5
8940,Female,56+,Active,61.0,2870.0,South,47300.0,0,5
1097,Male,18-25,Inactive,84.0,1440.0,North,26900.0,0,9
6419,Female,26-35,Active,,1430.0,East,28500.0,1,10
9521,Female,18-25,Active,20.0,290.0,West,21000.0,0,1
7380,Male,26-35,Active,96.0,7740.0,South,,1,9
2464,Female,18-25,Inactive,105.0,1640.0,West,28300.0,0,16
7213,Female,26-35,Active,72.0,1910.0,East,30100.0,1,6
1789,Female,46-55,Inactive,17.0,590.0,West,68100.0,1,1
251,Female,46-55,Active,2.0,,North,28700.0,1,0
7457,Female,36-45,Active,47.0,4790.0,East,106200.0,1,2
6963,Female,26-35,Active,95.0,1560.0,South,32100.0,1,7
9356,Male,18-25,New,54.0,2040.0,North,54000.0,0,4
193,Male,26-35,Active,90.0,1590.0,North,23000.0,1,7
821,Male,56+,Active,26.0,1370.0,South,,0,1
9667,Female,56+,Inactive,16.0,680.0,East,62300.0,0,2
5764,Female,26-35,Active,38.0,2890.0,South,80600.0,1,2
7257,Male,26-35,Active,56.0,2170.0,East,52400.0,1,3
5765,Female,26-35,Active,74.0,1250.0,East,23100.0,1,4
4401,Female,18-25,Inactive,25.0,320.0,West,26100.0,0,3
7105,Male,18-25,New,15.0,580.0,South,40700.0,1,3
5389,Female,36-45,Active,96.0,2530.0,North,51000.0,1,12
4167,Male,36-45,Inactive,50.0,580.0,South,26300.0,1,5
4952,Female,36-45,Inactive,100.0,2270.0,West,,0,8
2688,Female,26-35,Inactive,29.0,690.0,East,36500.0,0,3
4391,Male,36-45,Active,10.0,300.0,South,52200.0,1,3
5912,Male,36-45,Active,14.0,340.0,North,50200.0,1,2
7659,Male,26-35,Inactive,45.0,2750.0,South,88700.0,1,2
4928,Female,46-55,Active,50.0,880.0,East,34000.0,1,1
8021,Male,46-55,Inactive,111.0,2680.0,North,46100.0,1,10
2608,Male,46-55,Inactive,41.0,1310.0,East,37800.0,1,3
7529,Male,26-35,New,65.0,1730.0,East,27200.0,1,6
239,Male,26-35,Inactive,41.0,520.0,West,32800.0,0,2
4016,Female,26-35,Inactive,83.0,1580.0,North,24000.0,1,14
9300,Male,46-55,Inactive,35.0,470.0,South,29100.0,0,6
2978,Female,26-35,Active,,1190.0,South,23400.0,1,10
5762,Female,56+,New,53.0,2460.0,East,49500.0,0,1
6604,Male,18-25,New,19.0,400.0,South,46000.0,1,2
5474,Male,46-55,Active,94.0,3560.0,North,38700.0,0,6
946,Male,56+,Active,66.0,1780.0,North,58500.0,1,4
6473,Female,18-25,New,89.0,3500.0,South,40300.0,1,6
7745,Female,26-35,Inactive,24.0,560.0,West,43700.0,0,3
5098,Female,36-45,Active,62.0,1780.0,South,31200.0,0,4
6865,Female,46-55,Active,2.0,50.0,North,25700.0,1,5
7308,Female,56+,New,6.0,120.0,West,33600.0,0,3
3553,Male,18-25,New,19.0,110.0,South,15200.0,0,3
6364,Male,26-35,Active,20.0,680.0,South,59200.0,1,3
3361,Male,18-25,Active,51.0,1210.0,East,29700.0,1,3
5602,Male,18-25,New,95.0,2330.0,North,32200.0,1,9
2411,Female,36-45,Active,4.0,190.0,East,62400.0,1,3
4508,Male,18-25,New,76.0,850.0,North,24000.0,0,8
8498,Female,36-45,Active,41.0,610.0,North,25800.0,0,6
3983,Female,46-55,Active,41.0,1450.0,East,36500.0,1,2
147,Male,18-25,Active,21.0,,North,64400.0,1,1
6707,Male,26-35,Active,46.0,1790.0,South,51200.0,0,7
2295,Male,36-45,Active,26.0,780.0,West,53500.0,1,5
2254,Female,18-25,Inactive,28.0,490.0,East,32200.0,1,5
3612,Male,26-35,New,2.0,30.0,East,32100.0,1,2
5354,Female,36-45,Active,60.0,2580.0,North,59000.0,1,4
1737,Female,46-55,New,76.0,2800.0,North,37900.0,1,6
9897,Female,36-45,Active,47.0,,West,49700.0,0,5
7723,Male,36-45,New,17.0,640.0,South,39800.0,1,2
115,Male,18-25,Active,101.0,1260.0,North,32500.0,1,7
8898,Male,46-55,New,70.0,2140.0,North,32500.0,1,5
5698,Female,18-25,Active,15.0,460.0,South,47300.0,1,2
9514,Female,46-55,Active,38.0,1450.0,North,65700.0,1,1
499,Male,36-45,New,116.0,2080.0,East,36000.0,1,11
7568,Female,26-35,New,95.0,,South,24800.0,1,2
721,Female,18-25,Active,0.0,0.0,North,78200.0,0,1
7245,Female,46-55,Active,108.0,7940.0,South,74000.0,1,9
8881,Female,26-35,Active,,690.0,South,19500.0,1,4
8049,Female,36-45,Active,11.0,450.0,South,49100.0,1,2
3090,Female,46-55,New,7.0,70.0,East,15000.0,0,0
8726,Female,36-45,Active,100.0,2060.0,South,41900.0,0,7
8928,Female,36-45,Active,105.0,1610.0,South,27000.0,1,10
9140,Male,36-45,Active,28.0,,North,16300.0,0,5
597,Female,26-35,Inactive,64.0,1070.0,West,27400.0,0,7
9130,Female,36-45,New,34.0,650.0,West,36600.0,0,3
6150,Female,18-25,Inactive,117.0,970.0,North,15000.0,0,7
6108,Male,36-45,New,0.0,,North,32100.0,0,1
5165,Female,26-35,Inactive,20.0,510.0,East,50500.0,0,3
1648,Female,26-35,New,88.0,2970.0,North,40200.0,1,4
7927,Male,26-35,New,,690.0,West,43200.0,1,4
7250,Female,46-55,Active,5.0,60.0,South,16200.0,0,0
2701,Female,36-45,Active,63.0,4290.0,West,82400.0,1,5
7489,Male,36-45,New,58.0,4860.0,East,85000.0,1,8
1701,Female,26-35,New,68.0,1740.0,West,27900.0,0,3
8981,Female,26-35,Active,100.0,1640.0,West,36100.0,1,12
5405,Female,36-45,Active,76.0,2440.0,South,38300.0,0,4
9865,Male,46-55,Inactive,103.0,4040.0,East,56600.0,0,10
9139,Male,18-25,Active,77.0,77539.22785466234,West,27700.0,0,6
2943,Female,36-45,New,24.0,480.0,North,20400.0,0,2
9400,Female,26-35,New,3.0,120.0,North,44700.0,0,2
87,Female,36-45,Inactive,14.0,1310.0,East,94200.0,1,1
2309,Female,36-45,Inactive,97.0,4670.0,East,50300.0,1,13
2678,Female,36-45,Active,79.0,2970.0,East,46400.0,0,10
8252,Male,18-25,Inactive,47.0,910.0,West,20500.0,1,6
7794,Male,18-25,Active,3.0,30.0,North,23700.0,0,0
2595,Male,36-45,Active,10.0,120.0,North,30600.0,0,1
5936,Female,18-25,Active,76.0,1890.0,West,28800.0,0,7
1030,Male,56+,Active,72.0,,South,62000.0,0,3
137,Female,36-45,New,14.0,480.0,East,40100.0,0,0
6891,Female,18-25,Active,45.0,1210.0,South,29200.0,1,7
6197,Female,36-45,Inactive,23.0,550.0,North,56400.0,1,1
2855,Female,56+,Active,12.0,480.0,South,48600.0,1,0
4410,Male,36-45,Inactive,76.0,1690.0,East,30000.0,1,6
1201,Female,36-45,New,27.0,1010.0,West,76400.0,1,2
4718,Female,36-45,Active,23.0,200.0,,21500.0,1,2
9557,Male,18-25,Inactive,70.0,3150.0,North,48700.0,0,8
6652,Female,46-55,Active,13.0,370.0,East,34800.0,1,2
567,Female,18-25,Active,7.0,180.0,East,51100.0,0,0
9105,Female,18-25,Inactive,3.0,80.0,North,35000.0,0,0
5431,Male,46-55,Active,32.0,1570.0,East,52300.0,0,9
3928,Female,26-35,Inactive,82.0,,North,27800.0,1,7
6110,Female,46-55,New,87.0,1600.0,North,45200.0,1,8
7653,Female,18-25,Active,16.0,440.0,South,,1,2
5710,Female,18-25,Inactive,35.0,710.0,East,36800.0,0,8
7345,Male,18-25,Inactive,99.0,2620.0,North,31700.0,1,10
7935,Female,26-35,Active,104.0,4630.0,South,45400.0,1,10
8951,Male,46-55,Active,5.0,150.0,West,50500.0,0,1
8311,Female,26-35,Active,12.0,310.0,South,52600.0,0,3
2331,Female,26-35,Active,105.0,1730.0,West,20200.0,1,7
3516,Female,46-55,New,50.0,1160.0,East,39300.0,1,9
2188,Female,18-25,Active,92.0,1520.0,East,19000.0,0,5
196,Male,56+,Active,49.0,1400.0,West,29500.0,0,8
7320,Male,56+,Active,50.0,390.0,West,20400.0,1,3
5715,Male,36-45,Active,116.0,2970.0,East,27000.0,1,7
5060,Male,18-25,New,33.0,670.0,North,24400.0,0,4
803,Female,36-45,Inactive,38.0,4430.0,West,131800.0,1,3
9153,Female,18-25,New,5.0,90.0,East,38600.0,1,1
7958,Male,56+,New,93.0,4450.0,South,79600.0,1,8
2069,Male,18-25,New,0.0,0.0,West,25900.0,0,2
5840,Male,36-45,Active,82.0,4690.0,East,70200.0,0,9
8782,Male,56+,New,71.0,2700.0,North,39800.0,1,7
645,Female,36-45,Active,99.0,1650.0,East,27900.0,1,9
9412,Male,18-25,Active,57.0,1470.0,North,46400.0,1,3
5104,Female,18-25,New,22.0,470.0,North,42200.0,0,4
5461,Female,36-45,Active,0.0,,South,15500.0,0,1
1638,Female,36-45,Active,58.0,1200.0,West,21500.0,0,4
121,Female,18-25,Inactive,116.0,1770.0,South,25300.0,0,6
2982,Male,18-25,Active,81.0,920.0,South,16400.0,1,8
5070,Female,26-35,New,11.0,320.0,North,50600.0,1,2
3075,Female,18-25,New,83.0,1910.0,East,34600.0,0,12
8965,Male,26-35,Active,,2020.0,West,59100.0,0,3
3279,Male,26-35,Inactive,52.0,840.0,East,37100.0,0,4
2136,Female,26-35,New,110.0,1210.0,North,24900.0,1,8
6401,Male,46-55,Active,49.0,830.0,East,23100.0,0,1
4971,Female,36-45,Active,47.0,1290.0,West,31500.0,1,5
6251,Female,18-25,Active,60.0,1160.0,East,36400.0,0,4
135,Female,36-45,Active,81.0,2440.0,South,,1,1
8047,Female,18-25,Inactive,31.0,320.0,South,26300.0,0,2
5325,Male,56+,Inactive,13.0,490.0,East,54000.0,0,2
9680,Male,26-35,Active,,1900.0,North,20100.0,0,8
6215,Male,36-45,Active,117.0,2910.0,East,31200.0,1,10
2560,Male,26-35,Inactive,1.0,20.0,North,30300.0,0,4
63,Female,46-55,New,57.0,1580.0,North,55900.0,0,9
1359,Female,18-25,New,67.0,,East,24400.0,0,5
9602,Male,56+,Active,104.0,3410.0,West,48200.0,1,9
2468,Female,18-25,New,113.0,3400.0,South,37100.0,1,3
680,Male,26-35,Active,70.0,1640.0,South,28700.0,1,3
6856,Male,26-35,New,95.0,,South,36800.0,1,7
742,Male,46-55,Inactive,83.0,1300.0,South,31300.0,0,1
5308,Male,46-55,Active,77.0,1610.0,North,30800.0,1,8
6803,Female,18-25,New,25.0,230.0,,20200.0,0,2
3642,Male,36-45,Inactive,66.0,2110.0,North,56400.0,0,4
445,Male,36-45,New,19.0,320.0,South,29000.0,1,4
8201,Male,46-55,Active,119.0,3590.0,East,30600.0,0,11
3259,Female,18-25,Inactive,105.0,4320.0,South,46300.0,0,10
4664,Male,26-35,New,67.0,900.0,North,18800.0,0,3
1874,Female,18-25,Active,38.0,620.0,South,39900.0,1,5
6423,Female,36-45,Active,73.0,3320.0,West,79400.0,1,5
2597,Male,56+,New,23.0,1270.0,West,85800.0,0,1
1718,Female,36-45,Active,46.0,960.0,West,25900.0,0,5
2913,Female,26-35,New,113.0,2660.0,North,,0,5
2844,Male,26-35,Active,102.0,6870.0,North,98700.0,1,11
4028,Female,36-45,Active,33.0,780.0,North,61300.0,1,4
5489,Male,26-35,Active,11.0,280.0,South,32300.0,1,1
8672,Male,36-45,Active,104.0,2470.0,North,27300.0,1,5
8105,Female,18-25,New,113.0,4480.0,West,61200.0,1,6
2557,Male,18-25,Active,41.0,,North,44900.0,0,4
490,Female,36-45,Active,114.0,2570.0,East,47000.0,1,5
494,Male,26-35,Inactive,59.0,1280.0,West,50700.0,1,9
691,Male,46-55,Inactive,44.0,1060.0,East,44500.0,0,1
3822,Female,46-55,Active,13.0,240.0,North,30300.0,1,1
603,Female,46-55,New,96.0,1910.0,East,49900.0,0,8
1912,Male,46-55,Active,36.0,790.0,East,25900.0,0,1
1015,Male,56+,Inactive,42.0,1770.0,South,,0,4
6211,Male,36-45,Active,19.0,1040.0,South,71100.0,0,2
1994,Male,26-35,New,24.0,190.0,East,16400.0,1,2
6349,Female,56+,New,69.0,940.0,North,25200.0,0,5
3758,Male,26-35,New,92.0,,West,31900.0,0,5
2367,Male,56+,Active,101.0,1510.0,East,39400.0,1,5
5284,Male,46-55,New,106.0,2220.0,South,21700.0,0,4
4371,Male,36-45,New,50.0,1250.0,South,45000.0,0,2
9142,Female,56+,Inactive,66.0,670.0,West,23900.0,0,4
7073,Male,18-25,Active,37.0,800.0,West,37800.0,0,2
1362,Male,26-35,Inactive,7.0,610.0,West,107900.0,0,1
9181,Male,36-45,New,76.0,920.0,North,21200.0,1,7
1527,Male,18-25,Active,45.0,,West,30900.0,0,7
1328,Female,18-25,Active,74.0,2730.0,North,64400.0,0,8
9248,Male,36-45,Active,57.0,4250.0,North,79900.0,1,5
7258,Female,26-35,Active,52.0,1580.0,North,49800.0,1,8
1552,Male,46-55,Active,70.0,1820.0,West,63200.0,0,2
6323,Female,18-25,Active,31.0,980.0,North,54800.0,1,2
9727,Male,36-45,New,57.0,2380.0,South,43200.0,0,7
1338,Female,26-35,Active,10.0,300.0,,35700.0,1,3
3902,Female,36-45,New,20.0,720.0,South,39700.0,0,5
3011,Male,26-35,New,58.0,1550.0,West,27100.0,0,3
5042,Male,46-55,Active,101.0,3380.0,South,46000.0,1,7
8863,Female,56+,Active,71.0,2690.0,East,39500.0,1,7
2251,Female,18-25,Active,58.0,,North,46600.0,1,5
6591,Male,46-55,Active,26.0,480.0,West,20400.0,0,5
5040,Female,46-55,New,114.0,2360.0,West,29000.0,1,2
2347,Female,18-25,Active,56.0,1300.0,South,54100.0,1,8
9320,Male,26-35,New,74.0,2200.0,North,57700.0,1,4
5486,Female,46-55,New,26.0,1810.0,South,77600.0,0,1
2785,Male,36-45,Active,73.0,1500.0,East,,0,7
5695,Female,46-55,Active,60.0,1050.0,North,32600.0,1,4
5120,Female,26-35,New,74.0,3110.0,South,84500.0,0,6
7614,Male,36-45,New,34.0,280.0,,19700.0,1,3
5556,Female,36-45,Active,62.0,1260.0,North,31200.0,1,4
5600,Female,36-45,Inactive,61.0,4150.0,,93800.0,0,5
8814,Female,18-25,New,92.0,2280.0,East,46900.0,1,4
151,Female,26-35,Active,74.0,1040.0,South,24700.0,1,6
2805,Male,36-45,New,33.0,1060.0,South,52800.0,1,4
7218,Female,46-55,Active,113.0,2060.0,West,43100.0,0,8
2087,Male,36-45,Active,,,East,31200.0,1,1
3752,Female,36-45,New,26.0,420.0,West,32300.0,1,1
5613,Male,26-35,Inactive,116.0,1800.0,East,23100.0,0,11
2260,Male,46-55,New,68.0,2800.0,North,43700.0,0,4
4018,Female,26-35,New,16.0,310.0,North,37500.0,1,2
6168,Female,46-55,Active,49.0,3500.0,East,,1,4
6113,Male,46-55,Inactive,8.0,110.0,North,27500.0,0,0
2425,Female,26-35,Active,109.0,3460.0,South,39200.0,1,7
8102,Male,36-45,Active,112.0,2040.0,North,38400.0,0,6
3857,Female,46-55,Active,83.0,3610.0,East,61900.0,1,1
860,Female,26-35,New,44.0,1090.0,West,35100.0,1,6
5368,Female,36-45,Active,87.0,3060.0,East,58400.0,1,6
7655,Male,18-25,Active,96.0,2410.0,South,,1,9
9859,Female,46-55,Active,91.0,2350.0,North,29200.0,0,9
7383,Female,56+,Active,8.0,150.0,South,,0,3
8601,Female,56+,New,83.0,1820.0,East,23000.0,1,9
4740,Female,46-55,Active,2.0,40.0,East,32500.0,1,1
8632,Female,36-45,Active,5.0,200.0,East,42700.0,1,1
4463,Male,36-45,Active,71.0,850.0,North,17800.0,1,10
5529,Female,26-35,New,4.0,80.0,West,28100.0,0,1
1365,Female,36-45,Active,67.0,1450.0,West,39200.0,1,7
1780,Female,56+,Active,87.0,2250.0,South,45800.0,0,8
5922,Male,36-45,Active,19.0,250.0,South,15000.0,0,3
4786,Female,26-35,Active,101.0,1400.0,East,33300.0,1,6
6390,Male,26-35,Inactive,118.0,1320.0,South,27100.0,1,2
1819,Female,18-25,New,92.0,4210.0,East,,1,10
7865,Female,46-55,New,91.0,1960.0,North,46200.0,1,14
4938,Female,18-25,Active,11.0,670.0,West,88700.0,1,1
2705,Female,26-35,Active,10.0,470.0,West,54200.0,1,0
5286,Male,18-25,Active,91.0,,East,33500.0,1,5
176,Male,36-45,Inactive,76.0,610.0,South,19500.0,1,7
9568,Female,18-25,Inactive,106.0,2980.0,West,67400.0,0,10
2094,Male,26-35,Active,2.0,90.0,North,75600.0,1,0
8539,Male,36-45,Active,83.0,2060.0,North,29900.0,1,4
3492,Male,46-55,Active,102.0,4780.0,West,50700.0,1,10
1921,Female,36-45,Active,97.0,1870.0,North,35500.0,1,9
83,Female,18-25,Active,102.0,5860.0,East,76000.0,1,11
817,Female,36-45,Active,27.0,1180.0,South,55900.0,0,5
8639,Female,36-45,New,0.0,0.0,North,25800.0,1,2
7417,Male,18-25,Active,23.0,1160.0,West,51200.0,1,2
4397,Male,36-45,Active,82.0,4200.0,East,52100.0,1,5
6826,Female,36-45,Active,68.0,1970.0,North,57300.0,0,7
5569,Male,26-35,Active,,2240.0,North,39400.0,1,3
284,Male,56+,New,114.0,3290.0,East,32500.0,0,6
4121,Female,26-35,New,,80.0,North,59300.0,1,0
7543,Female,26-35,Active,65.0,420.0,South,15500.0,1,5
610,Male,46-55,Inactive,43.0,1320.0,East,32300.0,0,6
2916,Male,56+,New,104.0,2090.0,West,52900.0,1,6
1814,Male,56+,Active,19.0,480.0,North,48400.0,0,2
1272,Male,26-35,Inactive,48.0,600.0,East,25900.0,1,6
7483,Female,18-25,New,3.0,80.0,South,31200.0,0,0
9635,Female,46-55,Active,26.0,1790.0,East,69700.0,1,2
2995,Female,46-55,Active,108.0,2750.0,East,,1,14
7171,Female,36-45,Active,8.0,320.0,West,72900.0,1,2
6763,Female,26-35,Inactive,74.0,2370.0,East,40400.0,1,7
9399,Female,46-55,Inactive,43.0,2910.0,East,73800.0,0,5
2643,Female,26-35,Active,27.0,830.0,East,54000.0,1,4
7939,Male,26-35,New,92.0,7020.0,North,80300.0,1,8
4509,Female,36-45,Inactive,102.0,3950.0,West,45300.0,1,9
2306,Male,26-35,Active,1.0,60.0,North,57100.0,1,1
6560,Male,18-25,Active,62.0,2010.0,West,,0,3
6316,Female,56+,Active,56.0,1530.0,West,48600.0,0,3
4196,Female,46-55,Active,17.0,460.0,North,28500.0,1,1
5563,Male,36-45,Active,0.0,0.0,North,21100.0,1,2
4841,Female,18-25,Active,2.0,40.0,South,31700.0,1,0
4656,Female,18-25,Active,22.0,810.0,South,65900.0,1,1
8206,Male,26-35,Active,111.0,2560.0,West,46400.0,1,12
4169,Female,36-45,New,97.0,1370.0,North,29900.0,1,10
3850,Male,26-35,Active,77.0,2180.0,East,31000.0,1,7
9887,Female,26-35,New,67.0,690.0,North,18800.0,1,3
8781,Female,36-45,Active,64.0,2120.0,South,40700.0,1,4
5254,Female,26-35,Active,103.0,980.0,West,17500.0,1,7
7950,Female,46-55,Active,109.0,1610.0,West,33800.0,1,9
5534,Male,56+,Active,30.0,580.0,West,34400.0,1,1
2415,Female,36-45,New,90.0,2310.0,West,67800.0,0,6
3555,Male,56+,Active,43.0,1010.0,West,32600.0,0,5
4692,Male,18-25,New,37.0,980.0,North,35300.0,0,2
4499,Female,26-35,Active,84.0,2700.0,North,49300.0,1,4
2196,Female,18-25,Inactive,102.0,2040.0,West,29500.0,0,10
5046,Female,46-55,Inactive,105.0,3070.0,North,38400.0,1,9
2601,Male,36-45,Active,105.0,3020.0,South,36300.0,1,6
1519,Male,26-35,Active,77.0,800.0,North,21100.0,1,8
4765,Male,18-25,Active,38.0,1960.0,North,56300.0,1,1
4315,Male,56+,Active,10.0,,South,55600.0,0,1
3367,Female,26-35,Inactive,64.0,1250.0,West,25700.0,0,7
6120,Male,46-55,Active,114.0,1100.0,East,18500.0,1,7
6640,Male,26-35,Active,46.0,750.0,West,38200.0,0,2
2634,Female,26-35,Active,99.0,3190.0,West,36700.0,1,7
7158,Female,46-55,New,33.0,320.0,East,21400.0,0,4
5634,Male,46-55,Inactive,36.0,1520.0,West,83600.0,0,2
8795,Female,26-35,Active,93.0,,East,49300.0,0,3
8827,Female,36-45,Active,25.0,,East,,0,5
2435,Female,36-45,Active,91.0,,South,41900.0,1,5
8313,Male,36-45,Active,,3500.0,West,59100.0,1,9
9377,Female,26-35,Active,92.0,690.0,West,15000.0,0,12
7024,Female,46-55,Inactive,19.0,390.0,West,25100.0,0,3
9899,Female,18-25,Active,39.0,,West,29000.0,0,6
4521,Male,26-35,New,74.0,3160.0,South,67800.0,1,4
5588,Male,26-35,Inactive,47.0,540.0,North,24900.0,0,2
3546,Female,46-55,Active,74.0,1250.0,East,31200.0,1,3
6019,Female,36-45,Active,17.0,570.0,East,42700.0,0,0
6046,Male,36-45,Active,47.0,1080.0,North,44400.0,0,5
8843,Male,26-35,New,100.0,2410.0,East,24700.0,1,9
5532,Female,56+,New,92.0,3460.0,North,40200.0,0,4
5445,Female,46-55,Active,11.0,370.0,West,47900.0,1,1
518,Female,36-45,Inactive,66.0,2060.0,North,55700.0,0,7
7493,Female,46-55,Active,12.0,520.0,South,53400.0,1,1
8376,Female,36-45,Active,24.0,580.0,West,42800.0,1,5
9120,Female,26-35,Inactive,120.0,5070.0,South,48700.0,1,3
8028,Female,18-25,New,3.0,70.0,East,28400.0,0,1
1416,Female,36-45,Active,87.0,,East,105200.0,1,5
4665,Female,18-25,Active,13.0,100.0,South,17400.0,0,2
4457,Male,26-35,Inactive,54.0,1220.0,South,44100.0,1,8
2762,Female,36-45,Inactive,15.0,320.0,,32600.0,0,4
4856,Female,36-45,Inactive,21.0,720.0,North,36000.0,1,1
128,Male,56+,Active,36.0,1260.0,North,42100.0,1,4
3475,Female,26-35,New,95.0,3730.0,South,83000.0,1,9
8037,Male,36-45,Active,66.0,1260.0,North,28700.0,0,0
4311,Female,18-25,Active,82.0,3190.0,East,40500.0,0,6
2439,Male,36-45,New,89.0,1730.0,South,39600.0,1,6
3766,Female,36-45,Inactive,78.0,1700.0,South,38600.0,0,6
8331,Male,18-25,New,104.0,5130.0,West,54700.0,1,6
9866,Male,26-35,Active,3.0,80.0,South,55000.0,1,3
7681,Female,56+,New,63.0,1520.0,East,37300.0,1,1
7835,Female,36-45,Active,102.0,2480.0,East,42300.0,1,6
9810,Female,26-35,Active,7.0,260.0,South,44500.0,1,3
1474,Female,18-25,New,51.0,1510.0,West,33900.0,1,6
4822,Male,36-45,Active,115.0,2590.0,East,36400.0,1,11
6976,Male,18-25,Active,28.0,1190.0,East,49100.0,1,2
3561,Female,18-25,Active,4.0,80.0,West,38400.0,0,0
3952,Female,46-55,New,89.0,3470.0,North,42000.0,0,4
50,Male,36-45,Active,13.0,560.0,North,74000.0,0,5
5438,Male,26-35,Active,,1420.0,,27000.0,1,7
9937,Male,26-35,Active,25.0,400.0,South,41600.0,0,2
888,Male,46-55,Active,91.0,3590.0,North,50700.0,1,6
2617,Male,36-45,Active,64.0,950.0,South,25800.0,1,9
517,Male,18-25,New,82.0,3000.0,North,38300.0,1,9
3169,Male,26-35,New,31.0,660.0,North,28200.0,0,6
2950,Female,46-55,Inactive,3.0,250.0,West,98700.0,1,3
1425,Male,18-25,Active,,550.0,North,40100.0,0,2
140,Male,18-25,Active,42.0,1640.0,East,51700.0,1,4
1925,Male,18-25,Active,95.0,1900.0,South,39700.0,1,9
2379,Male,46-55,Active,67.0,1400.0,West,38200.0,1,7
3198,Male,46-55,New,8.0,370.0,South,56500.0,0,2
5132,Male,18-25,Inactive,5.0,100.0,West,36500.0,0,0
113,Male,26-35,Active,58.0,1490.0,North,43300.0,0,2
4560,Female,26-35,Active,100.0,2880.0,North,,1,4
4596,Female,36-45,Active,31.0,,North,41000.0,0,5
7361,Female,56+,Active,59.0,1340.0,South,30600.0,1,10
3251,Female,46-55,Active,120.0,5680.0,West,57500.0,1,8
4691,Female,46-55,Active,40.0,1360.0,West,86200.0,1,4
7469,Female,46-55,Active,39.0,1380.0,North,37200.0,0,5
8763,Male,36-45,Active,57.0,2380.0,West,42900.0,1,4
4547,Female,26-35,New,70.0,,,105900.0,1,5
6876,Female,18-25,Active,14.0,,North,48900.0,1,2
3278,Female,56+,Active,61.0,1010.0,North,28400.0,0,4
7970,Male,18-25,New,85.0,3860.0,North,50700.0,1,4
6651,Female,26-35,Active,81.0,1980.0,,36000.0,1,6
4069,Female,36-45,New,102.0,3670.0,East,46200.0,0,9
4409,Female,26-35,Inactive,119.0,1700.0,South,,0,6
6205,Male,36-45,Inactive,47.0,530.0,North,27600.0,1,11
8626,Male,26-35,New,67.0,1540.0,East,48200.0,1,3
8638,Male,46-55,New,50.0,1280.0,South,31600.0,1,3
3223,Female,36-45,New,9.0,280.0,South,,1,0
8737,Female,26-35,Active,102.0,2260.0,South,23900.0,1,3
452,Female,46-55,Active,75.0,2300.0,West,33300.0,1,4
3732,Female,26-35,New,34.0,1770.0,North,60300.0,1,2
8991,Female,36-45,Active,99.0,2160.0,East,47000.0,1,7
4987,Female,46-55,Active,6.0,210.0,North,38100.0,1,2
3664,Female,26-35,Active,110.0,1600.0,East,37800.0,1,8
2764,Male,36-45,Active,108.0,5450.0,West,51400.0,0,10
659,Female,26-35,New,,1420.0,West,26700.0,1,14
7742,Female,36-45,Active,17.0,770.0,North,75800.0,1,0
7740,Male,36-45,Active,44.0,1300.0,North,,1,1
4621,Male,36-45,Active,,0.0,East,60900.0,0,1
1000,Male,46-55,Active,43.0,1420.0,South,37800.0,0,5
390,Female,18-25,Active,22.0,1130.0,East,67900.0,0,2
3408,Male,36-45,Active,4.0,130.0,South,41600.0,1,0
1477,Male,18-25,Active,111.0,2460.0,East,32700.0,0,10
2241,Male,36-45,Active,49.0,1360.0,North,32200.0,1,3
2387,Female,18-25,Active,108.0,3140.0,West,44000.0,1,10
9177,Female,36-45,New,58.0,1150.0,South,20300.0,1,9
993,Female,36-45,New,2.0,40.0,South,25100.0,1,1
4998,Female,18-25,Active,99.0,1320.0,West,17700.0,0,11
3923,Male,26-35,Active,59.0,6390.0,West,123700.0,1,2
2973,Male,46-55,Active,107.0,2800.0,North,35300.0,1,5
3387,Female,26-35,Active,36.0,410.0,South,22100.0,0,2
7951,Female,56+,Active,77.0,3900.0,East,,0,6
7022,Female,18-25,Inactive,90.0,1180.0,North,19000.0,1,4
4770,Female,26-35,New,118.0,1860.0,South,18200.0,0,8
1294,Male,36-45,New,116.0,1640.0,South,35500.0,1,11
1825,Female,36-45,New,44.0,1560.0,North,48900.0,0,3
2874,Male,46-55,Inactive,41.0,1180.0,South,47600.0,0,2
4174,Male,36-45,New,,450.0,South,31900.0,0,6
2536,Female,56+,Active,114.0,3220.0,West,31900.0,0,10
9170,Male,26-35,Inactive,38.0,940.0,North,36700.0,0,2
1908,Male,46-55,Active,105.0,3980.0,North,42400.0,1,5
43,Female,36-45,Inactive,79.0,3370.0,West,64000.0,0,8
9531,Female,26-35,Inactive,65.0,3500.0,North,86600.0,1,6
369,Male,26-35,Inactive,107.0,1990.0,South,25200.0,1,11
1152,Female,18-25,Inactive,88.0,1240.0,West,25100.0,1,14
7818,Female,26-35,New,64.0,2170.0,North,40400.0,1,9
6415,Female,36-45,Active,55.0,4410.0,South,128400.0,1,4
5964,Male,56+,New,31.0,1690.0,East,61500.0,1,4
6844,Male,36-45,Inactive,46.0,1340.0,East,35900.0,0,4
7589,Female,36-45,Active,69.0,1260.0,South,33300.0,1,5
4161,Female,26-35,Active,58.0,2520.0,West,62800.0,1,4
4288,Male,18-25,Active,70.0,1680.0,East,54300.0,0,8
7841,Female,18-25,Active,74.0,950.0,,15000.0,1,3
6773,Female,56+,Active,19.0,600.0,South,33000.0,1,5
175,Male,18-25,Active,50.0,830.0,West,38200.0,1,3
1904,Male,26-35,Inactive,102.0,1350.0,North,34700.0,1,11
1100,Male,26-35,Active,55.0,1010.0,West,27000.0,1,2
8182,Female,26-35,New,87.0,3080.0,North,38200.0,1,5
3409,Female,18-25,Active,91.0,1290.0,,22500.0,1,7
1539,Female,46-55,New,7.0,140.0,,40300.0,0,0
2293,Female,26-35,New,51.0,1730.0,East,85300.0,1,8
9428,Male,36-45,Inactive,96.0,4090.0,North,88200.0,1,7
1364,Male,26-35,Active,33.0,380.0,West,27300.0,1,1
9179,Female,36-45,Inactive,10.0,330.0,North,38200.0,0,2
6686,Male,46-55,Active,5.0,120.0,North,32800.0,1,1
5261,Female,26-35,New,,250.0,West,51200.0,1,1
6875,Male,36-45,Active,30.0,380.0,,23100.0,0,3
8349,Male,18-25,Active,46.0,1490.0,East,46000.0,0,4
681,Male,26-35,Active,44.0,940.0,North,26900.0,0,9
9353,Male,36-45,Active,57.0,1700.0,West,35500.0,1,5
7712,Female,26-35,Active,14.0,470.0,East,58500.0,1,1
3665,Male,46-55,New,96.0,1520.0,East,35500.0,1,13
1662,Female,26-35,Inactive,58.0,1600.0,West,32100.0,0,6
509,Female,18-25,Inactive,96.0,3550.0,West,47100.0,1,5
167,Female,46-55,New,61.0,1700.0,West,30900.0,1,3
5498,Male,26-35,Inactive,102.0,2510.0,East,40700.0,1,14
8335,Male,26-35,Active,60.0,1140.0,East,34200.0,1,6
1007,Female,46-55,Active,48.0,1000.0,West,42900.0,1,6
8388,Female,26-35,Active,104.0,1890.0,North,26200.0,1,10
1915,Male,56+,New,120.0,2790.0,West,,0,6
3495,Male,36-45,New,6.0,180.0,North,33700.0,1,0
9673,Female,46-55,Inactive,45.0,2820.0,South,66800.0,0,1
9896,Female,46-55,Active,28.0,620.0,West,31500.0,1,1
6502,Male,18-25,Active,66.0,2220.0,East,42800.0,0,5
4991,Male,46-55,Inactive,13.0,480.0,West,37600.0,0,5
2537,Female,26-35,Active,38.0,490.0,South,22900.0,1,1
1105,Male,46-55,Active,53.0,970.0,North,37200.0,0,6
3876,Male,26-35,Inactive,92.0,1160.0,North,17400.0,0,10
7587,Male,46-55,New,5.0,160.0,South,36100.0,0,1
1753,Female,36-45,Inactive,80.0,1650.0,East,26600.0,0,5
5311,Male,36-45,Inactive,42.0,1320.0,,,0,3
5953,Female,36-45,Active,46.0,1060.0,South,34000.0,1,2
7033,Male,36-45,Active,21.0,1140.0,East,82600.0,0,0
2917,Male,26-35,Inactive,81.0,5000.0,West,66800.0,1,4
8386,Male,26-35,Active,54.0,960.0,West,46000.0,1,3
5755,Male,26-35,Active,94.0,1300.0,South,,1,10
153,Male,18-25,Inactive,106.0,2180.0,West,25900.0,0,4
7754,Female,26-35,New,42.0,930.0,West,25700.0,1,3
5680,Male,36-45,Active,88.0,2860.0,South,40200.0,1,9
3908,Female,26-35,Inactive,24.0,830.0,,43700.0,1,1
9173,Male,26-35,Active,69.0,1850.0,West,34400.0,0,7
2553,Female,36-45,Active,80.0,1490.0,East,20600.0,0,4
2774,Male,18-25,New,91.0,2740.0,North,,1,7
6153,Male,26-35,Active,22.0,490.0,North,33600.0,1,4
3552,Female,46-55,Inactive,108.0,5360.0,South,54800.0,0,10
3723,Female,36-45,Active,2.0,100.0,North,62400.0,1,2
6699,Female,46-55,Active,92.0,3320.0,West,47600.0,1,10
521,Female,46-55,Inactive,113.0,3300.0,North,32700.0,0,9
8101,Male,26-35,Active,29.0,1560.0,South,61500.0,1,4
4539,Male,56+,Active,10.0,320.0,North,41400.0,0,0
6837,Male,26-35,Active,0.0,0.0,East,55100.0,0,1
1823,Female,46-55,New,29.0,1100.0,South,39200.0,0,5
4087,Female,18-25,Active,92.0,3650.0,West,70000.0,1,5
6203,Female,26-35,Active,52.0,,South,85700.0,1,3
8780,Male,26-35,Active,62.0,1860.0,South,37900.0,1,6
9857,Female,36-45,Inactive,56.0,1340.0,North,36100.0,0,6
9637,Female,36-45,Active,64.0,2230.0,North,41300.0,1,4
310,Male,18-25,New,15.0,360.0,West,40500.0,1,1
7785,Male,26-35,Active,4.0,80.0,West,48300.0,1,0
8088,Male,46-55,Active,59.0,1240.0,West,28200.0,1,9
7377,Male,56+,Active,82.0,940.0,East,26800.0,1,8
3600,Male,36-45,Active,68.0,1270.0,East,20200.0,1,3
3623,Female,46-55,Active,9.0,120.0,North,34900.0,0,0
3812,Male,36-45,Active,20.0,440.0,South,24800.0,0,2
6006,Female,56+,New,83.0,1020.0,North,15000.0,1,4
3451,Female,26-35,Active,27.0,640.0,South,29600.0,1,2
4592,Female,56+,New,7.0,250.0,North,37500.0,1,2
206,Male,36-45,Active,79.0,1590.0,North,20600.0,1,10
9880,Male,36-45,New,66.0,2370.0,West,42800.0,0,6
1136,Male,56+,Active,112.0,4920.0,South,48900.0,0,5
9422,Male,46-55,Active,100.0,2360.0,North,29700.0,0,4
2750,Male,26-35,New,27.0,280.0,West,18600.0,1,3
3614,Female,36-45,Inactive,114.0,6670.0,South,69400.0,1,15
306,Female,36-45,Active,4.0,80.0,East,37700.0,1,0
1850,Female,18-25,Active,83.0,2000.0,North,45000.0,1,1
6503,Female,18-25,Active,77.0,,South,28300.0,1,17
1989,Female,56+,Active,112.0,5820.0,West,65200.0,1,8
3241,Female,18-25,Inactive,72.0,2210.0,West,35000.0,1,11
2799,Female,36-45,New,7.0,360.0,,56000.0,1,2
4516,Male,36-45,Active,74.0,3640.0,East,62200.0,0,2
5631,Male,36-45,New,23.0,,West,64000.0,1,1
9841,Female,26-35,New,12.0,390.0,South,36800.0,0,2
3110,Female,18-25,New,62.0,2590.0,South,48500.0,1,3
4940,Male,18-25,Active,64.0,,North,20300.0,1,3
4060,Female,18-25,Inactive,39.0,470.0,North,23200.0,0,4
1988,Female,18-25,New,41.0,920.0,West,35100.0,1,2
8978,Female,46-55,New,46.0,1790.0,West,56100.0,1,6
8912,Female,26-35,New,14.0,500.0,South,48400.0,1,0
6671,Male,56+,Active,115.0,3220.0,East,44400.0,0,11
384,Female,46-55,Inactive,14.0,600.0,West,,0,2
5635,Male,36-45,Active,113.0,3200.0,West,42500.0,1,9
4308,Male,56+,Inactive,13.0,400.0,South,40800.0,0,2
3389,Male,26-35,Active,82.0,1530.0,South,48300.0,1,4
3157,Male,26-35,New,114.0,1140.0,East,18400.0,1,4
3338,Female,46-55,New,93.0,3270.0,East,36600.0,1,5
2728,Male,36-45,Inactive,81.0,1590.0,West,36200.0,1,9
6389,Female,36-45,Active,98.0,3320.0,South,38500.0,1,7
6334,Female,46-55,Inactive,32.0,490.0,East,30400.0,0,2
8722,Female,46-55,New,103.0,960.0,South,16000.0,1,4
8338,Male,36-45,Active,3.0,60.0,North,,1,2
6504,Female,36-45,New,47.0,1450.0,West,60700.0,1,5
3833,Male,26-35,New,106.0,3340.0,East,32900.0,1,4
8743,Male,26-35,New,7.0,,South,,0,2
4777,Male,46-55,New,73.0,1870.0,West,31800.0,0,4
4277,Male,36-45,Inactive,29.0,1060.0,South,,0,0
254,Male,26-35,New,31.0,2070.0,North,84100.0,1,9
6227,Female,56+,Inactive,44.0,1620.0,North,,0,2
9630,Female,46-55,Inactive,97.0,2020.0,North,42600.0,1,11
9310,Female,36-45,New,62.0,3390.0,West,,1,2
279,Female,18-25,New,112.0,3670.0,South,62100.0,1,14
3253,Male,26-35,New,119.0,7510.0,East,77600.0,1,7
2481,Female,46-55,Inactive,0.0,0.0,South,22900.0,0,0
290,Male,18-25,Active,102.0,1980.0,South,24600.0,1,2
8034,Male,46-55,Inactive,117.0,,East,24800.0,0,5
3076,Female,46-55,Inactive,43.0,1060.0,,30900.0,1,6
8761,Female,36-45,Active,79.0,3710.0,North,48800.0,1,6
7662,Female,18-25,Active,116.0,1100.0,,17700.0,1,9
6460,Female,26-35,Active,6.0,120.0,South,47400.0,0,0
5090,Male,36-45,Active,77.0,2900.0,South,53700.0,1,3
7476,Female,36-45,Active,89.0,4260.0,South,62100.0,1,11
9757,Female,18-25,Active,40.0,430.0,South,,0,3
8438,Female,46-55,New,111.0,4440.0,South,53500.0,1,14
8995,Male,26-35,New,88.0,1130.0,East,29300.0,0,3
6176,Female,36-45,New,117.0,4860.0,South,46500.0,1,8
7820,Female,26-35,Active,70.0,3210.0,East,82300.0,0,3
271,Male,36-45,Active,112.0,2380.0,North,47800.0,1,9
6010,Female,36-45,Active,118.0,2400.0,West,20600.0,0,8
4571,Male,56+,Active,43.0,940.0,East,41000.0,0,2
7929,Male,36-45,Active,43.0,800.0,North,48500.0,1,3
8072,Female,56+,Active,117.0,2340.0,South,24400.0,1,9
2972,Female,26-35,Active,94.0,1950.0,South,32500.0,1,7
6249,Female,26-35,New,5.0,90.0,West,30700.0,1,0
8806,Female,36-45,Inactive,20.0,980.0,West,52500.0,0,1
4208,Male,56+,Active,85.0,4170.0,South,52500.0,1,10
3219,Male,36-45,Inactive,104.0,1140.0,South,23900.0,0,11
1392,Female,26-35,Active,23.0,370.0,East,36600.0,1,1
3976,Male,46-55,New,35.0,540.0,West,27000.0,1,3
4317,Female,36-45,Active,26.0,1670.0,East,85400.0,0,2
6756,Male,26-35,Inactive,67.0,2690.0,West,54800.0,1,10
8183,Female,26-35,Active,54.0,1420.0,South,29300.0,1,0
7511,Female,46-55,Inactive,0.0,0.0,North,46500.0,0,0
84,Male,56+,New,75.0,1850.0,South,40800.0,0,4
874,Male,26-35,New,117.0,7590.0,North,73100.0,1,10
9645,Female,18-25,Active,90.0,9760.0,East,113300.0,1,7
7699,Male,36-45,Inactive,46.0,1200.0,East,59900.0,0,4
4558,Female,46-55,New,105.0,2250.0,South,32700.0,1,10
4501,Male,18-25,Active,91.0,2750.0,East,40300.0,0,13
4648,Male,46-55,Active,17.0,400.0,West,43500.0,0,3
2039,Female,36-45,Active,18.0,,East,36600.0,0,5
9734,Male,56+,Inactive,98.0,3320.0,East,55300.0,0,6
6970,Female,36-45,Active,23.0,850.0,North,48000.0,1,1
2451,Female,26-35,New,62.0,2490.0,South,74100.0,0,2
3955,Male,56+,Active,8.0,,South,42300.0,0,4
2330,Female,36-45,Active,6.0,140.0,North,39400.0,1,1
9162,Female,46-55,Inactive,,1250.0,East,37100.0,0,1
7106,Male,26-35,Active,95.0,3020.0,South,36900.0,1,10
5043,Male,18-25,Active,110.0,3050.0,South,38900.0,1,8
9402,Female,56+,New,118.0,3080.0,South,37400.0,1,15
4747,Male,26-35,New,78.0,1810.0,East,32800.0,1,1
9405,Female,36-45,Inactive,93.0,2420.0,North,27600.0,1,5
9470,Male,26-35,New,106.0,2170.0,South,28100.0,1,5
8026,Female,56+,Active,65.0,,West,67300.0,0,4
6696,Male,26-35,Inactive,65.0,860.0,West,29100.0,0,5
6411,Male,18-25,Active,31.0,920.0,East,31000.0,1,4
2402,Female,46-55,Active,96.0,4060.0,East,47100.0,0,9
5521,Male,18-25,New,43.0,1080.0,West,64400.0,1,3
1217,Male,46-55,New,26.0,440.0,East,43100.0,0,3
8733,Male,46-55,New,51.0,990.0,South,43800.0,0,3
6021,Female,18-25,Active,97.0,1940.0,North,31000.0,0,4
6926,Male,56+,Active,7.0,160.0,East,41300.0,0,1
1065,Male,26-35,Active,41.0,1170.0,North,71100.0,1,4
3787,Female,36-45,Active,36.0,2030.0,South,94000.0,1,9
4411,Male,26-35,Active,58.0,900.0,North,25500.0,1,3
6920,Female,18-25,Inactive,111.0,4520.0,West,49700.0,0,5
6819,Male,46-55,New,86.0,1740.0,East,23600.0,1,12
5524,Female,18-25,Active,47.0,800.0,East,17200.0,1,8
5997,Female,56+,Active,88.0,2410.0,South,32300.0,1,7
8871,Female,26-35,Inactive,105.0,3590.0,South,42300.0,1,6
5889,Female,56+,New,5.0,,West,27400.0,0,2
2162,Male,36-45,Active,89.0,4870.0,North,70100.0,0,7
3009,Male,36-45,Active,52.0,1530.0,North,42000.0,0,1
1106,Female,18-25,New,109.0,1140.0,South,21200.0,0,9
6713,Male,26-35,Active,48.0,1000.0,East,41700.0,0,4
693,Male,18-25,Active,0.0,0.0,South,41300.0,1,1
9459,Female,36-45,Active,88.0,750.0,South,20800.0,1,12
4957,Female,18-25,New,3.0,70.0,North,28400.0,1,1
6655,Female,18-25,Inactive,95.0,720.0,West,19100.0,0,5
8517,Female,36-45,Inactive,35.0,730.0,North,39800.0,0,6
4370,Male,46-55,Active,59.0,730.0,East,,1,1
2766,Female,18-25,Active,25.0,470.0,East,,0,2
3930,Female,36-45,Active,105.0,1570.0,East,28800.0,0,7
7196,Female,46-55,Inactive,24.0,510.0,North,45400.0,0,1
8773,Female,26-35,Inactive,42.0,900.0,East,24900.0,0,7
7594,Female,36-45,Inactive,72.0,1310.0,South,38700.0,1,7
6454,Male,26-35,New,111.0,4250.0,East,46400.0,0,5
629,Female,46-55,Active,1.0,30.0,West,30500.0,0,3
2452,Female,46-55,Active,54.0,2770.0,West,65300.0,0,10
8409,Female,18-25,Inactive,102.0,2990.0,East,55700.0,0,7
8609,Male,56+,Active,113.0,4190.0,South,42200.0,1,7
3825,Female,18-25,Inactive,60.0,1440.0,South,31300.0,1,4
9015,Female,18-25,Active,9.0,120.0,North,22500.0,1,1
2653,Female,18-25,Active,55.0,1820.0,East,34400.0,1,6
9145,Male,36-45,Active,87.0,2680.0,East,51200.0,0,5
3744,Female,36-45,New,41.0,780.0,North,21600.0,0,3
2177,Male,26-35,Inactive,45.0,890.0,North,41900.0,0,3
9946,Male,36-45,Active,58.0,,North,29300.0,1,6
9301,Female,36-45,New,92.0,1480.0,South,38400.0,0,6
3319,Male,46-55,New,108.0,2820.0,,31800.0,1,4
6400,Female,36-45,Active,31.0,1110.0,West,51400.0,1,2
2788,Female,46-55,Active,61.0,810.0,East,32700.0,0,1
4106,Male,26-35,Active,65.0,1240.0,North,34700.0,0,3
7376,Male,36-45,New,89.0,970.0,East,19000.0,0,8
1677,Female,26-35,Inactive,31.0,590.0,North,47700.0,0,2
3948,Male,18-25,Active,23.0,480.0,North,30000.0,1,2
4445,Male,36-45,Active,101.0,1480.0,South,31800.0,0,8
2937,Male,26-35,Active,11.0,440.0,East,44000.0,1,4
6719,Female,36-45,Inactive,81.0,1290.0,North,27900.0,0,4
7832,Female,18-25,Active,84.0,2350.0,South,66400.0,1,6
5723,Male,46-55,Active,73.0,2270.0,South,36300.0,1,7
7504,Male,36-45,Inactive,13.0,520.0,North,46000.0,1,1
2504,Female,46-55,Active,47.0,1800.0,East,39000.0,0,3
8519,Female,36-45,Inactive,45.0,410.0,North,15000.0,0,2
2370,Female,26-35,Inactive,88.0,1760.0,East,43600.0,1,11
4968,Male,26-35,Inactive,25.0,390.0,North,26200.0,0,3
5884,Female,46-55,Inactive,107.0,3060.0,East,42200.0,0,9
2218,Female,26-35,Active,21.0,400.0,West,27100.0,1,1
5848,Male,18-25,Inactive,86.0,1550.0,South,27100.0,1,3
2219,Female,56+,New,60.0,2420.0,North,57000.0,0,4
3327,Male,46-55,Inactive,10.0,,East,32100.0,0,0
6792,Male,36-45,Active,,270.0,East,15000.0,0,3
3584,Female,36-45,Active,45.0,2000.0,West,51300.0,1,5
9864,Female,56+,Active,95.0,2850.0,East,37100.0,1,9
3620,Female,36-45,Active,120.0,1520.0,East,27800.0,1,5
7771,Male,46-55,Active,42.0,1450.0,North,40400.0,0,1
8090,Male,26-35,Active,86.0,2210.0,West,37000.0,1,4
3116,Female,46-55,Inactive,43.0,640.0,North,38700.0,0,4
86,Male,46-55,Active,9.0,440.0,East,73000.0,0,2
5974,Female,26-35,Active,112.0,2430.0,East,22700.0,1,3
2802,Female,36-45,Active,101.0,2450.0,North,27400.0,1,5
3672,Female,56+,New,21.0,430.0,West,26200.0,0,4
3668,Male,56+,Active,74.0,4940.0,,71600.0,1,4
9834,Female,26-35,Active,11.0,170.0,South,36900.0,1,2
5159,Female,36-45,New,2.0,70.0,South,40800.0,1,0
5726,Female,26-35,New,81.0,1250.0,East,24100.0,1,4
4591,Male,56+,Active,113.0,3570.0,East,40500.0,1,5
2020,Male,18-25,Active,57.0,720.0,South,31400.0,1,2
7897,Female,56+,Active,84.0,1950.0,East,25000.0,1,6
2526,Male,18-25,Active,53.0,1560.0,South,44400.0,1,1
9814,Male,18-25,Active,63.0,3200.0,North,71300.0,0,4
8302,Male,18-25,New,39.0,830.0,East,25300.0,1,2
3213,Female,26-35,Active,53.0,2150.0,North,49000.0,1,2
520,Female,56+,Active,96.0,3170.0,North,47100.0,1,7
5367,Male,46-55,Inactive,13.0,880.0,North,121900.0,0,3
6821,Female,26-35,New,33.0,700.0,South,25500.0,0,3
2896,Male,36-45,Active,24.0,690.0,North,29700.0,0,3
245,Female,26-35,Active,75.0,1910.0,South,39800.0,1,3
5931,Female,36-45,New,49.0,1660.0,North,34400.0,0,6
4715,Female,36-45,Active,36.0,1180.0,East,45200.0,1,4
9245,Male,36-45,Inactive,16.0,170.0,North,24800.0,0,4
3426,Female,26-35,New,99.0,1550.0,North,33400.0,1,8
6992,Male,26-35,Active,18.0,490.0,East,37800.0,0,4
6779,Male,26-35,Active,40.0,1300.0,South,41100.0,1,6
6692,Male,46-55,Active,30.0,410.0,East,,1,4
8125,Female,26-35,New,27.0,,North,27400.0,1,4
8470,Male,26-35,New,26.0,900.0,East,74700.0,0,3
5510,Female,26-35,Active,29.0,930.0,West,74700.0,1,2
2002,Male,26-35,Active,103.0,2040.0,West,45500.0,1,9
886,Male,26-35,Active,14.0,490.0,North,37400.0,0,1
870,Male,56+,Inactive,28.0,590.0,South,46700.0,0,3
9728,Male,26-35,Active,29.0,350.0,West,28800.0,1,4
5721,Female,46-55,Active,84.0,1610.0,East,37700.0,1,16
357,Female,26-35,New,72.0,1050.0,North,30700.0,0,3
9947,Female,36-45,Inactive,46.0,380.0,South,16500.0,0,3
5452,Female,36-45,New,44.0,1440.0,North,43100.0,1,5
8708,Male,26-35,Active,55.0,2550.0,South,69400.0,1,9
7853,Female,26-35,Active,55.0,1750.0,North,49200.0,0,4
7768,Male,36-45,Active,60.0,820.0,West,16700.0,1,2
1276,Male,26-35,Inactive,3.0,60.0,West,22900.0,0,0
1891,Male,26-35,New,96.0,1510.0,West,26500.0,1,4
8724,Female,46-55,Inactive,30.0,1820.0,North,73700.0,1,2
6626,Female,36-45,New,100.0,1290.0,South,19600.0,1,7
9221,Female,26-35,New,32.0,480.0,East,35300.0,0,4
3564,Male,26-35,New,96.0,5960.0,,62200.0,1,6
5788,Female,26-35,New,103.0,2080.0,,52900.0,1,8
4959,Male,46-55,Active,105.0,2400.0,North,36200.0,1,8
1547,Male,36-45,Inactive,47.0,2290.0,East,78400.0,0,5
6194,Female,46-55,New,42.0,1990.0,North,51600.0,1,7
2381,Female,46-55,Active,107.0,3630.0,West,34200.0,0,10
3824,Male,46-55,New,62.0,1200.0,South,26800.0,0,6
3233,Female,36-45,Inactive,27.0,700.0,West,39300.0,0,3
9215,Male,36-45,New,65.0,1530.0,North,24900.0,0,7
3307,Male,56+,Active,73.0,4000.0,East,79700.0,0,4
493,Female,56+,Active,81.0,2620.0,South,46400.0,1,8
3500,Female,36-45,Active,52.0,1780.0,West,48200.0,1,8
8979,Female,18-25,Active,77.0,1620.0,South,37900.0,1,7
1117,Male,18-25,Active,86.0,3590.0,East,47000.0,1,3
5638,Female,26-35,Active,30.0,560.0,North,31400.0,1,3
8812,Female,36-45,New,84.0,2230.0,East,47400.0,0,6
6147,Female,18-25,New,111.0,6720.0,North,86000.0,1,8
9907,Female,36-45,Inactive,99.0,1410.0,West,15000.0,0,6
8813,Female,46-55,New,111.0,4250.0,South,54500.0,0,5
6766,Female,56+,Active,29.0,370.0,South,27100.0,0,3
8262,Male,46-55,Inactive,0.0,0.0,East,34400.0,0,2
8560,Female,36-45,Inactive,79.0,1640.0,East,21300.0,0,3
3646,Female,46-55,Active,59.0,1540.0,North,46200.0,1,3
2501,Male,36-45,Active,,2470.0,North,40200.0,1,3
5678,Female,18-25,Active,59.0,560.0,West,25100.0,1,5
5242,Male,46-55,Active,51.0,1500.0,East,60700.0,0,4
6576,Female,26-35,Inactive,94.0,660.0,North,15000.0,1,1
2784,Male,26-35,New,87.0,2080.0,North,42700.0,0,6
6159,Male,46-55,New,53.0,,East,78600.0,1,2
3810,Female,56+,Inactive,67.0,2840.0,West,44300.0,0,4
9291,Male,18-25,Active,37.0,1140.0,North,30900.0,0,1
8684,Female,26-35,New,46.0,540.0,West,20800.0,1,5
8750,Female,26-35,New,52.0,1730.0,South,38600.0,0,5
1697,Male,36-45,New,30.0,660.0,South,27300.0,1,2
5686,Male,26-35,Active,88.0,3250.0,South,57000.0,1,6
7237,Male,36-45,Active,54.0,2920.0,East,64100.0,1,2
5940,Female,18-25,Active,97.0,1780.0,East,19900.0,0,9
2053,Female,18-25,Active,41.0,660.0,East,37600.0,1,2
1777,Female,18-25,New,9.0,,West,49300.0,1,1
9618,Male,26-35,New,57.0,2020.0,South,53000.0,1,3
3314,Female,46-55,Active,3.0,100.0,North,38800.0,1,1
4782,Female,36-45,New,45.0,2050.0,East,56900.0,1,1
8501,Male,26-35,New,73.0,2910.0,North,89400.0,1,2
6840,Female,46-55,Active,,980.0,North,41200.0,0,5
1593,Female,46-55,New,14.0,140.0,East,20300.0,0,2
1724,Female,26-35,Inactive,59.0,1110.0,West,32100.0,1,4
216,Female,36-45,Active,112.0,6140.0,North,63700.0,1,8
7802,Female,46-55,Active,17.0,220.0,South,16600.0,0,2
8292,Female,26-35,New,63.0,1120.0,East,26800.0,0,5
491,Female,26-35,New,75.0,1520.0,East,26300.0,0,5
9171,Male,46-55,Active,56.0,1780.0,East,42500.0,0,12
3484,Female,18-25,Active,120.0,6320.0,North,72500.0,1,12
5103,Male,36-45,New,115.0,3210.0,North,39500.0,1,5
5188,Female,46-55,Active,92.0,2110.0,North,35900.0,1,7
3432,Female,26-35,New,0.0,0.0,West,36000.0,0,0
6351,Female,18-25,New,103.0,3710.0,South,38400.0,1,2
7774,Female,26-35,New,104.0,2150.0,West,32000.0,1,7
5514,Male,26-35,Active,75.0,1010.0,North,25400.0,1,8
26,Male,18-25,Active,102.0,3540.0,West,,1,9
3513,Female,36-45,Active,34.0,860.0,South,38400.0,1,1
2410,Female,36-45,Active,42.0,800.0,West,31700.0,0,4
3271,Female,26-35,New,91.0,1590.0,,27800.0,1,10
5210,Male,36-45,Active,120.0,4890.0,South,86600.0,1,5
8749,Female,18-25,Inactive,92.0,2640.0,South,44900.0,1,4
1553,Male,36-45,Inactive,104.0,4180.0,North,43900.0,1,6
9235,Male,56+,New,30.0,1020.0,West,39300.0,1,5
8659,Female,26-35,Inactive,43.0,610.0,South,33700.0,1,4
3872,Male,26-35,Active,67.0,1240.0,South,21800.0,1,6
3403,Female,26-35,New,88.0,1580.0,North,33900.0,0,12
4530,Female,18-25,Inactive,23.0,180.0,North,16700.0,0,1
980,Male,36-45,Active,45.0,1210.0,West,27700.0,1,4
2656,Female,26-35,Active,112.0,2720.0,South,47300.0,1,13
1848,Female,26-35,New,79.0,1510.0,North,,1,6
8032,Male,56+,New,21.0,1140.0,South,57300.0,1,2
8276,Male,26-35,Active,13.0,330.0,South,39500.0,1,0
8783,Female,18-25,Active,108.0,2480.0,,57500.0,1,11
7362,Female,18-25,Active,104.0,3480.0,South,40300.0,1,9
5722,Male,18-25,Inactive,104.0,4130.0,East,56700.0,0,8
516,Male,18-25,Active,11.0,400.0,South,84500.0,0,4
7268,Female,26-35,New,50.0,2250.0,West,49500.0,0,5
8333,Male,26-35,Inactive,64.0,990.0,West,36700.0,1,2
1103,Female,36-45,New,113.0,3230.0,South,57000.0,1,11
3277,Female,36-45,Inactive,111.0,4730.0,South,47100.0,1,7
7279,Female,26-35,Active,81.0,2910.0,East,74700.0,0,3
7953,Female,18-25,Inactive,57.0,1620.0,South,28800.0,0,6
9115,Male,18-25,Inactive,113.0,1750.0,East,16800.0,0,10
8373,Male,56+,Active,30.0,320.0,North,15000.0,1,0
3997,Male,26-35,Active,84.0,5690.0,West,98100.0,1,7
195,Male,18-25,Active,13.0,240.0,South,23500.0,1,1
4712,Male,36-45,Inactive,107.0,2040.0,East,44400.0,0,8
644,Male,56+,Active,104.0,2170.0,North,34900.0,1,13
8425,Male,36-45,Active,22.0,490.0,West,27400.0,1,1
3286,Female,36-45,New,104.0,1570.0,East,18100.0,1,7
3117,Male,36-45,Inactive,7.0,230.0,West,43800.0,1,1
6534,Male,46-55,Active,10.0,240.0,East,25000.0,0,2
3576,Male,46-55,Inactive,19.0,630.0,West,37000.0,0,0
9061,Female,26-35,Inactive,13.0,340.0,North,45200.0,0,2
4321,Female,36-45,Active,37.0,860.0,North,25200.0,0,5
4626,Female,18-25,New,15.0,490.0,East,48000.0,1,2
2208,Male,26-35,Active,22.0,700.0,South,32400.0,0,2
4553,Male,26-35,Inactive,12.0,410.0,East,63800.0,0,2
7702,Female,56+,Active,120.0,4160.0,East,37900.0,1,6
3719,Female,36-45,Active,53.0,980.0,South,32500.0,1,5
973,Male,46-55,Active,98.0,2940.0,East,41100.0,0,5
4580,Male,26-35,Active,109.0,1700.0,South,26000.0,1,10
720,Female,36-45,New,97.0,4240.0,North,47500.0,1,9
6572,Female,36-45,New,51.0,2090.0,South,42900.0,1,7
6156,Male,46-55,Active,105.0,7480.0,North,165300.0,0,10
9469,Female,36-45,Inactive,71.0,1870.0,South,30100.0,0,4
3897,Male,26-35,Inactive,57.0,1520.0,East,41900.0,1,5
2804,Female,18-25,Inactive,,310.0,South,45300.0,0,0
2567,Male,26-35,Active,,2400.0,West,46900.0,0,7
4026,Female,26-35,Active,23.0,320.0,East,,1,1
6199,Female,18-25,Inactive,6.0,110.0,West,30300.0,1,0
33,Male,36-45,Active,2.0,30.0,East,33600.0,0,1
8343,Female,18-25,Active,3.0,20.0,West,15000.0,1,1
8869,Male,18-25,New,109.0,1990.0,West,39400.0,0,9
9858,Female,36-45,Active,47.0,2570.0,South,59500.0,1,6
4064,Female,26-35,New,66.0,5000.0,North,86200.0,0,5
8986,Female,26-35,Active,83.0,4560.0,North,64800.0,1,8
5541,Female,26-35,New,32.0,790.0,South,37900.0,1,4
1698,Female,36-45,New,91.0,1870.0,South,33800.0,1,6
2793,Female,26-35,New,5.0,70.0,South,28400.0,0,0
2223,Male,36-45,New,20.0,600.0,East,30900.0,1,1
5819,Male,18-25,New,46.0,1820.0,South,43300.0,0,2
9702,Male,36-45,Active,12.0,250.0,South,26100.0,0,0
3765,Male,36-45,New,70.0,1500.0,North,38700.0,1,2
3867,Female,36-45,Active,86.0,3170.0,South,37300.0,1,6
8481,Male,36-45,Active,28.0,630.0,West,38400.0,1,4
8700,Male,26-35,New,40.0,900.0,North,44700.0,1,3
8976,Male,18-25,Active,62.0,1750.0,West,49800.0,1,8
6730,Female,46-55,Active,39.0,1030.0,South,32300.0,0,5
7145,Female,36-45,Inactive,77.0,3140.0,West,62400.0,0,8
3759,Female,18-25,Active,16.0,650.0,West,72500.0,1,1
2832,Female,26-35,Active,0.0,0.0,West,28800.0,0,1
3228,Male,36-45,Active,48.0,510.0,South,,1,2
8524,Male,18-25,Active,118.0,4870.0,West,48900.0,1,15
3924,Female,56+,Active,85.0,2320.0,East,40200.0,0,11
3905,Male,18-25,Inactive,23.0,1320.0,East,,0,1
2278,Male,36-45,Inactive,25.0,360.0,West,15800.0,0,2
7947,Female,26-35,Active,3.0,50.0,East,30300.0,1,1
1402,Male,36-45,Active,64.0,1520.0,East,49000.0,1,9
740,Male,26-35,Active,77.0,1800.0,East,43700.0,1,5
4267,Male,46-55,Active,99.0,3540.0,South,36900.0,1,10
9901,Male,26-35,Active,19.0,450.0,South,37100.0,1,3
7415,Female,36-45,Inactive,83.0,2470.0,East,38400.0,1,7
7554,Male,26-35,Active,27.0,580.0,East,38700.0,0,3
3852,Male,26-35,Active,30.0,580.0,North,23900.0,1,3
8669,Female,36-45,New,20.0,380.0,North,27900.0,1,1
2662,Male,26-35,Active,50.0,1610.0,East,47200.0,0,7
6562,Male,26-35,Active,2.0,130.0,North,70800.0,0,0
6905,Female,26-35,New,42.0,440.0,East,19400.0,1,2
675,Female,56+,Active,82.0,2930.0,West,,0,10
8325,Female,26-35,Active,49.0,2200.0,East,53800.0,1,1
8556,Male,46-55,Active,65.0,3570.0,East,58500.0,1,10
3842,Female,36-45,Active,73.0,2250.0,East,51300.0,1,3
1816,Female,36-45,Inactive,30.0,410.0,North,23000.0,0,2
8371,Male,36-45,Active,35.0,550.0,South,30600.0,1,2
9878,Female,36-45,Active,53.0,1020.0,North,31400.0,1,9
9239,Female,26-35,Active,109.0,4290.0,North,42100.0,1,6
4654,Male,36-45,Active,3.0,130.0,North,53500.0,1,1
7375,Female,26-35,Inactive,31.0,970.0,East,52000.0,1,3
2101,Female,18-25,Inactive,105.0,1100.0,West,21700.0,1,11
7775,Female,46-55,Active,99.0,1380.0,North,,1,8
1674,Male,46-55,New,66.0,2140.0,West,34100.0,0,5
2102,Male,26-35,New,4.0,560.0,East,250000.0,1,1
4214,Male,26-35,Active,24.0,540.0,West,34100.0,0,1
7020,Female,26-35,Active,83.0,2340.0,South,35600.0,1,5
1549,Male,26-35,Active,99.0,3420.0,West,48300.0,1,10
8736,Male,18-25,Active,15.0,660.0,West,59000.0,0,0
6463,Female,18-25,New,17.0,480.0,South,40300.0,0,2
3324,Female,56+,Active,106.0,3920.0,South,57900.0,1,3
8694,Male,26-35,New,70.0,2080.0,South,45900.0,1,6
356,Female,36-45,New,59.0,1300.0,North,22200.0,0,4
5185,Male,56+,Inactive,110.0,1470.0,North,16100.0,0,11
1462,Female,26-35,Inactive,59.0,380.0,North,16200.0,0,6
9306,Female,26-35,Inactive,15.0,620.0,West,47200.0,1,5
9423,Female,46-55,Active,8.0,200.0,,29600.0,1,0
3221,Male,36-45,New,39.0,2960.0,West,80000.0,1,1
940,Male,46-55,Active,13.0,780.0,West,89600.0,1,2
5148,Female,56+,Active,115.0,4870.0,East,67300.0,1,15
5924,Male,36-45,Inactive,12.0,510.0,East,53000.0,0,1
7949,Male,26-35,Active,10.0,140.0,North,21100.0,1,2
1752,Male,18-25,Active,79.0,1280.0,,31800.0,1,10
8078,Male,26-35,New,36.0,800.0,South,52500.0,0,4
7661,Male,26-35,Inactive,4.0,60.0,South,23900.0,0,1
1773,Female,26-35,Active,112.0,3850.0,West,88100.0,1,9
1197,Male,18-25,New,10.0,,West,52400.0,1,0
1879,Female,18-25,Active,119.0,3070.0,South,30400.0,1,10
2669,Female,26-35,Active,49.0,1470.0,East,31300.0,1,2
3172,Female,18-25,Active,22.0,380.0,North,28900.0,1,4
2017,Male,56+,New,38.0,1410.0,North,41000.0,0,0
2006,Female,26-35,Active,108.0,3530.0,North,44700.0,1,8
8308,Female,26-35,Active,24.0,1130.0,South,59900.0,1,2
3894,Female,26-35,Active,61.0,1370.0,East,41200.0,1,2
2679,Female,26-35,Active,33.0,840.0,South,51100.0,1,3
3238,Male,36-45,Active,20.0,580.0,North,40600.0,1,2
4425,Female,18-25,Active,15.0,430.0,North,31600.0,1,0
4745,Male,56+,New,91.0,3980.0,North,60200.0,0,9
2079,Male,18-25,Inactive,97.0,1270.0,West,29900.0,0,12
5220,Male,26-35,New,37.0,1090.0,North,29600.0,0,5
397,Female,18-25,New,108.0,3390.0,West,,1,6
2789,Female,46-55,Active,76.0,3080.0,West,59200.0,1,8
7203,Male,36-45,Active,73.0,2310.0,North,59900.0,1,1
6879,Female,26-35,Active,23.0,600.0,North,32400.0,0,2
4073,Male,26-35,New,116.0,4930.0,East,,1,6
5575,Male,26-35,Active,84.0,2150.0,South,48600.0,0,7
8405,Female,18-25,Inactive,51.0,3030.0,East,,1,4
9547,Female,36-45,Active,40.0,370.0,East,20400.0,1,4
5356,Female,26-35,Inactive,14.0,1050.0,North,114400.0,0,0
8526,Female,26-35,Active,71.0,1850.0,North,63500.0,1,2
9494,Female,26-35,Inactive,55.0,1430.0,East,35800.0,1,3
6880,Male,36-45,New,110.0,5100.0,West,,1,7
1520,Male,36-45,Inactive,106.0,3680.0,East,37200.0,1,16
8232,Male,26-35,Inactive,27.0,1300.0,West,51200.0,1,5
1379,Female,36-45,Active,45.0,570.0,East,28200.0,1,4
5673,Male,36-45,New,103.0,2260.0,West,34800.0,1,14
1024,Female,46-55,Active,46.0,1390.0,North,37300.0,1,4
2588,Male,26-35,Active,47.0,530.0,West,22200.0,1,4
7104,Male,56+,Inactive,72.0,2560.0,North,68700.0,0,7
5622,Male,26-35,Active,30.0,660.0,,48000.0,1,2
7701,Male,46-55,Inactive,114.0,2610.0,South,35400.0,0,10
5009,Female,26-35,Active,93.0,2480.0,East,56600.0,1,8
2858,Male,18-25,Inactive,105.0,2050.0,North,30600.0,1,11
8290,Male,46-55,Inactive,100.0,4240.0,North,45700.0,1,7
5772,Female,18-25,Inactive,16.0,200.0,North,23600.0,0,2
5843,Male,26-35,Inactive,111.0,2620.0,North,28100.0,1,8
9936,Male,56+,Active,73.0,2000.0,North,42900.0,1,7
5833,Male,56+,Active,109.0,3320.0,East,47900.0,0,12
1630,Male,36-45,New,116.0,1260.0,West,28800.0,0,8
4889,Male,46-55,New,18.0,540.0,West,31500.0,1,2
4527,Female,56+,Active,96.0,1150.0,East,16500.0,1,11
3524,Male,26-35,Active,11.0,290.0,South,29000.0,1,1
5905,Female,46-55,Active,0.0,,West,89600.0,0,2
7847,Female,56+,Active,28.0,650.0,West,41100.0,1,2
3608,Male,56+,Active,31.0,1050.0,North,34100.0,1,8
9457,Male,26-35,Active,38.0,1260.0,West,44900.0,1,1
5221,Male,18-25,Active,31.0,500.0,South,31200.0,1,3
235,Female,46-55,New,42.0,1450.0,North,42800.0,0,4
7821,Female,36-45,Active,97.0,900.0,North,17800.0,1,6
3797,Female,18-25,Active,80.0,3780.0,,52100.0,1,6
4119,Male,36-45,Active,115.0,5450.0,East,51700.0,1,9
6319,Female,26-35,New,94.0,1710.0,West,45300.0,1,8
5002,Female,18-25,Inactive,96.0,1960.0,North,,0,5
3801,Male,26-35,Active,9.0,560.0,East,76300.0,1,1
7613,Female,26-35,New,59.0,2420.0,North,50400.0,0,4
3900,Male,36-45,New,115.0,2270.0,South,37100.0,1,11
5025,Female,46-55,Active,,850.0,South,48200.0,1,4
1949,Male,36-45,Active,88.0,,North,48700.0,1,6
6362,Female,26-35,Active,12.0,310.0,South,46400.0,1,1
471,Male,26-35,Active,44.0,2370.0,East,121300.0,0,4
7619,Female,56+,New,14.0,580.0,South,43600.0,0,2
3493,Female,46-55,New,74.0,3170.0,West,44900.0,0,3
6092,Male,56+,Inactive,98.0,,East,35600.0,1,8
2672,Male,56+,Active,56.0,1420.0,East,33100.0,1,2
9840,Female,26-35,New,8.0,300.0,North,,1,1
2225,Female,18-25,Active,26.0,740.0,West,74000.0,1,2
1107,Male,46-55,Inactive,64.0,2000.0,South,41300.0,0,3
2189,Male,18-25,New,56.0,2410.0,East,45400.0,1,5
819,Female,26-35,Active,50.0,,West,73800.0,1,1
5572,Male,56+,Active,84.0,2380.0,West,32100.0,1,7
4524,Female,46-55,Inactive,96.0,,East,80600.0,0,5
5794,Male,18-25,New,27.0,710.0,West,29400.0,1,9
9419,Female,26-35,Active,47.0,1020.0,North,43700.0,0,2
8818,Female,18-25,Active,103.0,2210.0,North,36900.0,1,8
7522,Male,26-35,Active,15.0,530.0,South,42400.0,1,2
2625,Female,56+,Active,86.0,3340.0,North,51000.0,1,7
7156,Female,26-35,Inactive,50.0,3100.0,West,77500.0,1,6
9430,Female,56+,Active,12.0,780.0,North,68500.0,1,4
9956,Female,56+,Active,14.0,360.0,North,34100.0,0,2
9157,Female,36-45,New,0.0,0.0,West,26300.0,0,1
889,Male,26-35,Active,115.0,,South,46700.0,1,8
9926,Female,36-45,Active,103.0,8880.0,West,90200.0,1,12
2438,Female,18-25,New,108.0,2700.0,North,37300.0,1,10
6057,Male,46-55,Active,29.0,390.0,West,32600.0,1,2
9839,Female,26-35,Inactive,9.0,110.0,West,15000.0,1,2
818,Female,36-45,Inactive,84.0,1740.0,West,44400.0,0,6
8972,Male,18-25,Inactive,8.0,140.0,North,33800.0,1,4
3415,Male,26-35,Active,33.0,1760.0,North,66900.0,0,3
6353,Female,26-35,New,92.0,2740.0,West,32100.0,1,11
2342,Male,56+,Inactive,74.0,2600.0,West,35400.0,0,12
9067,Male,36-45,New,10.0,160.0,North,35900.0,0,5
3168,Male,26-35,Active,68.0,2520.0,South,53800.0,1,1
1810,Male,46-55,Active,64.0,1060.0,West,37000.0,0,3
8103,Female,18-25,Inactive,1.0,40.0,South,101700.0,0,3
1265,Female,18-25,Active,100.0,2310.0,South,26500.0,1,4
5087,Female,18-25,New,1.0,20.0,West,45300.0,0,1
7518,Female,18-25,Active,-5.0,700.0,North,43400.0,0,3
5836,Male,36-45,Active,21.0,590.0,,49000.0,1,2
5195,Female,36-45,Inactive,76.0,3330.0,North,52700.0,1,6
4450,Male,36-45,Inactive,19.0,610.0,West,36400.0,1,2
4946,Female,26-35,New,116.0,5890.0,North,86700.0,1,7
4046,Male,26-35,New,114.0,2040.0,South,28800.0,1,7
6561,Female,36-45,Inactive,118.0,2920.0,East,30000.0,0,5
3703,Female,18-25,Active,46.0,1240.0,East,51800.0,1,3
1036,Female,46-55,New,87.0,2790.0,East,45600.0,0,11
9294,Male,18-25,New,52.0,660.0,North,15000.0,1,7
5591,Male,36-45,Inactive,91.0,2330.0,West,26000.0,1,5
1229,Female,36-45,New,11.0,220.0,South,26400.0,0,3
7333,Male,18-25,Active,60.0,1170.0,North,19900.0,0,4
6871,Female,56+,New,106.0,,South,29400.0,0,10
5142,Female,56+,Active,46.0,1480.0,,47700.0,1,3
53,Female,36-45,Inactive,104.0,2640.0,North,55100.0,1,13
7389,Male,36-45,Inactive,15.0,530.0,South,52000.0,0,2
8431,Male,36-45,New,32.0,580.0,North,35600.0,0,3
160,Female,36-45,Inactive,20.0,410.0,West,48100.0,0,1
7616,Female,36-45,New,66.0,,West,70000.0,1,6
1588,Female,18-25,New,1.0,40.0,North,42700.0,1,3
1590,Male,18-25,Active,33.0,1550.0,East,51900.0,1,2
9881,Male,18-25,Active,66.0,930.0,East,30600.0,0,5
9366,Male,46-55,New,3.0,70.0,West,60000.0,0,2
6991,Male,26-35,Active,56.0,1120.0,North,28800.0,0,4
6654,Female,26-35,New,30.0,410.0,North,29400.0,0,0
6175,Male,46-55,Active,25.0,1020.0,North,101300.0,1,2
7757,Male,26-35,Active,23.0,1030.0,West,52700.0,1,2
3859,Female,26-35,Active,69.0,1980.0,West,45300.0,0,3
9854,Male,46-55,Inactive,104.0,1870.0,South,46700.0,0,14
6750,Female,36-45,New,38.0,830.0,,56000.0,1,3
2829,Female,36-45,Active,3.0,,East,27600.0,1,1
437,Male,26-35,Inactive,111.0,2440.0,East,51300.0,1,4
9257,Female,26-35,New,42.0,1500.0,West,73700.0,0,3
8217,Female,36-45,Inactive,82.0,1140.0,East,26600.0,1,11
3879,Male,46-55,Active,57.0,5440.0,South,110200.0,0,12
1589,Male,18-25,Inactive,109.0,2240.0,East,,0,5
2781,Male,18-25,New,12.0,290.0,North,31100.0,0,0
9019,Female,18-25,New,16.0,220.0,North,25800.0,0,3
8599,Male,18-25,Active,113.0,1020.0,North,15600.0,0,6
5687,Male,56+,Inactive,114.0,2520.0,North,,0,7
3966,Male,56+,Active,63.0,970.0,East,29400.0,0,3
4728,Male,18-25,Inactive,113.0,1630.0,East,22900.0,0,11
974,Female,26-35,Active,45.0,,North,49900.0,1,4
1239,Male,36-45,Active,88.0,1950.0,North,32600.0,1,1
2952,Female,18-25,Inactive,19.0,,South,29700.0,0,2
2343,Female,18-25,New,81.0,2720.0,West,36400.0,1,5
6578,Female,18-25,Active,73.0,3580.0,South,52700.0,1,7
7373,Female,36-45,Active,32.0,300.0,East,23300.0,0,7
6047,Male,26-35,New,89.0,4880.0,South,55500.0,1,4
2159,Male,18-25,New,63.0,570.0,North,19000.0,0,3
9326,Female,18-25,Active,59.0,1670.0,South,43400.0,0,6
6647,Male,36-45,New,35.0,750.0,South,27400.0,0,0
1498,Female,56+,Active,119.0,1780.0,West,32500.0,0,9
4546,Male,36-45,Active,101.0,2230.0,North,25600.0,1,3
6466,Female,46-55,Inactive,118.0,870.0,North,15200.0,1,6
4258,Female,26-35,Inactive,62.0,1010.0,West,26000.0,0,3
2423,Female,26-35,New,89.0,1970.0,South,29800.0,1,4
8602,Male,26-35,Active,12.0,170.0,North,31800.0,1,2
5186,Female,26-35,Inactive,79.0,4540.0,North,71900.0,0,10
5648,Male,46-55,Active,56.0,1490.0,East,37200.0,1,3
358,Female,36-45,Inactive,16.0,470.0,West,49600.0,0,5
5243,Male,18-25,New,97.0,1420.0,North,37500.0,1,4
8079,Female,26-35,Inactive,6.0,170.0,North,63900.0,0,1
9278,Male,26-35,New,116.0,3540.0,North,,1,9
2093,Female,26-35,Inactive,6.0,70.0,South,26100.0,0,0
5410,Female,18-25,Inactive,67.0,920.0,South,25300.0,1,6
2016,Female,18-25,Active,90.0,7740.0,West,101000.0,1,5
9097,Female,26-35,New,50.0,880.0,East,35300.0,1,7
4045,Female,46-55,Inactive,19.0,260.0,East,25600.0,0,3
188,Male,26-35,Active,55.0,1850.0,North,53400.0,1,7
6919,Male,18-25,Active,75.0,2040.0,West,35300.0,1,5
3656,Male,18-25,New,5.0,90.0,,39400.0,0,2
3427,Male,56+,New,35.0,310.0,West,22000.0,0,1
7256,Male,26-35,Active,108.0,1130.0,West,26400.0,0,10
1382,Male,18-25,Active,54.0,1300.0,North,45500.0,1,4
7531,Male,36-45,Active,43.0,,East,29900.0,1,1
414,Female,26-35,Inactive,69.0,1010.0,East,15000.0,1,6
5038,Male,18-25,Inactive,,1120.0,South,27600.0,0,7
4898,Female,18-25,Inactive,68.0,1330.0,West,30900.0,0,5
3337,Female,18-25,Inactive,94.0,2580.0,West,,1,7
3607,Male,18-25,Active,71.0,,West,49300.0,1,5
3176,Male,18-25,Inactive,40.0,920.0,North,54300.0,0,3
2242,Male,26-35,Active,12.0,240.0,North,24700.0,0,2
9748,Female,26-35,New,47.0,2520.0,South,60200.0,1,3
7862,Male,46-55,New,92.0,2460.0,North,28700.0,1,9
257,Female,46-55,Active,62.0,530.0,East,,0,2
7121,Male,26-35,Active,78.0,,South,35500.0,0,5
201,Female,36-45,Active,95.0,1670.0,South,35700.0,1,5
2236,Female,46-55,Active,3.0,80.0,South,54500.0,1,2
4744,Male,36-45,Active,43.0,710.0,South,22800.0,1,4
1768,Male,36-45,Active,26.0,350.0,West,29700.0,1,2
4237,Male,56+,Active,111.0,8670.0,South,98800.0,1,12
8319,Male,26-35,Active,50.0,1170.0,North,28500.0,1,8
8486,Female,26-35,Active,56.0,2860.0,West,54200.0,1,6
7229,Male,56+,New,48.0,1090.0,South,25000.0,1,7
1573,Female,26-35,Active,91.0,1920.0,West,37400.0,1,10
25,Female,18-25,Inactive,66.0,1200.0,North,25600.0,1,6
3364,Female,56+,Inactive,26.0,1040.0,East,68800.0,0,1
1089,Female,46-55,Inactive,77.0,780.0,North,16100.0,0,6
4675,Female,56+,Active,33.0,800.0,West,37900.0,0,2
2695,Female,26-35,Active,10.0,250.0,West,32400.0,1,2
7646,Male,18-25,Active,108.0,2480.0,East,32300.0,1,9
3399,Female,36-45,Active,2.0,40.0,West,52300.0,1,0
3560,Female,36-45,Active,101.0,4120.0,South,44900.0,1,10
9194,Male,46-55,Active,89.0,4930.0,,87600.0,0,6
2842,Male,26-35,Inactive,30.0,820.0,North,33000.0,1,5
2312,Male,26-35,Inactive,6.0,80.0,East,28900.0,0,0
8369,Male,18-25,Active,9.0,110.0,,21100.0,1,2
3235,Male,36-45,Active,37.0,3040.0,North,105800.0,0,1
4153,Male,46-55,Inactive,96.0,1940.0,South,23800.0,0,5
1310,Female,26-35,Active,78.0,1400.0,South,39700.0,1,7
696,Female,18-25,Active,118.0,6950.0,West,69100.0,1,12
6727,Male,46-55,Active,2.0,70.0,East,37000.0,0,0
3753,Female,46-55,Inactive,61.0,2670.0,West,43900.0,0,4
6338,Male,46-55,Active,63.0,1310.0,North,30300.0,1,6
1228,Female,36-45,Active,52.0,1470.0,East,41200.0,1,9
2000,Female,36-45,Active,94.0,1190.0,North,22500.0,0,5
277,Male,36-45,Active,108.0,1750.0,North,37000.0,0,8
6829,Female,46-55,New,59.0,1010.0,North,31800.0,0,3
9010,Male,36-45,Active,104.0,3360.0,East,70000.0,1,7
5930,Male,18-25,Active,19.0,430.0,West,34200.0,0,3
2954,Female,36-45,Inactive,38.0,770.0,South,27000.0,1,3
3638,Male,26-35,Active,103.0,3190.0,West,56700.0,1,6
3907,Female,26-35,Active,97.0,3470.0,South,55000.0,1,9
4779,Male,46-55,Active,115.0,3140.0,North,35500.0,1,12
5846,Female,26-35,Active,85.0,1100.0,North,26000.0,1,13
9738,Male,56+,New,47.0,520.0,West,19200.0,0,3
4118,Female,18-25,Active,60.0,3020.0,South,77000.0,0,7
7092,Female,46-55,Active,108.0,1610.0,North,35200.0,1,8
1138,Male,46-55,Inactive,92.0,4520.0,North,68500.0,0,4
2768,Female,26-35,Inactive,81.0,3040.0,,40700.0,0,10
2335,Male,18-25,Active,87.0,2430.0,North,33700.0,1,7
7770,Female,36-45,New,57.0,3000.0,West,85400.0,1,2
943,Male,26-35,Inactive,28.0,1130.0,West,55100.0,0,3
8591,Female,26-35,Active,51.0,2990.0,South,76800.0,1,7
2491,Female,18-25,Active,85.0,2920.0,East,90400.0,1,1
9719,Female,56+,Active,79.0,3830.0,West,117200.0,1,3
6291,Female,26-35,Active,3.0,100.0,East,46700.0,1,1
4936,Male,18-25,Active,9.0,310.0,North,40100.0,0,0
3936,Male,26-35,Active,74.0,2520.0,West,36900.0,0,2
7018,Male,26-35,Active,89.0,1230.0,North,36800.0,1,8
2385,Male,36-45,Inactive,120.0,3950.0,South,77800.0,1,16
116,Female,26-35,Active,77.0,2160.0,West,57200.0,1,5
1864,Female,46-55,New,51.0,1460.0,North,36000.0,1,5
583,Male,26-35,New,14.0,480.0,South,72600.0,0,2
3120,Male,36-45,New,14.0,350.0,East,44000.0,1,3
4259,Female,26-35,New,93.0,2960.0,East,39300.0,1,13
7249,Female,26-35,New,99.0,4590.0,East,48300.0,1,11
903,Male,26-35,New,25.0,1250.0,North,90900.0,1,2
2820,Female,36-45,Active,34.0,920.0,South,48100.0,0,5
3823,Female,26-35,Active,81.0,2170.0,West,28300.0,1,2
7183,Female,46-55,Active,66.0,1280.0,South,30400.0,1,4
6951,Female,46-55,Inactive,108.0,3060.0,West,35300.0,1,9
9128,Female,26-35,Inactive,6.0,110.0,East,29400.0,0,0
4700,Female,36-45,Active,47.0,1050.0,South,37700.0,1,3
8956,Male,46-55,New,96.0,1210.0,South,17200.0,1,8
3803,Male,18-25,Active,80.0,2360.0,East,40000.0,1,7
6069,Male,26-35,New,116.0,3290.0,West,44400.0,1,11
5811,Female,36-45,New,87.0,2810.0,North,48300.0,1,6
3537,Male,36-45,New,33.0,71761.51073380499,South,19600.0,0,0
3826,Female,36-45,Active,89.0,3590.0,North,101900.0,1,8
6643,Male,26-35,New,89.0,4210.0,South,61600.0,0,5
8680,Female,36-45,Active,15.0,850.0,South,57900.0,1,3
8646,Male,26-35,Active,,920.0,South,39700.0,1,4
4811,Female,56+,Inactive,23.0,1320.0,North,63900.0,0,5
1947,Male,18-25,Inactive,31.0,670.0,South,25600.0,0,3
7909,Female,36-45,Active,33.0,1400.0,North,45200.0,1,5
7198,Female,26-35,Active,80.0,2110.0,North,32100.0,0,5
5336,Female,18-25,Active,55.0,2050.0,West,,1,5
3489,Male,36-45,Active,8.0,130.0,West,27700.0,1,0
1611,Male,18-25,New,53.0,,South,,1,3
7524,Male,26-35,Active,100.0,3280.0,West,34200.0,1,5
7119,Male,56+,Active,117.0,,North,23100.0,1,7
4678,Male,36-45,Active,98.0,1820.0,West,35200.0,1,7
4960,Female,26-35,New,46.0,1150.0,South,38000.0,0,7
5868,Female,18-25,Inactive,110.0,3350.0,West,45800.0,1,14
9836,Male,36-45,Active,47.0,2060.0,South,79100.0,1,7
4762,Female,36-45,Inactive,33.0,470.0,,33300.0,0,3
2195,Female,26-35,New,68.0,2990.0,West,47100.0,0,1
9041,Male,36-45,Inactive,,1230.0,North,46600.0,1,2
5702,Male,56+,New,51.0,680.0,East,15000.0,1,5
5114,Female,46-55,Active,45.0,1060.0,West,47200.0,1,6
558,Female,18-25,Active,61.0,1710.0,West,35000.0,0,3
8133,Female,18-25,Active,116.0,7770.0,South,81200.0,1,12
5140,Female,26-35,Inactive,80.0,1230.0,East,38400.0,1,5
1208,Female,36-45,Active,21.0,950.0,,47900.0,0,1
7095,Female,46-55,Active,34.0,1190.0,North,60000.0,1,1
7372,Female,26-35,New,83.0,1600.0,East,43400.0,1,6
1511,Male,26-35,Inactive,120.0,,,46500.0,1,7
6828,Female,18-25,Inactive,,940.0,South,30300.0,0,4
3830,Female,18-25,New,103.0,630.0,West,15300.0,1,8
3733,Female,26-35,Active,89.0,990.0,South,18100.0,1,8
8025,Male,46-55,New,36.0,480.0,North,26200.0,0,5
3212,Female,26-35,Active,71.0,1840.0,,35200.0,1,4
3631,Male,18-25,Active,75.0,2250.0,North,46000.0,1,4
1709,Female,26-35,New,64.0,2800.0,West,69400.0,1,3
1846,Female,26-35,Active,119.0,2900.0,North,26500.0,1,13
267,Male,26-35,New,46.0,1090.0,North,25700.0,1,426
5986,Male,18-25,Inactive,91.0,1140.0,West,24600.0,1,6
1141,Male,26-35,Active,4.0,80.0,South,,1,0
3163,Male,46-55,Active,61.0,1380.0,South,57100.0,1,2
6208,Male,26-35,Active,34.0,650.0,West,28100.0,1,4
2047,Male,36-45,Active,48.0,1930.0,East,,1,3
3731,Female,36-45,Active,13.0,510.0,South,46500.0,1,1
1910,Female,36-45,New,27.0,590.0,North,36400.0,1,2
7370,Female,26-35,Inactive,2.0,30.0,South,,0,0
2661,Female,56+,Active,88.0,3050.0,North,42600.0,0,7
657,Female,36-45,Active,117.0,2100.0,North,32500.0,1,10
6661,Male,18-25,Active,64.0,1620.0,South,28500.0,1,7
1308,Female,46-55,Active,36.0,460.0,West,20300.0,0,7
7896,Female,56+,Active,,380.0,South,45000.0,0,2
999,Female,36-45,Inactive,38.0,1520.0,,42500.0,1,7
9487,Female,36-45,Active,42.0,,South,27900.0,0,2
2835,Female,26-35,Inactive,50.0,910.0,North,28000.0,0,8
9216,Female,46-55,Inactive,23.0,1030.0,West,56900.0,0,1
5881,Male,18-25,Active,40.0,1370.0,East,35700.0,1,4
1238,Male,36-45,Active,110.0,4800.0,East,48600.0,1,10
2152,Male,46-55,Inactive,37.0,1870.0,South,63700.0,0,3
9169,Male,46-55,Active,12.0,430.0,East,63500.0,1,3
9735,Male,36-45,New,49.0,,West,34900.0,1,4
7251,Female,36-45,Active,46.0,1440.0,North,31500.0,1,4
8270,Male,36-45,Inactive,63.0,2680.0,North,66900.0,0,6
6579,Female,26-35,Active,113.0,2290.0,North,32800.0,1,10
5092,Female,36-45,New,100.0,1160.0,North,15100.0,0,8
2187,Female,18-25,Active,65.0,1060.0,South,29500.0,1,6
1135,Female,46-55,Active,61.0,3440.0,South,67800.0,1,8
5005,Male,26-35,Active,18.0,1080.0,West,64500.0,1,1
8913,Female,56+,Active,27.0,420.0,North,37800.0,0,2
1304,Male,46-55,Inactive,88.0,4400.0,East,58300.0,0,12
8507,Female,36-45,New,67.0,1620.0,South,39600.0,0,6
1628,Male,56+,Inactive,57.0,5340.0,East,95300.0,0,9
7926,Male,26-35,New,49.0,1070.0,North,29700.0,1,2
1523,Female,46-55,Active,117.0,1520.0,West,21700.0,1,13
9850,Male,36-45,Active,83.0,1760.0,North,28100.0,1,3
359,Female,36-45,Active,70.0,680.0,North,19000.0,1,7
139,Female,26-35,Active,81.0,3570.0,West,57200.0,1,7
300,Female,56+,New,66.0,940.0,West,23400.0,0,4
1557,Female,18-25,New,32.0,340.0,North,,1,0
5100,Female,18-25,Inactive,111.0,2050.0,West,30500.0,0,6
383,Female,18-25,New,112.0,2960.0,,38100.0,1,6
8348,Male,36-45,Active,8.0,310.0,West,41600.0,1,3
7012,Female,18-25,New,41.0,770.0,West,37500.0,0,1
4858,Female,18-25,Active,36.0,,East,64200.0,1,7
3181,Female,26-35,Active,13.0,450.0,North,87300.0,1,2
1440,Female,46-55,Active,96.0,3720.0,North,55700.0,0,9
7195,Female,18-25,Active,51.0,560.0,West,28700.0,1,6
5674,Female,36-45,Inactive,32.0,,South,75800.0,1,0
947,Female,56+,Active,69.0,1310.0,North,30200.0,0,5
2391,Female,26-35,Active,45.0,2950.0,East,91900.0,1,4
5499,Male,26-35,Active,114.0,,West,32700.0,1,5
7135,Male,26-35,Active,105.0,,East,53800.0,1,12
9268,Female,26-35,Inactive,100.0,2440.0,East,26900.0,1,7
2722,Female,18-25,Active,3.0,90.0,East,33100.0,0,2
1933,Female,18-25,Active,100.0,2530.0,West,37400.0,1,9
7486,Female,18-25,Inactive,33.0,2840.0,North,86200.0,1,1
3237,Female,18-25,Inactive,7.0,180.0,West,58700.0,0,1
3141,Male,36-45,Active,40.0,620.0,South,21200.0,1,2
4164,Male,36-45,Active,101.0,3880.0,West,59600.0,1,13
8926,Female,18-25,Active,111.0,2250.0,North,48400.0,1,9
3808,Female,26-35,Active,58.0,720.0,West,31700.0,1,8
9519,Male,56+,New,68.0,,North,44900.0,0,5
7045,Female,36-45,Active,46.0,720.0,West,33200.0,1,3
8942,Male,18-25,New,,2730.0,West,55700.0,0,4
6954,Female,46-55,New,30.0,1040.0,South,42500.0,0,4
4155,Female,26-35,Active,41.0,700.0,North,38200.0,1,0
4173,Female,36-45,Active,100.0,2810.0,North,40100.0,1,7
797,Male,18-25,Active,53.0,960.0,East,21700.0,1,5
2417,Male,46-55,Inactive,48.0,1310.0,,37700.0,1,7
7232,Male,46-55,Active,90.0,4120.0,West,67500.0,1,8
6140,Male,56+,Inactive,19.0,290.0,West,25200.0,0,4
786,Male,46-55,Active,15.0,540.0,West,79300.0,1,2
9086,Male,26-35,Inactive,113.0,1490.0,West,26200.0,1,13
3159,Female,46-55,Active,80.0,1780.0,East,39800.0,0,8
124,Male,18-25,Active,,6990.0,North,70700.0,1,11
9497,Male,18-25,New,59.0,1200.0,South,24300.0,1,5
6998,Male,36-45,Active,85.0,2390.0,East,34100.0,1,10
2173,Female,26-35,Inactive,100.0,3860.0,West,63300.0,1,4
2170,Female,36-45,Active,48.0,1500.0,South,52200.0,1,3
6941,Female,46-55,New,55.0,700.0,West,33500.0,1,4
4010,Female,36-45,Inactive,76.0,1700.0,South,40500.0,1,3
9334,Female,26-35,Active,15.0,230.0,East,19000.0,1,1
4341,Male,36-45,Inactive,45.0,2190.0,North,63000.0,1,2
911,Female,36-45,New,100.0,3410.0,South,35700.0,1,8
6269,Male,46-55,Inactive,83.0,5040.0,North,65500.0,0,10
7837,Male,18-25,Inactive,8.0,140.0,North,23100.0,0,2
2310,Female,26-35,Active,48.0,1020.0,East,27400.0,1,9
9698,Male,18-25,Active,25.0,850.0,East,53400.0,1,2
3635,Female,36-45,Active,44.0,1010.0,South,35300.0,1,9
1258,Female,26-35,Inactive,47.0,1230.0,West,29500.0,0,7
6592,Female,36-45,New,83.0,2040.0,South,,1,5
4459,Male,36-45,Inactive,114.0,2590.0,North,22800.0,1,12
6134,Male,18-25,Active,82.0,2140.0,South,35300.0,1,12
1179,Male,56+,New,7.0,310.0,North,71200.0,0,1
4653,Male,26-35,New,54.0,2200.0,West,,0,4
6219,Male,36-45,Inactive,92.0,2200.0,North,32800.0,1,9
3651,Male,46-55,New,500.0,5600.0,North,57600.0,1,6
443,Female,56+,Active,37.0,1210.0,West,,1,5
3416,Male,26-35,New,55.0,1280.0,South,42000.0,1,7
1400,Male,56+,New,62.0,2340.0,North,40400.0,1,4
1458,Male,18-25,Inactive,46.0,830.0,,30700.0,0,5
9567,Male,56+,Active,0.0,0.0,South,48600.0,0,1
5745,Female,18-25,Active,29.0,190.0,North,15000.0,1,1
1055,Male,26-35,New,82.0,4150.0,East,94700.0,1,9
9122,Female,18-25,Inactive,96.0,3100.0,East,38300.0,0,9
3276,Female,56+,New,116.0,2010.0,West,35400.0,1,14
1464,Male,26-35,Inactive,55.0,1120.0,East,26400.0,1,6
3700,Male,18-25,Active,98.0,4260.0,South,44700.0,1,11
3760,Male,26-35,Inactive,73.0,1650.0,North,42200.0,1,5
930,Female,26-35,New,59.0,1860.0,West,32100.0,0,2
5512,Female,36-45,Active,100.0,3640.0,North,40400.0,0,10
6469,Female,26-35,New,54.0,3090.0,North,66400.0,0,8
8448,Female,18-25,Active,36.0,770.0,East,34800.0,1,2
1830,Female,18-25,Active,120.0,4880.0,South,64400.0,1,9
2929,Male,18-25,Active,74.0,1840.0,North,29400.0,0,8
9347,Male,46-55,Active,103.0,3550.0,East,46000.0,0,6
6539,Female,26-35,Active,55.0,760.0,West,16100.0,1,2
4222,Male,26-35,Active,17.0,830.0,West,62600.0,0,1
3547,Female,56+,New,55.0,2440.0,East,58000.0,0,2
5599,Female,36-45,Active,81.0,2220.0,North,41400.0,0,4
8975,Male,36-45,Active,20.0,760.0,South,39400.0,1,0
8009,Female,18-25,Active,13.0,410.0,South,44200.0,0,2
8193,Male,26-35,Active,31.0,1150.0,East,46200.0,0,4
2012,Male,18-25,Active,,3880.0,North,42500.0,1,10
914,Female,36-45,Active,,1320.0,North,31600.0,1,3
8284,Female,26-35,New,22.0,320.0,East,30100.0,0,2
8272,Male,56+,Active,67.0,3030.0,,48900.0,1,6
3220,Male,26-35,Active,51.0,1630.0,East,52700.0,1,2
2607,Female,36-45,New,22.0,310.0,South,35800.0,0,0
3265,Male,18-25,New,79.0,3220.0,East,41900.0,1,10
4929,Female,26-35,New,100.0,1440.0,North,28200.0,1,5
8699,Male,26-35,New,90.0,4910.0,East,60000.0,1,11
6565,Male,56+,Active,89.0,2920.0,East,62500.0,0,12
8729,Male,26-35,Active,62.0,2290.0,East,51300.0,1,8
7,Female,26-35,Active,23.0,680.0,West,41200.0,1,5
2981,Female,18-25,Inactive,83.0,2290.0,South,65200.0,0,3
6584,Male,46-55,New,84.0,3250.0,West,100300.0,0,6
3362,Male,18-25,Inactive,118.0,2230.0,South,36000.0,0,10
4775,Male,46-55,Inactive,90.0,4400.0,West,66400.0,1,8
1944,Male,26-35,Active,81.0,2030.0,South,31900.0,1,8
7515,Female,36-45,Active,77.0,3700.0,West,53800.0,1,5
5500,Male,18-25,Active,101.0,2650.0,East,27900.0,1,7
1636,Male,26-35,New,39.0,810.0,North,27300.0,1,5
1142,Female,26-35,Inactive,110.0,1230.0,West,20300.0,1,8
2042,Female,46-55,Active,69.0,1900.0,North,59800.0,0,4
6816,Male,36-45,New,,60.0,South,18200.0,1,1
6704,Male,36-45,Active,98.0,3100.0,South,39200.0,1,6
7884,Female,18-25,New,51.0,2290.0,East,67200.0,0,5
2071,Female,36-45,Active,91.0,2850.0,East,43800.0,0,12
3135,Female,18-25,Active,64.0,1000.0,North,41700.0,1,1
5161,Female,18-25,Inactive,22.0,790.0,West,47200.0,1,4
7827,Female,26-35,Active,25.0,590.0,East,37300.0,1,2
5276,Female,46-55,Active,70.0,3850.0,West,76600.0,1,5
2243,Male,26-35,New,67.0,1150.0,East,20200.0,1,5
1475,Female,18-25,Active,112.0,3420.0,West,,1,3
8628,Female,26-35,Inactive,23.0,710.0,West,59600.0,0,1
1890,Male,18-25,Inactive,59.0,1690.0,East,53800.0,1,8
3436,Female,26-35,New,39.0,1760.0,East,49900.0,1,3
7657,Female,36-45,Active,104.0,2590.0,East,44200.0,1,3
7761,Male,36-45,New,29.0,570.0,West,19600.0,0,4
3706,Male,46-55,Active,74.0,2140.0,North,42900.0,1,5
2022,Male,26-35,New,115.0,2180.0,South,41200.0,0,11
4021,Male,36-45,Inactive,96.0,,West,67500.0,1,3
9564,Female,26-35,Active,113.0,2650.0,North,60000.0,0,6
8479,Male,36-45,Active,111.0,1580.0,East,31900.0,1,6
3501,Male,46-55,Active,91.0,3220.0,North,42900.0,1,13
2659,Male,56+,Active,21.0,760.0,East,45200.0,1,6
8492,Female,46-55,Active,11.0,350.0,North,43600.0,0,2
6949,Female,26-35,Active,43.0,1340.0,North,35900.0,1,6
1131,Female,26-35,Inactive,42.0,1780.0,North,52900.0,0,3
5558,Male,26-35,Active,106.0,1990.0,West,,1,9
7421,Male,36-45,New,32.0,1420.0,East,47900.0,1,1
1820,Female,26-35,Inactive,43.0,2090.0,South,56300.0,0,3
7602,Female,26-35,Active,59.0,1110.0,East,19100.0,0,6
7546,Male,18-25,Inactive,118.0,5150.0,North,45000.0,1,4
4319,Female,36-45,Active,,1770.0,East,46200.0,1,7
9644,Male,18-25,Active,92.0,1470.0,South,17100.0,0,9
4145,Female,36-45,Active,5.0,330.0,South,72800.0,1,2
4670,Male,18-25,New,94.0,4740.0,East,60200.0,1,11
1237,Male,26-35,Active,34.0,1140.0,South,60500.0,0,2
5477,Male,26-35,Active,56.0,730.0,East,15000.0,1,2
9876,Male,36-45,Active,33.0,700.0,South,47300.0,0,3
1857,Male,26-35,Inactive,116.0,2840.0,East,30700.0,1,17
2283,Male,56+,Active,48.0,,South,78100.0,1,11
8731,Male,46-55,New,115.0,1820.0,North,27300.0,0,7
9358,Female,18-25,Active,1.0,20.0,West,28300.0,0,1
4094,Male,36-45,Active,8.0,80.0,West,26400.0,1,2
7123,Female,36-45,Active,22.0,670.0,West,33900.0,1,4
5201,Male,18-25,New,27.0,530.0,North,27200.0,0,4
6402,Male,26-35,Inactive,57.0,1040.0,North,22100.0,0,1
9969,Male,36-45,New,17.0,1110.0,South,71900.0,1,3
3422,Male,46-55,New,34.0,770.0,North,24400.0,0,1
9307,Female,18-25,Active,117.0,1770.0,East,35300.0,1,5
387,Female,36-45,Inactive,45.0,1130.0,South,34200.0,0,4
8586,Male,26-35,Active,75.0,5510.0,South,86700.0,1,8
1629,Male,26-35,Active,94.0,3050.0,West,36500.0,1,6
3586,Female,56+,Active,27.0,440.0,South,23000.0,0,5
7475,Male,26-35,Active,27.0,920.0,East,44300.0,1,5
2715,Female,18-25,Active,31.0,1230.0,North,40900.0,1,3
9579,Male,18-25,New,4.0,160.0,North,54200.0,0,0
8471,Male,26-35,Active,104.0,3840.0,East,87700.0,1,11
9684,Male,18-25,New,99.0,1500.0,North,34800.0,1,11
5660,Female,46-55,Active,38.0,3160.0,North,96400.0,0,6
6857,Male,26-35,New,48.0,1070.0,North,51800.0,1,6
3190,Male,36-45,Inactive,22.0,320.0,West,18000.0,1,9
5203,Male,36-45,Active,37.0,650.0,North,32400.0,1,2
4306,Male,26-35,Active,75.0,530.0,South,16700.0,1,7
910,Male,56+,Active,116.0,1380.0,East,26100.0,1,6
5386,Female,36-45,Active,18.0,670.0,South,40000.0,1,3
1997,Male,18-25,Active,50.0,1130.0,West,29200.0,0,5
1867,Female,26-35,Inactive,49.0,1750.0,North,44600.0,1,4
1843,Male,36-45,Active,109.0,880.0,North,15000.0,1,12
2498,Male,26-35,Active,77.0,2070.0,North,29000.0,1,12
202,Female,46-55,New,74.0,1510.0,East,33800.0,1,5
8860,Male,46-55,Active,25.0,810.0,South,42600.0,1,3
7925,Female,56+,Active,14.0,200.0,East,24900.0,0,0
5055,Female,46-55,New,27.0,940.0,South,38600.0,1,0
5890,Male,18-25,Inactive,86.0,3100.0,East,50500.0,1,7
4007,Female,46-55,New,88.0,1240.0,,31800.0,0,9
9941,Female,56+,New,81.0,,West,37200.0,0,8
2703,Male,36-45,New,28.0,920.0,North,46300.0,0,3
3450,Female,18-25,Active,64.0,1890.0,West,32200.0,1,5
332,Male,46-55,New,38.0,2290.0,West,67000.0,0,2
7201,Male,46-55,Active,111.0,8320.0,North,80900.0,1,6
8998,Female,26-35,Inactive,6.0,130.0,North,31900.0,1,2
8306,Male,36-45,Active,116.0,2450.0,North,24200.0,1,12
7238,Female,26-35,New,69.0,1060.0,West,35200.0,1,7
2460,Female,18-25,Inactive,102.0,4070.0,North,68300.0,1,8
1775,Female,26-35,Active,48.0,1620.0,North,44500.0,1,7
6629,Male,18-25,New,51.0,1670.0,West,59200.0,0,2
7660,Female,18-25,Active,7.0,270.0,West,49400.0,0,0
9440,Male,18-25,Active,18.0,,East,69500.0,1,1
2687,Male,36-45,Active,50.0,510.0,South,25800.0,0,3
9185,Female,46-55,Active,37.0,,South,29900.0,0,2
990,Female,46-55,New,58.0,1610.0,North,31500.0,1,6
7255,Female,36-45,New,93.0,2560.0,North,35700.0,1,6
8384,Male,36-45,Active,98.0,3330.0,North,38300.0,1,5
8109,Female,36-45,Active,87.0,2330.0,South,47000.0,1,3
8588,Male,18-25,New,3.0,,West,30400.0,0,0
5807,Female,46-55,Inactive,56.0,1560.0,South,33000.0,0,9
8771,Male,26-35,Active,-5.0,2030.0,West,30300.0,1,3
8735,Female,56+,Active,87.0,6300.0,West,79600.0,0,5
6575,Male,46-55,Active,48.0,740.0,East,24600.0,0,4
3053,Female,18-25,Active,23.0,790.0,West,34700.0,0,4
8675,Male,56+,Active,114.0,2840.0,North,29700.0,0,11
5463,Male,46-55,New,4.0,120.0,East,38100.0,0,1
174,Female,18-25,Active,20.0,460.0,West,36000.0,0,4
4955,Male,36-45,Active,84.0,4700.0,West,63100.0,0,4
4616,Male,18-25,Active,25.0,530.0,North,31000.0,1,4
3322,Male,18-25,Active,2.0,100.0,East,52300.0,0,2
9073,Female,56+,Inactive,12.0,720.0,,65300.0,0,1
6247,Female,36-45,Active,38.0,1070.0,East,63600.0,1,2
6746,Male,36-45,New,109.0,4110.0,East,44900.0,0,6
3373,Female,18-25,Active,6.0,110.0,East,27400.0,1,1
6049,Male,46-55,Active,87.0,1470.0,East,41100.0,0,7
3312,Female,36-45,Active,6.0,230.0,West,67000.0,1,2
7479,Male,36-45,New,28.0,230.0,West,22200.0,0,4
7356,Male,56+,Active,32.0,390.0,North,16100.0,0,3
7648,Male,26-35,Active,64.0,2640.0,East,44500.0,1,7
9415,Female,26-35,Active,91.0,2820.0,East,60900.0,1,3
8849,Female,56+,Inactive,36.0,710.0,South,36500.0,0,4
4552,Female,18-25,New,62.0,2240.0,West,54600.0,1,6
4680,Female,36-45,Inactive,1.0,,West,20200.0,0,0
3404,Female,36-45,Inactive,69.0,1340.0,South,22300.0,1,6
19,Female,26-35,Active,111.0,1330.0,West,21100.0,1,7
3692,Female,36-45,Active,20.0,620.0,North,74000.0,1,2
9489,Female,18-25,Active,28.0,900.0,South,35600.0,1,3
4097,Female,46-55,Inactive,56.0,1230.0,South,44600.0,0,6
3629,Female,46-55,Active,60.0,640.0,,,1,5
8900,Male,36-45,Active,33.0,1080.0,West,,1,4
2175,Male,56+,New,65.0,1860.0,West,35000.0,1,6
1357,Female,26-35,Inactive,111.0,1410.0,North,27000.0,1,12
5003,Female,26-35,Inactive,72.0,2370.0,North,38900.0,1,7
7454,Female,18-25,New,102.0,15490.0,North,215000.0,1,6
6923,Male,46-55,Active,86.0,1970.0,South,47500.0,0,11
5824,Male,36-45,Inactive,69.0,1410.0,North,22900.0,0,6
9542,Female,36-45,Active,62.0,1590.0,East,40000.0,1,4
5671,Female,46-55,New,43.0,660.0,South,35500.0,0,3
3113,Female,18-25,Active,3.0,60.0,South,36100.0,1,1
183,Female,18-25,Inactive,9.0,380.0,East,46000.0,1,2
3643,Female,26-35,Inactive,2.0,30.0,South,20600.0,0,1
8895,Male,46-55,Active,91.0,1490.0,West,36500.0,1,8
1813,Female,56+,Active,20.0,400.0,West,24200.0,0,3
7941,Male,36-45,Inactive,29.0,470.0,North,29400.0,0,1
9006,Female,46-55,Inactive,16.0,1040.0,East,,0,1
4913,Male,36-45,Active,39.0,,South,,1,5
5669,Female,26-35,Inactive,8.0,500.0,South,82500.0,0,1
8580,Male,26-35,Active,104.0,3620.0,South,46100.0,1,8
1801,Female,46-55,Active,100.0,3940.0,West,45300.0,1,2
9289,Male,26-35,New,54.0,740.0,North,33700.0,1,5
2430,Female,26-35,Inactive,74.0,1020.0,South,20500.0,1,3
5483,Male,36-45,New,60.0,2270.0,South,64600.0,0,5
6762,Female,36-45,Inactive,5.0,100.0,,24100.0,0,1
9879,Male,18-25,Active,65.0,1830.0,North,28800.0,0,6
7573,Male,36-45,Active,74.0,3090.0,West,69600.0,1,9
1969,Female,26-35,Active,86.0,1550.0,East,27900.0,0,7
8375,Female,18-25,Active,88.0,3180.0,East,52700.0,1,4
8202,Female,26-35,New,27.0,920.0,North,35000.0,1,4
7760,Female,18-25,Inactive,,760.0,South,15000.0,0,7
7711,Male,56+,Inactive,89.0,5490.0,South,,1,11
7009,Male,36-45,Active,42.0,1390.0,North,34300.0,1,0
4988,Male,26-35,Active,16.0,310.0,North,42100.0,0,1
9796,Female,18-25,Inactive,54.0,1410.0,North,50600.0,0,7
4651,Female,36-45,Inactive,37.0,790.0,East,36400.0,0,4
1160,Female,26-35,New,55.0,1770.0,North,47700.0,0,249
1214,Male,18-25,New,64.0,4680.0,South,130800.0,0,3
7399,Female,46-55,Active,15.0,180.0,East,24300.0,1,1
1326,Female,26-35,Active,112.0,1390.0,South,,1,8
9431,Female,26-35,New,117.0,4080.0,South,39800.0,1,10
9882,Male,26-35,New,66.0,1220.0,East,25500.0,1,6
4797,Male,26-35,New,50.0,860.0,West,30900.0,1,9
6797,Female,36-45,New,40.0,690.0,East,25400.0,0,5
5809,Male,18-25,Active,103.0,2370.0,West,51000.0,1,7
5944,Female,36-45,New,63.0,4480.0,West,75400.0,0,10
9321,Female,26-35,Inactive,15.0,480.0,West,33800.0,0,3
9904,Female,18-25,Active,101.0,2010.0,East,33000.0,1,9
1456,Male,18-25,Inactive,50.0,2140.0,East,46700.0,1,3
5411,Male,56+,Active,73.0,2010.0,North,32200.0,1,5
9378,Male,56+,Active,31.0,450.0,North,18200.0,1,2
8464,Female,26-35,Active,77.0,2060.0,West,29200.0,1,5
4963,Female,18-25,Active,4.0,130.0,South,35700.0,0,2
2801,Female,56+,New,12.0,200.0,,25700.0,0,1
1645,Male,36-45,New,106.0,10070.0,East,102500.0,1,6
2141,Female,26-35,Active,55.0,820.0,North,21500.0,1,1
4537,Female,26-35,Active,34.0,880.0,East,44900.0,1,3
4458,Female,26-35,Active,13.0,250.0,North,35700.0,1,2
8989,Male,26-35,New,40.0,710.0,West,32700.0,1,5
5587,Female,18-25,New,80.0,,South,98100.0,1,10
4379,Female,46-55,New,99.0,2030.0,East,24000.0,0,3
730,Female,46-55,Active,91.0,2880.0,East,33400.0,0,6
4358,Male,56+,Active,23.0,430.0,,31600.0,1,6
7813,Female,26-35,Active,4.0,170.0,East,42700.0,1,4
6717,Female,36-45,Inactive,17.0,,South,29200.0,0,2
1937,Female,46-55,New,19.0,420.0,North,48500.0,1,3
3794,Male,36-45,New,50.0,480.0,North,20200.0,0,9
3737,Male,26-35,Inactive,72.0,2080.0,North,73300.0,1,1
2262,Female,26-35,Inactive,14.0,380.0,South,40600.0,0,1
4006,Male,46-55,Active,,1490.0,North,57600.0,1,4
1111,Male,26-35,New,54.0,1490.0,North,59400.0,1,3
9066,Female,36-45,Active,15.0,290.0,South,34900.0,0,4
5481,Male,18-25,Active,16.0,340.0,South,,1,3
2999,Female,46-55,Active,106.0,4050.0,West,44400.0,0,5
2395,Female,18-25,Active,94.0,2990.0,South,60000.0,1,7
1186,Female,26-35,Active,42.0,1210.0,East,42600.0,0,3
2008,Male,46-55,Inactive,67.0,1070.0,South,17300.0,0,3
194,Female,26-35,Active,56.0,3240.0,South,82300.0,1,4
5612,Female,26-35,Active,36.0,1520.0,West,53200.0,1,5
2902,Female,36-45,New,77.0,5790.0,West,93900.0,1,9
579,Female,26-35,New,7.0,190.0,North,35600.0,0,1
6220,Male,36-45,Inactive,0.0,0.0,North,39000.0,1,2
5526,Female,36-45,New,46.0,1210.0,South,,0,1
772,Female,26-35,Active,116.0,3250.0,East,51900.0,1,4
8485,Female,46-55,Active,40.0,880.0,South,27400.0,1,5
2396,Female,26-35,New,53.0,1040.0,South,,1,5
1479,Female,46-55,Inactive,80.0,2660.0,North,36600.0,0,8
1847,Male,46-55,New,2.0,30.0,South,32900.0,0,0
9146,Female,46-55,Active,2.0,50.0,East,51800.0,0,0
4275,Male,26-35,Active,20.0,430.0,East,27400.0,0,4
3741,Male,36-45,Inactive,67.0,720.0,North,20000.0,1,8
4601,Female,36-45,Active,47.0,760.0,South,22700.0,1,6
9932,Female,36-45,New,58.0,2210.0,South,70300.0,0,4
9968,Female,18-25,Active,29.0,460.0,East,28100.0,0,2
6677,Male,46-55,New,18.0,820.0,West,89700.0,0,4
6376,Male,46-55,Active,114.0,7540.0,North,82900.0,1,10
8192,Female,18-25,Active,7.0,200.0,South,36300.0,0,0
9578,Female,36-45,Inactive,18.0,380.0,East,45600.0,0,1
4916,Female,26-35,Active,88.0,1260.0,South,20900.0,0,3
2074,Female,18-25,Active,4.0,130.0,North,49200.0,1,0
4755,Female,56+,New,68.0,3530.0,East,62700.0,1,5
1897,Female,26-35,New,112.0,2000.0,South,38700.0,0,9
8590,Female,18-25,Inactive,113.0,3850.0,West,40200.0,0,9
6703,Female,18-25,Active,105.0,6170.0,East,73200.0,0,7
6318,Female,36-45,New,21.0,650.0,South,46800.0,0,1
3660,Male,18-25,Active,73.0,3830.0,East,58300.0,0,6
6582,Female,46-55,Active,64.0,,West,37900.0,1,6
2380,Female,26-35,Active,84.0,1710.0,North,,1,9
1448,Female,26-35,Active,88.0,1760.0,East,44800.0,1,7
343,Female,18-25,Inactive,0.0,0.0,East,30600.0,0,2
5128,Male,18-25,Active,28.0,290.0,West,22400.0,1,2
3137,Female,18-25,Active,7.0,220.0,West,32500.0,1,2
2528,Female,18-25,Active,35.0,720.0,North,29400.0,0,4
728,Male,36-45,Active,82.0,1550.0,South,39800.0,0,6
4578,Male,18-25,Active,20.0,270.0,North,22300.0,0,0
977,Female,26-35,New,91.0,4230.0,West,54400.0,1,9
8427,Female,56+,Active,12.0,460.0,South,40200.0,0,1
5444,Female,26-35,Active,28.0,1140.0,North,45300.0,0,2
9072,Male,56+,Inactive,7.0,150.0,West,34700.0,0,4
3517,Female,26-35,Active,108.0,6040.0,North,83800.0,1,9
8043,Female,36-45,Active,6.0,270.0,East,75100.0,0,2
9827,Female,56+,Active,,1070.0,North,42900.0,0,4
3941,Male,46-55,Active,65.0,860.0,West,15000.0,1,3
1300,Male,36-45,Active,40.0,1410.0,,38100.0,1,7
9804,Female,36-45,Active,57.0,560.0,South,26300.0,1,1
1349,Male,26-35,Active,90.0,6460.0,West,75100.0,1,12
661,Male,18-25,Active,65.0,3370.0,South,63800.0,1,1
5887,Male,56+,Active,38.0,1050.0,West,,0,2
1493,Female,18-25,Inactive,0.0,0.0,South,55600.0,1,1
9986,Female,26-35,New,4.0,170.0,South,61900.0,0,0
4590,Female,26-35,Active,12.0,330.0,East,62700.0,1,5
8768,Female,46-55,New,27.0,780.0,South,32300.0,0,1
5155,Male,36-45,Active,120.0,1210.0,North,25800.0,1,16
2316,Male,26-35,New,52.0,600.0,South,22100.0,1,3
9654,Female,46-55,New,36.0,760.0,East,26400.0,0,2
9617,Male,46-55,New,41.0,1520.0,South,39100.0,0,5
7025,Male,18-25,Inactive,13.0,150.0,North,,1,2
1086,Female,56+,Active,95.0,640.0,North,15000.0,1,6
2525,Female,36-45,Active,58.0,2480.0,South,70800.0,1,6
8514,Female,26-35,Active,18.0,490.0,South,39600.0,1,0
5375,Female,36-45,New,102.0,1400.0,East,25300.0,0,6
3199,Male,18-25,Inactive,9.0,380.0,East,78600.0,0,0
5752,Male,46-55,New,31.0,1250.0,East,47200.0,0,5
4009,Male,56+,Active,56.0,1120.0,East,20300.0,0,9
5718,Female,46-55,Active,2.0,30.0,East,28600.0,1,1
6658,Female,18-25,Inactive,97.0,17230.0,North,178700.0,1,10
8451,Female,18-25,Active,36.0,950.0,North,51000.0,1,4
8274,Female,26-35,Active,84.0,2030.0,West,25800.0,1,2
68,Male,56+,Active,59.0,2130.0,South,41400.0,0,10
7989,Female,36-45,Inactive,69.0,1200.0,South,28800.0,0,3
41,Male,18-25,Inactive,83.0,1280.0,South,32600.0,0,5
2270,Female,18-25,Active,64.0,4240.0,North,71200.0,0,5
2382,Male,26-35,Active,70.0,1550.0,West,,1,5
7404,Female,26-35,Active,119.0,4610.0,South,44000.0,0,6
8876,Male,36-45,Active,53.0,1760.0,West,57000.0,1,6
4917,Female,46-55,Active,74.0,2500.0,West,41800.0,1,13
5323,Female,26-35,Active,,3960.0,West,46900.0,1,8
5774,Female,18-25,New,47.0,2040.0,,46000.0,0,1
6233,Female,18-25,Active,43.0,680.0,West,35600.0,1,5
6964,Male,46-55,Active,118.0,1360.0,North,24600.0,0,16
3448,Female,18-25,Active,33.0,630.0,West,25000.0,1,1
6817,Female,46-55,Active,120.0,3400.0,South,34000.0,0,9
2368,Male,18-25,New,111.0,6230.0,South,63100.0,1,12
8714,Female,36-45,Active,18.0,370.0,West,48200.0,1,1
8216,Male,46-55,Active,13.0,450.0,East,42200.0,0,0
2513,Male,26-35,Active,21.0,1970.0,West,99000.0,0,3
9659,Female,26-35,Active,110.0,3610.0,,36900.0,1,14
2724,Male,56+,Active,87.0,3890.0,South,47000.0,1,7
5949,Male,26-35,New,58.0,1590.0,North,42600.0,1,2
9223,Male,26-35,New,40.0,1740.0,North,59700.0,0,6
8615,Male,36-45,Inactive,30.0,1400.0,East,80800.0,0,2
1144,Female,18-25,Active,99.0,8520.0,East,102500.0,1,17
9776,Male,18-25,Active,108.0,2680.0,East,37000.0,1,5
7284,Male,18-25,New,65.0,750.0,West,20500.0,0,8
8328,Female,36-45,Inactive,58.0,1760.0,West,63300.0,0,3
9258,Female,26-35,Active,33.0,930.0,North,30100.0,1,5
4729,Female,56+,Active,117.0,9620.0,West,,1,12
5495,Female,26-35,New,2.0,40.0,South,33300.0,0,4
5756,Female,26-35,Inactive,92.0,2590.0,South,33400.0,0,9
7626,Male,36-45,Inactive,118.0,2830.0,South,28100.0,0,10
3790,Female,36-45,New,27.0,860.0,South,32300.0,0,1
2221,Male,36-45,Active,25.0,1160.0,South,77200.0,1,3
5076,Male,36-45,Active,86.0,2010.0,East,45800.0,1,6
2332,Male,36-45,Active,99.0,2460.0,,,1,12
5395,Male,18-25,Active,24.0,990.0,South,53500.0,1,0
7502,Female,56+,New,74.0,1050.0,North,20700.0,1,7
8135,Male,56+,Inactive,64.0,750.0,East,,1,6
7091,Female,18-25,Active,79.0,2410.0,North,37500.0,1,10
9374,Female,36-45,Active,60.0,1410.0,East,28600.0,1,4
4089,Male,26-35,New,19.0,380.0,South,19800.0,1,0
1968,Female,26-35,New,8.0,90.0,South,15000.0,0,2
9027,Female,18-25,Inactive,109.0,3830.0,North,66200.0,0,8
9204,Male,36-45,Active,116.0,3710.0,West,50400.0,0,7
6758,Female,36-45,Inactive,18.0,170.0,East,15000.0,1,2
9626,Female,18-25,New,33.0,380.0,South,28800.0,1,1
4366,Male,46-55,New,80.0,2450.0,East,76300.0,1,6
7000,Female,36-45,Inactive,55.0,820.0,South,28400.0,1,8
424,Male,26-35,New,38.0,1200.0,North,,0,4
281,Male,36-45,New,20.0,330.0,South,35700.0,0,2
1905,Female,26-35,New,79.0,3170.0,North,60400.0,1,7
596,Male,26-35,Active,30.0,410.0,North,34000.0,1,5
8617,Female,18-25,New,57.0,1420.0,North,35600.0,0,5
3918,Female,36-45,Active,35.0,710.0,South,28900.0,1,3
6143,Male,18-25,New,26.0,560.0,South,31400.0,0,1
5662,Male,36-45,Active,71.0,3510.0,North,60600.0,0,4
5779,Female,36-45,Inactive,7.0,,East,22100.0,0,2
3619,Male,18-25,Active,92.0,3650.0,North,48700.0,0,7
6846,Male,18-25,Active,41.0,1300.0,West,51800.0,1,3
840,Female,36-45,Inactive,28.0,450.0,North,25600.0,0,2
4597,Male,18-25,Active,34.0,1240.0,West,39800.0,1,4
8127,Male,26-35,Active,1.0,20.0,South,31300.0,1,0
142,Female,46-55,New,0.0,0.0,East,40400.0,1,2
2598,Male,26-35,Inactive,29.0,870.0,East,30800.0,0,1
6702,Female,18-25,New,26.0,600.0,West,51900.0,1,5
7822,Female,18-25,Inactive,19.0,1540.0,North,86600.0,0,1
1378,Female,26-35,New,49.0,5240.0,West,108400.0,1,3
3675,Female,36-45,Active,99.0,4450.0,West,85300.0,0,5
8808,Female,18-25,Active,111.0,2460.0,East,30400.0,1,10
9935,Female,36-45,New,118.0,71328.72878717713,West,30700.0,1,8
6363,Female,46-55,Active,79.0,1890.0,East,44700.0,0,5
4742,Male,26-35,New,34.0,,North,29400.0,0,0
3809,Female,36-45,New,9.0,290.0,South,34100.0,1,1
1139,Male,26-35,New,13.0,530.0,West,42700.0,1,2
2258,Female,18-25,Active,22.0,1100.0,North,55600.0,1,3
7931,Male,26-35,Active,58.0,,South,59900.0,1,4
1788,Female,26-35,Active,1.0,30.0,West,55000.0,1,1
3939,Female,36-45,Active,68.0,2140.0,North,44400.0,1,5
7967,Female,46-55,New,53.0,3120.0,North,76600.0,0,1
4647,Female,26-35,New,67.0,4110.0,East,95300.0,0,1
460,Female,36-45,Inactive,54.0,1640.0,West,39500.0,1,5
6116,Female,26-35,Active,65.0,1580.0,North,26400.0,1,6
9582,Male,26-35,Active,36.0,2800.0,East,78500.0,1,6
949,Female,26-35,New,47.0,1130.0,North,35400.0,1,6
3701,Female,46-55,Active,68.0,2250.0,South,36900.0,0,8
1337,Male,26-35,Active,115.0,3120.0,North,55100.0,1,5
6371,Female,26-35,Active,103.0,2260.0,West,53100.0,0,8
4629,Male,36-45,Active,41.0,2450.0,East,60500.0,1,3
6287,Female,26-35,Active,16.0,250.0,East,16500.0,0,6
5926,Male,46-55,New,49.0,800.0,South,20200.0,0,3
5935,Male,26-35,Inactive,120.0,3000.0,West,49100.0,1,7
6041,Female,56+,New,52.0,1110.0,North,28400.0,1,9
442,Male,26-35,Active,72.0,1610.0,North,35800.0,1,3
6660,Male,26-35,Inactive,101.0,2140.0,North,46600.0,1,7
1603,Female,26-35,Inactive,112.0,3100.0,East,,1,15
2239,Male,56+,Active,116.0,4180.0,East,41600.0,0,11
640,Female,26-35,Active,88.0,2690.0,North,44600.0,1,16
9860,Female,26-35,Active,56.0,1320.0,South,33500.0,1,5
3831,Female,26-35,New,67.0,1060.0,West,25700.0,0,6
9433,Female,36-45,Inactive,34.0,600.0,East,37800.0,1,3
6145,Female,36-45,New,28.0,370.0,North,18700.0,1,4
8053,Female,56+,New,38.0,410.0,South,24700.0,0,7
9090,Male,26-35,Inactive,42.0,1380.0,,40000.0,0,5
6345,Male,36-45,Active,108.0,4980.0,North,53800.0,1,4
2502,Female,18-25,New,25.0,630.0,East,30600.0,1,3
1959,Female,46-55,New,46.0,2660.0,North,62400.0,0,5
1071,Female,56+,Inactive,57.0,1720.0,South,30400.0,0,4
156,Female,26-35,Inactive,105.0,2150.0,East,42900.0,1,12
2296,Male,46-55,Active,14.0,370.0,East,50900.0,0,0
8162,Female,36-45,Active,12.0,390.0,North,36600.0,1,2
4579,Female,18-25,Active,67.0,960.0,South,37300.0,0,3
1090,Female,36-45,Active,55.0,920.0,South,22500.0,1,7
6050,Female,46-55,Active,102.0,1360.0,North,15000.0,1,8
6416,Male,36-45,Inactive,8.0,180.0,South,40100.0,0,1
2941,Female,36-45,New,53.0,,South,47000.0,1,6
724,Female,18-25,New,,30.0,West,41000.0,0,0
4385,Female,18-25,Active,86.0,1530.0,South,35100.0,1,7
931,Male,26-35,Active,60.0,,East,74900.0,0,3
2910,Female,18-25,Active,86.0,2580.0,North,37300.0,1,5
7911,Female,36-45,Active,100.0,3030.0,West,39400.0,1,3
6764,Female,18-25,Active,91.0,1350.0,North,15000.0,0,12
8424,Female,26-35,Active,1.0,20.0,North,33000.0,0,1
6417,Male,26-35,Active,105.0,1410.0,South,25400.0,1,5
896,Female,56+,Active,111.0,5940.0,North,62700.0,1,7
3248,Female,26-35,Inactive,53.0,3690.0,West,105000.0,0,5
2327,Male,36-45,Inactive,78.0,1630.0,North,27300.0,1,10
7097,Female,26-35,Active,25.0,170.0,West,17900.0,1,4
8630,Female,46-55,Active,26.0,950.0,North,,0,4
7645,Female,18-25,Inactive,78.0,1860.0,,26900.0,0,3
9782,Female,36-45,Active,13.0,350.0,West,60100.0,1,1
5039,Female,26-35,New,70.0,1580.0,South,47000.0,1,8
6451,Male,46-55,Active,2.0,10.0,,15000.0,0,0
4137,Female,36-45,New,38.0,770.0,North,39900.0,0,3
9286,Male,46-55,Active,9.0,110.0,South,25800.0,1,2
1716,Female,46-55,Active,71.0,1230.0,East,,1,5
1699,Female,46-55,Active,16.0,500.0,West,38500.0,1,4
9730,Female,36-45,Active,51.0,3890.0,South,86400.0,1,5
9589,Female,26-35,Active,2.0,40.0,West,33000.0,0,0
2751,Male,46-55,Inactive,77.0,1180.0,West,26400.0,0,8
8260,Female,36-45,New,75.0,1160.0,North,40100.0,1,4
3832,Female,18-25,Active,34.0,390.0,South,27900.0,1,3
6300,Female,26-35,New,35.0,330.0,West,,0,2
3349,Female,36-45,New,80.0,2070.0,West,28400.0,1,7
9558,Female,46-55,Active,48.0,580.0,South,18900.0,0,6
986,Female,26-35,Active,106.0,1830.0,South,30300.0,1,11
1822,Female,26-35,Active,62.0,1530.0,East,51100.0,1,5
4572,Female,26-35,New,6.0,110.0,East,,1,2
588,Male,56+,Active,53.0,1420.0,East,34600.0,1,6
9797,Male,36-45,Active,42.0,1590.0,East,85400.0,1,4
5078,Male,36-45,New,82.0,,South,30300.0,0,4
7848,Male,18-25,Active,,2050.0,East,30500.0,1,6
8359,Female,18-25,Active,17.0,250.0,South,25700.0,0,4
9649,Male,26-35,New,29.0,1760.0,East,71100.0,0,2
577,Female,46-55,Active,45.0,310.0,North,,0,6
5484,Male,18-25,New,109.0,1530.0,West,32300.0,0,9
7811,Male,46-55,Active,56.0,330.0,South,15000.0,1,3
9318,Male,18-25,Active,11.0,460.0,South,47300.0,1,0
5515,Male,18-25,New,33.0,1970.0,East,82700.0,1,2
7922,Male,56+,Active,1.0,10.0,South,16700.0,0,0
8909,Male,18-25,New,42.0,1160.0,South,63500.0,1,5
5554,Male,36-45,New,93.0,2620.0,South,33400.0,1,3
3558,Female,56+,Active,95.0,2230.0,West,39500.0,1,9
1396,Male,36-45,New,97.0,2870.0,South,52500.0,1,5
265,Female,26-35,Active,3.0,140.0,East,63200.0,0,1
3548,Female,26-35,Active,61.0,1560.0,West,33400.0,1,6
6845,Female,46-55,Active,48.0,3770.0,North,84200.0,0,3
7692,Male,18-25,Inactive,66.0,930.0,South,16600.0,0,4
6789,Female,36-45,New,76.0,2630.0,North,43700.0,1,7
3070,Male,36-45,Active,8.0,190.0,West,56600.0,1,1
5026,Female,36-45,Active,25.0,870.0,North,77900.0,1,1
8432,Male,36-45,Active,25.0,2460.0,North,127800.0,1,1
3865,Female,18-25,Inactive,86.0,,South,36600.0,1,6
9110,Male,18-25,New,55.0,2460.0,East,53900.0,0,5
2401,Female,36-45,Active,101.0,2990.0,North,56900.0,1,10
6275,Male,26-35,Inactive,27.0,1670.0,South,65200.0,1,2
8521,Female,26-35,Inactive,47.0,990.0,West,40100.0,1,2
3712,Female,36-45,Active,17.0,280.0,West,37400.0,1,3
247,Female,18-25,New,66.0,1960.0,North,30800.0,0,7
1595,Female,26-35,Active,10.0,520.0,West,97500.0,1,1
9890,Female,18-25,Inactive,114.0,4250.0,North,41600.0,1,11
1530,Male,36-45,Active,78.0,3210.0,North,51900.0,1,10
9236,Male,18-25,New,53.0,1300.0,East,56500.0,1,9
924,Female,26-35,Active,100.0,1790.0,West,24100.0,1,10
7617,Male,46-55,Active,36.0,1530.0,South,64100.0,1,5
4365,Female,26-35,Active,88.0,5270.0,West,76900.0,0,8
670,Male,18-25,Active,57.0,2140.0,North,50500.0,0,4
3605,Female,18-25,Active,2.0,70.0,West,34600.0,1,3
5109,Female,26-35,Active,76.0,,East,32800.0,1,8
1911,Male,46-55,Active,64.0,1080.0,East,30700.0,0,3
7277,Male,56+,New,52.0,,South,45300.0,0,2
8380,Male,46-55,Active,80.0,1140.0,North,22400.0,1,4
5249,Male,36-45,New,55.0,1720.0,North,31500.0,1,10
7184,Male,18-25,Inactive,84.0,5470.0,North,,0,3
3959,Male,36-45,Active,104.0,2560.0,East,30500.0,0,7
6958,Female,26-35,Active,50.0,1130.0,North,48400.0,0,3
6027,Male,46-55,Active,16.0,250.0,West,23600.0,0,1
5644,Male,18-25,Active,34.0,960.0,West,38000.0,1,2
2697,Female,36-45,Active,90.0,2370.0,South,39800.0,1,8
2592,Female,46-55,Active,6.0,150.0,North,38600.0,0,3
5907,Female,36-45,New,38.0,640.0,West,35900.0,1,3
1782,Female,36-45,Active,93.0,5430.0,West,58400.0,1,11
6510,Female,18-25,Inactive,52.0,,North,45800.0,0,9
3014,Female,26-35,Active,48.0,530.0,South,20700.0,1,4
7134,Male,18-25,Active,20.0,290.0,North,30600.0,1,0
2308,Male,46-55,Inactive,2.0,60.0,East,40800.0,0,0
7339,Male,36-45,Active,19.0,490.0,North,59100.0,1,4
3691,Male,18-25,Active,56.0,770.0,North,23200.0,0,1
688,Female,46-55,Active,23.0,970.0,East,62500.0,1,6
6012,Female,26-35,Active,3.0,180.0,North,68100.0,1,0
7072,Male,26-35,Inactive,25.0,270.0,South,24500.0,0,0
613,Female,46-55,Active,50.0,1040.0,South,31200.0,0,5
7168,Male,26-35,Inactive,16.0,280.0,North,36400.0,1,2
7705,Male,46-55,Active,82.0,1670.0,West,,1,3
3201,Female,46-55,Active,6.0,370.0,East,76200.0,0,3
2268,Female,18-25,Active,97.0,4670.0,South,62200.0,1,9
9821,Female,56+,New,81.0,2160.0,South,,0,4
6630,Female,18-25,Inactive,99.0,1240.0,North,32800.0,0,8
4136,Male,26-35,Active,75.0,3460.0,East,49200.0,1,6
1899,Male,26-35,Inactive,11.0,640.0,West,107500.0,0,5
9570,Female,46-55,Active,48.0,1400.0,West,51500.0,1,2
7782,Male,46-55,Active,2.0,50.0,West,44800.0,0,2
259,Male,26-35,New,38.0,810.0,South,53500.0,1,5
2925,Male,56+,Active,46.0,1470.0,North,40500.0,1,4
9463,Male,26-35,Active,86.0,3710.0,East,44000.0,1,9
4944,Female,18-25,New,38.0,940.0,North,32500.0,1,3
2823,Male,18-25,Active,3.0,100.0,South,43000.0,0,2
6530,Male,18-25,Active,16.0,780.0,South,50600.0,1,4
3340,Female,18-25,Inactive,107.0,,South,27400.0,1,7
3526,Male,18-25,Active,40.0,2150.0,West,100400.0,1,0
4564,Female,46-55,Inactive,93.0,3190.0,South,49700.0,1,14
9696,Male,26-35,Active,65.0,3110.0,South,71600.0,1,11
9043,Male,36-45,Active,104.0,4210.0,West,66500.0,1,6
5330,Male,26-35,Active,111.0,3170.0,South,37000.0,1,7
5224,Male,26-35,New,80.0,1260.0,South,18300.0,0,3
2286,Male,18-25,Active,20.0,510.0,West,27600.0,1,5
6064,Male,26-35,Active,52.0,1000.0,North,49200.0,0,7
4655,Male,18-25,Inactive,71.0,2360.0,East,72100.0,0,6
5001,Male,26-35,Inactive,47.0,1230.0,South,,1,3
6711,Male,18-25,New,99.0,990.0,North,17200.0,0,4
9362,Male,56+,Active,17.0,400.0,West,26500.0,0,1
485,Male,26-35,Inactive,0.0,0.0,East,24900.0,0,5
2212,Female,18-25,Inactive,51.0,1860.0,West,47300.0,0,3
5417,Male,26-35,Active,83.0,2050.0,South,28700.0,1,9
7627,Female,26-35,New,107.0,4790.0,West,47000.0,1,12
2556,Female,26-35,Active,95.0,3710.0,South,74200.0,1,10
8,Female,56+,Active,10.0,230.0,North,34700.0,0,1
3658,Male,26-35,Active,114.0,10400.0,North,122000.0,1,7
6412,Female,36-45,Active,19.0,280.0,North,19900.0,0,4
9202,Female,36-45,Inactive,28.0,640.0,North,38600.0,1,1
4875,Female,26-35,Inactive,42.0,1510.0,North,46000.0,1,8
4403,Male,46-55,New,45.0,1540.0,South,42700.0,0,6
8954,Female,18-25,New,96.0,2190.0,North,35100.0,0,5
5547,Female,36-45,Active,60.0,1260.0,East,,1,5
5298,Male,18-25,New,50.0,1600.0,North,59900.0,0,7
2427,Male,36-45,Active,88.0,1600.0,North,21400.0,1,9
6745,Male,18-25,Active,62.0,970.0,East,27600.0,0,0
1815,Female,26-35,Active,111.0,1480.0,South,25600.0,1,8
6823,Female,36-45,Active,64.0,,South,29400.0,1,7
9665,Male,18-25,Active,98.0,2520.0,North,32300.0,1,9
2275,Female,36-45,New,113.0,7830.0,North,69800.0,1,12
1012,Female,46-55,Inactive,8.0,250.0,South,32200.0,0,0
1578,Female,18-25,Active,109.0,4040.0,North,49900.0,1,8
7265,Female,36-45,Active,51.0,700.0,North,28500.0,0,5
1068,Female,26-35,New,74.0,,North,56600.0,0,5
1992,Female,26-35,New,57.0,1290.0,West,37800.0,1,7
3971,Female,46-55,Inactive,99.0,3760.0,East,49500.0,0,3
9111,Female,18-25,Inactive,93.0,4670.0,South,53700.0,0,5
5880,Male,46-55,Active,92.0,970.0,North,20400.0,1,13
8576,Female,26-35,Active,48.0,1890.0,North,40100.0,1,3
4543,Female,36-45,Active,87.0,5290.0,West,89700.0,1,5
9364,Female,26-35,Inactive,56.0,560.0,East,22300.0,1,7
7194,Female,26-35,New,108.0,3440.0,East,62400.0,0,10
3868,Male,46-55,New,82.0,2400.0,North,33400.0,0,5
9454,Female,18-25,New,47.0,1160.0,East,37900.0,1,6
6824,Male,46-55,Active,34.0,250.0,West,15000.0,1,2
3049,Female,56+,Inactive,25.0,,North,25300.0,0,4
782,Female,36-45,Active,26.0,,East,35500.0,1,2
6748,Female,56+,Active,52.0,830.0,North,32300.0,0,4
2676,Female,18-25,Active,6.0,120.0,East,40000.0,1,1
1750,Male,36-45,Active,84.0,4320.0,South,,1,6
6223,Female,26-35,Active,19.0,480.0,East,63200.0,0,2
8013,Female,26-35,Active,113.0,2320.0,East,37900.0,1,8
2792,Male,18-25,Inactive,20.0,270.0,North,20100.0,0,3
6520,Male,36-45,Active,59.0,1390.0,North,30000.0,1,2
5775,Male,26-35,Active,88.0,2050.0,North,,1,7
6358,Female,26-35,Active,0.0,0.0,North,59600.0,0,0
4980,Female,36-45,Active,29.0,400.0,West,31400.0,1,4
9523,Male,18-25,Inactive,24.0,870.0,West,65600.0,0,1
1092,Female,26-35,Inactive,76.0,1830.0,North,43600.0,1,6
6527,Male,18-25,New,4.0,430.0,West,124800.0,1,0
8344,Male,36-45,Active,95.0,1220.0,South,27900.0,0,8
4628,Male,36-45,Active,65.0,5610.0,South,88300.0,1,1
2325,Male,26-35,Active,55.0,3140.0,West,73800.0,1,7
6535,Male,26-35,Active,63.0,5870.0,West,109200.0,1,5
9009,Female,18-25,Active,107.0,2130.0,West,29900.0,1,7
5056,Male,46-55,Inactive,29.0,930.0,South,49900.0,0,1
2609,Female,26-35,Active,18.0,700.0,North,65300.0,1,4
9058,Female,26-35,New,104.0,3340.0,West,36700.0,1,6
2291,Female,36-45,New,13.0,360.0,West,33900.0,0,1
1728,Female,36-45,Inactive,90.0,4020.0,West,55900.0,0,5
611,Female,18-25,Active,93.0,4940.0,North,53500.0,1,4
4667,Female,18-25,Active,60.0,2160.0,East,54200.0,0,7
8119,Male,26-35,New,117.0,5020.0,South,61900.0,1,10
5414,Male,36-45,Active,18.0,480.0,West,31400.0,0,3
344,Female,56+,New,109.0,3490.0,West,41700.0,0,11
4684,Female,36-45,Active,15.0,400.0,East,42100.0,0,2
8822,Male,36-45,Active,30.0,1150.0,South,44200.0,1,3
3751,Male,36-45,Inactive,45.0,1200.0,North,35800.0,1,4
8489,Female,36-45,Active,60.0,5430.0,West,148700.0,1,3
9345,Female,36-45,Active,40.0,790.0,South,,1,6
6000,Female,26-35,New,120.0,3050.0,West,41100.0,1,12
3216,Female,18-25,Inactive,24.0,860.0,North,50600.0,0,3
98,Male,56+,Active,13.0,380.0,East,43700.0,1,3
9394,Male,26-35,Active,89.0,1700.0,North,39000.0,1,7
7729,Female,56+,Inactive,61.0,890.0,South,19600.0,0,4
5177,Male,26-35,Active,,1100.0,West,58400.0,1,1
7280,Female,18-25,Active,34.0,830.0,North,54400.0,0,1
6166,Female,18-25,Inactive,100.0,1670.0,East,21300.0,1,6
1538,Female,18-25,Active,12.0,780.0,North,99400.0,1,4
3589,Female,36-45,New,42.0,750.0,South,27300.0,0,6
7482,Female,18-25,Active,0.0,0.0,South,15200.0,1,2
6986,Female,26-35,New,32.0,3140.0,South,107800.0,1,6
3649,Male,18-25,New,93.0,1880.0,North,25900.0,1,8
2658,Female,36-45,Active,89.0,3020.0,North,49200.0,1,5
8870,Female,18-25,New,94.0,3130.0,West,62200.0,0,9
1518,Female,26-35,Active,70.0,3590.0,East,56400.0,1,3
5062,Male,56+,Inactive,71.0,1720.0,West,54300.0,0,5
9387,Female,36-45,Active,75.0,2440.0,South,50400.0,1,9
4625,Male,56+,New,13.0,430.0,,41200.0,0,2
4273,Female,46-55,New,8.0,760.0,North,105700.0,0,2
3670,Female,36-45,Active,63.0,2720.0,East,56100.0,0,2
6567,Female,18-25,New,84.0,2850.0,North,59300.0,1,6
5801,Male,36-45,Inactive,34.0,1170.0,East,37200.0,0,4
2091,Male,26-35,Active,100.0,3880.0,North,53800.0,1,9
7098,Male,36-45,Active,24.0,660.0,East,32000.0,1,1
6172,Male,18-25,Active,102.0,2770.0,East,32500.0,1,9
573,Female,26-35,Active,82.0,2140.0,West,,1,4
9598,Male,26-35,Inactive,17.0,900.0,North,72500.0,1,1
4689,Female,46-55,Inactive,,1460.0,East,36300.0,0,9
9211,Female,36-45,New,35.0,2890.0,East,156900.0,1,2
3063,Male,36-45,Inactive,92.0,4340.0,North,59400.0,0,7
7795,Female,36-45,New,20.0,320.0,South,25800.0,1,3
6471,Male,26-35,New,112.0,4450.0,North,54200.0,1,5
7161,Female,46-55,New,108.0,4240.0,North,46500.0,1,11
6634,Female,18-25,Inactive,118.0,3940.0,South,43100.0,1,9
9603,Female,56+,New,12.0,270.0,,39300.0,0,3
7992,Female,18-25,Active,34.0,660.0,East,46900.0,1,3
7346,Female,26-35,Inactive,9.0,170.0,East,48100.0,1,3
6305,Female,46-55,New,93.0,2590.0,South,42800.0,0,12
7966,Female,36-45,New,105.0,3310.0,North,35900.0,1,8
9479,Male,26-35,New,102.0,2030.0,East,27700.0,1,11
9642,Male,26-35,Active,10.0,150.0,South,21400.0,0,2
4480,Female,26-35,Active,4.0,50.0,South,20600.0,1,0
4949,Female,46-55,Inactive,13.0,860.0,South,114700.0,0,0
5977,Female,26-35,Inactive,41.0,1300.0,North,37000.0,1,4
371,Female,26-35,Active,73.0,1270.0,North,21900.0,1,3
1939,Male,26-35,New,120.0,4920.0,,42900.0,0,6
2353,Male,26-35,Active,68.0,1840.0,East,47400.0,1,4
7128,Female,36-45,New,61.0,1980.0,West,34000.0,0,4
1754,Female,36-45,New,91.0,3770.0,East,49800.0,0,6
3671,Male,46-55,New,102.0,2510.0,North,54400.0,1,10
7299,Female,26-35,Active,66.0,1880.0,West,35900.0,1,11
3653,Male,18-25,Inactive,36.0,790.0,North,35200.0,0,1
5202,Male,26-35,Inactive,64.0,2600.0,South,67700.0,0,5
7975,Female,56+,Active,117.0,8760.0,East,84500.0,1,9
2362,Male,36-45,Inactive,67.0,2140.0,West,41800.0,0,5
4261,Female,36-45,Active,0.0,0.0,East,42800.0,0,0
5433,Female,56+,Active,28.0,920.0,North,47900.0,1,2
6286,Female,36-45,New,61.0,1950.0,North,43900.0,0,7
4992,Female,18-25,Active,71.0,1040.0,South,21600.0,0,4
7664,Female,36-45,Active,40.0,2030.0,West,71800.0,1,2
9502,Female,18-25,Active,113.0,2030.0,North,45300.0,1,12
3738,Female,26-35,Active,,1490.0,East,34000.0,1,5
7584,Female,26-35,New,69.0,1480.0,North,28500.0,0,3
8597,Female,18-25,Active,65.0,2100.0,West,50000.0,1,8
8964,Female,18-25,Inactive,75.0,1940.0,South,28800.0,1,6
8574,Male,36-45,Inactive,89.0,3060.0,South,39400.0,0,10
5592,Female,18-25,Active,1.0,,East,47900.0,1,0
1172,Female,36-45,Inactive,21.0,490.0,West,45200.0,0,3
7371,Male,26-35,Active,20.0,840.0,West,62900.0,1,0
8004,Male,26-35,Active,96.0,1600.0,South,24000.0,1,11
8154,Female,26-35,New,43.0,1430.0,West,59700.0,1,1
1423,Female,36-45,New,31.0,1320.0,North,57400.0,1,1
6783,Female,18-25,Active,52.0,,East,36000.0,1,8
9483,Female,56+,Active,25.0,270.0,North,15000.0,1,2
6107,Female,18-25,Active,26.0,330.0,East,16400.0,0,4
9388,Female,26-35,Active,8.0,150.0,West,29900.0,1,0
8086,Female,18-25,Active,69.0,2940.0,North,48100.0,1,5
6340,Female,18-25,Active,109.0,1680.0,West,27900.0,0,5
9201,Male,36-45,Active,41.0,,North,18100.0,1,3
875,Female,56+,Active,52.0,1650.0,East,39300.0,1,2
2298,Male,18-25,Inactive,52.0,1880.0,East,39800.0,1,6
2644,Female,26-35,Inactive,95.0,4160.0,North,43900.0,1,7
7595,Female,46-55,Inactive,4.0,90.0,East,36600.0,0,2
1720,Female,56+,Active,85.0,2190.0,North,40300.0,0,6
5348,Female,26-35,Inactive,62.0,1030.0,North,37300.0,1,9
5933,Male,18-25,Active,77.0,1960.0,West,41800.0,1,10
841,Male,46-55,Active,,740.0,East,23000.0,1,13
9977,Female,36-45,New,52.0,1260.0,North,25300.0,1,3
582,Female,26-35,Active,34.0,1040.0,West,34000.0,1,3
205,Male,36-45,Active,120.0,1420.0,North,29900.0,1,9
1642,Male,18-25,Active,113.0,3450.0,East,31600.0,1,10
2015,Male,26-35,New,117.0,2700.0,East,48400.0,0,9
3254,Female,26-35,Active,117.0,4840.0,North,58100.0,1,14
9124,Male,18-25,New,91.0,2390.0,,52400.0,1,12
906,Female,18-25,New,74.0,1320.0,,47300.0,1,6
632,Female,26-35,Active,111.0,5380.0,West,,1,7
8456,Male,56+,Active,,100.0,East,89100.0,0,0
7889,Female,46-55,New,103.0,5300.0,West,58600.0,0,13
1975,Male,18-25,Inactive,11.0,450.0,East,55700.0,0,3
163,Male,26-35,Active,0.0,0.0,East,20700.0,1,0
4999,Male,26-35,New,1.0,40.0,South,42400.0,0,1
1244,Male,36-45,Active,27.0,600.0,West,25800.0,0,1
9490,Female,46-55,New,100.0,1730.0,East,,0,6
7830,Male,26-35,Inactive,50.0,1650.0,East,55200.0,0,7
4714,Female,18-25,Inactive,23.0,420.0,West,46000.0,1,2
876,Female,36-45,Active,32.0,1480.0,South,80300.0,1,3
1432,Female,18-25,Inactive,8.0,580.0,West,76100.0,0,1
8776,Male,26-35,Active,26.0,1090.0,North,45800.0,0,3
6869,Female,18-25,Active,119.0,8960.0,North,106300.0,1,14
4644,Male,36-45,Active,15.0,150.0,West,27000.0,0,4
5081,Male,26-35,Active,39.0,480.0,,24700.0,1,6
5784,Female,18-25,Inactive,111.0,1990.0,West,29700.0,1,13
9176,Female,26-35,Active,21.0,510.0,West,50600.0,1,2
8888,Female,18-25,New,89.0,1000.0,North,23700.0,1,6
7532,Male,36-45,New,96.0,2540.0,West,49900.0,1,10
8774,Female,36-45,Active,5.0,210.0,West,64500.0,0,2
7824,Male,46-55,Inactive,53.0,710.0,North,27700.0,0,3
9477,Female,36-45,Active,83.0,7670.0,North,97600.0,1,5
2857,Female,18-25,New,119.0,2610.0,West,42900.0,0,6
1862,Female,56+,Inactive,44.0,1190.0,South,41100.0,1,5
2660,Male,26-35,Inactive,59.0,2520.0,South,48500.0,1,4
3385,Male,36-45,Inactive,23.0,1260.0,South,63600.0,1,3
9604,Male,36-45,Active,3.0,110.0,West,38500.0,0,0
9816,Male,18-25,Inactive,96.0,4150.0,West,44900.0,0,6
8158,Male,36-45,Inactive,27.0,780.0,South,41600.0,0,1
8383,Male,26-35,Active,73.0,1310.0,West,20600.0,1,3
7463,Male,56+,New,113.0,2130.0,North,37200.0,1,13
6887,Male,36-45,Active,3.0,60.0,South,22500.0,1,0
4734,Male,36-45,Active,100.0,2270.0,West,46300.0,1,5
3332,Male,26-35,Inactive,41.0,690.0,,,1,3
9044,Female,26-35,Active,114.0,3640.0,South,51100.0,1,3
8673,Female,26-35,Active,110.0,1940.0,West,36900.0,1,9
6405,Male,26-35,Inactive,20.0,820.0,West,68200.0,0,4
8382,Female,18-25,Inactive,66.0,2590.0,South,76500.0,0,3
9504,Male,56+,Active,102.0,2510.0,North,,0,5
7061,Male,56+,Active,6.0,120.0,West,28800.0,0,0
2097,Male,26-35,Active,1.0,20.0,North,31000.0,1,2
2004,Female,56+,New,80.0,2130.0,North,31500.0,1,8
9018,Male,26-35,Inactive,12.0,180.0,North,38300.0,0,1
8792,Female,56+,Inactive,116.0,3310.0,South,71800.0,0,10
4677,Male,36-45,New,75.0,3350.0,South,45600.0,1,14
5018,Female,46-55,New,29.0,410.0,North,34800.0,0,2
7470,Female,18-25,Active,33.0,1140.0,West,49600.0,0,2
547,Male,36-45,Active,83.0,1280.0,West,26700.0,0,3
1450,Male,36-45,Active,79.0,4900.0,West,82300.0,1,5
3987,Male,18-25,Inactive,55.0,760.0,West,27600.0,0,4
6901,Male,18-25,Active,20.0,220.0,West,15000.0,1,1
2611,Female,36-45,Active,95.0,4310.0,North,50100.0,1,7
1901,Female,18-25,New,80.0,3440.0,East,47700.0,1,6
3921,Male,36-45,New,50.0,1530.0,North,31500.0,1,6
2758,Female,26-35,Inactive,67.0,1400.0,,27200.0,0,8
6125,Male,36-45,Active,63.0,1410.0,North,41300.0,1,9
6398,Male,36-45,Active,71.0,1230.0,East,30700.0,1,5
1886,Male,26-35,New,42.0,830.0,West,49200.0,0,7
9863,Male,46-55,Active,14.0,1120.0,South,102600.0,1,1
5739,Female,18-25,Active,14.0,380.0,East,30500.0,1,1
8705,Female,18-25,New,36.0,1610.0,North,44800.0,0,2
5891,Female,26-35,Inactive,15.0,440.0,South,35500.0,1,1
2098,Female,18-25,Inactive,,2270.0,East,42900.0,1,5
9327,Female,46-55,Inactive,83.0,1990.0,North,52500.0,1,4
5693,Female,26-35,Active,88.0,1320.0,South,27500.0,1,11
500,Female,46-55,Active,65.0,2600.0,South,45000.0,1,7
5625,Male,18-25,Active,100.0,2330.0,South,25900.0,1,10
837,Female,26-35,Active,69.0,650.0,East,,1,7
3472,Male,36-45,Active,75.0,1880.0,South,30800.0,1,9
4698,Female,46-55,Inactive,102.0,2920.0,West,44400.0,0,12
6281,Female,56+,Inactive,85.0,4200.0,West,50600.0,1,5
8921,Male,56+,New,7.0,,East,15800.0,0,1
2172,Male,46-55,Active,47.0,560.0,North,18600.0,0,5
9963,Male,56+,Active,52.0,1400.0,North,39600.0,0,7
5679,Female,36-45,Active,77.0,1060.0,South,26400.0,0,7
9222,Male,18-25,Inactive,95.0,1590.0,West,41800.0,0,5
399,Female,46-55,New,12.0,480.0,North,86400.0,1,2
2011,Male,56+,Active,74.0,2160.0,North,48900.0,1,8
5167,Male,18-25,Active,45.0,1000.0,North,26900.0,0,2
5872,Male,56+,New,119.0,7410.0,West,80400.0,1,7
9832,Male,56+,Inactive,48.0,3860.0,South,88600.0,0,1
1284,Female,18-25,New,5.0,140.0,North,48000.0,1,2
8426,Female,18-25,New,74.0,4420.0,North,84200.0,0,6
2449,Female,46-55,New,81.0,1070.0,West,30200.0,1,9
4257,Male,18-25,Active,116.0,7560.0,West,100200.0,1,7
1837,Male,36-45,Active,73.0,3110.0,North,96800.0,1,4
9636,Male,46-55,Active,,1210.0,South,18600.0,1,2
1020,Male,36-45,Active,84.0,1730.0,South,28800.0,0,9
5067,Female,46-55,Active,84.0,2240.0,South,,0,11
1327,Male,36-45,Active,78.0,4270.0,East,89100.0,1,9
7628,Female,46-55,Active,1.0,10.0,North,20600.0,0,0
476,Male,18-25,Active,119.0,3310.0,South,34100.0,1,8
2811,Male,36-45,Inactive,26.0,720.0,South,29700.0,0,3
9118,Female,26-35,New,37.0,1050.0,North,43400.0,0,3
1652,Male,36-45,Active,90.0,1660.0,West,35500.0,0,9
9651,Female,26-35,Active,46.0,1150.0,East,34100.0,1,7
1170,Male,46-55,Active,120.0,5880.0,North,59400.0,1,5
2529,Female,36-45,New,76.0,1410.0,,46200.0,0,5
1207,Female,26-35,New,87.0,4520.0,West,61800.0,1,4
6257,Female,36-45,Active,61.0,3370.0,South,63100.0,0,6
8910,Male,36-45,New,18.0,770.0,South,68900.0,1,0
5470,Male,18-25,Active,55.0,1480.0,West,54800.0,1,3
9421,Male,46-55,New,6.0,160.0,South,31200.0,0,1
432,Female,36-45,Inactive,79.0,2580.0,South,60800.0,1,5
7764,Male,26-35,Inactive,81.0,2630.0,East,48300.0,0,7
868,Female,18-25,New,56.0,3890.0,West,114100.0,1,6
2975,Female,18-25,Inactive,40.0,800.0,South,22000.0,1,3
5237,Male,36-45,Active,1.0,30.0,East,45400.0,0,1
5094,Male,46-55,New,19.0,570.0,North,32000.0,0,5
5434,Male,46-55,Active,109.0,2030.0,South,40100.0,1,4
542,Female,26-35,Active,13.0,270.0,East,21500.0,1,2
5196,Female,36-45,Active,64.0,1640.0,North,32600.0,1,3
1133,Male,18-25,Active,41.0,750.0,East,28500.0,1,3
9877,Female,56+,Active,115.0,2460.0,South,29800.0,0,8
4502,Female,56+,Active,5.0,130.0,South,46000.0,0,2
6355,Male,36-45,Active,38.0,1040.0,East,67200.0,1,2
9371,Female,36-45,Active,27.0,1170.0,North,58700.0,1,4
3391,Male,46-55,Active,68.0,1400.0,West,25000.0,0,9
3889,Female,36-45,Active,55.0,1320.0,East,40800.0,1,8
2963,Male,46-55,Active,95.0,880.0,North,17900.0,0,8
4156,Male,46-55,New,4.0,200.0,South,49700.0,0,0
3260,Male,46-55,Active,104.0,4190.0,South,51700.0,1,242
6303,Female,26-35,New,11.0,290.0,West,29600.0,1,1
6035,Female,26-35,Active,58.0,1620.0,South,32500.0,1,4
7984,Female,46-55,Inactive,42.0,1900.0,North,58000.0,0,1
9976,Male,26-35,New,15.0,400.0,East,36000.0,1,0
2584,Male,36-45,Inactive,106.0,4680.0,North,50400.0,1,8
2814,Male,26-35,Active,58.0,1340.0,,27500.0,1,5
3960,Male,18-25,Active,27.0,870.0,North,37600.0,1,4
2948,Female,26-35,Active,102.0,7400.0,South,102200.0,1,9
6644,Male,36-45,Active,8.0,270.0,South,43000.0,0,3
5175,Male,18-25,New,14.0,260.0,South,29700.0,1,0
6842,Female,26-35,Active,106.0,2580.0,East,34000.0,1,12
8334,Female,56+,Inactive,99.0,4360.0,North,65700.0,0,9
3587,Male,26-35,New,41.0,340.0,,15000.0,1,2
9266,Female,56+,Active,109.0,2060.0,West,30100.0,1,9
8056,Female,18-25,New,52.0,1800.0,East,34900.0,0,1
2564,Female,56+,New,86.0,4110.0,West,50300.0,0,6
2631,Male,26-35,Active,103.0,2140.0,West,37700.0,1,6
3191,Male,26-35,Active,16.0,240.0,South,27600.0,0,2
8256,Male,26-35,Inactive,66.0,2930.0,,68300.0,0,6
7709,Male,46-55,New,63.0,1110.0,East,41500.0,0,4
5037,Female,46-55,Active,5.0,130.0,South,30000.0,0,0
1081,Male,36-45,Active,92.0,3080.0,West,42600.0,0,6
4284,Male,36-45,New,62.0,1640.0,East,43800.0,1,6
8064,Female,26-35,New,8.0,260.0,South,59000.0,0,1
7086,Female,26-35,Active,17.0,560.0,West,45900.0,0,3
2086,Male,46-55,Active,0.0,0.0,South,37100.0,0,2
6346,Female,18-25,Inactive,27.0,,North,39400.0,1,2
2453,Female,36-45,New,74.0,2030.0,South,38300.0,1,5
4967,Male,46-55,New,67.0,,South,39600.0,0,5
2024,Male,18-25,Inactive,48.0,880.0,North,48000.0,1,4
8139,Female,26-35,Active,7.0,190.0,East,61300.0,1,1
9025,Female,46-55,New,106.0,1760.0,West,28200.0,0,4
9910,Female,26-35,Active,27.0,1440.0,West,75100.0,0,4
7322,Male,36-45,Active,100.0,1110.0,South,28200.0,1,2
227,Male,36-45,Active,68.0,2060.0,South,75300.0,1,6
1014,Female,26-35,Active,26.0,1310.0,South,105700.0,1,9
6680,Female,26-35,Inactive,118.0,1850.0,North,32100.0,0,8
1930,Male,46-55,Active,98.0,2000.0,West,36100.0,1,11
1044,Female,26-35,New,97.0,4720.0,,65700.0,0,12
5252,Male,18-25,Active,21.0,1050.0,East,82600.0,1,2
1405,Male,36-45,New,31.0,1110.0,South,49300.0,0,3
2180,Female,26-35,Active,46.0,1800.0,North,53700.0,1,4
698,Female,36-45,Active,48.0,1210.0,South,32500.0,0,0
1125,Male,56+,Inactive,62.0,1880.0,West,33800.0,0,5
7379,Male,36-45,Inactive,88.0,4530.0,North,62200.0,1,8
3896,Female,36-45,Active,57.0,1400.0,West,45600.0,1,8
8253,Female,36-45,New,116.0,3370.0,West,35100.0,1,9
5111,Male,18-25,Active,89.0,1750.0,East,23000.0,0,11
1779,Male,26-35,Active,79.0,1840.0,East,42800.0,1,5
7852,Female,36-45,Inactive,21.0,350.0,South,31200.0,1,2
2635,Female,18-25,Active,85.0,700.0,South,21600.0,0,4
7188,Male,56+,Active,47.0,3050.0,West,95100.0,1,3
7545,Female,36-45,New,89.0,6570.0,West,74200.0,1,8
7605,Female,18-25,Active,79.0,1160.0,East,15000.0,0,11
3490,Female,56+,New,82.0,,East,31300.0,1,6
8295,Female,56+,Active,81.0,1000.0,South,28700.0,0,6
1038,Male,26-35,Active,27.0,430.0,West,30800.0,0,2
6094,Female,18-25,Active,,60.0,,39300.0,1,0
2257,Female,36-45,Active,1.0,10.0,East,19500.0,1,2
8226,Male,46-55,Active,20.0,1070.0,North,61600.0,0,0
2614,Female,36-45,Inactive,83.0,2940.0,North,37700.0,0,7
314,Male,56+,Active,16.0,430.0,South,29900.0,1,1
2650,Female,26-35,New,31.0,500.0,South,31600.0,0,4
2282,Male,56+,Inactive,1.0,40.0,West,43300.0,0,1
6742,Male,36-45,Inactive,65.0,1900.0,East,56600.0,0,3
2980,Female,46-55,New,113.0,2720.0,North,31800.0,1,10
2548,Male,18-25,New,39.0,840.0,West,37400.0,1,2
5513,Female,56+,Active,29.0,1340.0,North,,0,4
5133,Male,46-55,Active,92.0,1700.0,,24300.0,0,3
2160,Male,56+,Active,42.0,580.0,West,33100.0,0,1
7081,Female,46-55,Active,,3780.0,West,41700.0,1,6
3138,Male,18-25,New,18.0,600.0,West,37100.0,0,4
9117,Male,36-45,Active,107.0,1220.0,North,28100.0,0,4
5851,Female,26-35,New,36.0,1840.0,East,100800.0,0,6
9905,Female,36-45,Active,77.0,1470.0,East,34000.0,1,6
6446,Male,36-45,New,15.0,380.0,East,27500.0,0,1
3968,Male,36-45,Active,90.0,4630.0,East,72800.0,0,5
1429,Female,18-25,Inactive,67.0,2720.0,West,59400.0,0,2
8458,Female,26-35,Active,67.0,2910.0,East,63800.0,1,8
2521,Male,26-35,New,59.0,1920.0,South,34300.0,0,6
7903,Female,56+,Active,39.0,2950.0,North,77000.0,1,3
4970,Female,56+,Active,59.0,1720.0,South,42500.0,1,5
1856,Female,26-35,Inactive,,1020.0,South,36300.0,0,3
8671,Male,56+,New,62.0,3520.0,East,74600.0,0,3
5603,Female,36-45,Active,46.0,1340.0,South,52100.0,1,4
7272,Female,26-35,New,85.0,1210.0,East,28700.0,1,5
9908,Female,18-25,New,20.0,590.0,North,33400.0,0,3
449,Male,18-25,Inactive,5.0,360.0,South,76700.0,0,0
7767,Female,26-35,Active,53.0,1390.0,East,28400.0,1,5
1285,Female,46-55,Active,44.0,1050.0,South,44400.0,1,5
5996,Male,36-45,New,2.0,40.0,West,39000.0,0,2
7965,Male,26-35,New,66.0,4730.0,West,81900.0,1,8
3728,Male,36-45,New,48.0,2520.0,North,65500.0,1,4
7354,Female,18-25,Active,111.0,3060.0,East,37300.0,1,9
362,Male,36-45,Active,35.0,660.0,South,42200.0,1,2
6280,Male,18-25,New,48.0,1670.0,North,35600.0,0,6
5231,Female,36-45,Inactive,50.0,420.0,South,21300.0,0,3
8980,Female,36-45,New,38.0,1070.0,East,60600.0,1,6
7296,Female,56+,Active,62.0,1150.0,East,34000.0,0,5
8929,Male,36-45,Active,24.0,380.0,West,31300.0,1,3
7535,Male,18-25,Active,92.0,3980.0,North,69200.0,1,10
6252,Male,36-45,New,55.0,1080.0,West,24300.0,1,10
5927,Female,46-55,Active,81.0,,North,70900.0,1,10
5150,Male,56+,Active,20.0,510.0,North,43100.0,0,1
2461,Female,46-55,Active,48.0,810.0,East,30400.0,0,2
23,Female,26-35,New,64.0,6150.0,South,102500.0,0,5
2067,Female,18-25,Inactive,0.0,0.0,East,45500.0,1,0
1654,Male,36-45,Inactive,41.0,4030.0,South,105400.0,1,8
703,Male,18-25,Active,119.0,1400.0,South,15000.0,1,13
8527,Female,18-25,New,31.0,760.0,,47400.0,1,6
2744,Female,36-45,Active,68.0,3240.0,East,85600.0,1,10
1377,Female,46-55,Inactive,10.0,290.0,East,34200.0,1,3
1725,Female,18-25,New,34.0,950.0,West,30200.0,0,1
2469,Female,26-35,New,85.0,1830.0,North,24600.0,1,6
3755,Female,26-35,Active,51.0,980.0,West,43100.0,1,4
2326,Female,18-25,Inactive,119.0,3200.0,North,29400.0,1,5
461,Female,56+,Active,71.0,2110.0,East,39000.0,1,0
5164,Male,26-35,New,61.0,1820.0,East,47800.0,1,8
4184,Female,26-35,Inactive,92.0,3980.0,South,77600.0,1,8
5527,Male,26-35,Inactive,100.0,3260.0,East,53500.0,1,7
4083,Female,26-35,Active,115.0,3160.0,North,,1,5
1487,Female,56+,Active,56.0,440.0,,15000.0,0,5
3679,Male,36-45,New,59.0,2720.0,North,46800.0,0,5
7730,Male,26-35,New,73.0,1980.0,South,42400.0,1,10
283,Male,26-35,Active,44.0,890.0,East,33100.0,1,5
6580,Female,18-25,Active,23.0,450.0,North,41200.0,1,0
4559,Male,18-25,Inactive,55.0,1280.0,South,29100.0,0,3
4309,Female,26-35,Inactive,21.0,,North,25100.0,0,1
6685,Male,26-35,Active,64.0,1070.0,East,,1,4
4866,Male,18-25,Active,73.0,83760.2453938303,West,35300.0,1,7
3538,Female,46-55,New,57.0,2090.0,West,47400.0,0,4
3869,Female,18-25,Active,0.0,,South,49800.0,1,0
7004,Female,56+,Active,29.0,890.0,East,33200.0,0,8
2582,Female,18-25,Inactive,59.0,1520.0,South,32900.0,0,8
1369,Male,36-45,Active,48.0,1910.0,West,53700.0,1,6
9509,Female,18-25,Active,70.0,1540.0,West,22700.0,1,2
8918,Male,36-45,Active,18.0,540.0,South,32800.0,0,0
598,Female,26-35,Active,97.0,2000.0,West,43900.0,1,5
4352,Male,36-45,Active,92.0,3480.0,North,38600.0,1,3
6347,Female,26-35,Active,92.0,1750.0,South,40900.0,1,8
9014,Male,36-45,Inactive,51.0,1020.0,East,26400.0,0,4
6380,Female,26-35,Inactive,30.0,930.0,South,33700.0,0,0
4759,Male,18-25,Active,14.0,350.0,South,46200.0,0,3
647,Male,26-35,Inactive,49.0,2660.0,South,61700.0,0,1
6382,Female,26-35,New,69.0,1080.0,North,20100.0,1,7
7528,Female,46-55,Inactive,81.0,1810.0,West,31100.0,1,8
9737,Male,36-45,Inactive,120.0,2770.0,North,24300.0,1,12
6024,Female,36-45,Active,50.0,2710.0,,86600.0,1,5
8022,Male,46-55,Active,13.0,190.0,East,16000.0,1,2
7166,Male,36-45,New,56.0,2740.0,East,56500.0,1,6
3469,Male,18-25,Active,40.0,380.0,East,15000.0,0,5
7863,Male,18-25,Active,24.0,440.0,South,31900.0,1,4
7698,Female,46-55,Active,17.0,680.0,West,50300.0,1,2
2991,Female,26-35,Active,120.0,3020.0,West,47900.0,1,8
9445,Female,18-25,New,92.0,1830.0,North,48700.0,1,9
4876,Female,36-45,Inactive,118.0,2680.0,East,39600.0,1,10
2545,Female,26-35,Active,13.0,260.0,South,41600.0,0,0
8633,Male,36-45,Active,8.0,360.0,,51200.0,1,3
7799,Male,18-25,Active,96.0,2590.0,East,,1,6
5342,Male,56+,New,80.0,2570.0,North,33800.0,0,7
1568,Male,36-45,Active,100.0,2820.0,South,28700.0,1,4
8329,Female,26-35,Inactive,84.0,1310.0,South,16400.0,0,9
4067,Male,56+,Active,,2780.0,North,30100.0,1,10
3989,Female,46-55,Active,87.0,2500.0,South,65800.0,1,3
7032,Male,18-25,Active,56.0,1380.0,South,52200.0,1,4
2161,Male,18-25,New,99.0,,South,20100.0,1,8
686,Male,36-45,Active,45.0,1440.0,South,36700.0,0,6
7603,Female,18-25,Active,33.0,1260.0,North,86900.0,1,3
6034,Male,26-35,Active,110.0,1450.0,South,21900.0,1,9
3244,Male,18-25,Active,7.0,130.0,North,44100.0,0,3
5845,Female,56+,Inactive,44.0,690.0,North,28800.0,0,3
8218,Female,18-25,Active,41.0,2890.0,East,87800.0,0,2
2462,Female,26-35,Active,106.0,2430.0,North,29500.0,1,14
4084,Male,26-35,New,99.0,1990.0,South,,1,8
2838,Male,26-35,New,76.0,1940.0,South,43900.0,1,8
3698,Male,26-35,Active,107.0,3760.0,North,39000.0,1,7
7129,Female,26-35,Inactive,46.0,790.0,South,21800.0,1,5
6268,Female,18-25,Active,103.0,2360.0,East,48800.0,1,16
4942,Male,46-55,Active,99.0,7210.0,West,87200.0,1,4
5947,Male,18-25,Active,27.0,2220.0,North,89000.0,1,2
4584,Female,36-45,Active,6.0,150.0,West,56400.0,1,1
5785,Male,26-35,Active,86.0,2040.0,South,35100.0,0,13
4041,Male,36-45,Active,50.0,760.0,South,17800.0,1,3
2231,Male,26-35,Active,35.0,1440.0,West,42700.0,1,2
7570,Female,36-45,New,37.0,1020.0,South,29200.0,1,6
936,Male,18-25,Active,100.0,3100.0,East,33700.0,1,8
2321,Male,26-35,Inactive,28.0,1930.0,West,124400.0,0,3
4879,Male,18-25,Inactive,45.0,950.0,West,50300.0,0,5
522,Male,36-45,New,56.0,,East,32400.0,1,6
523,Male,18-25,Active,78.0,1360.0,West,30800.0,1,8
5346,Male,56+,New,11.0,220.0,North,45400.0,0,0
9916,Male,46-55,Active,21.0,300.0,North,21300.0,0,6
3360,Female,18-25,Active,55.0,1040.0,North,42800.0,0,8
1312,Female,36-45,Inactive,101.0,,West,,0,9
3984,Male,36-45,Inactive,30.0,1260.0,West,42100.0,0,3
6495,Female,18-25,Inactive,107.0,3070.0,South,31900.0,1,5
9600,Female,26-35,Active,63.0,1250.0,North,36300.0,1,5
1717,Male,26-35,New,79.0,2400.0,East,,0,5
781,Male,26-35,Active,79.0,2090.0,West,32700.0,1,10
8836,Male,36-45,Active,27.0,910.0,South,41500.0,1,3
8267,Female,26-35,New,57.0,2690.0,West,59800.0,0,3
5608,Female,36-45,Inactive,77.0,2550.0,East,46200.0,1,7
5979,Male,18-25,Inactive,23.0,1260.0,West,91200.0,1,2
652,Female,26-35,Active,32.0,1060.0,North,67700.0,1,3
3748,Female,26-35,New,1.0,20.0,North,33600.0,1,3
2197,Male,18-25,Active,88.0,3350.0,North,61000.0,1,9
8454,Female,46-55,New,88.0,3080.0,South,51100.0,1,6
370,Female,56+,Active,,590.0,West,25200.0,0,6
9924,Male,36-45,Inactive,116.0,2940.0,South,46100.0,1,15
8073,Male,26-35,Active,4.0,50.0,North,15000.0,1,2
4215,Female,26-35,Active,75.0,1880.0,West,44500.0,1,5
378,Male,26-35,Active,81.0,1470.0,South,24500.0,1,5
9486,Male,46-55,Active,69.0,1410.0,East,34100.0,1,2
2217,Male,26-35,Active,56.0,690.0,West,,0,4
8720,Male,18-25,Active,28.0,820.0,West,63300.0,1,0
1614,Male,46-55,New,70.0,2460.0,South,48900.0,1,5
6980,Female,56+,Active,75.0,2530.0,South,50300.0,0,4
7550,Male,18-25,Active,93.0,1160.0,West,,0,5
1828,Female,18-25,New,6.0,310.0,North,73800.0,0,1
3633,Female,56+,Inactive,37.0,1050.0,South,48600.0,0,1
963,Male,56+,Active,,970.0,North,15700.0,1,8
2994,Female,18-25,New,26.0,,East,66900.0,0,1
6607,Female,56+,New,36.0,900.0,North,44100.0,0,1
9712,Male,18-25,Inactive,,3700.0,West,34700.0,0,3
2377,Female,18-25,Active,110.0,1330.0,South,,1,10
8268,Male,26-35,New,62.0,1670.0,East,47400.0,1,7
360,Female,36-45,Inactive,24.0,680.0,North,28500.0,1,3
3840,Male,26-35,New,100.0,5420.0,West,59900.0,0,6
8225,Male,26-35,New,18.0,480.0,North,50800.0,0,0
1247,Female,26-35,Inactive,88.0,3870.0,West,69700.0,0,6
7505,Female,26-35,Active,36.0,1010.0,South,38500.0,1,2
8385,Male,36-45,Active,42.0,670.0,North,24400.0,0,5
6512,Male,18-25,Active,113.0,3320.0,South,32600.0,0,3
5088,Male,46-55,Inactive,77.0,1540.0,East,47200.0,0,5
3695,Female,18-25,Active,42.0,2260.0,West,58100.0,0,7
1574,Female,46-55,Active,23.0,720.0,North,31700.0,0,8
6282,Male,46-55,New,70.0,1230.0,West,35000.0,0,7
5440,Male,36-45,Active,116.0,1480.0,North,20100.0,1,8
2568,Male,26-35,New,38.0,660.0,West,31700.0,1,2
3424,Male,36-45,Active,58.0,2030.0,West,,1,6
2038,Male,36-45,Inactive,75.0,1740.0,South,38700.0,0,7
9281,Female,26-35,New,4.0,120.0,North,32800.0,1,0
773,Female,26-35,Inactive,1.0,20.0,North,21100.0,0,0
5381,Male,26-35,Inactive,35.0,1380.0,East,64700.0,1,3
9608,Female,56+,New,106.0,2990.0,West,28600.0,0,11
3563,Female,46-55,Active,114.0,1890.0,North,35900.0,0,5
563,Female,46-55,Active,61.0,500.0,West,20500.0,1,4
6684,Female,36-45,Active,4.0,180.0,North,75100.0,1,0
2547,Female,46-55,Active,35.0,870.0,West,41100.0,1,5
5511,Male,18-25,Inactive,54.0,2890.0,East,71400.0,1,4
5331,Female,46-55,Inactive,104.0,2420.0,East,41700.0,0,9
8164,Male,46-55,Inactive,101.0,,South,55400.0,0,9
4532,Male,18-25,Active,33.0,190.0,South,15000.0,0,4
1675,Female,18-25,Active,75.0,2970.0,South,42300.0,1,2
7396,Female,46-55,New,94.0,3160.0,South,50000.0,0,8
366,Male,18-25,Inactive,71.0,9410.0,,228800.0,1,10
8084,Female,36-45,Active,108.0,5040.0,West,62100.0,1,13
9296,Male,26-35,New,41.0,1200.0,North,31000.0,1,2
4328,Female,18-25,Inactive,67.0,2330.0,East,40500.0,1,7
9486,Male,46-55,Active,69.0,1410.0,East,34100.0,1,2
148,Female,18-25,Active,12.0,340.0,East,29600.0,1,1
1669,Male,26-35,New,107.0,2320.0,East,27200.0,1,6
3089,Female,46-55,Active,29.0,730.0,West,33100.0,0,3
8882,Female,36-45,Active,77.0,2730.0,North,36000.0,1,7
7651,Female,18-25,Active,21.0,340.0,North,33500.0,0,2
408,Female,36-45,Active,18.0,590.0,West,40000.0,1,2
9624,Female,18-25,Active,77.0,4230.0,South,56100.0,1,10
7789,Female,46-55,Active,70.0,1380.0,South,34400.0,1,6
3457,Female,18-25,Active,8.0,,South,28400.0,0,3
6187,Female,36-45,Active,120.0,2310.0,South,42600.0,1,11
4183,Female,36-45,Active,113.0,3430.0,West,37500.0,1,7
3577,Female,26-35,Active,111.0,6870.0,North,66000.0,1,6
3272,Female,36-45,Inactive,72.0,2080.0,West,,1,5
4941,Female,36-45,Inactive,52.0,2750.0,North,68700.0,0,6
1032,Female,26-35,Inactive,79.0,2080.0,South,44600.0,1,8
8060,Female,46-55,New,48.0,1040.0,South,25600.0,1,4
6231,Female,18-25,New,41.0,,East,85600.0,0,4
6593,Male,26-35,Inactive,90.0,2780.0,East,43600.0,1,7
8944,Female,36-45,Active,0.0,0.0,South,,1,2
9851,Male,36-45,New,118.0,4000.0,West,41000.0,1,4
6725,Male,46-55,Active,,,South,24500.0,0,3
9707,Female,36-45,Inactive,102.0,4140.0,South,78600.0,1,15
8120,Female,36-45,Active,11.0,440.0,North,42900.0,1,2
856,Female,26-35,Active,62.0,1910.0,North,36700.0,1,2
3927,Female,26-35,Active,3.0,170.0,West,87000.0,0,2
8585,Female,26-35,Active,38.0,2200.0,North,65800.0,1,5
79,Female,36-45,New,113.0,3290.0,North,35300.0,1,11
7089,Male,26-35,New,102.0,3760.0,East,41700.0,1,7
2248,Female,36-45,Active,32.0,,North,38800.0,1,5
8299,Male,46-55,Inactive,68.0,8500.0,East,136200.0,0,6
4027,Female,36-45,Active,10.0,200.0,South,22800.0,0,3
9989,Male,36-45,Inactive,59.0,2610.0,South,56200.0,1,5
9611,Female,18-25,Active,47.0,980.0,South,21100.0,1,5
9333,Male,36-45,Active,21.0,,West,51600.0,0,1
715,Female,36-45,Active,76.0,2690.0,North,75400.0,1,3
7452,Male,18-25,Active,29.0,560.0,North,51500.0,0,1
789,Female,18-25,Inactive,84.0,2530.0,South,45100.0,0,3
2280,Female,36-45,Inactive,69.0,,North,34100.0,0,4
4096,Male,26-35,Inactive,9.0,110.0,North,,1,2
3898,Male,26-35,Inactive,77.0,3950.0,West,51600.0,0,2
9508,Male,36-45,Active,38.0,810.0,North,35100.0,1,7
7178,Female,36-45,New,96.0,750.0,North,17500.0,1,5
9114,Female,26-35,New,108.0,3440.0,North,40200.0,1,12
9492,Female,46-55,New,64.0,3680.0,West,62000.0,1,4
3632,Female,46-55,Active,23.0,1220.0,North,61800.0,1,3
8662,Male,18-25,Active,111.0,3210.0,South,33200.0,0,10
7298,Male,26-35,New,94.0,4110.0,West,49500.0,1,6
6273,Female,18-25,Active,86.0,,North,36900.0,1,5
425,Female,36-45,Inactive,103.0,1250.0,South,24000.0,0,9
393,Female,36-45,New,15.0,420.0,West,28000.0,1,0
3192,Male,56+,Active,103.0,3010.0,North,42400.0,0,7
17,Female,36-45,Active,84.0,1310.0,East,16300.0,1,8
6336,Male,26-35,Active,65.0,,South,23500.0,1,4
4201,Male,36-45,Inactive,114.0,2280.0,North,32500.0,0,6
2673,Male,18-25,New,70.0,3980.0,South,69500.0,1,5
2445,Female,26-35,Active,33.0,840.0,East,41800.0,0,2
6698,Male,18-25,Active,53.0,1700.0,West,49300.0,0,5
6165,Female,18-25,Active,51.0,3210.0,North,85400.0,1,9
2602,Female,46-55,Active,10.0,420.0,North,49200.0,0,0
3494,Female,26-35,Inactive,48.0,3840.0,East,81700.0,0,10
6045,Female,46-55,Active,53.0,1310.0,North,30100.0,1,3
1460,Male,18-25,New,47.0,270.0,West,15000.0,1,3
3805,Male,36-45,Active,115.0,1070.0,North,21300.0,1,6
9885,Male,26-35,Active,53.0,,East,22600.0,1,2
7395,Female,36-45,Active,69.0,900.0,West,31300.0,1,5
4840,Male,18-25,New,109.0,4280.0,North,50800.0,1,10
8179,Female,46-55,New,46.0,3170.0,West,77900.0,0,4
3836,Male,46-55,Active,116.0,5540.0,South,56900.0,1,6
9351,Female,26-35,Active,65.0,1640.0,North,46800.0,1,6
5684,Female,46-55,Active,89.0,2170.0,North,44300.0,1,7
8786,Male,18-25,New,104.0,1470.0,North,18800.0,1,5
5828,Male,46-55,Active,120.0,2290.0,West,32100.0,0,4
9788,Male,46-55,Active,36.0,670.0,,38200.0,0,6
7962,Male,56+,Inactive,0.0,0.0,East,45700.0,0,1
4725,Male,18-25,Active,35.0,490.0,East,36700.0,1,2
8797,Female,18-25,Active,91.0,5790.0,West,107100.0,1,6
5888,Male,18-25,Active,51.0,540.0,South,15000.0,0,3
2356,Female,26-35,Active,112.0,5840.0,South,62500.0,1,9
6037,Female,26-35,Active,24.0,670.0,North,56200.0,1,2
4799,Female,46-55,New,103.0,3230.0,West,48600.0,0,3
2443,Male,26-35,Active,18.0,360.0,North,26300.0,1,3
8683,Female,18-25,New,13.0,390.0,South,36500.0,0,2
4593,Female,46-55,Active,36.0,840.0,South,39400.0,1,2
8810,Female,36-45,New,96.0,4790.0,East,50300.0,1,5
465,Female,26-35,New,32.0,860.0,North,32200.0,1,2
164,Male,36-45,Active,23.0,360.0,North,20100.0,0,4
9299,Female,26-35,Inactive,55.0,2670.0,East,95300.0,0,1
9473,Male,26-35,New,104.0,1040.0,East,25000.0,0,7
8441,Female,56+,Active,20.0,480.0,North,31200.0,0,3
9817,Male,26-35,Active,71.0,2520.0,East,41100.0,1,3
9518,Male,18-25,New,6.0,80.0,South,21400.0,1,4
7381,Male,46-55,New,44.0,1120.0,North,,0,9
6637,Male,56+,Inactive,43.0,4600.0,North,108200.0,0,3
242,Female,18-25,New,116.0,4600.0,South,56000.0,1,11
2010,Female,26-35,Inactive,85.0,1620.0,East,38600.0,1,5
6357,Male,46-55,Active,24.0,600.0,West,47200.0,1,5
3085,Female,26-35,New,19.0,550.0,South,29000.0,0,2
6209,Male,36-45,Active,79.0,2160.0,North,33400.0,1,12
901,Female,18-25,Active,37.0,750.0,North,21900.0,1,2
5543,Female,26-35,Active,17.0,640.0,East,64700.0,0,4
6008,Female,26-35,New,51.0,1110.0,East,57100.0,0,6
7994,Female,26-35,Inactive,84.0,1140.0,East,15000.0,0,3
7639,Female,56+,Active,64.0,1870.0,South,31300.0,0,7
6794,Female,36-45,Active,105.0,2560.0,East,35400.0,1,7
6253,Male,26-35,New,53.0,2130.0,North,51100.0,1,4
7759,Male,26-35,Active,34.0,610.0,West,26600.0,1,4
4838,Male,26-35,Inactive,119.0,2790.0,North,33100.0,1,9
2294,Male,36-45,Active,96.0,970.0,East,20600.0,1,10
6549,Female,18-25,Active,107.0,1910.0,North,29000.0,1,13
7899,Female,46-55,Active,-5.0,1340.0,East,31700.0,0,10
8829,Male,36-45,Active,68.0,1070.0,North,28400.0,1,269
4482,Female,36-45,Active,16.0,270.0,West,21300.0,1,0
5303,Female,46-55,Active,106.0,1420.0,East,22600.0,1,7
4606,Male,46-55,Active,13.0,270.0,West,33000.0,1,0
3717,Female,36-45,New,101.0,,,72300.0,1,7
9109,Female,46-55,New,114.0,,North,39800.0,1,5
6141,Male,36-45,New,103.0,4370.0,East,42500.0,1,8
1765,Male,56+,Active,43.0,810.0,South,40500.0,1,228
6599,Male,46-55,Inactive,64.0,1410.0,South,31800.0,0,6
1550,Male,36-45,Active,34.0,650.0,East,19500.0,1,1
3030,Male,26-35,Active,40.0,720.0,West,46700.0,1,9
8691,Female,26-35,Active,37.0,2190.0,West,61800.0,1,3
6299,Male,26-35,New,86.0,2260.0,East,32500.0,1,9
6663,Male,26-35,Active,12.0,1210.0,West,101200.0,1,2
6627,Female,26-35,New,97.0,6250.0,South,71000.0,1,9
2045,Female,18-25,Inactive,108.0,5400.0,South,54500.0,0,9
768,Male,26-35,New,93.0,590.0,North,15000.0,0,9
5694,Female,46-55,Inactive,39.0,2940.0,West,94100.0,0,2
7871,Male,46-55,New,110.0,2380.0,East,37100.0,1,11
7796,Female,26-35,Inactive,112.0,1840.0,East,28400.0,1,10
1509,Male,46-55,Active,102.0,5150.0,South,54500.0,1,10
7231,Male,18-25,New,100.0,1140.0,North,15000.0,1,9
7858,Male,36-45,Active,46.0,690.0,North,25400.0,1,6
3303,Male,56+,Active,8.0,110.0,,26100.0,0,1
4518,Male,18-25,Active,70.0,2630.0,West,49300.0,1,6
4220,Female,18-25,Active,31.0,960.0,North,56300.0,1,4
9116,Female,18-25,Inactive,1.0,30.0,North,34400.0,1,0
8758,Male,26-35,New,9.0,130.0,West,15200.0,1,1
3293,Female,36-45,Active,79.0,2040.0,South,29300.0,1,5
820,Male,26-35,Inactive,21.0,1040.0,,51000.0,0,3
1404,Male,18-25,Active,73.0,1260.0,South,19600.0,1,9
1383,Female,26-35,Active,55.0,780.0,,28200.0,1,1
2149,Female,18-25,Active,3.0,80.0,West,30500.0,0,3
6929,Male,18-25,Inactive,80.0,9100.0,North,146100.0,1,8
5672,Female,18-25,Inactive,112.0,2700.0,East,28300.0,1,9
1639,Male,46-55,Inactive,105.0,,West,53000.0,0,10
5892,Female,36-45,Active,16.0,320.0,East,34900.0,0,5
7428,Male,18-25,Active,22.0,540.0,,34900.0,0,5
609,Female,56+,New,115.0,1390.0,North,30600.0,1,7
6908,Female,46-55,New,17.0,270.0,West,33900.0,1,2
400,Male,46-55,Active,24.0,680.0,South,41200.0,0,4
7248,Male,18-25,Active,11.0,340.0,North,63900.0,1,2
6407,Female,26-35,Active,33.0,910.0,North,56300.0,1,2
883,Female,46-55,Active,22.0,680.0,South,31200.0,1,0
3566,Female,36-45,New,55.0,400.0,,15200.0,0,4
4286,Male,18-25,Active,8.0,140.0,East,31100.0,1,3
1180,Male,36-45,Inactive,105.0,2920.0,North,56900.0,1,9
5449,Female,56+,Active,86.0,2360.0,North,41400.0,0,3
4245,Female,26-35,Active,99.0,7170.0,East,89300.0,1,11
5219,Male,18-25,New,75.0,1500.0,East,44900.0,0,7
3977,Male,26-35,Inactive,84.0,,South,39800.0,1,10
2131,Male,26-35,Inactive,78.0,910.0,East,29300.0,0,5
5079,Male,36-45,Inactive,66.0,800.0,North,25700.0,1,8
457,Female,36-45,Inactive,40.0,1390.0,South,84400.0,0,2
5583,Male,36-45,Active,61.0,1330.0,West,42800.0,1,7
5176,Male,46-55,Active,40.0,1030.0,South,51600.0,1,8
1951,Female,46-55,New,82.0,950.0,North,18700.0,1,5
5373,Male,56+,New,54.0,2070.0,West,43900.0,1,3
690,Female,56+,Active,98.0,1120.0,West,19600.0,0,8
8890,Male,46-55,Active,75.0,2920.0,South,47900.0,0,6
6526,Female,26-35,Active,26.0,1770.0,North,88700.0,1,2
9861,Male,18-25,New,49.0,930.0,East,19600.0,1,206
6489,Male,26-35,Active,26.0,980.0,South,43200.0,1,1
6922,Female,36-45,Active,106.0,5380.0,East,52200.0,1,11
1954,Female,56+,New,26.0,300.0,South,17100.0,0,3
7635,Male,56+,Active,99.0,4110.0,North,,0,6
5637,Male,36-45,Active,40.0,1250.0,South,39500.0,1,5
7155,Female,56+,Active,56.0,1270.0,South,29100.0,1,2
8460,Female,36-45,New,89.0,2390.0,South,54600.0,0,6
6611,Female,26-35,New,113.0,2370.0,South,41100.0,1,8
2711,Female,36-45,Active,24.0,770.0,West,55300.0,0,2
8605,Female,26-35,Active,20.0,920.0,South,47100.0,1,3
3202,Female,18-25,Active,36.0,1020.0,West,43600.0,1,10
4350,Female,46-55,Active,27.0,670.0,South,,1,1
4139,Female,26-35,Active,102.0,2310.0,West,51300.0,1,7
1885,Male,26-35,Active,62.0,2000.0,,42000.0,1,7
8677,Female,36-45,Inactive,120.0,2120.0,West,19600.0,1,5
4486,Male,36-45,Active,63.0,970.0,South,27100.0,1,6
2495,Female,36-45,Inactive,74.0,840.0,North,28400.0,0,7
5948,Female,26-35,Active,62.0,1570.0,West,59600.0,1,5
3037,Female,56+,Inactive,14.0,470.0,South,36400.0,1,1
5778,Female,56+,Active,10.0,140.0,,32200.0,1,2
3604,Male,26-35,Active,,1850.0,South,49700.0,1,4
846,Female,46-55,Active,92.0,2100.0,West,36400.0,0,7
543,Female,18-25,Inactive,1.0,20.0,East,31600.0,1,1
3725,Female,46-55,Inactive,27.0,950.0,East,40700.0,0,0
4188,Male,26-35,Active,36.0,1170.0,South,34400.0,1,4
3680,Male,18-25,New,24.0,560.0,East,59700.0,0,3
8937,Male,18-25,New,36.0,930.0,East,26300.0,1,4
7968,Female,36-45,New,102.0,1790.0,South,42000.0,1,6
8522,Male,18-25,Active,108.0,2180.0,North,27100.0,1,7
6076,Female,26-35,Active,27.0,1630.0,South,,1,2
7341,Female,36-45,Active,33.0,1100.0,South,,0,3
8261,Male,36-45,New,39.0,560.0,West,15600.0,1,4
7247,Female,18-25,New,22.0,,,62900.0,0,0
9045,Male,26-35,Active,28.0,650.0,West,45500.0,1,6
8326,Male,36-45,Active,46.0,1620.0,North,46500.0,1,4
7138,Male,18-25,New,23.0,270.0,North,23500.0,0,1
2965,Male,26-35,Active,83.0,2150.0,South,27400.0,1,5
7560,Female,36-45,Active,89.0,1900.0,West,45700.0,1,7
2530,Female,18-25,New,59.0,,West,59700.0,0,4
7285,Female,46-55,New,64.0,2890.0,South,51800.0,1,4
5773,Male,36-45,New,40.0,480.0,South,26700.0,1,6
1049,Female,26-35,New,100.0,1760.0,North,29900.0,1,11
7046,Female,56+,Active,26.0,680.0,East,,0,0
1961,Female,26-35,New,117.0,5920.0,South,75300.0,1,9
2531,Female,18-25,Active,27.0,530.0,North,35500.0,0,4
8592,Male,26-35,Active,20.0,510.0,West,36800.0,1,2
7604,Female,18-25,Active,27.0,610.0,North,38700.0,1,1
6525,Male,26-35,New,52.0,1290.0,North,50100.0,1,3
238,Female,18-25,Inactive,7.0,210.0,West,70800.0,0,0
4918,Female,26-35,New,64.0,630.0,West,25100.0,1,6
6480,Male,26-35,Inactive,35.0,430.0,,25500.0,0,6
1134,Female,56+,Active,-5.0,1750.0,East,21700.0,0,10
6977,Female,18-25,Inactive,94.0,3400.0,West,36700.0,1,5
5902,Male,26-35,New,21.0,880.0,North,48900.0,0,4
9095,Male,18-25,Active,9.0,350.0,North,62500.0,0,1
4260,Male,46-55,New,55.0,,West,65000.0,0,8
8878,Female,18-25,Active,39.0,4450.0,North,127000.0,1,3
6966,Female,36-45,Active,36.0,1240.0,East,40400.0,1,4
8159,Male,56+,Active,38.0,1280.0,South,38900.0,0,5
793,Male,36-45,Inactive,74.0,2590.0,South,78500.0,1,8
1986,Female,26-35,New,58.0,1640.0,West,41600.0,1,3
5657,Female,26-35,New,31.0,810.0,South,43000.0,0,2
8777,Male,18-25,Active,15.0,670.0,South,45800.0,1,4
7936,Male,26-35,Active,39.0,440.0,West,27600.0,1,4
6098,Female,18-25,Active,42.0,2320.0,South,76100.0,1,0
5908,Female,18-25,New,99.0,4560.0,South,48900.0,1,11
7374,Female,26-35,Active,90.0,2680.0,South,30900.0,1,5
7634,Female,46-55,Inactive,109.0,2910.0,West,29100.0,1,7
2979,Female,18-25,New,58.0,,South,16700.0,1,5
8899,Male,56+,Active,11.0,220.0,North,30100.0,0,2
9339,Female,46-55,New,73.0,2820.0,East,58000.0,1,9
6722,Male,36-45,New,33.0,910.0,East,40000.0,1,3
7843,Male,46-55,Active,109.0,1880.0,East,28900.0,1,7
5525,Male,36-45,New,78.0,2540.0,West,38500.0,1,5
8759,Male,26-35,Active,102.0,2040.0,East,52900.0,1,10
8255,Female,46-55,Inactive,5.0,50.0,East,19600.0,0,0
8804,Male,26-35,Inactive,32.0,780.0,West,46600.0,1,1
8641,Male,18-25,Active,2.0,70.0,North,75600.0,1,2
7175,Male,26-35,New,77.0,2610.0,West,58000.0,1,6
3920,Male,56+,Active,65.0,420.0,South,15000.0,1,4
3139,Female,26-35,New,64.0,2580.0,South,40500.0,0,5
9455,Female,36-45,Active,8.0,120.0,North,24600.0,0,2
9973,Female,46-55,New,83.0,1950.0,South,44500.0,1,4
5790,Female,46-55,Active,66.0,1790.0,West,43000.0,1,8
4074,Male,36-45,Active,57.0,,North,40600.0,1,4
3288,Male,56+,New,2.0,70.0,South,40500.0,0,3
3230,Female,36-45,New,32.0,1490.0,South,76400.0,1,3
1827,Female,26-35,New,39.0,870.0,East,24700.0,1,5
5549,Female,36-45,New,60.0,1240.0,East,39700.0,0,2
594,Female,26-35,Inactive,62.0,2350.0,North,43900.0,0,6
2726,Female,18-25,Active,17.0,430.0,West,27600.0,1,0
4138,Female,56+,Active,25.0,1220.0,North,66300.0,0,1
561,Male,26-35,Inactive,104.0,3200.0,South,,1,11
7407,Female,26-35,Active,39.0,1120.0,West,45900.0,0,5
8844,Female,18-25,New,8.0,380.0,West,47500.0,0,1
8422,Female,18-25,New,39.0,1790.0,,48200.0,0,1
244,Female,26-35,Active,107.0,2240.0,North,35400.0,1,11
7269,Female,46-55,Inactive,16.0,910.0,East,81700.0,0,3
5436,Male,26-35,Inactive,106.0,2380.0,West,38400.0,0,6
4438,Male,36-45,New,80.0,5270.0,South,100300.0,1,8
8355,Female,26-35,New,11.0,190.0,North,29900.0,1,1
8107,Male,18-25,Active,43.0,1200.0,North,35000.0,1,5
406,Female,18-25,Inactive,117.0,5440.0,North,91200.0,1,9
1443,Male,26-35,New,71.0,1490.0,East,21700.0,1,4
4407,Female,26-35,Active,100.0,3190.0,,34800.0,1,7
9573,Male,46-55,New,1.0,10.0,West,20700.0,0,0
1690,Male,36-45,Active,116.0,2900.0,North,32700.0,1,12
9906,Female,56+,New,53.0,1490.0,West,35300.0,1,3
9032,Female,36-45,Active,17.0,330.0,West,22000.0,0,4
5963,Female,36-45,Inactive,24.0,610.0,East,40700.0,1,5
2497,Female,26-35,Active,66.0,660.0,South,22700.0,1,6
8236,Male,36-45,Active,1.0,40.0,South,73000.0,1,0
341,Male,46-55,Active,118.0,3740.0,East,34800.0,1,9
2409,Male,36-45,Active,76.0,,North,52300.0,1,7
8395,Male,26-35,Active,14.0,380.0,North,60900.0,1,2
5783,Female,26-35,New,54.0,2430.0,,47800.0,1,1
4577,Female,36-45,Active,107.0,1860.0,North,20500.0,1,7
3726,Female,56+,New,45.0,1670.0,East,37700.0,1,4
2786,Female,26-35,Active,60.0,810.0,East,,1,8
1013,Female,36-45,Inactive,42.0,550.0,South,23600.0,0,6
5281,Female,46-55,Active,20.0,280.0,North,28400.0,0,1
4896,Female,46-55,Active,6.0,,East,28100.0,0,3
7122,Male,26-35,Active,87.0,2180.0,South,26600.0,1,8
6550,Male,26-35,Inactive,63.0,1190.0,North,35000.0,1,7
4038,Female,26-35,Inactive,117.0,4900.0,West,52200.0,1,10
149,Male,26-35,New,26.0,510.0,North,23700.0,0,3
286,Male,18-25,Active,58.0,1250.0,North,36400.0,1,3
9691,Male,36-45,New,31.0,500.0,East,19600.0,0,3
9789,Male,36-45,New,83.0,1210.0,East,18900.0,1,4
6771,Male,56+,Active,43.0,1200.0,East,29000.0,0,4
4444,Female,18-25,Active,94.0,2520.0,East,62400.0,1,9
7447,Female,26-35,Active,49.0,1090.0,North,31000.0,1,5
237,Female,46-55,Active,28.0,810.0,South,31400.0,0,1
9625,Female,18-25,Active,103.0,2090.0,East,28000.0,1,10
7124,Female,56+,Active,0.0,0.0,West,43200.0,0,1
9938,Male,18-25,Active,24.0,1560.0,South,69300.0,1,0
3084,Female,36-45,New,67.0,2850.0,West,55000.0,1,2
633,Male,56+,Active,6.0,270.0,North,47400.0,1,1
6814,Male,36-45,New,107.0,2420.0,South,29000.0,0,5
2494,Female,46-55,Active,67.0,5290.0,East,79200.0,1,7
2666,Female,26-35,Inactive,101.0,1870.0,North,32100.0,0,7
8531,Female,56+,Inactive,29.0,1390.0,East,61300.0,0,1
8461,Female,26-35,Active,67.0,2810.0,East,,1,0
8545,Male,46-55,Active,83.0,2300.0,East,48800.0,0,9
4212,Male,36-45,Inactive,70.0,2020.0,South,42700.0,0,8
3875,Female,36-45,Active,110.0,2970.0,West,28400.0,1,11
2818,Female,46-55,Active,96.0,4440.0,North,54000.0,1,10
8304,Female,26-35,New,33.0,,South,38300.0,0,1
9855,Male,18-25,New,81.0,2630.0,East,69100.0,1,5
7427,Female,26-35,New,63.0,1790.0,North,34300.0,1,4
8640,Male,56+,New,50.0,330.0,East,17500.0,0,3
8512,Female,26-35,New,61.0,1940.0,North,45500.0,1,1
1736,Female,46-55,Active,58.0,3110.0,East,59400.0,0,3
7398,Male,46-55,Active,29.0,1180.0,East,43500.0,1,3
4256,Male,56+,Active,58.0,1360.0,North,44700.0,0,5
8324,Female,26-35,Active,102.0,1310.0,North,29600.0,1,7
2476,Male,36-45,Active,30.0,860.0,North,72700.0,1,3
4948,Female,26-35,Active,91.0,4590.0,East,51300.0,0,3
3714,Female,26-35,Inactive,11.0,360.0,West,36600.0,0,1
9016,Female,26-35,Active,57.0,680.0,West,24500.0,1,1
1805,Female,36-45,New,59.0,1840.0,West,33100.0,0,7
708,Female,36-45,New,37.0,560.0,North,31600.0,1,5
9229,Female,36-45,Inactive,80.0,3330.0,North,42400.0,1,4
5190,Female,18-25,New,117.0,2520.0,East,23500.0,0,13
5473,Female,36-45,New,39.0,,,22100.0,0,3
73,Female,26-35,Active,78.0,2000.0,East,61900.0,1,8
7844,Female,36-45,Inactive,105.0,3780.0,East,51800.0,1,6
5102,Male,26-35,Active,64.0,5090.0,South,86600.0,1,7
6765,Male,56+,New,26.0,590.0,,39500.0,0,4
1126,Female,26-35,Inactive,75.0,1510.0,South,38100.0,1,4
1242,Male,18-25,Active,2.0,50.0,East,39100.0,0,4
8289,Male,18-25,Active,97.0,5710.0,North,69000.0,0,6
2350,Male,26-35,Active,92.0,2520.0,North,29800.0,1,3
6603,Male,18-25,Inactive,120.0,4560.0,South,40300.0,1,10
6781,Male,36-45,Active,15.0,740.0,North,58500.0,0,3
4359,Female,18-25,Inactive,120.0,4030.0,North,56600.0,1,12
1344,Female,18-25,Active,26.0,1730.0,South,67700.0,1,4
6591,Male,46-55,Active,26.0,480.0,West,20400.0,0,5
9697,Female,36-45,New,12.0,330.0,West,28500.0,1,2
9615,Male,26-35,Inactive,101.0,3220.0,East,36900.0,1,12
6653,Female,46-55,Inactive,76.0,660.0,East,15500.0,1,2
1101,Male,46-55,New,42.0,1290.0,East,64700.0,0,6
7328,Male,26-35,Active,25.0,1290.0,North,56500.0,1,2
7623,Male,46-55,Active,5.0,120.0,East,27100.0,0,4
988,Male,56+,New,119.0,2500.0,North,45700.0,0,11
2853,Female,18-25,Active,,530.0,South,,1,1
631,Female,18-25,Active,70.0,2990.0,West,45900.0,1,6
1250,Female,36-45,Active,109.0,2940.0,West,35100.0,0,5
3180,Female,56+,Inactive,35.0,470.0,North,22200.0,0,2
483,Female,46-55,New,81.0,2820.0,South,,0,3
3041,Male,56+,New,1.0,30.0,West,31300.0,0,0
5011,Male,18-25,New,54.0,640.0,South,22600.0,1,5
8765,Male,26-35,New,115.0,3140.0,West,37800.0,1,9
7001,Female,36-45,Active,109.0,1860.0,North,19500.0,1,8
3274,Female,26-35,Active,26.0,440.0,West,,0,1
7228,Male,36-45,New,114.0,5540.0,South,61600.0,1,9
3684,Female,36-45,Active,10.0,490.0,North,59400.0,0,1
6675,Female,26-35,Active,14.0,230.0,East,34800.0,0,1
6808,Female,18-25,Active,92.0,5600.0,West,82900.0,1,11
9778,Female,26-35,Active,113.0,1610.0,West,29800.0,1,7
1317,Female,26-35,Active,67.0,1190.0,West,35600.0,0,3
3226,Female,26-35,New,42.0,770.0,East,24200.0,0,6
1073,Male,46-55,Inactive,22.0,170.0,West,19600.0,0,2
4816,Male,26-35,New,80.0,2620.0,North,,0,9
8495,Female,26-35,New,39.0,1510.0,South,43300.0,1,5
5753,Female,26-35,Active,76.0,5050.0,East,131200.0,1,7
9183,Male,18-25,New,35.0,2050.0,South,65300.0,1,2
4617,Male,26-35,Active,62.0,1300.0,West,26400.0,1,3
3098,Male,18-25,Active,14.0,860.0,West,70700.0,0,0
6870,Female,36-45,Active,32.0,1340.0,South,52000.0,1,2
1301,Male,26-35,New,19.0,490.0,North,32200.0,0,0
7286,Female,18-25,Active,96.0,2410.0,East,,1,8
6285,Female,36-45,New,14.0,370.0,West,37000.0,0,4
5496,Male,36-45,New,68.0,1180.0,North,35800.0,1,6
5292,Male,18-25,Inactive,115.0,3730.0,East,70100.0,1,15
1799,Female,18-25,New,34.0,1500.0,North,73300.0,1,3
5204,Female,46-55,Active,,,South,27800.0,1,3
8228,Male,26-35,New,77.0,2270.0,North,33600.0,0,3
5048,Female,26-35,Active,46.0,1270.0,North,58100.0,1,7
6442,Female,46-55,Active,107.0,1550.0,West,38600.0,1,6
8106,Male,36-45,New,13.0,160.0,North,,1,1
2360,Male,56+,Active,15.0,240.0,East,26100.0,0,0
9418,Female,26-35,Inactive,70.0,1680.0,East,37700.0,1,7
3655,Male,26-35,Active,26.0,530.0,West,33200.0,0,1
7053,Male,36-45,New,71.0,810.0,West,19800.0,0,4
1287,Male,56+,Active,54.0,1460.0,South,37200.0,1,4
9687,Female,26-35,New,65.0,1860.0,North,73600.0,0,8
4446,Female,26-35,Active,45.0,2300.0,North,54200.0,1,3
2138,Female,36-45,New,32.0,880.0,West,40200.0,0,7
6788,Female,18-25,Active,50.0,2110.0,South,65000.0,1,5
9792,Male,36-45,New,87.0,4110.0,North,62200.0,1,5
8548,Female,46-55,Active,105.0,6800.0,North,84600.0,1,8
9005,Male,36-45,Inactive,,2150.0,West,25300.0,0,9
6895,Male,18-25,Inactive,32.0,810.0,North,56700.0,1,3
8607,Male,46-55,Active,35.0,3470.0,West,115800.0,1,3
7152,Female,18-25,Inactive,117.0,3020.0,North,34200.0,0,8
964,Male,36-45,New,32.0,1060.0,East,43900.0,0,1
6013,Male,36-45,Inactive,75.0,3860.0,West,74000.0,1,9
4883,Female,18-25,Active,91.0,2170.0,East,27300.0,0,10
141,Female,18-25,Active,84.0,1570.0,South,47000.0,0,8
9070,Male,26-35,Active,118.0,3350.0,East,39500.0,1,13
6937,Female,46-55,Active,77.0,2170.0,East,48200.0,0,6
6543,Female,26-35,Active,71.0,2580.0,West,40200.0,1,5
5244,Male,56+,Active,24.0,1960.0,North,89300.0,0,3
4432,Female,36-45,New,54.0,1610.0,North,35200.0,0,5
407,Male,46-55,Active,95.0,810.0,East,21900.0,1,8
8213,Female,18-25,Active,5.0,200.0,East,60700.0,0,3
8412,Female,36-45,Active,46.0,2690.0,East,60800.0,0,4
8665,Male,26-35,Active,26.0,610.0,South,,1,3
8235,Female,36-45,Inactive,22.0,,West,42000.0,0,1
4400,Female,36-45,Active,57.0,950.0,North,44200.0,1,3
5253,Male,46-55,Inactive,46.0,1570.0,West,52900.0,1,6
12,Female,26-35,Inactive,52.0,2240.0,North,,0,6
4761,Female,26-35,New,68.0,1430.0,West,34600.0,0,4
1178,Male,36-45,Inactive,26.0,370.0,East,26400.0,1,3
2864,Male,18-25,New,68.0,1790.0,North,48600.0,1,8
6472,Female,46-55,Inactive,73.0,3740.0,South,97700.0,1,4
6229,Female,26-35,New,86.0,2530.0,West,31600.0,1,6
2990,Female,18-25,Active,65.0,2510.0,West,,1,4
7118,Female,18-25,Inactive,54.0,2150.0,East,53800.0,0,2
7011,Male,18-25,Active,4.0,180.0,North,,1,0
8595,Male,18-25,Active,47.0,1570.0,South,83500.0,1,3
1441,Male,26-35,New,37.0,970.0,East,40600.0,1,4
9787,Male,26-35,Active,91.0,1360.0,West,15000.0,1,8
2876,Male,26-35,Inactive,38.0,670.0,North,18700.0,1,3
9136,Female,46-55,Active,42.0,2200.0,South,61200.0,1,2
8826,Female,36-45,Active,98.0,2930.0,North,55500.0,1,2
7233,Male,46-55,Inactive,72.0,1550.0,South,41900.0,0,6
3727,Female,26-35,Active,37.0,330.0,South,18600.0,1,4
2773,Female,36-45,Active,53.0,2690.0,East,55100.0,1,1
455,Male,26-35,New,50.0,1080.0,South,42900.0,1,3
8190,Female,46-55,Active,68.0,,East,27100.0,0,5
1368,Male,46-55,Active,70.0,3480.0,East,,1,7
3713,Female,56+,Active,0.0,,South,73000.0,0,2
9892,Female,36-45,Inactive,87.0,2490.0,West,40400.0,0,5
1389,Female,18-25,Inactive,-5.0,1870.0,West,42400.0,1,11
1001,Male,46-55,Active,8.0,320.0,West,42400.0,0,2
7762,Female,26-35,Active,63.0,1280.0,South,,1,6
3554,Female,56+,Active,24.0,250.0,East,24600.0,1,5
4115,Female,26-35,New,32.0,1690.0,East,76300.0,1,2
1668,Male,46-55,Active,83.0,1320.0,South,32400.0,0,3
3174,Female,26-35,Active,119.0,1960.0,West,25500.0,1,11
9435,Female,46-55,Active,4.0,110.0,North,46900.0,0,2
489,Female,56+,Active,107.0,1720.0,North,20900.0,1,5
3231,Male,26-35,New,103.0,3950.0,North,55300.0,0,5
3829,Female,26-35,Active,51.0,1430.0,West,33200.0,1,6
8689,Male,26-35,New,48.0,1490.0,North,51100.0,1,4
5209,Male,26-35,Inactive,51.0,540.0,North,21700.0,1,6
7849,Male,18-25,Inactive,34.0,470.0,East,31100.0,1,2
5705,Female,36-45,New,108.0,2330.0,East,38200.0,0,6
9679,Male,36-45,Active,58.0,1370.0,South,35300.0,0,3
8134,Female,26-35,Active,48.0,1200.0,South,37200.0,1,9
704,Female,36-45,Active,57.0,1410.0,North,25900.0,0,4
5106,Female,36-45,Active,42.0,2270.0,North,59600.0,0,4
8931,Female,46-55,New,97.0,,South,31600.0,1,10
3292,Female,36-45,Active,29.0,600.0,East,24700.0,1,3
8126,Male,26-35,Inactive,113.0,1460.0,South,18800.0,1,7
9990,Male,26-35,Active,59.0,1500.0,West,30800.0,1,8
9059,Male,26-35,New,0.0,0.0,South,19600.0,0,0
4910,Male,36-45,New,91.0,3820.0,East,,1,7
4441,Male,18-25,Active,3.0,70.0,West,28800.0,1,1
987,Male,18-25,Active,73.0,3710.0,South,54400.0,0,7
9972,Male,46-55,Active,86.0,2040.0,North,34500.0,1,5
9100,Female,26-35,Active,71.0,1090.0,West,35400.0,1,2
7706,Female,26-35,Active,17.0,260.0,South,25100.0,1,1
6258,Male,18-25,New,10.0,220.0,West,52000.0,0,2
6090,Female,26-35,Active,14.0,480.0,South,44000.0,1,2
5239,Male,36-45,Active,53.0,1290.0,East,33800.0,1,7
1199,Male,18-25,Active,25.0,440.0,South,31900.0,1,3
9108,Male,36-45,Active,1.0,40.0,North,56900.0,0,0
7520,Male,46-55,Inactive,,2260.0,North,46500.0,1,10
6813,Male,46-55,New,81.0,1690.0,South,31800.0,1,4
8321,Male,46-55,Active,33.0,460.0,North,30700.0,1,3
7176,Male,26-35,Active,63.0,2360.0,South,46000.0,1,1
4471,Female,26-35,New,40.0,320.0,South,16600.0,0,8
892,Female,26-35,New,118.0,3290.0,East,44700.0,1,3
1970,Female,26-35,New,85.0,2910.0,South,43700.0,1,6
5758,Female,18-25,Inactive,93.0,4420.0,East,59000.0,1,2
6528,Male,18-25,Active,6.0,70.0,South,18900.0,0,3
6295,Male,26-35,Inactive,26.0,380.0,North,15200.0,1,2
7596,Female,26-35,Active,118.0,2590.0,North,37800.0,1,12
3250,Female,18-25,Inactive,83.0,2440.0,North,36700.0,1,7
6571,Female,36-45,Active,77.0,7140.0,South,118700.0,1,4
6639,Female,18-25,Active,117.0,2350.0,West,30000.0,1,8
7352,Male,36-45,New,59.0,870.0,North,19900.0,1,10
9210,Female,56+,Active,16.0,660.0,West,99600.0,0,1
7474,Female,36-45,New,41.0,780.0,West,31000.0,0,4
9242,Female,46-55,Inactive,,4220.0,East,71000.0,1,6
8711,Female,26-35,Active,47.0,360.0,South,17700.0,1,6
1240,Male,18-25,Inactive,22.0,410.0,South,30200.0,0,2
2290,Male,26-35,Inactive,64.0,1600.0,West,61900.0,1,6
2741,Male,46-55,Active,7.0,160.0,East,36100.0,1,2
4586,Female,26-35,Inactive,58.0,,East,39000.0,1,3
1230,Male,36-45,Active,31.0,590.0,North,39500.0,1,5
6981,Female,46-55,New,52.0,1300.0,South,28600.0,0,4
5179,Female,36-45,Active,114.0,3340.0,East,45800.0,0,8
4294,Female,46-55,Active,103.0,1350.0,North,22500.0,0,8
1059,Female,56+,Active,42.0,1340.0,East,47700.0,0,4
6263,Male,56+,Active,83.0,2750.0,South,41000.0,0,10
282,Male,46-55,Active,55.0,4160.0,North,76200.0,0,6
969,Female,36-45,Active,76.0,,South,61500.0,0,7
3954,Female,46-55,Inactive,78.0,970.0,West,25100.0,0,5
1940,Male,36-45,Active,44.0,1090.0,South,26000.0,1,2
8500,Male,36-45,Active,38.0,1300.0,East,58400.0,1,5
1275,Male,18-25,Active,69.0,2090.0,East,39400.0,1,8
620,Male,46-55,Active,14.0,190.0,South,15000.0,1,0
8542,Male,36-45,New,50.0,2030.0,East,67600.0,0,3
1743,Male,56+,New,61.0,810.0,East,32800.0,1,5
1391,Female,26-35,Active,14.0,320.0,North,26800.0,1,1
2204,Male,46-55,Active,35.0,300.0,South,21900.0,1,5
3569,Female,26-35,New,1.0,20.0,South,25000.0,0,2
6117,Male,18-25,Active,10.0,250.0,South,47300.0,0,3
440,Female,26-35,New,40.0,1270.0,East,32200.0,0,3
6053,Female,56+,Active,41.0,1410.0,West,46100.0,0,3
3179,Male,26-35,Inactive,24.0,250.0,West,20700.0,1,4
3193,Female,18-25,Active,53.0,1050.0,North,23600.0,0,2
6100,Male,56+,New,79.0,980.0,East,23700.0,0,9
7030,Female,46-55,Active,54.0,1190.0,West,40800.0,1,6
576,Female,36-45,New,63.0,1590.0,North,55800.0,0,5
6657,Female,26-35,Inactive,57.0,,East,47300.0,0,4
7116,Female,46-55,Active,86.0,4610.0,North,73900.0,0,3
8840,Female,36-45,Active,,1800.0,North,,1,4
6277,Male,18-25,Active,2.0,40.0,East,32100.0,1,1
9022,Female,26-35,Inactive,116.0,1300.0,South,19200.0,1,14
5898,Female,18-25,Inactive,100.0,1230.0,North,29100.0,1,5
5725,Female,56+,Active,15.0,120.0,South,18300.0,0,4
270,Male,26-35,Active,64.0,2230.0,North,35700.0,1,6
630,Female,36-45,Inactive,0.0,0.0,,52200.0,0,1
3082,Male,26-35,Active,74.0,880.0,South,26100.0,1,9
3467,Female,18-25,Active,23.0,570.0,North,29500.0,0,3
6431,Male,36-45,Active,66.0,1090.0,South,30500.0,1,7
9513,Male,26-35,Active,79.0,2350.0,East,67700.0,1,7
7063,Male,46-55,Active,65.0,1140.0,East,40900.0,1,4
9767,Male,26-35,Active,84.0,4770.0,North,72200.0,1,3
5544,Female,36-45,New,15.0,,North,22900.0,0,1
4357,Female,18-25,Inactive,68.0,6550.0,South,98900.0,0,8
2114,Female,18-25,Active,24.0,820.0,North,48600.0,1,5
8220,Female,26-35,Active,17.0,170.0,West,20000.0,1,5
3217,Male,56+,Active,25.0,1070.0,South,62500.0,1,2
3815,Male,26-35,Active,74.0,2060.0,West,48000.0,1,6
8322,Female,36-45,Active,48.0,2240.0,East,68300.0,1,4
8627,Male,26-35,Active,51.0,2190.0,East,49300.0,0,2
2279,Female,36-45,New,95.0,1770.0,East,27700.0,1,11
4600,Male,36-45,Active,17.0,310.0,South,27700.0,1,1
14,Female,18-25,Active,20.0,680.0,East,37500.0,0,5
9263,Female,36-45,Inactive,104.0,3420.0,East,41800.0,0,3
1526,Male,46-55,Active,27.0,990.0,South,38700.0,1,5
2366,Female,46-55,Active,94.0,2750.0,East,33200.0,1,7
4649,Male,46-55,Active,65.0,2440.0,East,45300.0,0,2
375,Male,36-45,Active,120.0,4330.0,North,57900.0,1,9
8559,Male,26-35,Inactive,79.0,2580.0,South,35700.0,0,9
6478,Male,26-35,Active,117.0,2100.0,North,37000.0,1,6
526,Male,26-35,Active,117.0,5870.0,South,67100.0,0,14
6896,Male,46-55,Active,74.0,1970.0,West,39600.0,0,9
3592,Male,36-45,Active,109.0,2010.0,North,25900.0,1,8
7905,Female,46-55,Active,1.0,70.0,East,84400.0,0,3
2959,Male,56+,Active,81.0,5420.0,South,78000.0,0,6
530,Male,26-35,Inactive,63.0,1010.0,East,22400.0,1,2
3715,Female,36-45,Active,6.0,150.0,West,42700.0,1,1
4733,Male,18-25,New,86.0,1730.0,West,30100.0,1,10
1395,Female,46-55,Active,72.0,1000.0,North,,1,10
5632,Male,36-45,Inactive,67.0,740.0,South,15800.0,0,5
6564,Female,26-35,Active,,1150.0,South,38900.0,1,4
4704,Male,18-25,Inactive,53.0,2500.0,East,54900.0,0,9
1713,Female,18-25,Active,13.0,170.0,North,29500.0,1,3
9795,Male,46-55,Active,21.0,1240.0,North,65800.0,0,0
956,Female,56+,Inactive,2.0,20.0,West,15000.0,0,2
6676,Male,46-55,Active,110.0,3830.0,North,61500.0,1,12
3454,Male,36-45,Active,31.0,810.0,West,37100.0,1,3
2072,Male,18-25,New,19.0,960.0,East,60100.0,0,0
9780,Female,18-25,New,80.0,2740.0,South,34500.0,0,3
159,Female,26-35,Active,51.0,1750.0,East,69300.0,0,5
7006,Female,18-25,New,58.0,2050.0,North,43100.0,1,8
353,Female,36-45,Active,46.0,2620.0,South,61300.0,0,4
6079,Male,18-25,Active,74.0,1290.0,South,26800.0,1,3
6237,Male,46-55,New,7.0,150.0,North,28800.0,0,1
2921,Female,36-45,Inactive,64.0,2750.0,South,76300.0,1,5
8504,Female,18-25,Active,17.0,210.0,South,23900.0,0,2
4645,Male,18-25,Active,88.0,1150.0,North,,1,13
662,Female,36-45,Active,38.0,2180.0,West,58600.0,0,2
7058,Male,56+,New,111.0,1950.0,South,30300.0,1,15
3666,Male,26-35,Active,66.0,1170.0,South,38400.0,1,6
7980,Male,18-25,Inactive,64.0,460.0,East,17200.0,0,5
307,Male,26-35,New,41.0,1360.0,North,,1,6
4791,Female,46-55,Active,67.0,2030.0,North,,0,5
2357,Female,56+,Active,104.0,2120.0,South,31700.0,0,12
1928,Female,36-45,New,75.0,4300.0,South,64800.0,1,4
9369,Female,46-55,Active,6.0,280.0,West,49600.0,1,0
3428,Female,26-35,New,26.0,560.0,West,32200.0,0,3
3639,Female,46-55,Active,88.0,2960.0,East,53700.0,0,11
1267,Male,36-45,Active,2.0,20.0,West,28500.0,0,1
1561,Female,46-55,New,48.0,1080.0,South,23800.0,1,3
7180,Male,18-25,Active,58.0,2030.0,East,,1,8
4110,Female,36-45,New,1.0,30.0,East,44700.0,0,0
7868,Male,18-25,Inactive,5.0,130.0,West,31900.0,1,0
4905,Female,26-35,New,114.0,2300.0,North,35900.0,1,6
7295,Female,18-25,Active,116.0,3160.0,North,36300.0,1,6
515,Male,46-55,Inactive,115.0,,West,109700.0,1,10
895,Female,36-45,Active,49.0,800.0,West,30900.0,1,3
22,Male,26-35,Inactive,90.0,3110.0,South,46400.0,1,11
900,Female,18-25,New,74.0,1690.0,North,25300.0,1,7
208,Female,18-25,Active,105.0,2810.0,North,,1,11
459,Female,26-35,Active,109.0,2900.0,South,56000.0,1,7
2431,Female,26-35,Active,12.0,260.0,West,36000.0,1,1
8443,Male,18-25,Inactive,107.0,2090.0,North,28000.0,0,12
3390,Male,56+,Inactive,114.0,1340.0,South,27900.0,1,7
3912,Female,18-25,Inactive,4.0,130.0,North,72800.0,0,1
5384,Male,46-55,New,101.0,4200.0,West,66100.0,0,12
553,Male,56+,Active,111.0,5250.0,West,50300.0,1,6
3145,Female,26-35,Inactive,94.0,1730.0,North,38400.0,0,10
6918,Female,18-25,New,3.0,60.0,East,24300.0,0,0
2057,Female,26-35,Inactive,33.0,910.0,North,36700.0,1,1
1926,Male,26-35,New,77.0,2840.0,South,62500.0,1,5
635,Male,36-45,Active,22.0,660.0,West,31700.0,1,7
6083,Female,36-45,Active,71.0,1800.0,North,40700.0,1,1
8509,Female,26-35,Inactive,119.0,960.0,North,19900.0,1,14
9308,Female,18-25,New,28.0,500.0,North,35400.0,1,0
9718,Male,46-55,Active,57.0,4450.0,North,83500.0,1,6
106,Female,26-35,Active,76.0,930.0,North,29100.0,1,8
3042,Female,26-35,Active,71.0,3190.0,North,52300.0,1,5
1710,Male,36-45,Inactive,16.0,540.0,West,36500.0,1,1
90,Female,26-35,Active,11.0,220.0,West,32600.0,1,1
7015,Male,46-55,Active,24.0,640.0,West,38000.0,0,2
3175,Female,18-25,Active,106.0,2390.0,East,41000.0,1,9
918,Male,36-45,New,16.0,290.0,West,32300.0,0,0
7834,Female,18-25,Active,60.0,1440.0,East,34700.0,1,6
6733,Female,36-45,Active,52.0,570.0,South,26800.0,0,6
1950,Female,26-35,Active,34.0,870.0,South,46100.0,0,4
6369,Female,26-35,New,80.0,1400.0,West,23400.0,0,8
2,Male,36-45,Inactive,42.0,1250.0,North,39100.0,1,6
8033,Female,26-35,Active,34.0,1080.0,West,32100.0,1,5
6048,Male,26-35,Inactive,79.0,4050.0,,57300.0,1,5
2721,Female,26-35,Active,39.0,1460.0,North,65300.0,0,1
9852,Female,46-55,Active,10.0,500.0,,50000.0,1,2
3118,Female,56+,New,67.0,2770.0,West,85300.0,0,10
9505,Female,56+,New,57.0,3860.0,West,69200.0,0,6
3763,Male,26-35,Active,113.0,1410.0,North,30800.0,1,3
214,Female,36-45,Inactive,22.0,,North,81300.0,0,6
779,Female,36-45,Active,115.0,3720.0,South,38800.0,1,12
3497,Female,26-35,New,64.0,1870.0,,,0,5
8855,Female,46-55,Active,103.0,4890.0,,47700.0,1,4
2044,Female,18-25,New,80.0,,South,22600.0,0,6
5421,Male,36-45,Active,37.0,670.0,South,39200.0,0,7
6155,Male,26-35,Active,42.0,,North,19000.0,0,3
8358,Male,26-35,New,112.0,8270.0,East,85300.0,1,6
8745,Female,26-35,Active,17.0,770.0,North,47600.0,1,2
8466,Female,26-35,Active,92.0,1660.0,South,20200.0,1,12
4168,Male,36-45,Active,111.0,3000.0,East,35400.0,1,6
3789,Male,18-25,New,18.0,360.0,West,28600.0,1,3
584,Male,26-35,New,61.0,1970.0,East,38500.0,0,7
9951,Male,46-55,Active,14.0,280.0,North,51000.0,1,1
1964,Male,26-35,New,87.0,2650.0,West,47100.0,1,9
117,Female,56+,Active,38.0,1080.0,North,47400.0,0,0
6645,Female,36-45,Inactive,116.0,2780.0,East,40500.0,0,5
9071,Male,26-35,Inactive,44.0,1440.0,West,33000.0,0,1
9991,Male,36-45,Active,57.0,1270.0,West,22600.0,1,4
9934,Male,18-25,Active,112.0,1720.0,West,27700.0,1,6
1764,Male,18-25,New,,3540.0,East,35500.0,1,8
1876,Female,26-35,Inactive,34.0,350.0,South,21000.0,0,1
3225,Male,36-45,New,6.0,60.0,South,25700.0,1,1
527,Female,56+,Inactive,98.0,2100.0,East,33000.0,0,8
7726,Male,36-45,Active,3.0,90.0,South,43000.0,1,0
2947,Male,26-35,Active,114.0,2160.0,North,43100.0,1,21
4474,Male,18-25,Active,88.0,2690.0,South,38200.0,0,9
5656,Male,36-45,Active,82.0,3390.0,North,63300.0,1,6
6060,Female,26-35,Active,119.0,5190.0,South,45400.0,1,5
960,Female,56+,Inactive,86.0,3820.0,East,55200.0,0,9
6343,Female,26-35,Active,96.0,1200.0,South,18200.0,1,6
3634,Male,18-25,New,11.0,130.0,North,22300.0,1,3
1051,Female,18-25,Active,97.0,1380.0,South,15000.0,0,10
3381,Male,26-35,Active,96.0,3850.0,West,58600.0,1,6
3677,Male,26-35,Active,48.0,4430.0,North,205000.0,1,5
5777,Female,18-25,Inactive,51.0,6460.0,North,137800.0,1,5
9083,Male,36-45,New,96.0,2320.0,South,41100.0,1,3
6574,Female,18-25,Active,24.0,,West,67300.0,1,4
5180,Female,26-35,Active,2.0,180.0,West,95000.0,1,1
1608,Male,26-35,Inactive,57.0,1500.0,South,38200.0,1,2
3611,Female,46-55,Inactive,84.0,2770.0,West,33400.0,0,10
9798,Male,18-25,Active,47.0,1240.0,East,27600.0,0,1
6636,Male,26-35,Active,104.0,2430.0,East,25600.0,0,6
252,Female,56+,Inactive,23.0,170.0,South,15000.0,0,0
792,Male,46-55,Active,10.0,190.0,East,35600.0,0,2
3057,Female,18-25,Active,108.0,2060.0,South,43300.0,1,10
1981,Female,26-35,Active,80.0,1590.0,North,35100.0,0,5
3599,Female,26-35,Inactive,30.0,3360.0,North,,1,1
934,Female,26-35,Inactive,78.0,830.0,North,27400.0,1,6
7425,Female,46-55,Active,101.0,2440.0,East,35900.0,0,5
5627,Female,26-35,Active,63.0,,East,22500.0,1,2
1683,Female,46-55,Active,26.0,390.0,East,38000.0,0,2
4180,Female,18-25,Active,15.0,780.0,East,62100.0,0,0
6447,Female,26-35,Inactive,26.0,,South,70600.0,0,1
4117,Female,46-55,New,48.0,990.0,South,47600.0,0,8
989,Male,26-35,Active,108.0,3780.0,South,36300.0,1,10
2897,Female,26-35,Active,96.0,1440.0,West,33600.0,1,13
3779,Female,18-25,New,10.0,200.0,West,47400.0,1,3
5659,Male,36-45,Active,105.0,1400.0,East,35200.0,0,11
3094,Female,46-55,Active,28.0,860.0,North,33900.0,1,3
3156,Male,46-55,Inactive,0.0,0.0,North,120600.0,0,1
1824,Female,36-45,Active,49.0,1510.0,North,49300.0,1,4
9662,Female,46-55,Active,23.0,720.0,South,49100.0,1,0
1099,Female,18-25,Inactive,18.0,260.0,South,20200.0,0,1
2845,Male,18-25,Active,61.0,91705.14009233267,North,23100.0,1,6
3343,Male,18-25,Active,90.0,2850.0,East,48900.0,1,10
39,Male,36-45,New,68.0,1460.0,North,25800.0,1,8
6541,Female,56+,Active,1.0,40.0,North,41000.0,0,1
9386,Female,46-55,Inactive,33.0,700.0,East,48200.0,1,3
3357,Female,18-25,Active,51.0,3150.0,,63900.0,1,5
7814,Male,26-35,Active,89.0,,West,47400.0,1,7
8221,Male,36-45,Active,93.0,3400.0,North,44300.0,1,7
9265,Male,18-25,Active,75.0,2580.0,West,84700.0,0,4
2429,Female,56+,Active,47.0,2330.0,West,67400.0,1,1
5044,Male,26-35,Active,104.0,3870.0,North,45600.0,1,4
5347,Female,26-35,New,106.0,2330.0,East,25700.0,0,4
4812,Female,26-35,New,116.0,6450.0,East,58300.0,1,10
8477,Female,56+,Inactive,21.0,320.0,North,33300.0,0,1
687,Male,46-55,Inactive,116.0,1490.0,North,25200.0,0,9
4800,Female,36-45,New,25.0,760.0,North,53900.0,1,2
7438,Male,26-35,Active,106.0,,East,74800.0,1,5
2354,Female,36-45,Inactive,69.0,1510.0,East,40200.0,1,4
6354,Male,46-55,Inactive,81.0,2200.0,East,49000.0,1,3
4570,Female,56+,Active,36.0,390.0,,28900.0,0,3
8214,Female,26-35,Active,0.0,0.0,West,49700.0,1,0
2753,Female,36-45,Active,79.0,3750.0,North,54000.0,0,7
8074,Male,26-35,New,67.0,3030.0,North,68300.0,1,3
1041,Male,56+,Active,14.0,340.0,East,33700.0,0,1
7492,Female,36-45,New,90.0,5040.0,North,72500.0,1,3
1266,Female,18-25,Active,69.0,1220.0,North,27400.0,1,2
9303,Male,46-55,Active,17.0,330.0,West,48900.0,1,3
7060,Male,26-35,Active,106.0,2520.0,North,33100.0,1,8
278,Female,26-35,New,57.0,1950.0,South,38200.0,1,6
5085,Female,26-35,Active,85.0,2010.0,South,35200.0,1,3
2383,Male,46-55,Active,89.0,650.0,South,15000.0,1,6
572,Female,26-35,New,22.0,1010.0,East,57900.0,1,1
1436,Female,36-45,Inactive,89.0,1470.0,North,30800.0,0,9
5353,Female,46-55,Active,55.0,760.0,East,15000.0,1,3
5446,Male,26-35,Active,81.0,2040.0,North,33500.0,1,7
1008,Male,36-45,Inactive,30.0,470.0,South,,1,2
4544,Female,46-55,Active,83.0,2600.0,West,34300.0,1,9
8854,Female,36-45,Inactive,32.0,1630.0,North,79700.0,0,2
2065,Male,26-35,Active,76.0,980.0,East,27600.0,1,4
1137,Female,46-55,New,30.0,400.0,South,30300.0,0,2
5344,Female,18-25,New,40.0,2650.0,East,75200.0,0,6
295,Female,18-25,New,64.0,5710.0,West,105300.0,1,4
2404,Female,26-35,Active,14.0,280.0,South,33300.0,1,2
3999,Male,26-35,Active,64.0,960.0,South,16100.0,1,8
3742,Male,36-45,Inactive,62.0,2380.0,South,40700.0,1,9
9260,Male,26-35,New,28.0,930.0,North,39600.0,0,4
2720,Female,26-35,Active,18.0,,West,47800.0,1,4
9237,Male,36-45,New,57.0,1590.0,South,43600.0,1,2
5151,Female,18-25,Active,48.0,780.0,North,20800.0,1,3
2809,Male,56+,Active,56.0,1230.0,West,29500.0,0,5
557,Male,26-35,New,3.0,120.0,West,61700.0,0,0
8963,Female,46-55,Active,31.0,550.0,East,29100.0,1,3
4796,Male,36-45,Active,3.0,50.0,West,17500.0,1,2
2470,Male,18-25,Active,60.0,2200.0,South,60300.0,0,5
3739,Female,56+,New,79.0,3330.0,North,46100.0,1,2
4287,Female,36-45,Active,34.0,740.0,North,22900.0,1,6
2605,Male,18-25,Active,10.0,120.0,East,15800.0,0,2
363,Male,18-25,Inactive,36.0,87238.75164005204,South,90100.0,0,3
6925,Male,36-45,New,44.0,1400.0,West,41300.0,1,2
1705,Female,18-25,New,0.0,0.0,North,61400.0,1,0
2140,Female,46-55,Active,57.0,1070.0,North,29400.0,1,10
3240,Male,18-25,Active,86.0,3970.0,South,65200.0,1,5
2384,Male,26-35,Active,49.0,2620.0,West,54000.0,1,6
7315,Male,26-35,Inactive,7.0,240.0,West,38600.0,0,1
4312,Female,18-25,Inactive,74.0,1420.0,North,42400.0,0,3
1313,Female,36-45,Inactive,118.0,4460.0,West,66900.0,1,13
3931,Female,46-55,Inactive,95.0,5440.0,South,61300.0,1,13
6184,Female,18-25,New,4.0,250.0,West,69200.0,0,1
1592,Male,26-35,Active,68.0,2050.0,North,50500.0,1,3
9425,Female,26-35,Inactive,68.0,2980.0,North,52000.0,1,4
2163,Male,18-25,New,63.0,1790.0,East,36700.0,0,6
2397,Male,26-35,Active,103.0,2950.0,North,55100.0,1,9
318,Female,26-35,Active,64.0,2200.0,South,40500.0,0,8
5234,Male,26-35,Active,46.0,1760.0,South,97600.0,1,6
5069,Male,18-25,Inactive,120.0,2280.0,North,23400.0,1,10
4037,Male,46-55,New,47.0,1290.0,East,58900.0,0,3
3021,Male,46-55,Active,13.0,380.0,North,33100.0,0,1
8229,Female,18-25,Active,90.0,4580.0,North,56500.0,0,4
5296,Female,18-25,Active,117.0,,West,26800.0,1,9
3973,Female,18-25,Active,20.0,350.0,East,22600.0,0,3
5371,Male,46-55,Active,109.0,3960.0,West,54700.0,1,11
4134,Female,36-45,New,96.0,3050.0,East,39200.0,1,5
975,Male,36-45,Inactive,101.0,2480.0,North,43900.0,0,7
7292,Male,18-25,Active,102.0,7070.0,North,77100.0,1,11
955,Female,56+,Active,75.0,3750.0,South,51900.0,0,10
9344,Male,46-55,Active,94.0,900.0,South,17700.0,1,8
5017,Female,26-35,Active,70.0,,South,50400.0,1,5
9770,Male,18-25,Active,84.0,1530.0,East,35400.0,1,5
7491,Female,36-45,Inactive,88.0,1840.0,East,46800.0,1,9
1641,Female,36-45,Active,108.0,7990.0,South,89500.0,0,7
1291,Female,46-55,Inactive,88.0,6080.0,North,,0,9
1381,Male,36-45,Active,19.0,620.0,South,57000.0,1,3
1934,Female,36-45,New,25.0,570.0,West,35500.0,0,1
4676,Male,18-25,New,69.0,1930.0,South,69000.0,1,5
893,Male,46-55,New,19.0,770.0,South,43800.0,0,0
7288,Male,36-45,Active,10.0,330.0,West,39400.0,1,2
4877,Male,56+,New,52.0,1070.0,East,47100.0,1,6
7907,Female,36-45,Inactive,116.0,3460.0,East,31600.0,0,9
8195,Female,26-35,Inactive,22.0,510.0,East,36500.0,0,2
9417,Male,26-35,Active,106.0,4280.0,West,58800.0,1,7
2467,Female,26-35,Inactive,49.0,590.0,East,15500.0,1,5
7658,Female,26-35,New,,1650.0,North,27200.0,1,5
1914,Female,26-35,Inactive,85.0,2020.0,South,38800.0,0,5
2737,Male,26-35,Active,56.0,1410.0,West,37800.0,1,5
727,Male,36-45,Active,96.0,2790.0,East,72100.0,1,7
7215,Female,18-25,Inactive,2.0,90.0,South,56400.0,0,1
8246,Male,46-55,Active,39.0,2290.0,North,66800.0,1,3
1797,Female,26-35,Inactive,100.0,1650.0,East,23100.0,1,6
3846,Female,18-25,Active,115.0,6480.0,West,58900.0,1,16
6403,Male,46-55,Active,4.0,40.0,West,24400.0,1,1
937,Female,46-55,New,88.0,4120.0,,99400.0,1,9
2266,Male,18-25,Inactive,59.0,1210.0,East,36300.0,0,4
825,Female,26-35,Active,111.0,1350.0,South,27300.0,1,7
7275,Female,18-25,Active,63.0,1500.0,East,31200.0,1,8
1390,Male,26-35,New,33.0,1150.0,North,83400.0,0,4
3565,Female,36-45,Inactive,119.0,1360.0,North,29400.0,1,7
5430,Female,46-55,Active,86.0,3350.0,West,43000.0,1,7
7828,Male,26-35,Active,107.0,3580.0,South,39200.0,1,16
5691,Female,18-25,Active,51.0,890.0,North,30000.0,1,4
7879,Female,18-25,Active,32.0,910.0,,33800.0,1,3
1869,Female,18-25,Active,79.0,1210.0,West,23000.0,1,3
8203,Male,26-35,Active,10.0,,North,40400.0,1,2
7487,Male,36-45,Active,64.0,1040.0,West,19600.0,0,4
807,Female,26-35,Active,41.0,1150.0,North,31600.0,1,3
4806,Female,36-45,Inactive,116.0,5150.0,South,76100.0,1,8
9190,Female,36-45,Active,34.0,1250.0,South,42300.0,1,5
7512,Female,18-25,Active,91.0,1690.0,East,27000.0,0,13
8057,Female,18-25,New,18.0,810.0,South,45800.0,0,2
4495,Male,26-35,Active,92.0,2340.0,West,62900.0,0,5
2633,Female,56+,Active,83.0,6070.0,East,110100.0,1,6
8938,Male,46-55,Active,116.0,3400.0,East,39900.0,1,9
8624,Female,36-45,New,29.0,470.0,West,19800.0,1,5
7833,Male,26-35,Inactive,106.0,4740.0,West,,1,7
4389,Female,26-35,New,66.0,1370.0,North,49500.0,0,1
146,Male,56+,Active,17.0,830.0,West,104800.0,0,3
6468,Female,56+,Active,33.0,,East,40900.0,0,1
2034,Male,18-25,Active,19.0,570.0,South,45100.0,1,4
9165,Female,36-45,New,65.0,1770.0,East,28800.0,1,4
1166,Female,36-45,Active,31.0,980.0,North,34300.0,0,3
2051,Female,26-35,Inactive,95.0,1350.0,South,24800.0,1,8
3761,Female,26-35,Active,90.0,,East,41600.0,0,5
4436,Female,46-55,Inactive,59.0,2160.0,South,49100.0,1,5
3431,Female,56+,Active,3.0,40.0,North,37400.0,1,1
8191,Female,56+,Inactive,8.0,380.0,North,63800.0,0,1
8791,Female,26-35,Inactive,79.0,1490.0,North,33600.0,1,4
7070,Female,18-25,New,45.0,1830.0,East,47700.0,1,2
4362,Female,18-25,Inactive,41.0,660.0,North,30400.0,0,2
1772,Female,26-35,Active,69.0,1630.0,,60700.0,1,10
3512,Female,26-35,Active,100.0,1860.0,East,40100.0,1,4
272,Male,46-55,Active,43.0,1510.0,West,47200.0,0,1
8437,Male,18-25,Inactive,102.0,2410.0,North,46300.0,0,10
2033,Male,46-55,Inactive,70.0,1600.0,South,34100.0,0,1
9704,Male,18-25,Active,45.0,2050.0,West,50400.0,1,4
3811,Female,18-25,New,114.0,2610.0,North,23700.0,1,7
4347,Female,18-25,Active,65.0,2030.0,,33500.0,0,2
546,Male,46-55,Active,36.0,,South,28100.0,0,1
3242,Female,26-35,Active,5.0,90.0,South,41600.0,1,0
8503,Male,36-45,Active,39.0,470.0,East,32300.0,0,4
9958,Male,18-25,Active,39.0,1040.0,East,43000.0,0,3
7565,Male,36-45,Active,99.0,10170.0,South,104500.0,0,8
921,Male,36-45,Active,28.0,,West,40700.0,1,1
9156,Female,46-55,Active,37.0,410.0,North,21600.0,1,3
6641,Male,26-35,Active,106.0,4290.0,East,43800.0,0,6
7695,Male,26-35,Active,114.0,3520.0,North,50600.0,1,10
8231,Male,18-25,Active,118.0,4320.0,South,41300.0,1,11
7127,Male,26-35,Active,113.0,3740.0,South,38500.0,1,7
4279,Male,36-45,Inactive,57.0,3400.0,North,59700.0,0,4
2984,Female,36-45,Active,103.0,2460.0,North,30000.0,1,10
131,Male,46-55,Active,119.0,3450.0,South,29500.0,1,6
7981,Male,56+,New,105.0,1300.0,East,23500.0,1,6
2668,Male,36-45,Inactive,71.0,3010.0,South,53300.0,1,8
7139,Female,36-45,New,4.0,,West,68300.0,1,1
3224,Female,18-25,Active,88.0,2540.0,East,62500.0,1,6
7694,Male,36-45,Inactive,40.0,,East,63400.0,1,4
5393,Female,46-55,New,113.0,1580.0,North,15000.0,1,6
615,Male,36-45,Active,29.0,550.0,West,45900.0,0,2
9942,Male,36-45,New,117.0,1640.0,South,22900.0,1,10
1467,Male,26-35,Active,5.0,90.0,South,41000.0,1,3
4498,Female,26-35,New,91.0,4280.0,North,,1,4
3043,Female,18-25,New,3.0,40.0,North,27800.0,1,1
2420,Female,18-25,New,12.0,370.0,East,35500.0,1,1
5086,Male,46-55,Active,26.0,480.0,North,30000.0,0,1
3295,Female,18-25,New,14.0,650.0,North,46900.0,1,3
6738,Female,56+,Inactive,47.0,1070.0,West,43500.0,0,3
1501,Female,26-35,Active,55.0,830.0,,38500.0,1,4
1522,Female,18-25,Inactive,27.0,540.0,South,24100.0,0,1
9155,Female,56+,Active,28.0,460.0,West,42400.0,1,2
4233,Female,46-55,Active,104.0,,North,20200.0,0,7
7687,Female,26-35,Active,68.0,2760.0,West,47400.0,1,3
4431,Male,26-35,Active,69.0,2460.0,South,51300.0,1,4
391,Female,36-45,Active,91.0,4690.0,North,61600.0,1,6
9898,Female,36-45,Active,11.0,390.0,South,54400.0,1,5
7125,Male,26-35,Active,100.0,4620.0,South,49300.0,1,3
5914,Male,36-45,Active,,2640.0,North,,0,4
8593,Female,26-35,Active,74.0,4360.0,North,98800.0,1,9
4807,Male,26-35,Active,29.0,1000.0,South,89300.0,0,1
8992,Male,36-45,Active,77.0,2930.0,East,52100.0,1,7
8239,Female,26-35,Inactive,4.0,270.0,East,73800.0,1,2
8045,Female,46-55,Active,31.0,1120.0,South,41000.0,1,4
9822,Female,18-25,Active,36.0,1010.0,South,30400.0,1,0
3994,Male,26-35,Active,115.0,2590.0,,54100.0,1,7
9591,Female,18-25,Inactive,79.0,1240.0,South,31700.0,0,5
6610,Male,46-55,Active,41.0,790.0,West,35500.0,0,4
5320,Male,18-25,New,69.0,940.0,North,16700.0,0,5
7120,Female,46-55,Active,93.0,2020.0,West,31500.0,1,12
2422,Male,26-35,Active,116.0,1600.0,West,15600.0,1,7
5605,Female,36-45,Active,50.0,2540.0,East,55400.0,1,3
1751,Female,46-55,Inactive,85.0,1630.0,South,22500.0,0,11
9053,Female,36-45,New,7.0,190.0,South,34400.0,1,1
9758,Female,26-35,New,49.0,680.0,North,28900.0,0,3
339,Male,26-35,Active,111.0,5300.0,North,74800.0,1,14
8408,Female,26-35,Inactive,96.0,7500.0,North,83900.0,0,3
1342,Female,18-25,New,107.0,3760.0,East,56200.0,1,7
9584,Female,26-35,Inactive,85.0,5160.0,South,62200.0,0,4
7983,Female,56+,Active,9.0,150.0,South,30400.0,1,4
3641,Male,18-25,New,0.0,0.0,South,48700.0,1,1
330,Male,46-55,Inactive,17.0,350.0,South,22500.0,0,2
9360,Male,36-45,Inactive,,1890.0,East,49700.0,0,4
3005,Male,26-35,New,76.0,3060.0,East,47300.0,1,8
6961,Male,46-55,Active,26.0,590.0,East,54100.0,0,1
4091,Male,26-35,New,44.0,1550.0,East,37900.0,1,6
2323,Male,18-25,Active,77.0,2640.0,South,37400.0,1,7
6668,Female,36-45,Active,81.0,2520.0,South,52500.0,1,6
7010,Female,26-35,Active,93.0,5750.0,South,74900.0,1,8
4198,Female,26-35,Inactive,15.0,680.0,East,48900.0,0,3
3550,Female,26-35,Active,29.0,1160.0,North,48700.0,1,3
8364,Male,36-45,New,26.0,520.0,South,24900.0,1,3
4204,Female,36-45,New,16.0,260.0,North,30500.0,0,1
9484,Female,46-55,Inactive,53.0,1060.0,South,,0,4
8974,Male,18-25,New,46.0,750.0,North,16400.0,0,9
6186,Female,18-25,New,52.0,1270.0,North,37100.0,1,7
1640,Female,56+,Active,104.0,1200.0,West,28000.0,0,9
61,Female,46-55,Inactive,15.0,440.0,East,39200.0,1,2
1241,Female,46-55,New,84.0,1360.0,East,34600.0,1,6
5761,Male,26-35,Active,93.0,1810.0,West,34600.0,1,3
5137,Male,18-25,Active,112.0,2860.0,South,45800.0,1,12
2344,Male,46-55,Inactive,0.0,0.0,South,56100.0,0,0
2121,Male,26-35,Active,33.0,770.0,West,61000.0,1,6
1525,Female,46-55,Active,7.0,330.0,East,,1,2
7618,Female,26-35,New,10.0,220.0,North,25000.0,0,2
154,Female,26-35,Inactive,10.0,200.0,South,34600.0,1,4
482,Male,18-25,Active,1.0,60.0,West,70100.0,0,1
6123,Female,18-25,Inactive,3.0,110.0,North,43500.0,0,1
7675,Female,36-45,New,44.0,1380.0,North,43400.0,0,5
7102,Male,36-45,New,80.0,1590.0,West,36400.0,0,11
1763,Male,18-25,Active,54.0,1480.0,North,34100.0,1,5
7716,Male,36-45,Active,39.0,740.0,,29600.0,0,2
9119,Female,36-45,Inactive,26.0,570.0,West,24200.0,1,3
7480,Female,36-45,Active,47.0,540.0,North,26300.0,1,1
6213,Male,18-25,Active,108.0,,West,52400.0,1,10
4854,Male,26-35,Active,10.0,110.0,North,23800.0,0,0
2712,Male,26-35,Inactive,45.0,620.0,North,21100.0,0,3
6767,Female,18-25,Active,64.0,600.0,East,22700.0,1,8
4151,Male,26-35,Active,6.0,130.0,,29000.0,1,3
1334,Female,26-35,Inactive,25.0,630.0,,40000.0,0,4
8379,Male,56+,Active,30.0,990.0,West,59400.0,0,3
9427,Male,46-55,Active,79.0,3320.0,North,67500.0,1,5
9747,Female,36-45,Inactive,44.0,1780.0,,59500.0,1,5
9159,Male,18-25,Inactive,10.0,210.0,West,31800.0,0,2
3851,Male,26-35,New,70.0,1210.0,East,45600.0,0,3
8341,Male,26-35,Active,30.0,270.0,West,22600.0,0,3
4125,Female,36-45,Inactive,81.0,1150.0,West,36700.0,0,9
9001,Female,18-25,Active,30.0,920.0,North,38300.0,0,5
4789,Male,26-35,Active,70.0,4600.0,South,98700.0,1,3
2867,Male,26-35,Active,44.0,1430.0,South,44300.0,0,6
1387,Female,18-25,Inactive,105.0,,South,41200.0,1,7
5942,Female,36-45,Active,102.0,1860.0,South,39500.0,1,9
3068,Male,46-55,Active,86.0,4630.0,East,55800.0,1,6
9096,Female,26-35,New,114.0,1260.0,North,18500.0,1,8
3630,Male,26-35,New,82.0,1760.0,East,30300.0,1,5
9495,Male,56+,Active,36.0,1140.0,West,39500.0,0,0
8987,Male,18-25,Active,63.0,840.0,West,35400.0,1,6
3029,Female,26-35,Active,60.0,3460.0,East,76300.0,0,2
2970,Male,26-35,Active,110.0,7850.0,North,,1,8
8647,Female,26-35,Active,70.0,1900.0,South,38900.0,1,9
6137,Female,46-55,Active,104.0,3210.0,North,43300.0,1,9
8802,Male,18-25,New,12.0,690.0,,74800.0,1,3
4264,Female,18-25,Active,36.0,1150.0,West,33400.0,1,3
646,Female,26-35,New,7.0,180.0,South,35400.0,0,1
9979,Male,36-45,New,52.0,670.0,West,32400.0,1,2
2075,Male,36-45,Active,15.0,500.0,East,34500.0,0,2
342,Female,56+,Active,25.0,1150.0,North,60700.0,0,1
8042,Male,56+,Inactive,34.0,630.0,North,29300.0,1,6
1623,Female,26-35,New,15.0,270.0,North,30200.0,1,4
7142,Female,18-25,New,105.0,3040.0,West,48600.0,1,5
5797,Female,18-25,Active,74.0,860.0,West,15000.0,1,6
7185,Male,36-45,New,80.0,1830.0,East,23700.0,1,6
8233,Female,46-55,Active,26.0,700.0,East,28100.0,1,2
5476,Male,36-45,New,43.0,2100.0,North,61300.0,1,7
9290,Male,18-25,Active,115.0,2700.0,North,25100.0,1,9
75,Male,18-25,New,107.0,2480.0,East,25400.0,1,13
8634,Female,18-25,Active,119.0,5850.0,North,60400.0,1,7
9267,Female,56+,Active,89.0,4010.0,,61100.0,1,8
2052,Male,18-25,Active,120.0,3380.0,North,28500.0,1,7
2542,Male,36-45,Active,72.0,3370.0,West,,1,6
1302,Female,56+,Active,69.0,1970.0,East,62400.0,1,8
5878,Male,56+,New,77.0,3050.0,East,72700.0,0,3
7369,Female,36-45,Active,84.0,2200.0,West,47700.0,1,12
1305,Female,46-55,Active,98.0,3860.0,North,60300.0,1,12
8429,Female,26-35,Active,16.0,750.0,West,47200.0,1,1
9132,Female,46-55,Active,96.0,3190.0,East,38800.0,0,6
2600,Female,26-35,Active,21.0,830.0,North,47900.0,1,1
2574,Female,26-35,Active,31.0,,East,28500.0,0,5
3187,Female,18-25,New,115.0,5100.0,West,53700.0,0,13
2769,Female,36-45,Active,108.0,2230.0,North,37200.0,1,6
4832,Male,36-45,New,67.0,1770.0,South,45700.0,1,6
4224,Male,56+,Inactive,112.0,,East,42400.0,1,5
9689,Male,18-25,Active,37.0,1090.0,North,51100.0,1,2
2107,Female,36-45,Active,26.0,1030.0,North,44400.0,1,2
2680,Male,36-45,Active,80.0,1150.0,North,31300.0,1,9
1388,Male,36-45,Active,18.0,260.0,South,23300.0,0,1
8969,Female,36-45,Inactive,12.0,400.0,North,84000.0,0,3
9699,Male,18-25,Active,76.0,4220.0,East,56100.0,1,9
7084,Male,56+,New,28.0,440.0,North,28300.0,1,1
1280,Female,26-35,Inactive,119.0,1480.0,North,26100.0,1,9
805,Male,36-45,New,115.0,2900.0,North,44200.0,0,10
1556,Female,26-35,Active,97.0,1060.0,North,25200.0,1,8
9526,Female,46-55,Active,3.0,50.0,North,26200.0,1,1
4567,Female,36-45,Active,12.0,260.0,West,29100.0,1,3
9709,Female,26-35,Active,83.0,4080.0,East,78300.0,1,6
4842,Male,26-35,Active,35.0,1570.0,South,49300.0,0,2
3595,Male,46-55,Inactive,68.0,920.0,South,31000.0,0,10
6036,Female,46-55,New,81.0,2120.0,East,52900.0,1,6
6853,Female,18-25,Active,69.0,1500.0,South,31500.0,0,3
8706,Male,26-35,Active,54.0,490.0,South,16900.0,1,0
4178,Female,46-55,Active,81.0,700.0,East,18000.0,1,9
1309,Male,18-25,Inactive,97.0,2340.0,North,34700.0,1,11
3453,Male,26-35,New,50.0,810.0,North,26500.0,1,5
3696,Male,26-35,Active,91.0,4310.0,North,50700.0,1,6
4243,Female,46-55,Active,8.0,800.0,East,134500.0,1,2
2199,Male,36-45,New,103.0,3740.0,West,60500.0,1,387
4426,Male,26-35,Active,65.0,1420.0,,25200.0,1,3
6151,Female,26-35,New,13.0,400.0,West,47500.0,0,1
944,Male,26-35,Active,113.0,4880.0,South,46900.0,1,11
823,Male,18-25,Active,95.0,3470.0,East,36600.0,1,6
5006,Male,18-25,Active,105.0,2840.0,East,47400.0,1,5
6613,Female,18-25,New,7.0,80.0,West,23600.0,1,1
8357,Female,18-25,New,98.0,880.0,North,20100.0,0,6
5620,Male,26-35,New,89.0,920.0,North,15000.0,0,7
4548,Male,18-25,Active,116.0,3070.0,North,45600.0,1,8
2539,Male,46-55,Active,41.0,1230.0,North,40800.0,0,3
5208,Female,46-55,Inactive,59.0,1840.0,South,48000.0,0,3
9554,Male,18-25,Active,72.0,1800.0,North,26100.0,1,6
9047,Male,36-45,Active,99.0,6200.0,North,82900.0,1,8
3055,Female,26-35,Active,58.0,1180.0,West,22300.0,1,3
3676,Female,56+,Active,107.0,2930.0,South,34000.0,1,9
7777,Male,36-45,Inactive,116.0,3250.0,North,,1,9
7219,Male,18-25,Active,28.0,250.0,South,15000.0,1,5
6723,Male,26-35,Active,98.0,1390.0,North,30000.0,1,8
3301,Female,36-45,Active,34.0,680.0,South,22500.0,1,7
3311,Female,36-45,New,35.0,2040.0,South,71300.0,1,3
7222,Male,26-35,Active,89.0,4030.0,South,52300.0,1,8
8520,Male,26-35,New,71.0,2130.0,North,65700.0,1,4
5955,Male,26-35,Active,18.0,490.0,East,33800.0,0,3
833,Male,26-35,New,90.0,1520.0,East,23600.0,0,9
3463,Male,36-45,Active,39.0,1270.0,West,36600.0,0,4
7644,Female,46-55,Inactive,108.0,1260.0,North,20700.0,0,7
55,Female,46-55,Inactive,22.0,740.0,North,49200.0,0,2
3452,Female,36-45,New,65.0,1570.0,North,52600.0,0,5
6306,Male,36-45,Active,26.0,1560.0,South,68700.0,0,3
1482,Male,36-45,Active,21.0,490.0,South,40700.0,1,3
4874,Female,36-45,Active,7.0,310.0,South,64500.0,1,2
8039,Male,46-55,Inactive,68.0,1490.0,East,46900.0,1,6
3336,Male,26-35,Active,107.0,1940.0,East,20300.0,0,9
6017,Male,18-25,Active,89.0,1100.0,East,18600.0,1,4
4927,Male,26-35,New,15.0,420.0,West,28300.0,0,0
5798,Female,36-45,Inactive,96.0,7660.0,East,87200.0,1,18
9871,Male,26-35,Active,116.0,1040.0,West,15700.0,0,11
5084,Male,46-55,Active,5.0,70.0,North,21600.0,0,1
6646,Male,26-35,Active,60.0,,West,51600.0,1,6
5491,Male,36-45,Active,46.0,2290.0,North,,0,2
769,Male,46-55,New,5.0,440.0,North,151600.0,0,3
2066,Female,26-35,Active,108.0,5550.0,West,67700.0,1,7
9540,Male,36-45,Active,84.0,2130.0,East,28600.0,0,7
7312,Male,18-25,New,19.0,950.0,South,63900.0,0,0
8478,Male,36-45,New,76.0,1820.0,South,31800.0,1,8
4525,Female,56+,Active,47.0,1520.0,East,73600.0,0,5
2718,Female,36-45,Active,24.0,560.0,East,51700.0,0,0
2080,Male,26-35,Inactive,7.0,,North,47900.0,0,2
8915,Male,46-55,New,37.0,720.0,East,43800.0,0,2
952,Male,56+,Inactive,71.0,2550.0,East,,0,10
8059,Female,46-55,Active,76.0,1690.0,East,44700.0,1,4
2483,Male,18-25,Active,26.0,470.0,,39300.0,1,2
1760,Female,36-45,Inactive,24.0,1250.0,,79100.0,0,1
4423,Female,26-35,Active,,1840.0,West,115500.0,1,1
6705,Female,26-35,Active,54.0,2280.0,North,57800.0,1,4
5183,Male,46-55,New,33.0,690.0,West,32700.0,0,3
8534,Female,46-55,Active,66.0,1720.0,West,61500.0,1,4
3702,Male,26-35,Active,13.0,570.0,East,56100.0,1,2
4244,Female,26-35,New,41.0,730.0,South,21300.0,1,6
689,Female,26-35,Active,107.0,3230.0,North,77800.0,1,10
3433,Female,26-35,Inactive,50.0,1000.0,South,33600.0,1,0
4945,Female,46-55,Active,98.0,,North,34400.0,1,7
967,Female,26-35,Active,76.0,2710.0,East,,0,6
9524,Female,26-35,Active,79.0,4200.0,West,65900.0,1,5
2714,Male,26-35,Active,75.0,1140.0,East,21800.0,1,11
4758,Female,46-55,New,19.0,,South,33800.0,0,1
9585,Female,26-35,Inactive,83.0,1350.0,South,29700.0,1,7
6321,Male,46-55,Inactive,118.0,3720.0,South,39800.0,1,9
5976,Male,36-45,Active,69.0,1610.0,West,34400.0,0,6
3573,Male,56+,Active,25.0,560.0,West,29200.0,0,2
5300,Male,56+,Active,42.0,1220.0,North,49600.0,0,7
1991,Male,56+,New,61.0,,East,43400.0,0,5
1206,Male,18-25,Active,100.0,2400.0,North,48100.0,1,4
4972,Male,36-45,Active,81.0,3570.0,West,55100.0,1,4
6784,Male,18-25,Active,66.0,4300.0,West,84600.0,1,7
3601,Male,36-45,Inactive,34.0,,North,20900.0,1,2
6491,Male,26-35,New,103.0,1480.0,North,28500.0,0,10
8610,Male,56+,Inactive,89.0,4250.0,West,48500.0,0,6
7052,Male,26-35,Active,38.0,3090.0,West,84700.0,1,3
8071,Male,36-45,Inactive,4.0,180.0,East,75400.0,1,1
8578,Male,18-25,Active,76.0,4050.0,South,79900.0,1,5
7974,Male,46-55,New,96.0,,South,54700.0,0,7
1626,Female,26-35,Active,75.0,1960.0,North,39500.0,1,5
537,Female,36-45,Active,15.0,430.0,West,38800.0,1,2
8767,Female,18-25,New,80.0,2960.0,West,61400.0,0,5
7971,Female,46-55,New,110.0,2780.0,,50400.0,0,9
4213,Male,18-25,Active,3.0,60.0,West,20500.0,1,1
6457,Female,46-55,Inactive,44.0,1160.0,West,44300.0,0,0
3508,Female,46-55,Active,76.0,2440.0,South,35200.0,1,9
8394,Female,46-55,Active,24.0,290.0,East,15000.0,0,7
7113,Female,18-25,Active,100.0,2200.0,East,27400.0,1,8
2709,Male,26-35,New,31.0,1820.0,West,78200.0,1,5
5032,Female,26-35,New,49.0,770.0,South,21300.0,1,4
6515,Male,18-25,Inactive,10.0,290.0,South,46000.0,1,1
4663,Female,46-55,Active,60.0,3600.0,South,64000.0,1,6
4022,Male,26-35,New,67.0,750.0,North,,0,9
1855,Female,26-35,New,8.0,390.0,North,49100.0,1,3
9464,Male,18-25,New,61.0,1170.0,East,23700.0,1,8
2873,Male,18-25,Inactive,,2130.0,East,36200.0,0,6
3031,Female,18-25,Inactive,97.0,2660.0,West,41300.0,1,7
1646,Female,18-25,Active,88.0,1250.0,South,30400.0,1,5
3418,Female,26-35,Active,9.0,240.0,East,32100.0,1,2
3477,Female,26-35,New,81.0,2680.0,North,38600.0,1,5
9592,Male,56+,Active,56.0,1320.0,West,33900.0,0,4
1793,Male,36-45,Active,,90.0,West,49100.0,1,0
3798,Female,26-35,Active,94.0,2980.0,West,63100.0,1,9
3369,Male,36-45,Inactive,13.0,360.0,North,28400.0,0,3
7197,Male,36-45,Active,65.0,2330.0,North,36500.0,0,6
9681,Female,18-25,New,108.0,2440.0,East,40700.0,1,10
5110,Female,46-55,Active,31.0,1680.0,East,63400.0,0,1
6025,Female,56+,New,70.0,2930.0,East,56200.0,0,9
8796,Female,56+,New,3.0,30.0,South,29600.0,1,2
9732,Male,18-25,Active,2.0,30.0,North,32000.0,0,0
127,Male,18-25,New,77.0,1800.0,South,38300.0,1,9
5960,Male,18-25,New,16.0,230.0,South,36100.0,1,1
3877,Male,18-25,Inactive,37.0,1660.0,East,50000.0,0,4
4452,Female,46-55,Inactive,2.0,130.0,North,104600.0,0,0
7148,Female,26-35,Active,71.0,1790.0,North,51400.0,1,5
3532,Male,18-25,Inactive,76.0,1930.0,North,63600.0,0,6
828,Male,36-45,Inactive,27.0,620.0,East,54100.0,1,2
7791,Female,46-55,Inactive,74.0,3360.0,South,46700.0,0,7
985,Male,36-45,Active,107.0,3980.0,West,57000.0,0,10
7784,Male,56+,Active,38.0,920.0,South,29400.0,0,2
2444,Female,26-35,Inactive,103.0,9020.0,North,96700.0,1,9
8555,Female,46-55,New,8.0,190.0,North,25100.0,0,1
346,Female,46-55,Inactive,83.0,1940.0,East,34900.0,1,7
815,Male,18-25,Active,47.0,1490.0,,59300.0,1,5
6167,Female,36-45,Inactive,42.0,,East,27700.0,1,5
5780,Male,26-35,Inactive,120.0,2680.0,East,52200.0,1,9
2117,Male,26-35,Active,81.0,,East,33100.0,1,8
794,Male,56+,Active,28.0,730.0,North,33800.0,0,2
6899,Female,56+,Active,29.0,620.0,North,24300.0,0,4
2675,Female,26-35,Active,51.0,1330.0,North,27800.0,1,4
95,Male,46-55,New,105.0,2500.0,East,57900.0,0,4
4226,Female,56+,Active,11.0,380.0,East,41000.0,1,2
3757,Male,56+,Active,37.0,920.0,South,40600.0,1,1
2892,Female,46-55,New,52.0,650.0,South,20300.0,0,2
2372,Male,18-25,New,83.0,1320.0,East,23300.0,1,3
9426,Female,18-25,New,56.0,,East,33400.0,0,4
3229,Female,18-25,Inactive,90.0,2020.0,West,43000.0,1,6
7864,Female,36-45,Active,55.0,720.0,North,34500.0,1,3
6360,Female,56+,Inactive,24.0,650.0,East,64200.0,0,2
9234,Female,46-55,New,10.0,210.0,West,43300.0,1,1
7327,Female,46-55,New,41.0,850.0,North,23500.0,1,6
6029,Female,36-45,New,20.0,1630.0,East,82500.0,0,3
1866,Female,36-45,New,78.0,2070.0,East,27700.0,1,9
4613,Female,26-35,New,50.0,1640.0,East,46200.0,1,4
2646,Female,46-55,Inactive,49.0,1030.0,South,28600.0,1,6
2244,Male,46-55,New,118.0,5670.0,South,68300.0,0,5
5374,Female,26-35,New,16.0,610.0,West,44800.0,0,3
2337,Female,18-25,Active,93.0,2780.0,South,38700.0,1,5
951,Female,26-35,Inactive,86.0,3750.0,South,64300.0,1,11
1121,Female,46-55,New,84.0,1460.0,South,22000.0,1,3
2205,Male,26-35,New,7.0,120.0,North,44600.0,1,0
420,Female,36-45,Inactive,88.0,,West,35100.0,0,13
923,Female,36-45,Active,86.0,1050.0,East,20000.0,1,8
8670,Female,36-45,Active,35.0,980.0,East,41700.0,1,3
5409,Male,26-35,Active,115.0,5300.0,East,57600.0,1,13
5789,Female,26-35,Active,36.0,560.0,South,,1,5
5743,Female,36-45,New,91.0,1550.0,East,39300.0,1,8
7668,Male,26-35,Inactive,25.0,610.0,South,40200.0,1,2
5568,Male,36-45,Active,107.0,2940.0,West,58600.0,0,8
8136,Male,18-25,Inactive,71.0,1680.0,West,29500.0,0,6
1203,Female,36-45,Active,103.0,2050.0,East,28300.0,1,17
5766,Male,26-35,New,72.0,,West,53100.0,1,6
8390,Female,46-55,New,26.0,620.0,North,41300.0,0,4
1971,Male,46-55,Active,112.0,5620.0,South,64900.0,1,10
4019,Male,26-35,Active,20.0,420.0,South,28800.0,1,0
3688,Female,26-35,Active,84.0,2850.0,South,38400.0,1,8
1998,Male,26-35,Active,71.0,1390.0,South,,0,6
4034,Female,26-35,Active,33.0,1520.0,South,88300.0,1,3
1249,Female,26-35,Active,64.0,1370.0,West,34900.0,1,5
2193,Female,18-25,New,25.0,1640.0,North,101800.0,1,0
2713,Male,36-45,New,53.0,5350.0,North,126800.0,0,4
2191,Male,36-45,Active,60.0,3420.0,West,62400.0,1,6
4671,Male,26-35,Active,59.0,4740.0,South,94700.0,1,4
5143,Male,18-25,Inactive,52.0,1030.0,East,26200.0,0,5
5985,Female,26-35,New,10.0,,North,36000.0,0,1
6566,Female,36-45,New,59.0,1480.0,West,27200.0,1,6
7805,Male,18-25,Active,43.0,920.0,West,39300.0,1,3
6944,Female,56+,Active,73.0,1310.0,West,23100.0,1,8
2137,Male,26-35,Inactive,2.0,40.0,East,29700.0,1,2
1066,Female,26-35,Active,117.0,1770.0,East,34600.0,1,4
601,Female,36-45,Active,87.0,2370.0,South,31400.0,1,9
4228,Male,26-35,Active,33.0,1070.0,South,60300.0,1,5
7578,Male,18-25,Active,42.0,1160.0,South,49400.0,1,1
78,Female,18-25,Active,44.0,1120.0,South,49100.0,0,4
7547,Female,18-25,Active,91.0,1570.0,South,33700.0,1,8
2899,Female,46-55,New,18.0,490.0,North,28000.0,0,1
4821,Female,18-25,Active,47.0,770.0,North,27900.0,0,3
9835,Female,46-55,Inactive,19.0,260.0,South,31600.0,0,1
6414,Female,56+,Inactive,45.0,900.0,South,37900.0,0,3
9065,Male,26-35,Active,,,North,41000.0,1,7
8008,Female,26-35,Active,77.0,2030.0,West,50100.0,1,9
5469,Female,18-25,New,61.0,3620.0,North,69000.0,1,10
5952,Female,18-25,Inactive,53.0,1360.0,West,,0,3
3392,Female,46-55,New,61.0,1460.0,South,33300.0,1,5
5416,Female,18-25,Active,47.0,1390.0,South,45500.0,1,3
2561,Female,26-35,Active,20.0,420.0,North,32800.0,0,3
8163,Male,56+,Inactive,93.0,3840.0,South,57900.0,0,7
2636,Male,36-45,New,40.0,660.0,South,24700.0,1,2
5257,Female,36-45,New,104.0,4090.0,East,77600.0,1,12
3531,Male,46-55,Active,29.0,1560.0,North,67200.0,1,2
8568,Female,26-35,Inactive,81.0,1850.0,South,24100.0,1,9
1909,Female,26-35,Active,3.0,140.0,South,47100.0,1,0
236,Female,26-35,Active,18.0,920.0,North,55000.0,1,2
1605,Male,18-25,Active,106.0,4620.0,East,44700.0,1,7
7985,Female,36-45,Active,73.0,,South,55800.0,1,7
3491,Female,18-25,Inactive,33.0,370.0,North,27000.0,1,4
1995,Female,18-25,Inactive,32.0,960.0,North,34000.0,1,5
2825,Female,36-45,Active,57.0,1670.0,,,0,5
9323,Male,36-45,New,89.0,1150.0,North,15000.0,1,6
1343,Female,26-35,Inactive,115.0,3570.0,East,43000.0,0,7
8513,Female,56+,Active,119.0,2480.0,South,38600.0,0,12
1620,Male,26-35,Active,67.0,1240.0,,40600.0,1,6
5288,Female,18-25,Inactive,17.0,560.0,East,44000.0,0,3
2061,Female,18-25,Active,45.0,580.0,,16900.0,0,6
9995,Male,46-55,Inactive,101.0,4070.0,East,41600.0,0,6
2220,Male,36-45,Active,7.0,130.0,South,21100.0,1,1
6039,Male,26-35,Active,12.0,910.0,North,82500.0,1,1
261,Male,46-55,Active,38.0,1510.0,South,43200.0,1,2
9403,Female,46-55,Active,11.0,200.0,East,27500.0,0,0
9094,Male,36-45,New,97.0,2610.0,South,49600.0,1,10
3745,Male,36-45,Active,38.0,810.0,East,24500.0,0,6
2027,Female,46-55,Active,99.0,2680.0,East,43200.0,0,6
6989,Male,36-45,Inactive,20.0,1160.0,East,67200.0,0,1
4235,Male,18-25,Active,103.0,910.0,South,15500.0,0,5
1918,Female,36-45,Active,73.0,2480.0,East,36700.0,1,8
1829,Female,26-35,Active,94.0,2860.0,West,42500.0,1,4
6234,Male,26-35,Inactive,28.0,610.0,East,42000.0,0,3
9370,Female,36-45,New,105.0,1920.0,West,30600.0,1,14
6284,Male,26-35,Active,86.0,2290.0,West,33900.0,1,7
4209,Male,18-25,New,10.0,220.0,West,50100.0,1,0
225,Male,36-45,Inactive,50.0,1370.0,North,28000.0,0,4
8916,Male,18-25,New,12.0,250.0,West,27200.0,1,1
6470,Female,26-35,Active,33.0,530.0,West,32300.0,1,3
9452,Male,18-25,Active,2.0,80.0,North,43800.0,1,1
847,Male,36-45,Active,107.0,6700.0,South,90300.0,1,8
4290,Female,26-35,New,90.0,2090.0,West,48700.0,0,10
5561,Female,18-25,Active,1.0,50.0,East,59400.0,1,2
2552,Female,26-35,Active,72.0,2890.0,North,43700.0,0,7
118,Female,36-45,New,24.0,890.0,North,46700.0,0,2
8838,Female,26-35,New,53.0,1020.0,South,41800.0,1,4
5967,Female,36-45,Inactive,92.0,1320.0,South,24300.0,1,8
8196,Female,26-35,New,112.0,5130.0,,46500.0,1,9
8660,Male,36-45,Active,95.0,5190.0,North,57900.0,1,9
7490,Male,36-45,Inactive,47.0,2830.0,South,62000.0,1,2
6,Female,18-25,Active,500.0,2840.0,West,45800.0,1,7
5343,Female,36-45,New,39.0,3740.0,North,104600.0,1,2
9112,Male,26-35,Active,5.0,80.0,East,27100.0,1,3
4325,Male,26-35,Active,39.0,1100.0,East,34200.0,1,3
1064,Female,26-35,Active,118.0,4520.0,South,46400.0,1,6
2591,Female,36-45,New,66.0,530.0,East,18400.0,0,4
8435,Female,46-55,New,79.0,,South,69700.0,0,7
3736,Female,46-55,Active,86.0,1220.0,West,28400.0,0,3
3518,Male,18-25,New,82.0,2040.0,North,30300.0,0,3
6987,Female,18-25,New,70.0,,East,32400.0,0,9
6768,Female,36-45,Active,14.0,360.0,North,56600.0,1,0
5623,Female,26-35,New,80.0,2190.0,South,29200.0,1,4
1606,Male,18-25,Inactive,13.0,390.0,North,42500.0,1,0
1734,Male,18-25,New,38.0,2080.0,South,57800.0,1,7
9379,Male,36-45,Inactive,500.0,,West,65900.0,0,0
3813,Female,36-45,New,116.0,3160.0,North,49600.0,0,9
9664,Female,26-35,Active,26.0,470.0,North,26300.0,0,3
1762,Male,26-35,Inactive,52.0,2270.0,North,60900.0,0,5
5402,Male,26-35,Inactive,45.0,590.0,South,34700.0,0,6
2740,Female,36-45,Active,21.0,1210.0,East,89500.0,0,1
2473,Female,18-25,Active,106.0,1320.0,West,29200.0,1,4
6739,Female,46-55,Inactive,49.0,1730.0,West,50200.0,0,2
6892,Male,26-35,New,24.0,,North,,1,3
7944,Female,18-25,New,48.0,1120.0,West,44900.0,0,4
4207,Male,36-45,Active,44.0,670.0,North,31100.0,0,4
6372,Male,36-45,New,8.0,230.0,West,29700.0,1,2
233,Female,26-35,Active,119.0,3180.0,North,27400.0,1,7
8259,Female,26-35,Active,83.0,4360.0,,75500.0,0,5
7562,Male,46-55,Active,12.0,610.0,South,73800.0,0,1
6169,Male,26-35,Inactive,116.0,3390.0,East,37100.0,0,7
3597,Female,26-35,Active,18.0,390.0,South,50900.0,1,1
6289,Male,18-25,Inactive,2.0,30.0,West,18100.0,0,0
4633,Male,46-55,Active,86.0,2490.0,West,30300.0,0,4
126,Female,26-35,Inactive,96.0,1390.0,East,28100.0,1,4
7642,Female,56+,Active,66.0,2590.0,North,46400.0,1,5
6230,Male,46-55,Inactive,18.0,,North,45400.0,0,1
1297,Male,36-45,Active,14.0,,South,67200.0,1,3
1977,Female,18-25,New,58.0,750.0,North,19300.0,0,8
9520,Male,26-35,Inactive,57.0,2700.0,West,51500.0,0,8
9884,Male,26-35,New,18.0,470.0,East,27100.0,1,3
5751,Male,18-25,New,75.0,,South,77600.0,1,8
8153,Female,18-25,Inactive,71.0,1360.0,East,21300.0,1,9
3087,Male,26-35,Inactive,66.0,2330.0,South,40900.0,0,3
9314,Female,36-45,New,45.0,1720.0,West,44100.0,0,5
6883,Male,36-45,Active,15.0,710.0,South,87500.0,1,2
9343,Female,26-35,Active,32.0,1930.0,North,63300.0,1,2
7674,Male,26-35,Active,5.0,150.0,North,31400.0,1,2
3346,Female,46-55,Inactive,22.0,460.0,,34600.0,0,3
8173,Female,56+,Active,56.0,890.0,South,40700.0,0,8
9460,Female,26-35,New,26.0,450.0,South,30000.0,1,1
5871,Female,26-35,Inactive,86.0,,South,27100.0,1,4
6507,Female,26-35,Active,26.0,330.0,East,25800.0,1,4
2798,Male,18-25,Active,87.0,1650.0,South,35700.0,1,9
919,Male,46-55,New,87.0,1920.0,North,38300.0,0,11
1647,Male,36-45,Inactive,9.0,440.0,North,49800.0,0,0
5123,Male,18-25,Inactive,19.0,300.0,East,17900.0,0,1
5127,Male,46-55,New,36.0,880.0,East,53300.0,1,7
4622,Female,36-45,New,88.0,2920.0,West,55100.0,1,11
6810,Female,26-35,Active,0.0,0.0,North,22500.0,1,0
365,Female,18-25,Active,43.0,560.0,,24300.0,1,5
2126,Male,46-55,New,86.0,4800.0,West,59900.0,1,7
8151,Female,36-45,Active,71.0,2010.0,West,47900.0,1,5
8718,Male,18-25,Active,97.0,6640.0,East,77000.0,1,10
56,Female,18-25,New,76.0,1020.0,South,20900.0,1,3
639,Female,36-45,New,37.0,1750.0,North,47800.0,0,4
303,Female,36-45,Active,59.0,680.0,North,25000.0,1,3
5812,Male,36-45,New,67.0,1110.0,South,30400.0,1,4
1277,Male,18-25,New,83.0,6540.0,East,101000.0,0,9
4433,Female,46-55,Active,32.0,1330.0,North,43800.0,0,4
3645,Male,26-35,Active,18.0,270.0,North,17800.0,1,1
4144,Male,46-55,New,99.0,2890.0,West,32200.0,1,8
2879,Female,36-45,Inactive,47.0,1260.0,East,36000.0,0,4
6494,Male,36-45,Active,65.0,1440.0,North,55200.0,1,6
5241,Male,36-45,Inactive,17.0,1220.0,,79200.0,0,0
9446,Male,36-45,Active,39.0,420.0,West,16500.0,1,3
6938,Female,36-45,Active,103.0,,East,28900.0,1,10
7241,Female,26-35,Active,37.0,,West,15000.0,0,1
2594,Male,26-35,Active,16.0,730.0,West,98900.0,1,2
2394,Male,18-25,New,73.0,2270.0,East,33400.0,0,4
524,Female,26-35,New,57.0,4090.0,North,85600.0,1,7
6377,Male,18-25,Active,92.0,2190.0,North,31600.0,1,2
6982,Female,18-25,Active,24.0,560.0,West,28000.0,1,3
6678,Female,26-35,Active,50.0,2250.0,South,54800.0,1,4
3901,Male,26-35,New,112.0,2580.0,East,23700.0,1,10
9674,Female,18-25,Active,75.0,1040.0,North,28400.0,1,6
5586,Female,36-45,Inactive,45.0,1590.0,East,64600.0,0,6
9398,Female,18-25,Inactive,104.0,2160.0,North,27600.0,1,6
7957,Male,36-45,New,37.0,1300.0,North,78100.0,1,4
7571,Female,26-35,Inactive,24.0,1340.0,North,60900.0,0,3
6778,Female,26-35,New,76.0,1390.0,East,30600.0,1,9
672,Female,46-55,New,118.0,1230.0,South,16200.0,0,8
4189,Male,36-45,Inactive,86.0,2130.0,South,27200.0,1,6
667,Female,26-35,Inactive,25.0,350.0,South,37400.0,1,5
3267,Male,36-45,Active,15.0,720.0,East,65900.0,0,0
1888,Male,18-25,Active,23.0,1410.0,North,64400.0,1,3
8473,Male,46-55,Inactive,33.0,2090.0,North,70300.0,1,8
9092,Female,36-45,New,96.0,3000.0,East,51400.0,1,6
7688,Female,26-35,Active,68.0,2770.0,East,102500.0,1,2
6032,Female,46-55,Active,101.0,1930.0,West,33300.0,0,7
6091,Male,26-35,New,46.0,1520.0,West,52100.0,1,2
6239,Female,18-25,Active,28.0,1690.0,,69000.0,1,2
7351,Male,26-35,Active,23.0,680.0,South,34100.0,0,1
7831,Female,36-45,Inactive,46.0,1840.0,North,43400.0,0,5
761,Female,18-25,New,83.0,2100.0,South,36100.0,1,4
6255,Female,18-25,Active,33.0,1350.0,West,51700.0,1,3
1907,Male,36-45,New,82.0,2530.0,East,53600.0,1,4
3819,Female,26-35,Active,97.0,2170.0,West,41300.0,1,270
6270,Male,46-55,New,80.0,1520.0,East,22900.0,0,4
4301,Female,56+,Active,3.0,50.0,West,19100.0,0,2
5570,Female,18-25,New,67.0,1480.0,North,,0,3
7942,Male,18-25,Active,60.0,1830.0,North,46800.0,1,5
4165,Female,18-25,Active,98.0,4500.0,South,70500.0,0,8
5972,Male,36-45,Active,42.0,510.0,South,30400.0,0,1
3580,Male,26-35,Active,17.0,290.0,East,21200.0,0,2
2833,Female,18-25,New,100.0,2270.0,South,43700.0,0,2
5450,Male,26-35,Active,30.0,790.0,West,60800.0,1,3
3473,Female,18-25,Inactive,119.0,4340.0,South,75600.0,0,7
6328,Female,36-45,Active,37.0,1200.0,South,33300.0,0,3
138,Female,36-45,New,18.0,,North,42700.0,1,2
7044,Male,18-25,Active,27.0,570.0,West,23100.0,1,3
4893,Male,18-25,Active,106.0,2550.0,North,26600.0,1,5
2181,Female,26-35,Inactive,117.0,1410.0,South,,1,8
7731,Female,26-35,Inactive,20.0,580.0,West,50900.0,1,0
3178,Male,26-35,Active,50.0,2160.0,North,53500.0,1,3
4855,Male,46-55,Inactive,33.0,1090.0,West,83000.0,0,1
4638,Female,36-45,Active,117.0,2480.0,North,42000.0,0,9
5116,Female,36-45,Active,22.0,,West,19100.0,1,2
7649,Male,26-35,Inactive,78.0,2360.0,East,44300.0,1,3
4262,Female,36-45,Inactive,18.0,650.0,North,50700.0,0,1
1332,Female,56+,New,88.0,1280.0,West,36400.0,0,8
7003,Female,18-25,Active,98.0,1760.0,North,47600.0,0,14
6942,Female,36-45,New,49.0,940.0,East,48800.0,1,6
8018,Female,26-35,New,37.0,1530.0,West,54600.0,1,2
6242,Male,46-55,Inactive,39.0,1250.0,West,42300.0,1,4
8244,Male,26-35,Active,22.0,800.0,North,49800.0,0,2
6882,Female,18-25,Active,65.0,1810.0,East,37500.0,1,9
4531,Female,18-25,Active,3.0,100.0,East,41300.0,1,2
4674,Male,26-35,Inactive,75.0,2490.0,South,40600.0,0,3
6997,Female,56+,Active,29.0,430.0,East,30600.0,0,2
1253,Male,26-35,Inactive,111.0,3650.0,North,62600.0,0,5
3375,Female,56+,Active,110.0,3770.0,South,36600.0,1,10
2815,Male,18-25,Inactive,34.0,1050.0,West,39000.0,0,5
4720,Male,26-35,Active,46.0,660.0,North,31300.0,1,5
6545,Male,56+,Active,52.0,760.0,North,33600.0,0,4
4859,Male,26-35,Active,30.0,1370.0,South,61900.0,1,2
7902,Female,26-35,Active,5.0,430.0,East,95300.0,1,1
8581,Female,26-35,Inactive,104.0,2080.0,North,31000.0,1,7
8428,Male,56+,Inactive,57.0,750.0,West,31400.0,1,3
1078,Female,36-45,New,61.0,800.0,East,21600.0,1,6
4364,Female,36-45,New,47.0,1960.0,South,75400.0,1,3
771,Male,18-25,New,26.0,360.0,East,19100.0,0,6
8866,Female,18-25,Active,37.0,560.0,North,23900.0,0,4
250,Male,56+,Active,112.0,1500.0,East,28300.0,1,7
7240,Female,18-25,Active,52.0,1940.0,,48000.0,1,2
3420,Female,36-45,Active,29.0,620.0,North,43100.0,1,3
4977,Female,26-35,Active,50.0,1350.0,South,64300.0,1,2
4545,Male,18-25,Active,18.0,620.0,South,44700.0,0,2
5566,Male,46-55,Active,93.0,2830.0,North,34500.0,0,7
7940,Female,46-55,Active,79.0,3660.0,South,,1,8
717,Female,26-35,Active,5.0,70.0,West,24900.0,1,1
9692,Male,56+,Active,92.0,3110.0,East,41700.0,1,8
2049,Male,36-45,Active,,2240.0,North,37800.0,1,13
5998,Female,26-35,New,11.0,,North,43400.0,1,2
6601,Male,26-35,Active,58.0,2290.0,South,48400.0,1,7
7246,Female,26-35,Active,84.0,1300.0,West,23100.0,1,8
4179,Female,26-35,Inactive,11.0,170.0,East,34600.0,0,3
4810,Female,18-25,New,26.0,470.0,West,26700.0,0,3
9522,Female,56+,Active,91.0,5700.0,East,94900.0,1,5
7141,Male,46-55,Inactive,41.0,1120.0,South,38000.0,0,3
7191,Female,36-45,New,64.0,2160.0,South,40600.0,1,6
1461,Female,26-35,New,,550.0,West,46200.0,1,4
5990,Female,26-35,Active,56.0,490.0,East,15000.0,1,7
2001,Female,26-35,Active,44.0,520.0,South,26600.0,0,6
8176,Female,18-25,New,110.0,3000.0,North,37900.0,1,6
405,Female,18-25,Active,72.0,2240.0,West,38300.0,1,1
385,Male,46-55,Active,110.0,4550.0,West,71400.0,1,12
9488,Female,36-45,Inactive,67.0,1110.0,North,24600.0,0,6
9527,Female,18-25,Inactive,14.0,270.0,East,22700.0,0,3
1634,Female,18-25,Active,90.0,4060.0,North,72300.0,1,8
9595,Female,36-45,Active,91.0,2470.0,South,42900.0,1,6
4785,Female,18-25,Active,6.0,350.0,West,62000.0,1,0
9496,Male,26-35,New,55.0,440.0,South,18800.0,1,3
6971,Female,46-55,Inactive,78.0,2720.0,North,43100.0,1,9
3926,Female,26-35,Active,49.0,1010.0,East,27600.0,1,5
4159,Female,36-45,Active,56.0,870.0,East,28000.0,1,4
7450,Female,26-35,Active,,2440.0,North,60300.0,0,5
8416,Female,26-35,New,58.0,2750.0,,57900.0,1,4
2194,Male,26-35,New,21.0,630.0,South,30900.0,0,3
1016,Male,36-45,Active,23.0,,South,45500.0,1,4
5125,Female,26-35,Inactive,49.0,2310.0,South,59500.0,1,3
7419,Female,18-25,New,21.0,410.0,West,37000.0,0,1
7410,Male,36-45,Inactive,80.0,2080.0,North,56300.0,1,6
8990,Male,18-25,Inactive,104.0,1590.0,South,20200.0,1,6
2872,Female,18-25,Active,75.0,1530.0,East,26500.0,0,5
10,Female,26-35,New,13.0,200.0,North,,1,4
1839,Female,36-45,Active,101.0,4760.0,,53900.0,1,12
4805,Female,36-45,New,38.0,1750.0,East,53300.0,0,4
256,Female,26-35,New,104.0,2000.0,East,27100.0,0,12
7027,Female,46-55,Active,119.0,6410.0,North,67000.0,1,10
5714,Female,36-45,Active,92.0,1870.0,South,31400.0,1,4
3325,Female,36-45,Active,31.0,850.0,South,31200.0,1,5
7715,Male,36-45,Active,87.0,3460.0,West,53500.0,1,7
1582,Male,46-55,Inactive,117.0,4400.0,South,39000.0,1,9
925,Male,26-35,Active,85.0,2600.0,North,43800.0,1,8
2780,Male,46-55,Active,73.0,,East,42700.0,1,3
7892,Female,26-35,Active,118.0,,West,55000.0,1,10
6133,Female,26-35,Inactive,91.0,1150.0,West,31700.0,0,13
5321,Male,36-45,Active,87.0,2580.0,North,35600.0,1,9
7313,Male,18-25,Inactive,5.0,60.0,East,28900.0,1,2
7103,Female,46-55,Inactive,69.0,1500.0,East,28600.0,0,4
6043,Female,18-25,Inactive,103.0,2620.0,West,52400.0,0,9
3776,Female,26-35,New,62.0,2010.0,West,47200.0,1,7
4836,Female,26-35,Active,94.0,1030.0,West,23200.0,1,16
4965,Male,36-45,Active,15.0,230.0,North,37900.0,0,3
540,Female,56+,New,74.0,1950.0,East,66900.0,1,6
7484,Female,36-45,New,7.0,,North,25000.0,0,0
2746,Female,18-25,Active,77.0,2490.0,East,57700.0,1,6
3720,Female,18-25,Active,114.0,3630.0,West,55700.0,0,6
6820,Female,36-45,Active,111.0,6870.0,West,72000.0,1,13
9338,Female,56+,Active,13.0,140.0,North,19300.0,0,0
4469,Female,26-35,Active,65.0,920.0,North,37600.0,1,6
668,Female,18-25,Inactive,92.0,3560.0,East,38800.0,0,6
7576,Female,36-45,Inactive,0.0,0.0,East,40500.0,0,1
8550,Female,36-45,Inactive,37.0,420.0,East,18500.0,0,2
5064,Male,18-25,New,17.0,350.0,South,42800.0,0,2
1354,Male,18-25,Active,99.0,2590.0,East,27900.0,1,7
7115,Female,26-35,Active,46.0,1050.0,East,29700.0,1,5
9813,Female,36-45,Inactive,69.0,1020.0,East,28500.0,0,5
8663,Female,36-45,Active,108.0,3780.0,South,35300.0,1,8
2704,Female,36-45,Active,72.0,2670.0,West,74200.0,1,5
3331,Female,26-35,New,55.0,670.0,North,15000.0,1,1
8054,Female,18-25,Active,33.0,1380.0,North,47800.0,0,6
3585,Female,36-45,New,75.0,3180.0,West,59100.0,0,6
9481,Female,46-55,New,65.0,2680.0,West,46400.0,0,7
5646,Male,18-25,Active,64.0,7140.0,East,,1,7
3377,Male,18-25,Inactive,20.0,360.0,West,20700.0,0,1
1257,Female,26-35,New,31.0,680.0,,39200.0,1,8
6191,Female,26-35,Active,17.0,250.0,North,37000.0,1,1
9443,Female,26-35,Active,5.0,80.0,South,24500.0,0,3
5349,Female,26-35,Active,82.0,2100.0,West,33200.0,1,9
4176,Female,26-35,New,62.0,2430.0,West,47400.0,1,5
4911,Male,26-35,Active,73.0,4310.0,North,69400.0,1,7
1853,Female,26-35,New,77.0,2950.0,West,43800.0,1,7
6317,Female,36-45,Active,120.0,1470.0,South,30500.0,1,15
9894,Female,26-35,Active,73.0,1330.0,South,25800.0,1,4
2106,Female,36-45,Inactive,98.0,,North,38200.0,1,10
134,Male,46-55,Active,40.0,1910.0,East,127200.0,0,2
5030,Male,36-45,New,32.0,940.0,East,33900.0,0,4
929,Female,46-55,Active,38.0,1680.0,South,115100.0,0,4
824,Female,26-35,Active,39.0,960.0,South,40100.0,1,6
7577,Female,46-55,Active,35.0,230.0,South,15000.0,1,2
1532,Male,18-25,New,25.0,490.0,East,29200.0,0,2
1215,Male,18-25,Active,20.0,230.0,East,25800.0,1,3
505,Female,46-55,Active,24.0,1080.0,South,47900.0,0,2
6531,Male,36-45,Active,50.0,1260.0,East,44800.0,1,2
3073,Female,36-45,Active,34.0,850.0,South,32500.0,0,6
9087,Male,36-45,Active,24.0,470.0,South,51100.0,1,6
8648,Male,46-55,Active,75.0,810.0,West,25900.0,0,6
6620,Male,46-55,Active,117.0,1350.0,West,15000.0,0,3
9274,Female,26-35,Inactive,23.0,540.0,West,33400.0,0,0
3710,Female,18-25,Active,1.0,40.0,East,38400.0,1,2
9621,Male,36-45,New,40.0,1410.0,South,40700.0,1,0
4850,Female,18-25,New,1.0,30.0,North,36600.0,0,1
4749,Female,56+,Active,14.0,290.0,West,47800.0,0,1
4269,Female,36-45,Active,65.0,2840.0,South,53300.0,0,6
9918,Male,56+,New,13.0,370.0,North,,0,2
8906,Male,46-55,Active,0.0,0.0,South,27500.0,0,0
4187,Male,26-35,Inactive,86.0,1170.0,South,21200.0,1,7
5302,Female,18-25,Active,78.0,3120.0,West,53200.0,1,6
2924,Female,18-25,Active,11.0,270.0,North,56300.0,1,5
6589,Female,46-55,New,72.0,2710.0,East,45800.0,1,4
1811,Male,56+,Active,66.0,1510.0,South,28100.0,0,7
3487,Female,26-35,New,51.0,620.0,East,18100.0,0,2
7420,Male,36-45,New,52.0,880.0,South,32200.0,0,7
3142,Male,18-25,Active,66.0,1460.0,South,25400.0,1,3
9348,Female,18-25,Active,76.0,960.0,West,21700.0,1,9
1325,Male,18-25,Active,7.0,160.0,North,,0,2
4313,Male,46-55,Active,25.0,,West,19200.0,1,6
7495,Female,26-35,Active,14.0,410.0,East,42300.0,0,2
8703,Male,56+,Active,100.0,4270.0,West,64500.0,0,7
8692,Male,26-35,Active,74.0,4350.0,North,66600.0,1,7
9543,Male,36-45,Inactive,67.0,2020.0,North,62300.0,0,4
5542,Female,26-35,Active,49.0,1620.0,North,35800.0,1,5
6173,Male,26-35,Inactive,62.0,390.0,West,15000.0,1,9
1541,Female,46-55,Active,63.0,1900.0,South,37400.0,1,3
9410,Female,46-55,Active,92.0,,South,40500.0,1,5
2682,Female,26-35,Active,80.0,1190.0,West,19100.0,0,11
9922,Female,46-55,Active,40.0,1100.0,South,39300.0,1,3
6314,Male,56+,New,39.0,1890.0,West,66900.0,0,4
1192,Male,18-25,Active,3.0,110.0,East,40100.0,0,1
5294,Female,26-35,Active,8.0,260.0,East,50700.0,1,2
1543,Male,26-35,New,38.0,920.0,West,47500.0,0,4
7057,Female,46-55,New,108.0,3750.0,West,37100.0,1,8
2540,Female,36-45,Inactive,54.0,1520.0,South,36300.0,0,2
954,Male,36-45,New,44.0,1180.0,East,65900.0,0,6
7242,Male,36-45,New,13.0,300.0,West,,0,0
6732,Female,36-45,Active,46.0,1550.0,West,,1,4
4847,Male,18-25,Active,52.0,1630.0,West,45400.0,1,6
6802,Female,26-35,Active,12.0,530.0,West,87600.0,0,0
8011,Female,46-55,New,112.0,4430.0,South,42600.0,1,8
4331,Male,26-35,New,35.0,1680.0,South,58900.0,0,4
8925,Male,18-25,Active,6.0,250.0,West,51700.0,1,2
5335,Male,26-35,Inactive,70.0,970.0,East,23300.0,1,6
7331,Male,26-35,Active,38.0,1220.0,South,63400.0,1,6
9349,Female,46-55,Active,4.0,120.0,West,31400.0,1,1
4730,Male,26-35,Active,43.0,990.0,East,59000.0,1,6
6542,Male,26-35,Inactive,120.0,5280.0,East,50500.0,1,10
5306,Female,36-45,Active,47.0,660.0,North,,0,3
5162,Female,26-35,Active,87.0,2080.0,West,44000.0,1,9
7861,Female,46-55,Active,85.0,1870.0,North,53600.0,1,11
2157,Male,46-55,New,42.0,330.0,South,17700.0,1,3
1063,Male,26-35,Active,10.0,530.0,West,63400.0,0,2
1168,Female,46-55,Inactive,75.0,1100.0,South,38000.0,0,3
3637,Female,18-25,Active,108.0,3050.0,East,31900.0,0,8
7652,Male,36-45,Inactive,55.0,3770.0,West,73600.0,0,3
5589,Female,18-25,Active,43.0,620.0,South,35800.0,1,4
7193,Female,26-35,Active,92.0,5100.0,West,65300.0,1,10
4492,Female,36-45,New,115.0,3880.0,West,69200.0,1,4
7267,Male,18-25,New,106.0,3960.0,East,,0,2
4981,Female,18-25,Active,93.0,2020.0,East,23700.0,1,9
8336,Female,26-35,Active,33.0,880.0,North,45700.0,1,1
9992,Male,18-25,Inactive,77.0,1350.0,North,30800.0,1,10
4947,Female,18-25,New,6.0,230.0,East,58500.0,1,1
2783,Female,36-45,Inactive,3.0,40.0,West,27200.0,0,1
718,Male,46-55,Active,26.0,510.0,,21200.0,1,3
2503,Female,26-35,New,56.0,1020.0,South,37900.0,0,6
4361,Male,18-25,Active,51.0,2790.0,North,67600.0,1,2
4172,Female,26-35,Active,47.0,1690.0,East,39700.0,1,11
8083,Male,56+,Inactive,13.0,200.0,North,15200.0,0,3
9800,Male,26-35,Active,49.0,1490.0,West,50600.0,1,6
396,Female,26-35,Inactive,94.0,2120.0,South,35500.0,1,4
7187,Male,26-35,Active,47.0,630.0,South,31300.0,1,5
9862,Female,26-35,Active,48.0,2610.0,West,90800.0,0,2
4493,Female,46-55,Active,107.0,5420.0,North,58600.0,1,6
1366,Female,56+,Inactive,111.0,5590.0,South,58100.0,0,9
9566,Female,36-45,Inactive,104.0,2770.0,West,33900.0,0,13
8788,Female,18-25,Active,70.0,1560.0,South,40000.0,1,6
5918,Female,18-25,Active,49.0,1040.0,West,30400.0,1,3
4969,Male,46-55,Inactive,108.0,7120.0,West,104500.0,0,11
2915,Female,18-25,Active,46.0,850.0,South,38200.0,1,8
5645,Female,46-55,Active,29.0,790.0,West,40600.0,1,2
3767,Female,36-45,Active,42.0,490.0,South,18200.0,1,2
3441,Male,46-55,Active,20.0,260.0,North,24200.0,0,1
7358,Male,36-45,Active,101.0,4580.0,West,89600.0,1,7
6807,Female,36-45,Active,118.0,3030.0,North,37800.0,1,5
2144,Female,18-25,New,80.0,1390.0,South,29900.0,1,4
5105,Female,26-35,Active,19.0,980.0,North,58700.0,0,4
5074,Female,36-45,Active,108.0,2530.0,North,23500.0,0,6
1572,Female,56+,Active,112.0,2730.0,South,29600.0,1,7
4080,Female,36-45,Active,103.0,2250.0,North,26800.0,1,5
1123,Female,36-45,Active,7.0,320.0,West,52600.0,1,3
2787,Female,36-45,Active,36.0,880.0,West,,1,4
2968,Male,18-25,Active,49.0,1130.0,North,32700.0,1,6
2505,Male,36-45,Active,67.0,1310.0,East,30200.0,1,4
5989,Female,18-25,Active,3.0,30.0,South,20500.0,1,0
8868,Male,36-45,Active,108.0,3320.0,South,54500.0,1,8
7165,Female,36-45,Active,9.0,190.0,North,24400.0,0,1
729,Female,46-55,Inactive,54.0,2030.0,West,,0,5
7588,Female,18-25,Active,14.0,240.0,West,41800.0,0,2
7544,Female,26-35,Active,119.0,1520.0,South,30300.0,1,9
413,Male,18-25,Active,120.0,2450.0,East,30700.0,1,8
5746,Male,18-25,Active,119.0,7700.0,South,69000.0,1,13
7669,Female,26-35,Active,85.0,1450.0,,18800.0,0,9
826,Male,36-45,Active,6.0,100.0,North,25500.0,1,0
3268,Female,26-35,Active,57.0,640.0,North,26100.0,1,3
3975,Male,18-25,Inactive,66.0,3030.0,East,46100.0,1,6
8809,Female,46-55,Active,47.0,1510.0,North,51500.0,1,6
8307,Female,36-45,Inactive,19.0,820.0,North,,1,3
418,Female,18-25,Inactive,84.0,3530.0,South,61500.0,1,3
6749,Female,36-45,New,16.0,380.0,West,36700.0,0,0
8968,Male,36-45,Active,120.0,1060.0,North,17600.0,1,8
2083,Female,26-35,Inactive,65.0,2890.0,West,56100.0,0,3
8946,Female,46-55,New,17.0,410.0,East,42500.0,1,3
3374,Male,36-45,Active,118.0,2620.0,South,24700.0,1,10
5727,Female,26-35,Active,35.0,830.0,East,27100.0,0,1
4108,Female,26-35,Active,120.0,5170.0,South,65200.0,1,5
4381,Female,36-45,Active,119.0,6070.0,East,56600.0,1,10
7724,Male,26-35,New,55.0,970.0,East,45700.0,0,5
1067,Male,46-55,New,5.0,100.0,South,24900.0,0,1
3914,Male,18-25,Active,25.0,1150.0,West,51600.0,1,3
5537,Male,26-35,Active,61.0,1070.0,East,34400.0,1,2
8003,Male,56+,Active,66.0,,West,45000.0,1,2
5388,Male,18-25,Inactive,64.0,1510.0,East,,1,8
5733,Female,18-25,New,88.0,,North,59600.0,0,9
2739,Female,26-35,New,72.0,1770.0,West,36000.0,0,6
5053,Female,26-35,Active,64.0,1470.0,South,34400.0,1,4
4001,Female,36-45,Active,61.0,1650.0,West,36000.0,1,2
2428,Female,46-55,Inactive,68.0,1540.0,West,35800.0,0,4
6834,Female,46-55,New,96.0,2260.0,East,31700.0,1,7
1688,Female,26-35,Active,32.0,1790.0,South,60400.0,1,0
852,Male,26-35,Inactive,27.0,520.0,East,24800.0,0,4
6304,Male,26-35,Active,92.0,1440.0,West,26700.0,1,8
9088,Female,36-45,New,33.0,1010.0,South,,0,3
5879,Female,36-45,Active,103.0,2070.0,East,31500.0,1,2
8528,Female,26-35,Active,96.0,3740.0,West,46900.0,0,3
2840,Male,56+,Active,34.0,1270.0,North,51100.0,0,3
4612,Male,26-35,Active,75.0,3310.0,North,47900.0,1,6
9541,Female,18-25,Active,120.0,5160.0,West,45500.0,1,15
9208,Male,46-55,Active,12.0,240.0,North,,0,3
2490,Female,18-25,Active,26.0,1550.0,East,61700.0,1,4
6906,Female,18-25,Active,50.0,1730.0,North,,1,8
7391,Male,36-45,Active,64.0,5420.0,South,108100.0,1,6
2850,Male,36-45,Active,91.0,9830.0,East,128900.0,1,5
6666,Female,18-25,Active,61.0,2260.0,West,44800.0,0,4
5882,Male,26-35,Active,110.0,4560.0,South,56300.0,0,6
4453,Female,18-25,Active,7.0,180.0,West,30500.0,1,2
7422,Male,36-45,Active,14.0,200.0,East,30700.0,0,2
6485,Female,56+,New,96.0,1580.0,East,34700.0,0,6
2480,Female,26-35,Active,54.0,790.0,East,31900.0,1,8
6618,Female,46-55,Inactive,119.0,2830.0,South,34400.0,0,10
2142,Male,36-45,Inactive,118.0,2320.0,North,22200.0,1,13
5189,Female,26-35,Inactive,92.0,3170.0,South,48700.0,0,4
9744,Female,18-25,Inactive,82.0,1310.0,North,17300.0,1,7
2745,Male,46-55,Inactive,66.0,,South,23200.0,0,5
7254,Female,18-25,Inactive,76.0,680.0,West,15100.0,1,6
3507,Female,18-25,Active,107.0,1390.0,West,27700.0,1,9
1680,Female,26-35,Active,118.0,2120.0,South,23600.0,1,10
4250,Female,26-35,New,106.0,2870.0,East,51700.0,0,8
3148,Female,18-25,Active,60.0,1010.0,West,30200.0,1,8
8131,Female,36-45,Active,95.0,2800.0,West,35800.0,1,7
7005,Female,26-35,New,22.0,250.0,East,29500.0,0,3
581,Female,46-55,New,23.0,,South,38100.0,1,3
4071,Male,36-45,Active,78.0,2440.0,North,77100.0,1,5
3344,Male,18-25,Active,39.0,930.0,South,37100.0,1,4
7405,Female,26-35,New,22.0,720.0,West,55000.0,0,4
3673,Male,18-25,Active,20.0,570.0,West,34000.0,1,4
560,Female,46-55,Active,49.0,1690.0,West,35200.0,1,2
5238,Male,36-45,New,88.0,3360.0,West,43900.0,1,7
7806,Female,56+,Active,68.0,2140.0,South,51600.0,1,3
513,Male,18-25,Active,99.0,980.0,North,22900.0,1,4
1082,Female,36-45,Active,78.0,1290.0,North,28700.0,1,6
1665,Female,36-45,New,77.0,2520.0,East,37700.0,1,8
9205,Male,26-35,Active,117.0,3360.0,North,37700.0,1,11
1932,Female,36-45,Active,83.0,1860.0,South,,1,9
9706,Male,36-45,Active,73.0,4690.0,West,72600.0,1,9
1151,Male,18-25,Active,81.0,1810.0,North,49800.0,1,7
2839,Male,26-35,New,66.0,2070.0,West,43300.0,1,6
5950,Female,46-55,New,25.0,530.0,West,32400.0,1,2
8309,Male,26-35,New,101.0,8740.0,North,92600.0,1,3
8933,Male,36-45,Active,89.0,2000.0,South,33300.0,1,4
9828,Female,18-25,Inactive,,2150.0,East,39600.0,0,8
5178,Male,18-25,New,0.0,0.0,North,42700.0,1,1
831,Female,46-55,Active,7.0,110.0,West,24400.0,0,2
8312,Male,26-35,Active,99.0,1250.0,,17400.0,1,6
4753,Male,26-35,Active,67.0,2180.0,South,65500.0,0,3
9761,Female,46-55,New,8.0,220.0,East,44300.0,0,0
636,Male,18-25,Active,38.0,1710.0,East,48900.0,1,5
4466,Male,36-45,Active,55.0,1710.0,West,33600.0,1,5
6800,Male,26-35,Inactive,2.0,30.0,South,15200.0,0,1
7988,Female,26-35,Active,85.0,61735.78208390024,West,24400.0,1,2
7080,Female,18-25,Active,4.0,170.0,East,44100.0,0,1
6967,Female,26-35,Active,28.0,950.0,West,37000.0,1,5
4143,Male,36-45,Inactive,17.0,650.0,West,48300.0,0,2
7028,Male,26-35,New,32.0,1170.0,North,61100.0,0,3
9184,Female,26-35,Active,110.0,2140.0,North,26300.0,1,7
877,Male,26-35,Inactive,98.0,3460.0,North,50400.0,0,5
4870,Female,26-35,Active,91.0,2540.0,East,28200.0,1,7
5316,Male,36-45,Active,62.0,2040.0,East,51400.0,0,6
5223,Male,36-45,Active,25.0,750.0,West,,1,2
5,Male,26-35,Active,20.0,640.0,South,61100.0,0,1
3052,Male,46-55,Inactive,67.0,820.0,South,26900.0,1,6
5692,Male,18-25,Active,105.0,6870.0,West,74600.0,1,7
3125,Male,56+,Active,48.0,2280.0,South,53300.0,0,3
2492,Male,26-35,New,120.0,1480.0,South,24000.0,1,7
3855,Female,18-25,New,33.0,1500.0,East,47600.0,0,2
4778,Male,26-35,Inactive,37.0,850.0,West,38000.0,1,1
7510,Female,18-25,New,93.0,4320.0,South,48800.0,1,5
6458,Female,46-55,Active,93.0,2140.0,West,38300.0,1,8
6294,Female,36-45,Active,50.0,2220.0,East,46900.0,1,486
1149,Female,18-25,Active,61.0,1970.0,East,37400.0,1,4
575,Female,46-55,Active,32.0,430.0,East,27600.0,0,0
3770,Female,26-35,Inactive,118.0,3490.0,,68900.0,1,12
4147,Male,26-35,Active,20.0,370.0,North,29400.0,1,3
854,Female,36-45,Active,103.0,1640.0,West,35900.0,0,11
5920,Male,46-55,New,120.0,2410.0,South,34100.0,1,8
9359,Female,46-55,Active,4.0,70.0,South,31900.0,0,1
6615,Female,26-35,Active,118.0,2640.0,West,29300.0,1,5
6003,Female,26-35,New,48.0,920.0,East,48200.0,1,4
9164,Female,18-25,Active,110.0,5960.0,South,111400.0,1,13
4496,Male,36-45,Active,1.0,20.0,North,34800.0,1,2
8174,Female,46-55,Active,91.0,1910.0,North,35600.0,1,5
6656,Male,46-55,Active,118.0,1490.0,West,21400.0,0,8
2369,Male,36-45,Active,43.0,530.0,South,31400.0,0,2
4781,Male,36-45,Active,37.0,1250.0,West,42500.0,1,4
7993,Male,36-45,New,16.0,1190.0,East,81300.0,1,2
2951,Male,26-35,Inactive,52.0,1820.0,West,41600.0,1,3
5626,Female,36-45,New,26.0,900.0,South,70600.0,1,1
6972,Male,56+,Active,38.0,3710.0,West,172800.0,1,4
8717,Male,26-35,New,106.0,2490.0,South,25200.0,1,5
1842,Female,46-55,Inactive,47.0,2390.0,East,62100.0,0,7
5987,Male,36-45,Active,86.0,10180.0,West,145600.0,1,7
538,Male,46-55,Active,86.0,2740.0,South,59400.0,0,9
2807,Male,56+,Inactive,55.0,1480.0,North,28600.0,0,8
5802,Female,36-45,Active,29.0,310.0,North,20500.0,1,2
5597,Female,18-25,Active,59.0,,East,56700.0,1,5
7207,Female,46-55,New,32.0,1190.0,South,50000.0,1,4
7344,Male,36-45,Inactive,107.0,2590.0,North,56000.0,1,3
7561,Female,18-25,Active,17.0,1160.0,West,78500.0,1,2
8097,Male,26-35,Active,114.0,7220.0,North,74100.0,0,18
785,Female,56+,Active,82.0,950.0,West,24500.0,1,5
1410,Female,18-25,Active,10.0,80.0,East,15000.0,0,1
155,Male,26-35,Active,51.0,1330.0,South,34800.0,1,4
7807,Female,18-25,Active,106.0,2870.0,North,37600.0,1,7
3010,Female,26-35,Inactive,21.0,1130.0,South,73500.0,1,3
1687,Female,18-25,Active,10.0,330.0,North,35000.0,1,2
4015,Female,46-55,Active,36.0,840.0,North,33900.0,0,3
7456,Female,56+,Inactive,41.0,810.0,North,23400.0,0,3
3864,Male,26-35,Active,53.0,6210.0,North,121500.0,1,6
2734,Male,46-55,Active,36.0,670.0,South,27100.0,0,6
1896,Male,18-25,Active,34.0,560.0,South,41800.0,1,3
5443,Female,36-45,Active,,,South,57700.0,0,11
570,Female,56+,Inactive,3.0,70.0,West,61200.0,0,0
6710,Male,36-45,Active,76.0,1760.0,North,50700.0,1,4
5855,Male,56+,Active,101.0,5870.0,West,80400.0,1,11
1817,Female,36-45,New,75.0,1770.0,West,24800.0,1,9
8320,Male,18-25,Active,48.0,750.0,North,26100.0,0,3
3395,Female,18-25,Active,24.0,1330.0,North,131500.0,0,4
3328,Female,26-35,New,45.0,2500.0,North,100400.0,1,4
4641,Male,36-45,Active,59.0,1130.0,East,46000.0,1,6
6103,Female,26-35,Active,42.0,900.0,East,52300.0,1,5
2976,Female,18-25,Active,41.0,1170.0,West,39800.0,0,2
981,Female,26-35,Inactive,42.0,850.0,East,41300.0,0,2
191,Female,56+,Active,108.0,4160.0,East,79200.0,0,4
9332,Male,36-45,Active,61.0,3400.0,South,87700.0,1,8
5089,Female,18-25,New,74.0,2930.0,North,73400.0,0,4
700,Male,46-55,Active,41.0,570.0,South,27100.0,1,3
9799,Male,36-45,Active,98.0,2990.0,North,36400.0,1,10
607,Female,26-35,Active,73.0,3100.0,South,71000.0,1,5
302,Male,36-45,Active,24.0,750.0,East,58300.0,0,4
3421,Female,26-35,New,12.0,190.0,South,20000.0,1,1
9844,Female,36-45,Inactive,88.0,2060.0,South,38900.0,0,5
1061,Female,26-35,Inactive,87.0,6040.0,South,115600.0,1,6
3445,Female,26-35,New,31.0,460.0,South,30200.0,0,6
1070,Male,26-35,Active,100.0,,South,57400.0,0,3
2206,Female,36-45,Active,32.0,1200.0,North,42500.0,0,4
9436,Female,46-55,Inactive,101.0,2040.0,West,34300.0,0,3
7340,Female,18-25,New,80.0,,West,42800.0,1,2
8209,Female,18-25,Inactive,38.0,990.0,North,29500.0,0,0
7680,Female,26-35,New,21.0,630.0,West,57500.0,1,1
4643,Female,36-45,Active,6.0,130.0,South,22700.0,0,2
7684,Female,46-55,Active,65.0,2650.0,East,80300.0,0,4
9008,Female,36-45,Inactive,34.0,1000.0,South,34500.0,1,1
7997,Male,36-45,New,68.0,1460.0,South,35500.0,1,4
5601,Female,26-35,Inactive,50.0,700.0,East,29800.0,1,6
9152,Male,46-55,Active,76.0,5310.0,East,89900.0,1,2
7023,Male,18-25,Inactive,77.0,1900.0,South,32800.0,0,3
4894,Male,46-55,Inactive,7.0,,West,85400.0,1,0
226,Female,36-45,Inactive,14.0,250.0,West,37500.0,0,3
3355,Female,46-55,Inactive,62.0,2610.0,West,66200.0,1,8
5896,Female,46-55,Inactive,90.0,4000.0,North,46600.0,1,11
8755,Male,18-25,Inactive,113.0,1410.0,South,20900.0,0,8
3437,Male,26-35,New,34.0,1450.0,North,44500.0,0,4
1694,Female,26-35,Inactive,11.0,500.0,West,54900.0,0,6
6894,Male,18-25,Active,67.0,1630.0,North,58800.0,1,6
1046,Male,46-55,Active,79.0,750.0,West,18400.0,1,6
3447,Female,56+,Active,19.0,690.0,South,48100.0,0,1
8051,Male,56+,Active,38.0,,North,56800.0,0,2
9147,Male,36-45,Active,84.0,2500.0,North,39200.0,0,6
2250,Male,26-35,Active,74.0,2080.0,South,39600.0,1,5
4736,Female,26-35,Active,1.0,30.0,South,38100.0,0,1
4497,Female,56+,New,43.0,640.0,North,15000.0,0,2
1219,Female,36-45,Active,69.0,3200.0,East,49600.0,0,3
6016,Male,18-25,Active,16.0,650.0,South,46600.0,0,1
9720,Male,26-35,Active,4.0,,North,44900.0,1,0
3988,Female,56+,New,63.0,1520.0,West,24500.0,1,8
4912,Female,26-35,Active,64.0,890.0,South,16000.0,1,8
9493,Female,26-35,Active,73.0,1600.0,North,25600.0,1,4
4494,Male,46-55,Active,30.0,490.0,East,32700.0,1,5
6945,Male,56+,Active,47.0,1460.0,North,51500.0,0,4
5700,Male,18-25,Active,59.0,1410.0,East,39700.0,0,2
8353,Female,36-45,Active,61.0,1450.0,West,35600.0,1,5
957,Female,56+,New,8.0,90.0,West,27800.0,0,1
2870,Male,18-25,Active,51.0,2590.0,North,64800.0,0,6
4434,Male,46-55,New,94.0,4100.0,South,53000.0,1,6
4974,Female,46-55,Active,89.0,2280.0,South,29100.0,1,5
2962,Female,36-45,New,88.0,2970.0,South,85600.0,1,8
2201,Male,46-55,Inactive,67.0,,North,56700.0,0,5
99,Male,18-25,New,75.0,2770.0,North,45100.0,1,10
9889,Male,26-35,Active,40.0,830.0,East,25300.0,1,3
2558,Male,26-35,Inactive,96.0,2490.0,East,48700.0,0,6
8446,Male,18-25,Active,64.0,1240.0,South,32200.0,0,3
4200,Male,36-45,New,81.0,4180.0,South,56000.0,1,4
9638,Female,46-55,Active,3.0,90.0,East,40900.0,1,5
5540,Male,56+,Inactive,27.0,380.0,West,15800.0,0,1
1649,Female,26-35,Active,81.0,1150.0,West,31300.0,0,7
6198,Male,26-35,Active,85.0,2620.0,East,43700.0,1,3
6296,Female,26-35,Active,29.0,1580.0,North,68800.0,1,2
4500,Female,46-55,New,93.0,3490.0,South,43700.0,0,5
1155,Female,18-25,Active,70.0,960.0,South,17400.0,1,4
2256,Female,46-55,Inactive,119.0,3520.0,North,43900.0,0,14
3171,Female,56+,Active,83.0,1820.0,East,31500.0,1,2
7401,Female,46-55,Active,76.0,,South,33800.0,1,4
7159,Male,56+,Inactive,17.0,270.0,West,24200.0,1,3
3109,Male,46-55,New,81.0,1150.0,East,22900.0,1,6
4549,Female,18-25,Active,47.0,1030.0,,,1,5
5424,Male,18-25,Active,,1420.0,North,41600.0,1,5
2050,Male,36-45,Inactive,30.0,890.0,North,45600.0,1,3
9209,Male,26-35,Active,85.0,960.0,South,24700.0,1,8
8816,Male,46-55,Active,72.0,2840.0,South,56100.0,1,2
9837,Male,56+,Active,115.0,1390.0,North,24900.0,0,7
263,Male,18-25,Active,15.0,570.0,North,49000.0,1,1
4062,Female,18-25,Active,7.0,180.0,South,34000.0,1,2
5535,Female,46-55,Active,9.0,460.0,East,54500.0,0,2
6617,Male,36-45,Active,105.0,3000.0,South,67800.0,1,9
8121,Male,36-45,Inactive,111.0,2010.0,East,30600.0,1,13
8156,Female,26-35,Inactive,41.0,1070.0,South,32800.0,0,1
1803,Male,36-45,Active,25.0,930.0,East,39600.0,1,3
4737,Female,36-45,Active,59.0,550.0,West,24600.0,1,4
2386,Female,26-35,New,58.0,720.0,South,31300.0,1,4
6695,Female,46-55,Active,47.0,1170.0,South,53900.0,1,1
5760,Male,26-35,Inactive,106.0,7270.0,South,86900.0,1,6
1960,Female,18-25,Active,50.0,540.0,South,17200.0,1,3
2977,Female,36-45,New,44.0,1070.0,South,26300.0,0,5
8681,Male,56+,Inactive,30.0,950.0,South,32900.0,0,6
1844,Female,36-45,Active,7.0,120.0,South,32000.0,1,1
1735,Female,46-55,Inactive,117.0,4590.0,East,66300.0,1,7
2912,Male,26-35,Active,109.0,1160.0,,23800.0,1,7
8339,Male,46-55,New,106.0,4730.0,East,59400.0,1,5
1987,Male,18-25,New,37.0,970.0,South,44000.0,1,4
9562,Male,46-55,Active,85.0,2000.0,North,52700.0,0,3
6547,Male,26-35,Active,33.0,1220.0,West,45400.0,1,2
7099,Male,46-55,Inactive,43.0,520.0,South,,0,3
2812,Female,36-45,Active,15.0,280.0,East,,1,4
660,Male,26-35,Active,94.0,3060.0,South,35600.0,1,10
2512,Male,18-25,Inactive,31.0,920.0,North,64000.0,1,2
4283,Female,36-45,Active,28.0,640.0,North,,1,4
9340,Male,36-45,New,70.0,1420.0,East,47300.0,1,1
8801,Male,18-25,Active,96.0,2010.0,North,54900.0,1,6
6288,Female,26-35,Active,72.0,2000.0,North,38400.0,1,6
1931,Female,46-55,Active,19.0,280.0,West,36300.0,0,1
7126,Female,56+,Active,85.0,5320.0,East,69400.0,0,6
198,Female,36-45,New,14.0,530.0,East,64100.0,0,0
7778,Female,26-35,New,79.0,4160.0,North,59300.0,1,5
2932,Male,36-45,Active,98.0,2210.0,West,59300.0,0,5
8005,Female,46-55,Inactive,119.0,2540.0,South,32500.0,0,12
2328,Male,18-25,Inactive,5.0,140.0,East,28500.0,1,0
4390,Female,18-25,New,99.0,2920.0,South,,1,5
8959,Male,36-45,New,20.0,240.0,South,16300.0,0,1
4219,Female,36-45,New,101.0,1540.0,North,22000.0,1,5
203,Female,26-35,Inactive,31.0,1710.0,West,58600.0,0,2
3511,Female,26-35,Inactive,10.0,530.0,West,63100.0,0,0
4932,Female,18-25,Active,65.0,2640.0,North,45900.0,1,6
5536,Female,18-25,Active,98.0,2230.0,South,46800.0,1,9
5792,Female,46-55,Active,23.0,390.0,South,27800.0,1,2
1708,Male,18-25,Inactive,53.0,1590.0,North,33900.0,0,4
5173,Female,26-35,Active,64.0,840.0,South,18500.0,1,5
5250,Female,18-25,Inactive,115.0,2880.0,North,46200.0,0,1
6529,Female,18-25,Active,98.0,4340.0,West,67400.0,1,8
9888,Female,36-45,Active,87.0,4680.0,North,69800.0,0,5
5856,Female,46-55,New,22.0,590.0,West,34100.0,0,5
8165,Male,26-35,Active,37.0,1700.0,North,63000.0,0,3
855,Male,46-55,Active,22.0,950.0,South,57800.0,0,0
4738,Male,26-35,New,97.0,3080.0,South,55300.0,0,9
699,Female,46-55,Inactive,83.0,,West,42300.0,1,3
3697,Male,18-25,Active,113.0,1420.0,South,15400.0,1,8
1637,Male,46-55,New,34.0,4650.0,West,164500.0,1,7
7281,Female,18-25,New,18.0,,East,52000.0,0,2
7555,Female,18-25,Active,38.0,1510.0,West,86000.0,1,4
3582,Female,26-35,Active,79.0,1780.0,North,31800.0,1,5
1292,Female,26-35,Active,110.0,2030.0,South,48400.0,1,7
6586,Male,18-25,Inactive,54.0,2560.0,East,50700.0,1,3
1854,Female,46-55,Active,99.0,5050.0,South,51200.0,0,7
5233,Male,26-35,Active,64.0,,West,28200.0,1,6
3764,Male,26-35,Active,72.0,2880.0,North,45100.0,0,10
3305,Female,36-45,New,87.0,6590.0,West,88500.0,1,4
1496,Female,26-35,New,111.0,2340.0,North,22600.0,1,5
7995,Male,18-25,Inactive,118.0,2840.0,West,34500.0,0,7
1999,Female,46-55,Active,45.0,560.0,North,25900.0,1,5
664,Male,46-55,New,10.0,470.0,East,61800.0,0,1
3749,Male,18-25,Active,25.0,680.0,West,45600.0,1,1
4414,Male,46-55,Active,23.0,650.0,West,34300.0,1,1
5531,Male,56+,New,50.0,2480.0,East,68100.0,0,1
5576,Male,26-35,New,60.0,4230.0,West,77000.0,0,5
8902,Female,26-35,Active,34.0,610.0,South,20500.0,0,5
7527,Female,56+,Active,13.0,270.0,North,22700.0,0,0
9475,Male,26-35,Active,112.0,2250.0,,38500.0,1,12
5865,Female,36-45,Active,116.0,,West,57800.0,1,10
6777,Male,36-45,Active,102.0,3950.0,East,62000.0,1,10
1307,Female,26-35,Inactive,50.0,1880.0,West,48500.0,0,6
7393,Male,36-45,New,112.0,1310.0,North,30800.0,1,15
5593,Female,36-45,Active,40.0,350.0,East,18800.0,1,5
9722,Female,46-55,Inactive,11.0,380.0,South,,0,3
1664,Male,26-35,Active,15.0,640.0,West,71000.0,1,4
5451,Male,26-35,New,33.0,490.0,South,37700.0,1,2
9994,Male,18-25,Active,103.0,,East,52600.0,1,4
3628,Female,26-35,New,100.0,1770.0,West,22000.0,1,5
2694,Female,26-35,New,76.0,2600.0,West,65700.0,0,6
9790,Female,26-35,Active,4.0,410.0,South,136900.0,1,5
5916,Female,18-25,New,35.0,1060.0,,47900.0,0,5
3158,Male,26-35,Active,116.0,8600.0,North,90100.0,1,9
6669,Male,26-35,New,75.0,5850.0,West,81300.0,1,8
1060,Female,18-25,New,24.0,690.0,North,37100.0,0,3
4637,Male,36-45,Active,29.0,720.0,North,25800.0,1,4
3243,Female,56+,Active,4.0,120.0,East,52900.0,0,1
1679,Female,26-35,New,0.0,0.0,East,60200.0,0,1
6893,Male,26-35,Active,53.0,1390.0,South,35900.0,1,3
6375,Male,36-45,Active,84.0,,South,36500.0,1,5
7575,Male,36-45,Active,102.0,3300.0,West,51400.0,1,10
1758,Female,26-35,Active,44.0,330.0,East,16600.0,0,7
6020,Female,56+,New,63.0,3530.0,North,56100.0,0,8
5117,Female,18-25,Active,76.0,3730.0,North,49400.0,1,5
8756,Male,36-45,Active,12.0,220.0,East,42000.0,1,5
7409,Female,56+,Active,14.0,380.0,West,50200.0,1,2
2791,Female,36-45,Active,111.0,1700.0,South,21000.0,1,13
864,Female,18-25,New,71.0,580.0,West,19700.0,0,1
7859,Female,18-25,New,36.0,850.0,South,39700.0,0,6
1485,Female,26-35,Active,,1380.0,West,36800.0,1,1
7036,Female,36-45,New,68.0,1650.0,South,29800.0,0,4
7722,Female,18-25,Active,13.0,400.0,North,42500.0,0,1
5978,Male,46-55,Active,100.0,2930.0,West,45600.0,1,11
5135,Female,36-45,Inactive,120.0,5530.0,East,50100.0,1,12
207,Male,26-35,Inactive,92.0,1170.0,North,30700.0,1,7
4489,Male,26-35,Inactive,116.0,1890.0,West,16800.0,1,10
6939,Male,46-55,Active,82.0,2550.0,West,49300.0,1,5
9063,Female,26-35,New,,0.0,South,39300.0,1,1
6911,Female,26-35,Active,,3640.0,South,76300.0,1,12
503,Female,18-25,New,,5480.0,North,75200.0,1,8
7386,Female,18-25,New,93.0,950.0,North,15000.0,0,9
1029,Female,26-35,Active,92.0,2250.0,South,27900.0,1,6
3841,Female,18-25,Active,32.0,1050.0,North,32900.0,0,4
8111,Male,36-45,New,104.0,1790.0,North,31000.0,1,11
5057,Female,46-55,Active,29.0,,East,50900.0,1,1
9763,Female,36-45,Active,35.0,1040.0,,57600.0,0,2
8155,Female,26-35,Active,24.0,290.0,North,31500.0,0,2
2732,Male,18-25,Inactive,102.0,1410.0,East,24000.0,0,8
8997,Female,26-35,New,72.0,1800.0,North,38500.0,0,5
2455,Female,36-45,New,58.0,3310.0,East,57700.0,1,8
7216,Male,26-35,Active,68.0,2010.0,South,39600.0,0,3
3105,Female,26-35,New,29.0,1340.0,West,54400.0,1,4
8393,Male,18-25,Active,20.0,300.0,East,30000.0,0,6
6279,Female,36-45,Active,66.0,1320.0,South,35600.0,1,6
3100,Male,26-35,Active,49.0,1030.0,South,34900.0,1,5
6185,Male,18-25,Active,102.0,4490.0,South,49500.0,1,9
3562,Female,18-25,Inactive,101.0,1710.0,West,30400.0,1,8
5893,Female,26-35,Inactive,0.0,0.0,North,66000.0,0,1
392,Male,56+,Inactive,,8620.0,North,95700.0,0,10
6737,Male,36-45,Active,45.0,1490.0,West,46400.0,1,9
5619,Female,18-25,Active,113.0,2640.0,West,29100.0,1,11
5259,Male,18-25,Active,51.0,2580.0,West,94100.0,1,4
9688,Female,26-35,Inactive,49.0,980.0,North,29500.0,0,3
2696,Male,46-55,Active,92.0,,South,50400.0,1,7
2028,Male,26-35,Active,22.0,780.0,West,36400.0,1,8
5464,Female,18-25,Inactive,62.0,1530.0,East,27300.0,1,8
2569,Female,56+,Inactive,103.0,2570.0,North,34900.0,0,8
8007,Female,46-55,Active,2.0,40.0,North,44200.0,1,1
65,Female,36-45,Active,45.0,1670.0,East,45400.0,1,2
2063,Female,36-45,Active,30.0,2240.0,West,107500.0,0,6
5277,Female,18-25,Inactive,87.0,4510.0,West,65500.0,0,8
7209,Male,46-55,Active,94.0,2650.0,West,52200.0,0,9
8685,Male,46-55,Active,66.0,2270.0,East,36700.0,1,7
8572,Female,36-45,New,109.0,1210.0,North,19700.0,1,4
6332,Female,36-45,Inactive,22.0,450.0,North,26100.0,0,1
4860,Male,26-35,New,117.0,1870.0,West,41000.0,0,5
4888,Female,46-55,Inactive,25.0,430.0,South,17800.0,0,1
9269,Female,36-45,Inactive,107.0,2310.0,East,41300.0,1,11
879,Female,26-35,Active,19.0,290.0,West,36300.0,0,1
8530,Male,18-25,New,19.0,830.0,East,54900.0,1,3
7917,Female,26-35,Inactive,13.0,400.0,South,38800.0,1,1
6864,Male,18-25,Active,36.0,1340.0,South,,1,2
7893,Male,56+,Active,41.0,,North,29300.0,0,6
6440,Female,26-35,New,97.0,3420.0,West,60700.0,1,7
7870,Female,46-55,Active,61.0,4020.0,,78200.0,1,6
1017,Female,26-35,Active,23.0,430.0,North,39500.0,0,3
9468,Female,56+,Active,57.0,1810.0,East,32400.0,1,1
7630,Female,46-55,Active,117.0,1810.0,East,20100.0,1,8
996,Male,46-55,Active,94.0,3820.0,South,59100.0,1,6
4298,Female,26-35,Inactive,62.0,1540.0,West,38800.0,0,2
162,Female,36-45,New,35.0,730.0,West,26900.0,0,2
5676,Female,18-25,Active,55.0,1550.0,West,30600.0,1,2
6874,Male,56+,Active,115.0,11490.0,East,109100.0,1,11
9693,Female,36-45,New,28.0,670.0,South,38600.0,1,2
7990,Female,46-55,Active,21.0,700.0,East,81400.0,0,1
3844,Female,36-45,Inactive,21.0,730.0,North,77700.0,1,5
1022,Female,56+,Inactive,65.0,1140.0,East,37000.0,0,4
3074,Female,26-35,Active,111.0,2670.0,West,27600.0,1,9
7556,Female,18-25,Active,85.0,1680.0,West,33500.0,0,4
3944,Female,18-25,New,,2350.0,East,24800.0,1,12
1586,Female,56+,Active,84.0,3460.0,South,41200.0,0,11
3153,Male,26-35,Active,43.0,750.0,East,20900.0,1,8
8227,Female,18-25,Inactive,26.0,520.0,East,34700.0,0,3
776,Female,26-35,Inactive,62.0,2380.0,East,45800.0,0,11
9671,Male,18-25,Active,,480.0,East,51400.0,1,1
7100,Male,56+,Active,114.0,4650.0,North,63300.0,0,15
5487,Female,18-25,Active,17.0,530.0,East,72600.0,1,3
6236,Male,18-25,Active,77.0,1590.0,East,31400.0,1,11
9556,Male,26-35,Active,82.0,1690.0,East,21600.0,1,8
7042,Male,46-55,Active,33.0,2780.0,South,101900.0,0,2
2613,Female,18-25,Active,71.0,2560.0,North,58500.0,0,3
7514,Female,26-35,Active,91.0,1700.0,East,30300.0,1,8
8434,Female,36-45,Inactive,107.0,850.0,West,21000.0,0,5
8793,Male,36-45,Active,36.0,590.0,North,35000.0,1,0
5394,Female,36-45,Active,99.0,2700.0,South,46500.0,1,9
8839,Male,18-25,New,31.0,690.0,North,40600.0,1,3
3891,Male,46-55,Active,53.0,1210.0,South,27300.0,0,5
3557,Female,36-45,Active,7.0,70.0,West,20900.0,1,1
1529,Male,46-55,Active,70.0,1000.0,North,15900.0,0,8
1268,Female,36-45,Active,44.0,1520.0,South,49600.0,1,2
7735,Female,56+,Inactive,13.0,480.0,South,38600.0,1,3
1900,Male,56+,Inactive,63.0,2510.0,,59000.0,0,4
4659,Female,26-35,Active,,1520.0,,33700.0,1,11
3006,Female,36-45,Inactive,61.0,1720.0,East,30600.0,1,5
2735,Male,46-55,Inactive,69.0,3240.0,South,60800.0,1,9
190,Male,18-25,Active,56.0,730.0,South,30900.0,1,4
9999,Male,36-45,Inactive,24.0,350.0,North,19800.0,0,2
9168,Male,26-35,Inactive,95.0,1040.0,South,22500.0,1,7
2748,Male,26-35,Active,26.0,1440.0,West,,0,4
2048,Female,26-35,Active,79.0,1160.0,North,24000.0,1,11
7850,Female,36-45,Inactive,61.0,1570.0,North,31100.0,0,3
2559,Female,36-45,Active,119.0,4510.0,North,38900.0,1,12
9275,Female,18-25,New,109.0,2400.0,South,29600.0,1,9
8667,Female,26-35,Active,90.0,2820.0,East,65800.0,1,7
6397,Female,26-35,Active,15.0,210.0,North,32600.0,1,4
3386,Female,26-35,New,65.0,950.0,North,29300.0,0,6
4556,Female,36-45,Inactive,90.0,3560.0,East,41000.0,0,8
1185,Male,18-25,Active,106.0,2040.0,East,35800.0,1,7
6421,Male,56+,New,80.0,2920.0,West,59600.0,0,4
5052,Male,46-55,Inactive,19.0,380.0,South,42900.0,0,0
5312,Male,46-55,Active,4.0,170.0,North,61900.0,0,1
2434,Male,56+,Active,31.0,680.0,North,47900.0,1,4
6950,Female,18-25,Active,18.0,330.0,North,37100.0,0,1
770,Female,46-55,Inactive,111.0,1860.0,South,18900.0,1,7
1686,Male,46-55,Inactive,91.0,3200.0,West,64600.0,1,5
8323,Male,46-55,New,20.0,310.0,South,34200.0,1,4
5579,Female,36-45,Inactive,35.0,790.0,East,26300.0,1,5
4427,Male,18-25,New,15.0,600.0,East,45700.0,1,3
467,Female,26-35,Active,104.0,2180.0,East,50100.0,1,5
6266,Female,26-35,Inactive,25.0,380.0,East,27400.0,0,3
5735,Male,46-55,New,118.0,2970.0,East,26000.0,0,12
5192,Female,26-35,New,101.0,2950.0,East,39700.0,1,6
5391,Female,26-35,Active,107.0,2760.0,South,28700.0,1,6
861,Female,26-35,Active,67.0,8330.0,South,160500.0,1,6
7271,Female,18-25,Active,10.0,370.0,,69800.0,1,4
